rodada,seed,metodo,documento,pergunta,resposta_esperada,resposta_gerada,rouge1,rouge2,rougeL,rougeLsum,bleu,bertscore_precision,bertscore_recall,bertscore_f1,f1_token,exact_match,latencia_segundos,n_fontes
1,43,dense_no_rerank,CURSO_SUPERIOR_DE_TECNOLOGIA_EM_ANÁLISE_E_DESENVOLVIMENTO_DE_SISTEMAS.pdf,Em que ano o Curso Superior de Tecnologia em Análise e Desenvolvimento de Sistemas foi criado no Campus de Picos?,O Curso Superior de Tecnologia em Análise e Desenvolvimento de Sistemas foi criado no Campus de Picos em 2013.,O Curso Superior de Tecnologia em Análise e Desenvolvimento de Sistemas foi criado no Campus de Picos em 2013.,1.0,1.0,1.0,1.0,1.0,0.9999999403953552,0.9999999403953552,0.9999999403953552,1.0,1.0,20.122,4
1,43,dense_no_rerank,CURSO_SUPERIOR_DE_TECNOLOGIA_EM_ANÁLISE_E_DESENVOLVIMENTO_DE_SISTEMAS.pdf,Qual é a unidade de oferta do Curso Superior de Tecnologia em Análise e Desenvolvimento de Sistemas descrita no PPC?,A unidade de oferta do curso é o Campus Teresina Central.,A unidade de oferta do Curso Superior de Tecnologia em Análise e Desenvolvimento de Sistemas é o Campus Teresina Central.,0.6666666666666666,0.5714285714285714,0.6666666666666666,0.6666666666666666,0.394100477098606,0.8748151063919067,0.9795048236846924,0.9242047071456909,0.7586206896551725,0.0,17.0186,4
1,43,dense_no_rerank,CURSO_SUPERIOR_DE_TECNOLOGIA_EM_ANÁLISE_E_DESENVOLVIMENTO_DE_SISTEMAS.pdf,Qual é a carga horária total do Curso Superior de Tecnologia em Análise e Desenvolvimento de Sistemas?,A carga horária total do curso é de 2100 horas.,A carga horária total do Curso Superior de Tecnologia em Sistemas para Internet é de 2.100 horas.,0.6428571428571429,0.46153846153846156,0.6428571428571429,0.6428571428571429,0.25772294506990867,0.8713124394416809,0.9634993672370911,0.915090024471283,0.6666666666666667,0.0,17.1664,4
1,43,dense_no_rerank,CURSO_SUPERIOR_DE_TECNOLOGIA_EM_ANÁLISE_E_DESENVOLVIMENTO_DE_SISTEMAS.pdf,Quantas vagas por ano são ofertadas no Curso Superior de Tecnologia em Análise e Desenvolvimento de Sistemas?,O curso oferta 40 vagas por ano.,"O Curso Superior de Tecnologia em Análise e Desenvolvimento de Sistemas oferece uma quantidade de 40 vagas por ano no turno vespertino, no Campus Teresina Central.",0.35294117647058826,0.25,0.35294117647058826,0.35294117647058826,0.09251599780696446,0.822972297668457,0.9461147785186768,0.8802577257156372,0.4,0.0,20.8447,4
1,43,dense_no_rerank,"RESOLUÇÃO Nº 14-2025-Aprova a Criação do Curso de Aperfeiçoamento Escola da Terra, no âmbito do Instituto Federal de Educação, Ciência e Tecnologia do Piauí (IFPI) e Anexo..pdf",Qual é a carga horária total do curso Escola da Terra?,A carga horária total do curso Escola da Terra é de 180 horas.,A carga horária total do curso Escola da Terra é de 180 horas.,1.0,1.0,1.0,1.0,1.0,1.0,1.0,1.0,1.0,1.0,16.6021,4
1,43,dense_no_rerank,"RESOLUÇÃO Nº 14-2025-Aprova a Criação do Curso de Aperfeiçoamento Escola da Terra, no âmbito do Instituto Federal de Educação, Ciência e Tecnologia do Piauí (IFPI) e Anexo..pdf",Qual é a meta física do curso Escola da Terra em número de vagas?,A meta física do curso Escola da Terra é de 120 vagas.,A meta física do curso Escola da Terra é de 120 vagas para professoras e coordenadoras pedagógicas de turmas multisseriadas.,0.7272727272727273,0.7096774193548387,0.7272727272727273,0.7272727272727273,0.5471114295717522,0.8801493048667908,0.9877628684043884,0.9308561682701111,0.7741935483870968,0.0,21.0238,4
1,43,dense_no_rerank,"RESOLUÇÃO Nº 14-2025-Aprova a Criação do Curso de Aperfeiçoamento Escola da Terra, no âmbito do Instituto Federal de Educação, Ciência e Tecnologia do Piauí (IFPI) e Anexo..pdf",Quando está previsto o início do curso Escola da Terra?,O início do curso Escola da Terra está previsto para março de 2025.,"O curso de Especialização Escola da Terra está previsto para iniciar no primeiro semestre de 2025 nos campi do Instituto Federal de Educação, Ciência e Tecnologia do Piauí.",0.5217391304347827,0.27272727272727276,0.4347826086956521,0.4347826086956521,0.19037861963633804,0.8779458403587341,0.94632488489151,0.9108538031578064,0.5789473684210525,0.0,23.2785,4
1,43,dense_no_rerank,"RESOLUÇÃO Nº 14-2025-Aprova a Criação do Curso de Aperfeiçoamento Escola da Terra, no âmbito do Instituto Federal de Educação, Ciência e Tecnologia do Piauí (IFPI) e Anexo..pdf",Quem é o coordenador do curso Escola da Terra?,O coordenador do curso Escola da Terra é Gilson Mendes Araújo.,O coordenador do curso Escola da Terra é o Prof. Me. Emanuel Alcântara da Silva.,0.5384615384615385,0.5,0.5384615384615385,0.5384615384615385,0.40052744847255717,0.892876148223877,0.956995964050293,0.9238248467445374,0.6666666666666667,0.0,16.1365,4
1,43,dense_no_rerank,"RESOLUÇÃO NORMATIVA Nº 236-2025-Prorroga o Plano Diretor de Tecnologia da Informação e Comunicação (PDTIC-2022-2024), do Instituto Federal de Educação, Ciência e Tecnologia do Piauí (IFPI) e Anexo.pdf",Para qual exercício foi prorrogada a vigência do PDTIC-2022/2024 do IFPI?,A vigência do PDTIC-2022/2024 foi prorrogada para o exercício de 2025.,A vigência do Plano Diretor de Tecnologia da Informação e Comunicação (PDTIC-2022/2024) do IFPI foi prorrogada para o exercício de 2025.,0.7142857142857143,0.6,0.7142857142857143,0.7142857142857143,0.3619779110707069,0.8878629803657532,0.9830116033554077,0.9330177307128906,0.7647058823529412,0.0,24.791,4
1,43,dense_no_rerank,"RESOLUÇÃO NORMATIVA Nº 236-2025-Prorroga o Plano Diretor de Tecnologia da Informação e Comunicação (PDTIC-2022-2024), do Instituto Federal de Educação, Ciência e Tecnologia do Piauí (IFPI) e Anexo.pdf",Qual resolução foi revogada pela Resolução Normativa nº 236 de 2025?,"Foi revogada a Resolução Normativa nº 133/2022 - CONSELHO SUPERIOR, de 29 de abril de 2022.","A Resolução Normativa nº 236 de 2025 revogou a Resolução nº 15/2021 - CONSELHO SUPERIOR, de 19 de maio de 2021, e a Resolução NormaAva nº 206/2024- CONSELHO SUPERIOR, de 13 de maio de 2024.",0.35714285714285715,0.22222222222222218,0.35714285714285715,0.35714285714285715,0.1222627823979477,0.910374641418457,0.9322649240493774,0.9211897850036621,0.4375,0.0,41.4565,4
1,43,dense_no_rerank,"RESOLUÇÃO NORMATIVA Nº 236-2025-Prorroga o Plano Diretor de Tecnologia da Informação e Comunicação (PDTIC-2022-2024), do Instituto Federal de Educação, Ciência e Tecnologia do Piauí (IFPI) e Anexo.pdf",Quais são as três fases da metodologia de elaboração do PDTIC descritas no documento?,"As três fases da metodologia de elaboração do PDTIC são Preparação, Diagnóstico e Planejamento.","As três fases da metodologia de elaboração do PDTIC descritas no documento são Preparação, Diagnóstico e Planejamento.",0.9268292682926829,0.8717948717948718,0.9268292682926829,0.9268292682926829,0.7331765459202478,0.975016713142395,0.9960288405418396,0.9854108095169067,0.9032258064516129,0.0,17.8769,4
1,43,dense_no_rerank,"RESOLUÇÃO NORMATIVA Nº 236-2025-Prorroga o Plano Diretor de Tecnologia da Informação e Comunicação (PDTIC-2022-2024), do Instituto Federal de Educação, Ciência e Tecnologia do Piauí (IFPI) e Anexo.pdf",Em que guia se baseou a metodologia de elaboração do PDTIC do IFPI?,"A metodologia de elaboração do PDTIC do IFPI baseou-se no Guia de PDTIC do SISP, versão 2.0, adaptado à realidade do IFPI.","A metodologia de elaboração do PDTIC do IFPI baseou-se no Guia de PDTIC do SISP, versão 2.0, adaptado à realidade da instituição.",0.9019607843137256,0.8979591836734694,0.9019607843137256,0.9019607843137256,0.8817739004515716,0.9951040148735046,0.9970126748085022,0.996057391166687,0.9473684210526316,0.0,21.8494,4
1,43,dense_no_rerank,"RESOLUÇÃO NORMATIVA Nº 223-2024-Atualiza a Regulamentação do planejamento e o registro das atividades acadêmicas dos docentes da Carreira do Magistério do Ensino Básico, Técnico e Tecnológico do IFPI.pdf",Quais são os regimes de trabalho previstos para os docentes do EBTT no IFPI?,"Os regimes de trabalho previstos são 40 horas com dedicação exclusiva, 40 horas e 20 horas semanais.","De acordo com a resolução, os docentes do EBTT no IFPI devem cumprir as atividades planejadas e desenvolvidas de forma que totalizem a quantidade de horas semanais previstas em seus respectivos regimes de trabalho.",0.3333333333333333,0.11538461538461539,0.22222222222222224,0.22222222222222224,0.0,0.8347811102867126,0.8845716118812561,0.8589553833007812,0.36363636363636365,0.0,23.8422,4
1,43,dense_no_rerank,"RESOLUÇÃO NORMATIVA Nº 223-2024-Atualiza a Regulamentação do planejamento e o registro das atividades acadêmicas dos docentes da Carreira do Magistério do Ensino Básico, Técnico e Tecnológico do IFPI.pdf","Para cada hora de regência de aulas, quantas horas adicionais o docente computará para atividades de organização e apoio ao ensino?","Para cada hora de regência de aulas, o docente computará uma hora adicional para atividades de organização e apoio ao ensino.","Para cada hora de regência de aulas, o docente computará uma hora de organização e apoio ao ensino.",0.9302325581395349,0.8780487804878049,0.9302325581395349,0.9302325581395349,0.7854475723304021,0.992283821105957,0.9769299030303955,0.9845470190048218,0.9375,0.0,16.4565,4
1,43,dense_no_rerank,"RESOLUÇÃO NORMATIVA Nº 218-2024-Estab. normas, critérios e proc. para a participação de docentes (DE) em atividades remuneradas.pdf","Qual é o limite anual de horas para a participação esporádica remunerada em palestras, conferências e atividades artísticas e culturais de docentes em dedicação exclusiva?",O limite anual é de 30 horas.,"O limite anual de horas para a participação esporádica remunerada em palestras, conferências e atividades artísticas e culturais de docentes em dedicação exclusiva é de 30 horas, conforme estabelecido na resolução normativa.",0.27906976744186046,0.24390243902439027,0.27906976744186046,0.27906976744186046,0.09885362316286796,0.808221161365509,0.947899341583252,0.8725054264068604,0.4117647058823529,0.0,25.0348,4
1,43,dense_no_rerank,"RESOLUÇÃO NORMATIVA Nº 218-2024-Estab. normas, critérios e proc. para a participação de docentes (DE) em atividades remuneradas.pdf",Qual é o limite de carga horária para atividades remuneradas eventuais previstas no artigo 7º da Resolução Normativa nº 218 de 2024?,As atividades remuneradas eventuais não podem exceder 8 horas semanais ou 416 horas anuais.,"A carga horária dedicada à prestação institucional de serviços por docente em regime de dedicação exclusiva, quando remunerada, não pode ultrapassar 8 horas semanais ou 416 horas anuais, em atendimento ao previsto no §4º do Art. 21 da Lei nº 12.772/2012.",0.29032258064516125,0.23333333333333334,0.29032258064516125,0.29032258064516125,0.12331859801673,0.8199409246444702,0.9187633395195007,0.8665437698364258,0.2641509433962264,0.0,34.043,4
1,43,dense_no_rerank,"RESOLUÇÃO NORMATIVA Nº 217-2024-Atualiza o Regimento Interno da Comissão Permanente de Pessoal Docente (CPPD), no âmbito do Instituto Federal de Educação, Ciência e Tecnologia do Piauí (IFPI)..pdf",Como é composta a CPPD do IFPI em número de membros titulares e suplentes?,"A CPPD do IFPI é composta por 10 docentes, sendo 5 representantes titulares e 5 representantes suplentes.","A Comissão Permanente de Pessoal Docente do IFPI é composta por 10 docentes da carreira de Ensino Básico, Técnico e Tecnológico, sendo 5 representantes titulares e 5 representantes suplentes.",0.625,0.5217391304347827,0.625,0.625,0.4599040342685214,0.8838053345680237,0.972201943397522,0.925898551940918,0.7000000000000001,0.0,24.1319,4
1,43,dense_no_rerank,"RESOLUÇÃO NORMATIVA Nº 217-2024-Atualiza o Regimento Interno da Comissão Permanente de Pessoal Docente (CPPD), no âmbito do Instituto Federal de Educação, Ciência e Tecnologia do Piauí (IFPI)..pdf",Qual é o mandato dos integrantes da CPPD do IFPI?,"O mandato dos integrantes da CPPD é de 4 anos, com possibilidade de uma única recondução por igual período.","Os integrantes da CPPD do IFPI têm mandato de quatro anos, com possibilidade de uma única recondução por igual período.",0.7906976744186046,0.6341463414634148,0.7441860465116279,0.7441860465116279,0.5941559820562806,0.9663041830062866,0.9723584651947021,0.9693218469619751,0.7567567567567567,0.0,18.1274,4
1,43,dense_no_rerank,"RESOLUÇÃO Nº 27-2024-Aprova  a criação do curso de Qualificação Profissional, de Formação Inicial e Continuada (FIC) em Aquicultor, no âmbito do IFPI e Anexo.pdf",Quantas vagas são ofertadas no curso FIC em Aquicultor?,O curso FIC em Aquicultor oferta 40 vagas.,O curso FIC em Aquicultor oferece um total de 40 vagas.,0.7368421052631579,0.588235294117647,0.7368421052631579,0.7368421052631579,0.4240125351805037,0.9459167718887329,0.9871349334716797,0.9660863876342773,0.7368421052631579,0.0,14.4136,4
1,43,dense_no_rerank,"RESOLUÇÃO Nº 27-2024-Aprova  a criação do curso de Qualificação Profissional, de Formação Inicial e Continuada (FIC) em Aquicultor, no âmbito do IFPI e Anexo.pdf",Qual é a forma de acesso ao curso FIC em Aquicultor?,A forma de acesso ao curso FIC em Aquicultor é por meio de sorteio.,"O curso FIC em Aquicultor tem como requisito de acesso o Ensino Fundamental I incompleto, do 1º ao 5º ano.",0.4242424242424242,0.2580645161290323,0.30303030303030304,0.30303030303030304,0.13817790393734294,0.868803858757019,0.9238361120223999,0.8954752683639526,0.4375,0.0,19.3286,4
1,43,dense_rerank,CURSO_SUPERIOR_DE_TECNOLOGIA_EM_ANÁLISE_E_DESENVOLVIMENTO_DE_SISTEMAS.pdf,Em que ano o Curso Superior de Tecnologia em Análise e Desenvolvimento de Sistemas foi criado no Campus de Picos?,O Curso Superior de Tecnologia em Análise e Desenvolvimento de Sistemas foi criado no Campus de Picos em 2013.,O Curso Superior de Tecnologia em Análise e Desenvolvimento de Sistemas foi criado no Campus de Picos em 2013.,1.0,1.0,1.0,1.0,1.0,0.9999999403953552,0.9999999403953552,0.9999999403953552,1.0,1.0,17.9618,4
1,43,dense_rerank,CURSO_SUPERIOR_DE_TECNOLOGIA_EM_ANÁLISE_E_DESENVOLVIMENTO_DE_SISTEMAS.pdf,Qual é a unidade de oferta do Curso Superior de Tecnologia em Análise e Desenvolvimento de Sistemas descrita no PPC?,A unidade de oferta do curso é o Campus Teresina Central.,"O Curso Superior de Tecnologia em Análise e Desenvolvimento de Sistemas é ofertado nos Campi Teresina Central, Floriano, Picos, Corrente, Pedro II e Parnaíba.",0.28571428571428575,0.06060606060606061,0.17142857142857143,0.17142857142857143,0.0,0.816821277141571,0.9077346920967102,0.8598816394805908,0.3636363636363636,0.0,21.3456,4
1,43,dense_rerank,CURSO_SUPERIOR_DE_TECNOLOGIA_EM_ANÁLISE_E_DESENVOLVIMENTO_DE_SISTEMAS.pdf,Qual é a carga horária total do Curso Superior de Tecnologia em Análise e Desenvolvimento de Sistemas?,A carga horária total do curso é de 2100 horas.,"A carga horária total do Curso Superior de Tecnologia em Análise e Desenvolvimento de Sistemas é de 400 horas por módulo/semana, conforme apresentado na estrutura curricular do curso.",0.4390243902439024,0.30769230769230765,0.4390243902439024,0.4390243902439024,0.14291173574075158,0.8303691148757935,0.9654767513275146,0.8928406238555908,0.5142857142857143,0.0,21.9969,4
1,43,dense_rerank,CURSO_SUPERIOR_DE_TECNOLOGIA_EM_ANÁLISE_E_DESENVOLVIMENTO_DE_SISTEMAS.pdf,Quantas vagas por ano são ofertadas no Curso Superior de Tecnologia em Análise e Desenvolvimento de Sistemas?,O curso oferta 40 vagas por ano.,"No ano de 2025, o Curso Superior de Tecnologia em Análise e Desenvolvimento de Sistemas terá uma oferta de 40 vagas por turno, tanto no turno noite quanto no turno tarde, em alguns campi do IFPI.",0.3181818181818182,0.14285714285714285,0.27272727272727276,0.27272727272727276,0.0,0.8228514194488525,0.927708625793457,0.872139573097229,0.4,0.0,25.2815,4
1,43,dense_rerank,"RESOLUÇÃO Nº 14-2025-Aprova a Criação do Curso de Aperfeiçoamento Escola da Terra, no âmbito do Instituto Federal de Educação, Ciência e Tecnologia do Piauí (IFPI) e Anexo..pdf",Qual é a carga horária total do curso Escola da Terra?,A carga horária total do curso Escola da Terra é de 180 horas.,"O curso Escola da Terra, no nível de aperfeiçoamento, possui carga horária total de 180 horas, sendo 126 horas presenciais no tempo-universidade e 54 horas no tempo-escola/comunidade.",0.47826086956521735,0.36363636363636365,0.30434782608695654,0.30434782608695654,0.13307637507950731,0.8621993660926819,0.9464261531829834,0.9023516178131104,0.5555555555555555,0.0,30.3579,4
1,43,dense_rerank,"RESOLUÇÃO Nº 14-2025-Aprova a Criação do Curso de Aperfeiçoamento Escola da Terra, no âmbito do Instituto Federal de Educação, Ciência e Tecnologia do Piauí (IFPI) e Anexo..pdf",Qual é a meta física do curso Escola da Terra em número de vagas?,A meta física do curso Escola da Terra é de 120 vagas.,A meta física do curso Escola da Terra é de 120 vagas para professoras e coordenadoras pedagógicas de turmas multisseriadas.,0.7272727272727273,0.7096774193548387,0.7272727272727273,0.7272727272727273,0.5471114295717522,0.8801493048667908,0.9877628684043884,0.9308561682701111,0.7741935483870968,0.0,21.4985,4
1,43,dense_rerank,"RESOLUÇÃO Nº 14-2025-Aprova a Criação do Curso de Aperfeiçoamento Escola da Terra, no âmbito do Instituto Federal de Educação, Ciência e Tecnologia do Piauí (IFPI) e Anexo..pdf",Quando está previsto o início do curso Escola da Terra?,O início do curso Escola da Terra está previsto para março de 2025.,"O curso Escola da Terra está previsto para iniciar no primeiro semestre de 2024, conforme autorizado pela Resolução nº 78/2024 e Resolução nº 79/2024, com atividades no sul do Piauí entre outubro de 2024 e novembro de 2025.",0.4210526315789473,0.2545454545454546,0.38596491228070173,0.38596491228070173,0.1593216826999276,0.8359376192092896,0.9485840797424316,0.8887054920196533,0.5,0.0,37.002,4
1,43,dense_rerank,"RESOLUÇÃO Nº 14-2025-Aprova a Criação do Curso de Aperfeiçoamento Escola da Terra, no âmbito do Instituto Federal de Educação, Ciência e Tecnologia do Piauí (IFPI) e Anexo..pdf",Quem é o coordenador do curso Escola da Terra?,O coordenador do curso Escola da Terra é Gilson Mendes Araújo.,O coordenador do curso Escola da Terra é o Prof. Me. Emanuel Alcântara da Silva.,0.5384615384615385,0.5,0.5384615384615385,0.5384615384615385,0.40052744847255717,0.892876148223877,0.956995964050293,0.9238248467445374,0.6666666666666667,0.0,16.214,4
1,43,dense_rerank,"RESOLUÇÃO NORMATIVA Nº 236-2025-Prorroga o Plano Diretor de Tecnologia da Informação e Comunicação (PDTIC-2022-2024), do Instituto Federal de Educação, Ciência e Tecnologia do Piauí (IFPI) e Anexo.pdf",Para qual exercício foi prorrogada a vigência do PDTIC-2022/2024 do IFPI?,A vigência do PDTIC-2022/2024 foi prorrogada para o exercício de 2025.,A vigência do Plano Diretor de Tecnologia da Informação e Comunicação (PDTIC-2022/2024) do IFPI foi prorrogada para o exercício de 2025.,0.7142857142857143,0.6,0.7142857142857143,0.7142857142857143,0.3619779110707069,0.8878629803657532,0.9830116033554077,0.9330177307128906,0.7647058823529412,0.0,24.8338,4
1,43,dense_rerank,"RESOLUÇÃO NORMATIVA Nº 236-2025-Prorroga o Plano Diretor de Tecnologia da Informação e Comunicação (PDTIC-2022-2024), do Instituto Federal de Educação, Ciência e Tecnologia do Piauí (IFPI) e Anexo.pdf",Qual resolução foi revogada pela Resolução Normativa nº 236 de 2025?,"Foi revogada a Resolução Normativa nº 133/2022 - CONSELHO SUPERIOR, de 29 de abril de 2022.","A Resolução Normativa nº 236 de 2025 revogou a Resolução nº 15/2021 - CONSELHO SUPERIOR, de 19 de maio de 2021, e a Resolução NormaAva nº 206/2024- CONSELHO SUPERIOR, de 13 de maio de 2024.",0.35714285714285715,0.22222222222222218,0.35714285714285715,0.35714285714285715,0.1222627823979477,0.910374641418457,0.9322649240493774,0.9211897850036621,0.4375,0.0,43.022,4
1,43,dense_rerank,"RESOLUÇÃO NORMATIVA Nº 236-2025-Prorroga o Plano Diretor de Tecnologia da Informação e Comunicação (PDTIC-2022-2024), do Instituto Federal de Educação, Ciência e Tecnologia do Piauí (IFPI) e Anexo.pdf",Quais são as três fases da metodologia de elaboração do PDTIC descritas no documento?,"As três fases da metodologia de elaboração do PDTIC são Preparação, Diagnóstico e Planejamento.","As três fases da metodologia de elaboração do PDTIC, de acordo com o documento, são Preparação, Diagnóstico e Planejamento.",0.8837209302325582,0.8292682926829269,0.8837209302325582,0.8837209302325582,0.5963584321358336,0.9599119424819946,0.9954190850257874,0.9773430824279785,0.8750000000000001,0.0,18.946,4
1,43,dense_rerank,"RESOLUÇÃO NORMATIVA Nº 236-2025-Prorroga o Plano Diretor de Tecnologia da Informação e Comunicação (PDTIC-2022-2024), do Instituto Federal de Educação, Ciência e Tecnologia do Piauí (IFPI) e Anexo.pdf",Em que guia se baseou a metodologia de elaboração do PDTIC do IFPI?,"A metodologia de elaboração do PDTIC do IFPI baseou-se no Guia de PDTIC do SISP, versão 2.0, adaptado à realidade do IFPI.","A metodologia de elaboração do PDTIC do IFPI baseou-se no Guia de PDTIC do SISP, versão 2.0, adaptado à realidade da instituição.",0.9019607843137256,0.8979591836734694,0.9019607843137256,0.9019607843137256,0.8817739004515716,0.9951040148735046,0.9970126748085022,0.996057391166687,0.9473684210526316,0.0,21.8066,4
1,43,dense_rerank,"RESOLUÇÃO NORMATIVA Nº 223-2024-Atualiza a Regulamentação do planejamento e o registro das atividades acadêmicas dos docentes da Carreira do Magistério do Ensino Básico, Técnico e Tecnológico do IFPI.pdf",Quais são os regimes de trabalho previstos para os docentes do EBTT no IFPI?,"Os regimes de trabalho previstos são 40 horas com dedicação exclusiva, 40 horas e 20 horas semanais.","Os regimes de trabalho previstos para os docentes do EBTT no IFPI são tempo integral de 40 horas semanais com dedicação exclusiva, tempo integral de 40 horas semanais ou tempo parcial de 20 horas semanais de trabalho.",0.6206896551724138,0.42857142857142855,0.6206896551724138,0.6206896551724138,0.20613242702593446,0.9090074300765991,0.9667177200317383,0.936974823474884,0.7027027027027025,0.0,27.3096,4
1,43,dense_rerank,"RESOLUÇÃO NORMATIVA Nº 223-2024-Atualiza a Regulamentação do planejamento e o registro das atividades acadêmicas dos docentes da Carreira do Magistério do Ensino Básico, Técnico e Tecnológico do IFPI.pdf","Para cada hora de regência de aulas, quantas horas adicionais o docente computará para atividades de organização e apoio ao ensino?","Para cada hora de regência de aulas, o docente computará uma hora adicional para atividades de organização e apoio ao ensino.",Não encontrei essa informação no contexto fornecido.,0.125,0.0,0.125,0.125,0.0,0.8275346755981445,0.8195750117301941,0.8235356211662292,0.0,0.0,12.2186,4
1,43,dense_rerank,"RESOLUÇÃO NORMATIVA Nº 218-2024-Estab. normas, critérios e proc. para a participação de docentes (DE) em atividades remuneradas.pdf","Qual é o limite anual de horas para a participação esporádica remunerada em palestras, conferências e atividades artísticas e culturais de docentes em dedicação exclusiva?",O limite anual é de 30 horas.,"O limite anual de horas para a participação esporádica remunerada em palestras, conferências e atividades artísticas e culturais de docentes em dedicação exclusiva é de 30 horas.",0.3243243243243243,0.2857142857142857,0.3243243243243243,0.3243243243243243,0.16110518603734317,0.8159329891204834,0.9581412076950073,0.8813374042510986,0.4827586206896552,0.0,22.6794,4
1,43,dense_rerank,"RESOLUÇÃO NORMATIVA Nº 218-2024-Estab. normas, critérios e proc. para a participação de docentes (DE) em atividades remuneradas.pdf",Qual é o limite de carga horária para atividades remuneradas eventuais previstas no artigo 7º da Resolução Normativa nº 218 de 2024?,As atividades remuneradas eventuais não podem exceder 8 horas semanais ou 416 horas anuais.,"O limite de carga horária para atividades remuneradas eventuais, no caso de servidores docentes com dedicação exclusiva ou com 20 ou 40 horas, é de 8 horas semanais ou 416 horas anuais, conforme previsto na Resolução Normativa nº 207 de 2024.",0.4137931034482758,0.2857142857142857,0.3793103448275862,0.3793103448275862,0.15589340552404063,0.8480509519577026,0.9276635646820068,0.88607257604599,0.391304347826087,0.0,32.6254,4
1,43,dense_rerank,"RESOLUÇÃO NORMATIVA Nº 217-2024-Atualiza o Regimento Interno da Comissão Permanente de Pessoal Docente (CPPD), no âmbito do Instituto Federal de Educação, Ciência e Tecnologia do Piauí (IFPI)..pdf",Como é composta a CPPD do IFPI em número de membros titulares e suplentes?,"A CPPD do IFPI é composta por 10 docentes, sendo 5 representantes titulares e 5 representantes suplentes.","A Comissão Permanente de Pessoal Docente do IFPI é composta por 10 docentes da carreira de Ensino Básico, Técnico e Tecnológico, sendo 5 representantes titulares e 5 representantes suplentes.",0.625,0.5217391304347827,0.625,0.625,0.4599040342685214,0.8838053345680237,0.972201943397522,0.925898551940918,0.7000000000000001,0.0,23.9934,4
1,43,dense_rerank,"RESOLUÇÃO NORMATIVA Nº 217-2024-Atualiza o Regimento Interno da Comissão Permanente de Pessoal Docente (CPPD), no âmbito do Instituto Federal de Educação, Ciência e Tecnologia do Piauí (IFPI)..pdf",Qual é o mandato dos integrantes da CPPD do IFPI?,"O mandato dos integrantes da CPPD é de 4 anos, com possibilidade de uma única recondução por igual período.","Os integrantes da Comissão Permanente de Pessoal Docente do IFPI têm um mandato de 4 anos, podendo ser reconduzidos por um único período igual.",0.5106382978723405,0.17777777777777778,0.3404255319148936,0.3404255319148936,0.12789533377801793,0.8666247129440308,0.9038090705871582,0.8848263621330261,0.45,0.0,20.4476,4
1,43,dense_rerank,"RESOLUÇÃO Nº 27-2024-Aprova  a criação do curso de Qualificação Profissional, de Formação Inicial e Continuada (FIC) em Aquicultor, no âmbito do IFPI e Anexo.pdf",Quantas vagas são ofertadas no curso FIC em Aquicultor?,O curso FIC em Aquicultor oferta 40 vagas.,O curso FIC em Aquicultor oferece um total de 40 vagas.,0.7368421052631579,0.588235294117647,0.7368421052631579,0.7368421052631579,0.4240125351805037,0.9459167718887329,0.9871349334716797,0.9660863876342773,0.7368421052631579,0.0,14.6688,4
1,43,dense_rerank,"RESOLUÇÃO Nº 27-2024-Aprova  a criação do curso de Qualificação Profissional, de Formação Inicial e Continuada (FIC) em Aquicultor, no âmbito do IFPI e Anexo.pdf",Qual é a forma de acesso ao curso FIC em Aquicultor?,A forma de acesso ao curso FIC em Aquicultor é por meio de sorteio.,"O curso FIC em Aquicultor tem como requisito de acesso o ensino fundamental I incompleto, do 1º ao 5º ano.",0.4242424242424242,0.2580645161290323,0.30303030303030304,0.30303030303030304,0.13817790393734294,0.8766475915908813,0.9233978986740112,0.8994156718254089,0.4375,0.0,19.2252,4
1,43,bm25,CURSO_SUPERIOR_DE_TECNOLOGIA_EM_ANÁLISE_E_DESENVOLVIMENTO_DE_SISTEMAS.pdf,Em que ano o Curso Superior de Tecnologia em Análise e Desenvolvimento de Sistemas foi criado no Campus de Picos?,O Curso Superior de Tecnologia em Análise e Desenvolvimento de Sistemas foi criado no Campus de Picos em 2013.,O Curso Superior de Tecnologia em Análise e Desenvolvimento de Sistemas foi criado no Campus de Picos em 2013.,1.0,1.0,1.0,1.0,1.0,0.9999999403953552,0.9999999403953552,0.9999999403953552,1.0,1.0,17.7071,4
1,43,bm25,CURSO_SUPERIOR_DE_TECNOLOGIA_EM_ANÁLISE_E_DESENVOLVIMENTO_DE_SISTEMAS.pdf,Qual é a unidade de oferta do Curso Superior de Tecnologia em Análise e Desenvolvimento de Sistemas descrita no PPC?,A unidade de oferta do curso é o Campus Teresina Central.,"O Curso Superior de Tecnologia em Análise e Desenvolvimento de Sistemas é ofertado nos Campi Teresina Central, Floriano, Picos, Corrente, Pedro II e Parnaíba.",0.28571428571428575,0.06060606060606061,0.17142857142857143,0.17142857142857143,0.0,0.816821277141571,0.9077346920967102,0.8598816394805908,0.3636363636363636,0.0,21.4166,4
1,43,bm25,CURSO_SUPERIOR_DE_TECNOLOGIA_EM_ANÁLISE_E_DESENVOLVIMENTO_DE_SISTEMAS.pdf,Qual é a carga horária total do Curso Superior de Tecnologia em Análise e Desenvolvimento de Sistemas?,A carga horária total do curso é de 2100 horas.,"O Curso Superior de Tecnologia em Análise e Desenvolvimento de Sistemas possui uma carga horária total de 400 horas no primeiro módulo, além de mais 600 horas no segundo módulo, conforme detalhado na estrutura curricular apresentada.",0.2745098039215686,0.12244897959183673,0.23529411764705882,0.23529411764705882,0.0,0.8147163987159729,0.9141398668289185,0.8615692853927612,0.3,0.0,25.8166,4
1,43,bm25,CURSO_SUPERIOR_DE_TECNOLOGIA_EM_ANÁLISE_E_DESENVOLVIMENTO_DE_SISTEMAS.pdf,Quantas vagas por ano são ofertadas no Curso Superior de Tecnologia em Análise e Desenvolvimento de Sistemas?,O curso oferta 40 vagas por ano.,"O Curso Superior de Tecnologia em Análise e Desenvolvimento de Sistemas oferece uma quantidade de 40 vagas por ano no Campus Teresina Central, conforme informações do documento.",0.33333333333333326,0.23529411764705882,0.33333333333333326,0.33333333333333326,0.08914609827874222,0.8250495195388794,0.9438191652297974,0.8804469704627991,0.375,0.0,20.4824,4
1,43,bm25,"RESOLUÇÃO Nº 14-2025-Aprova a Criação do Curso de Aperfeiçoamento Escola da Terra, no âmbito do Instituto Federal de Educação, Ciência e Tecnologia do Piauí (IFPI) e Anexo..pdf",Qual é a carga horária total do curso Escola da Terra?,A carga horária total do curso Escola da Terra é de 180 horas.,"O curso Escola da Terra possui uma carga horária total de 294 horas destinadas ao estudo das disciplinas, além de 66 horas para o Trabalho de Conclusão de Curso.",0.4444444444444445,0.27906976744186046,0.26666666666666666,0.26666666666666666,0.11871704290088221,0.8634258508682251,0.9381551742553711,0.8992406129837036,0.5,0.0,22.5733,4
1,43,bm25,"RESOLUÇÃO Nº 14-2025-Aprova a Criação do Curso de Aperfeiçoamento Escola da Terra, no âmbito do Instituto Federal de Educação, Ciência e Tecnologia do Piauí (IFPI) e Anexo..pdf",Qual é a meta física do curso Escola da Terra em número de vagas?,A meta física do curso Escola da Terra é de 120 vagas.,A meta física do curso Escola da Terra é de 30 vagas.,0.9166666666666666,0.8181818181818182,0.9166666666666666,0.9166666666666666,0.7910665071754358,0.9954450726509094,0.9954450726509094,0.9954450726509094,0.9166666666666666,0.0,12.2979,4
1,43,bm25,"RESOLUÇÃO Nº 14-2025-Aprova a Criação do Curso de Aperfeiçoamento Escola da Terra, no âmbito do Instituto Federal de Educação, Ciência e Tecnologia do Piauí (IFPI) e Anexo..pdf",Quando está previsto o início do curso Escola da Terra?,O início do curso Escola da Terra está previsto para março de 2025.,Não encontrei essa informação no contexto fornecido.,0.16666666666666669,0.0,0.16666666666666669,0.16666666666666669,0.0,0.8219438791275024,0.8310289978981018,0.8264614343643188,0.0,0.0,12.0254,4
1,43,bm25,"RESOLUÇÃO Nº 14-2025-Aprova a Criação do Curso de Aperfeiçoamento Escola da Terra, no âmbito do Instituto Federal de Educação, Ciência e Tecnologia do Piauí (IFPI) e Anexo..pdf",Quem é o coordenador do curso Escola da Terra?,O coordenador do curso Escola da Terra é Gilson Mendes Araújo.,"O coordenador do curso de Licenciatura Intercultural Indígena é regulamentado pelo edital CAPES/PARFOR Equidade 023/2023, e a atuação do coordenador do curso e local do Parfor Equidade está estabelecida nesse mesmo edital.",0.17391304347826086,0.13636363636363635,0.17391304347826086,0.17391304347826086,0.06714082273626723,0.8106777667999268,0.8865677118301392,0.8469260931015015,0.2777777777777778,0.0,29.8769,4
1,43,bm25,"RESOLUÇÃO NORMATIVA Nº 236-2025-Prorroga o Plano Diretor de Tecnologia da Informação e Comunicação (PDTIC-2022-2024), do Instituto Federal de Educação, Ciência e Tecnologia do Piauí (IFPI) e Anexo.pdf",Para qual exercício foi prorrogada a vigência do PDTIC-2022/2024 do IFPI?,A vigência do PDTIC-2022/2024 foi prorrogada para o exercício de 2025.,Não encontrei essa informação no contexto fornecido.,0.08333333333333334,0.0,0.08333333333333334,0.08333333333333334,0.0,0.8213146328926086,0.798200786113739,0.8095927238464355,0.0,0.0,12.4909,4
1,43,bm25,"RESOLUÇÃO NORMATIVA Nº 236-2025-Prorroga o Plano Diretor de Tecnologia da Informação e Comunicação (PDTIC-2022-2024), do Instituto Federal de Educação, Ciência e Tecnologia do Piauí (IFPI) e Anexo.pdf",Qual resolução foi revogada pela Resolução Normativa nº 236 de 2025?,"Foi revogada a Resolução Normativa nº 133/2022 - CONSELHO SUPERIOR, de 29 de abril de 2022.","A Resolução Normativa nº 236 de 2025 revogou a Resolução Normativa nº 43/2021 - CONSELHO SUPERIOR, de 10 de junho de 2021.",0.48780487804878053,0.30769230769230765,0.48780487804878053,0.48780487804878053,0.24835336815593248,0.9547911882400513,0.9592360854148865,0.9570085406303406,0.5185185185185186,0.0,27.5047,4
1,43,bm25,"RESOLUÇÃO NORMATIVA Nº 236-2025-Prorroga o Plano Diretor de Tecnologia da Informação e Comunicação (PDTIC-2022-2024), do Instituto Federal de Educação, Ciência e Tecnologia do Piauí (IFPI) e Anexo.pdf",Quais são as três fases da metodologia de elaboração do PDTIC descritas no documento?,"As três fases da metodologia de elaboração do PDTIC são Preparação, Diagnóstico e Planejamento.","As três fases da metodologia de elaboração do PDTIC são Preparação, Diagnóstico e Planejamento.",1.0,1.0,1.0,1.0,1.0,1.0,1.0,1.0,1.0,1.0,16.2541,4
1,43,bm25,"RESOLUÇÃO NORMATIVA Nº 236-2025-Prorroga o Plano Diretor de Tecnologia da Informação e Comunicação (PDTIC-2022-2024), do Instituto Federal de Educação, Ciência e Tecnologia do Piauí (IFPI) e Anexo.pdf",Em que guia se baseou a metodologia de elaboração do PDTIC do IFPI?,"A metodologia de elaboração do PDTIC do IFPI baseou-se no Guia de PDTIC do SISP, versão 2.0, adaptado à realidade do IFPI.","A metodologia de elaboração do PDTIC do IFPI baseou-se no Guia de PDTIC do SISP, versão 2.0, que foi adaptado à realidade da instituição.",0.8679245283018867,0.823529411764706,0.8679245283018867,0.8679245283018867,0.7488856162563027,0.9856879115104675,0.9934456944465637,0.9895516037940979,0.9,0.0,22.5272,4
1,43,bm25,"RESOLUÇÃO NORMATIVA Nº 223-2024-Atualiza a Regulamentação do planejamento e o registro das atividades acadêmicas dos docentes da Carreira do Magistério do Ensino Básico, Técnico e Tecnológico do IFPI.pdf",Quais são os regimes de trabalho previstos para os docentes do EBTT no IFPI?,"Os regimes de trabalho previstos são 40 horas com dedicação exclusiva, 40 horas e 20 horas semanais.","Os regimes de trabalho previstos para os docentes do EBTT no IFPI são o tempo integral de 40 horas semanais e o tempo parcial de 20 horas semanais, sendo que o regime de 40 horas com dedicação exclusiva impede o exercício de outra atividade remunerada, salvo as exceções previstas em lei.",0.5135135135135135,0.3611111111111111,0.37837837837837834,0.37837837837837834,0.16663464172843773,0.8569475412368774,0.951302707195282,0.9016634225845337,0.5384615384615384,0.0,32.3283,4
1,43,bm25,"RESOLUÇÃO NORMATIVA Nº 223-2024-Atualiza a Regulamentação do planejamento e o registro das atividades acadêmicas dos docentes da Carreira do Magistério do Ensino Básico, Técnico e Tecnológico do IFPI.pdf","Para cada hora de regência de aulas, quantas horas adicionais o docente computará para atividades de organização e apoio ao ensino?","Para cada hora de regência de aulas, o docente computará uma hora adicional para atividades de organização e apoio ao ensino.","Para cada hora de regência de aula, o docente deverá registrar uma hora de organização e apoio ao ensino.",0.8181818181818182,0.6666666666666666,0.8181818181818182,0.8181818181818182,0.5382008965108557,0.9565843343734741,0.9403003454208374,0.9483724236488342,0.787878787878788,0.0,16.6564,4
1,43,bm25,"RESOLUÇÃO NORMATIVA Nº 218-2024-Estab. normas, critérios e proc. para a participação de docentes (DE) em atividades remuneradas.pdf","Qual é o limite anual de horas para a participação esporádica remunerada em palestras, conferências e atividades artísticas e culturais de docentes em dedicação exclusiva?",O limite anual é de 30 horas.,"O limite anual de horas para a participação esporádica remunerada em palestras, conferências e atividades artísticas e culturais de docentes em dedicação exclusiva é de 30 horas.",0.3243243243243243,0.2857142857142857,0.3243243243243243,0.3243243243243243,0.16110518603734317,0.8159329891204834,0.9581412076950073,0.8813374042510986,0.4827586206896552,0.0,22.3917,4
1,43,bm25,"RESOLUÇÃO NORMATIVA Nº 218-2024-Estab. normas, critérios e proc. para a participação de docentes (DE) em atividades remuneradas.pdf",Qual é o limite de carga horária para atividades remuneradas eventuais previstas no artigo 7º da Resolução Normativa nº 218 de 2024?,As atividades remuneradas eventuais não podem exceder 8 horas semanais ou 416 horas anuais.,Não encontrei essa informação no contexto fornecido.,0.16666666666666669,0.09090909090909091,0.16666666666666669,0.16666666666666669,0.0,0.8233992457389832,0.8057843446731567,0.814496636390686,0.1,0.0,12.2108,4
1,43,bm25,"RESOLUÇÃO NORMATIVA Nº 217-2024-Atualiza o Regimento Interno da Comissão Permanente de Pessoal Docente (CPPD), no âmbito do Instituto Federal de Educação, Ciência e Tecnologia do Piauí (IFPI)..pdf",Como é composta a CPPD do IFPI em número de membros titulares e suplentes?,"A CPPD do IFPI é composta por 10 docentes, sendo 5 representantes titulares e 5 representantes suplentes.","A composição da Comissão Permanente de Pessoal Docente do IFPI é feita por chapas registradas, compostas por dois docentes, com indicação do titular e suplente.",0.27906976744186046,0.04878048780487805,0.27906976744186046,0.27906976744186046,0.0,0.8804346919059753,0.9170075058937073,0.8983490467071533,0.3684210526315789,0.0,21.3593,4
1,43,bm25,"RESOLUÇÃO NORMATIVA Nº 217-2024-Atualiza o Regimento Interno da Comissão Permanente de Pessoal Docente (CPPD), no âmbito do Instituto Federal de Educação, Ciência e Tecnologia do Piauí (IFPI)..pdf",Qual é o mandato dos integrantes da CPPD do IFPI?,"O mandato dos integrantes da CPPD é de 4 anos, com possibilidade de uma única recondução por igual período.","Os membros da CPPD são designados pelo Reitor, após escolha pelos seus pares, para cumprirem um mandato de quatro anos, admitindo-se uma única reeleição para período subsequente, sem limite para mandatos alternados.",0.38596491228070173,0.1090909090909091,0.3157894736842105,0.3157894736842105,0.0,0.8508672118186951,0.9019008278846741,0.8756410479545593,0.32653061224489793,0.0,26.3852,4
1,43,bm25,"RESOLUÇÃO Nº 27-2024-Aprova  a criação do curso de Qualificação Profissional, de Formação Inicial e Continuada (FIC) em Aquicultor, no âmbito do IFPI e Anexo.pdf",Quantas vagas são ofertadas no curso FIC em Aquicultor?,O curso FIC em Aquicultor oferta 40 vagas.,Não encontrei essa informação no contexto fornecido.,0.11764705882352941,0.0,0.11764705882352941,0.11764705882352941,0.0,0.8231986165046692,0.8388471603393555,0.8309492468833923,0.0,0.0,12.1829,4
1,43,bm25,"RESOLUÇÃO Nº 27-2024-Aprova  a criação do curso de Qualificação Profissional, de Formação Inicial e Continuada (FIC) em Aquicultor, no âmbito do IFPI e Anexo.pdf",Qual é a forma de acesso ao curso FIC em Aquicultor?,A forma de acesso ao curso FIC em Aquicultor é por meio de sorteio.,"O acesso ao curso FIC em Aquicultor será por meio de edital de seleção, com processo seletivo realizado através de prova escrita específica.",0.5128205128205128,0.3783783783783784,0.46153846153846156,0.46153846153846156,0.24835336815593242,0.9104467034339905,0.9522331357002258,0.9308712482452393,0.5294117647058824,0.0,20.6162,4
1,43,tfidf,CURSO_SUPERIOR_DE_TECNOLOGIA_EM_ANÁLISE_E_DESENVOLVIMENTO_DE_SISTEMAS.pdf,Em que ano o Curso Superior de Tecnologia em Análise e Desenvolvimento de Sistemas foi criado no Campus de Picos?,O Curso Superior de Tecnologia em Análise e Desenvolvimento de Sistemas foi criado no Campus de Picos em 2013.,O Curso Superior de Tecnologia em Análise e Desenvolvimento de Sistemas foi criado no Campus de Picos em 2013.,1.0,1.0,1.0,1.0,1.0,0.9999999403953552,0.9999999403953552,0.9999999403953552,1.0,1.0,17.6215,4
1,43,tfidf,CURSO_SUPERIOR_DE_TECNOLOGIA_EM_ANÁLISE_E_DESENVOLVIMENTO_DE_SISTEMAS.pdf,Qual é a unidade de oferta do Curso Superior de Tecnologia em Análise e Desenvolvimento de Sistemas descrita no PPC?,A unidade de oferta do curso é o Campus Teresina Central.,"O Curso Superior de Tecnologia em Análise e Desenvolvimento de Sistemas é ofertado nos Campi Teresina Central, Floriano, Picos, Corrente, Pedro II e Parnaíba.",0.28571428571428575,0.06060606060606061,0.17142857142857143,0.17142857142857143,0.0,0.816821277141571,0.9077346920967102,0.8598816394805908,0.3636363636363636,0.0,23.5971,4
1,43,tfidf,CURSO_SUPERIOR_DE_TECNOLOGIA_EM_ANÁLISE_E_DESENVOLVIMENTO_DE_SISTEMAS.pdf,Qual é a carga horária total do Curso Superior de Tecnologia em Análise e Desenvolvimento de Sistemas?,A carga horária total do curso é de 2100 horas.,Não encontrei essa informação no contexto fornecido.,0.0,0.0,0.0,0.0,0.0,0.8249529004096985,0.8356121182441711,0.8302482962608337,0.0,0.0,12.8376,4
1,43,tfidf,CURSO_SUPERIOR_DE_TECNOLOGIA_EM_ANÁLISE_E_DESENVOLVIMENTO_DE_SISTEMAS.pdf,Quantas vagas por ano são ofertadas no Curso Superior de Tecnologia em Análise e Desenvolvimento de Sistemas?,O curso oferta 40 vagas por ano.,"No Campus de Floriano, o Curso Superior de Tecnologia em Análise e Desenvolvimento de Sistemas oferece 35 vagas no turno da tarde, enquanto no Campus de Picos são ofertadas 40 vagas no turno da noite para o ano de 2025.2.",0.2,0.08333333333333333,0.2,0.2,0.0,0.8188979625701904,0.9087571501731873,0.8614906072616577,0.2777777777777778,0.0,27.3201,4
1,43,tfidf,"RESOLUÇÃO Nº 14-2025-Aprova a Criação do Curso de Aperfeiçoamento Escola da Terra, no âmbito do Instituto Federal de Educação, Ciência e Tecnologia do Piauí (IFPI) e Anexo..pdf",Qual é a carga horária total do curso Escola da Terra?,A carga horária total do curso Escola da Terra é de 180 horas.,"O curso de Especialização Escola da Terra possui uma carga horária total de 495 horas, sendo 257 horas em Tempo-Universidade e 103 horas em Tempo-Escola/Comunidade.",0.4651162790697674,0.2439024390243903,0.27906976744186046,0.27906976744186046,0.0,0.8809854984283447,0.9372314810752869,0.9082384705543518,0.5142857142857142,0.0,27.07,4
1,43,tfidf,"RESOLUÇÃO Nº 14-2025-Aprova a Criação do Curso de Aperfeiçoamento Escola da Terra, no âmbito do Instituto Federal de Educação, Ciência e Tecnologia do Piauí (IFPI) e Anexo..pdf",Qual é a meta física do curso Escola da Terra em número de vagas?,A meta física do curso Escola da Terra é de 120 vagas.,A meta física do curso Escola da Terra é de 60 vagas para professores da educação básica que atuam em escolas do campo e possuem certificação em curso de aperfeiçoamento.,0.4782608695652174,0.4090909090909091,0.4782608695652174,0.4782608695652174,0.2991528889155785,0.8609741926193237,0.9757529497146606,0.9147772192955017,0.5945945945945945,0.0,21.9404,4
1,43,tfidf,"RESOLUÇÃO Nº 14-2025-Aprova a Criação do Curso de Aperfeiçoamento Escola da Terra, no âmbito do Instituto Federal de Educação, Ciência e Tecnologia do Piauí (IFPI) e Anexo..pdf",Quando está previsto o início do curso Escola da Terra?,O início do curso Escola da Terra está previsto para março de 2025.,O início do Curso Aperfeiçoamento Escola da Terra está previsto para o primeiro semestre de 2024.,0.7878787878787877,0.5806451612903226,0.7878787878787877,0.7878787878787877,0.37709297891717664,0.8994907736778259,0.9575713872909546,0.9276228547096252,0.7857142857142856,0.0,17.1138,4
1,43,tfidf,"RESOLUÇÃO Nº 14-2025-Aprova a Criação do Curso de Aperfeiçoamento Escola da Terra, no âmbito do Instituto Federal de Educação, Ciência e Tecnologia do Piauí (IFPI) e Anexo..pdf",Quem é o coordenador do curso Escola da Terra?,O coordenador do curso Escola da Terra é Gilson Mendes Araújo.,Não encontrei essa informação no contexto fornecido.,0.09999999999999999,0.0,0.09999999999999999,0.09999999999999999,0.0,0.8250470161437988,0.8430057168006897,0.833929717540741,0.0,0.0,12.6046,4
1,43,tfidf,"RESOLUÇÃO NORMATIVA Nº 236-2025-Prorroga o Plano Diretor de Tecnologia da Informação e Comunicação (PDTIC-2022-2024), do Instituto Federal de Educação, Ciência e Tecnologia do Piauí (IFPI) e Anexo.pdf",Para qual exercício foi prorrogada a vigência do PDTIC-2022/2024 do IFPI?,A vigência do PDTIC-2022/2024 foi prorrogada para o exercício de 2025.,"O Plano Diretor de Tecnologia da Informação e Comunicação (PDTIC-2022/2024) do IFPI teve a vigência prorrogada para o exercício de 2025, conforme estabelecido na Resolução Normativa nº 236.",0.5599999999999999,0.4166666666666667,0.4,0.4,0.1834283688193615,0.8566336035728455,0.9619570970535278,0.9062454700469971,0.5853658536585366,0.0,29.8468,4
1,43,tfidf,"RESOLUÇÃO NORMATIVA Nº 236-2025-Prorroga o Plano Diretor de Tecnologia da Informação e Comunicação (PDTIC-2022-2024), do Instituto Federal de Educação, Ciência e Tecnologia do Piauí (IFPI) e Anexo.pdf",Qual resolução foi revogada pela Resolução Normativa nº 236 de 2025?,"Foi revogada a Resolução Normativa nº 133/2022 - CONSELHO SUPERIOR, de 29 de abril de 2022.",Não encontrei essa informação no contexto fornecido.,0.15384615384615383,0.0,0.07692307692307691,0.07692307692307691,0.0,0.8195531368255615,0.7702820301055908,0.7941540479660034,0.0,0.0,8.8196,4
1,43,tfidf,"RESOLUÇÃO NORMATIVA Nº 236-2025-Prorroga o Plano Diretor de Tecnologia da Informação e Comunicação (PDTIC-2022-2024), do Instituto Federal de Educação, Ciência e Tecnologia do Piauí (IFPI) e Anexo.pdf",Quais são as três fases da metodologia de elaboração do PDTIC descritas no documento?,"As três fases da metodologia de elaboração do PDTIC são Preparação, Diagnóstico e Planejamento.","As três fases da metodologia de elaboração do PDTIC são Preparação, Diagnóstico e a fase de execução de processos específicos em harmonia com os instrumentos de planejamento da instituição.",0.6785714285714285,0.6296296296296297,0.6785714285714285,0.6785714285714285,0.42967728103447583,0.9086821675300598,0.9674482345581055,0.9371448755264282,0.717948717948718,0.0,21.3838,4
1,43,tfidf,"RESOLUÇÃO NORMATIVA Nº 236-2025-Prorroga o Plano Diretor de Tecnologia da Informação e Comunicação (PDTIC-2022-2024), do Instituto Federal de Educação, Ciência e Tecnologia do Piauí (IFPI) e Anexo.pdf",Em que guia se baseou a metodologia de elaboração do PDTIC do IFPI?,"A metodologia de elaboração do PDTIC do IFPI baseou-se no Guia de PDTIC do SISP, versão 2.0, adaptado à realidade do IFPI.","A metodologia de elaboração do PDTIC do IFPI baseou-se em instrumentos de planejamento da instituição, como o Plano de Desenvolvimento Institucional, a Estratégia de Governança Digital e a Instrução Normativa SGD/ME nº 31/2021.",0.3939393939393939,0.3125,0.3939393939393939,0.3939393939393939,0.2112482780971751,0.8373352885246277,0.90305095911026,0.8689524531364441,0.37499999999999994,0.0,29.3974,4
1,43,tfidf,"RESOLUÇÃO NORMATIVA Nº 223-2024-Atualiza a Regulamentação do planejamento e o registro das atividades acadêmicas dos docentes da Carreira do Magistério do Ensino Básico, Técnico e Tecnológico do IFPI.pdf",Quais são os regimes de trabalho previstos para os docentes do EBTT no IFPI?,"Os regimes de trabalho previstos são 40 horas com dedicação exclusiva, 40 horas e 20 horas semanais.",Os regimes de trabalho previstos para os docentes do EBTT no IFPI são o tempo integral de 40 horas semanais e o tempo parcial de 20 horas semanais.,0.5833333333333334,0.34782608695652173,0.5833333333333334,0.5833333333333334,0.22872196013470597,0.8990827202796936,0.938060998916626,0.9181584119796753,0.6285714285714286,0.0,22.0993,4
1,43,tfidf,"RESOLUÇÃO NORMATIVA Nº 223-2024-Atualiza a Regulamentação do planejamento e o registro das atividades acadêmicas dos docentes da Carreira do Magistério do Ensino Básico, Técnico e Tecnológico do IFPI.pdf","Para cada hora de regência de aulas, quantas horas adicionais o docente computará para atividades de organização e apoio ao ensino?","Para cada hora de regência de aulas, o docente computará uma hora adicional para atividades de organização e apoio ao ensino.","Para cada hora de regência de aulas, o docente computará uma hora de organização e apoio ao ensino.",0.9302325581395349,0.8780487804878049,0.9302325581395349,0.9302325581395349,0.7854475723304021,0.992283821105957,0.9769299030303955,0.9845470190048218,0.9375,0.0,16.6214,4
1,43,tfidf,"RESOLUÇÃO NORMATIVA Nº 218-2024-Estab. normas, critérios e proc. para a participação de docentes (DE) em atividades remuneradas.pdf","Qual é o limite anual de horas para a participação esporádica remunerada em palestras, conferências e atividades artísticas e culturais de docentes em dedicação exclusiva?",O limite anual é de 30 horas.,"O limite anual de horas para a participação esporádica remunerada em palestras, conferências e atividades artísticas e culturais de docentes em dedicação exclusiva é de 30 horas.",0.3243243243243243,0.2857142857142857,0.3243243243243243,0.3243243243243243,0.16110518603734317,0.8159329891204834,0.9581412076950073,0.8813374042510986,0.4827586206896552,0.0,22.1748,4
1,43,tfidf,"RESOLUÇÃO NORMATIVA Nº 218-2024-Estab. normas, critérios e proc. para a participação de docentes (DE) em atividades remuneradas.pdf",Qual é o limite de carga horária para atividades remuneradas eventuais previstas no artigo 7º da Resolução Normativa nº 218 de 2024?,As atividades remuneradas eventuais não podem exceder 8 horas semanais ou 416 horas anuais.,Não encontrei essa informação no contexto fornecido.,0.16666666666666669,0.09090909090909091,0.16666666666666669,0.16666666666666669,0.0,0.8233992457389832,0.8057843446731567,0.814496636390686,0.1,0.0,13.5386,4
1,43,tfidf,"RESOLUÇÃO NORMATIVA Nº 217-2024-Atualiza o Regimento Interno da Comissão Permanente de Pessoal Docente (CPPD), no âmbito do Instituto Federal de Educação, Ciência e Tecnologia do Piauí (IFPI)..pdf",Como é composta a CPPD do IFPI em número de membros titulares e suplentes?,"A CPPD do IFPI é composta por 10 docentes, sendo 5 representantes titulares e 5 representantes suplentes.","A composição da Comissão Permanente de Pessoal Docente do IFPI é feita por membros titulares e suplentes, sendo que cada chapa eleita é composta por dois docentes, com a indicação do titular e do suplente.",0.3846153846153846,0.12000000000000001,0.2692307692307693,0.2692307692307693,0.0,0.8759652972221375,0.9246257543563843,0.8996380567550659,0.5,0.0,24.9469,4
1,43,tfidf,"RESOLUÇÃO NORMATIVA Nº 217-2024-Atualiza o Regimento Interno da Comissão Permanente de Pessoal Docente (CPPD), no âmbito do Instituto Federal de Educação, Ciência e Tecnologia do Piauí (IFPI)..pdf",Qual é o mandato dos integrantes da CPPD do IFPI?,"O mandato dos integrantes da CPPD é de 4 anos, com possibilidade de uma única recondução por igual período.",O contexto recuperado não apresenta informações sobre o mandato dos integrantes da CPPD do IFPI.,0.37837837837837834,0.2857142857142857,0.3243243243243243,0.3243243243243243,0.1821963353393716,0.8904653787612915,0.8659502863883972,0.8780367374420166,0.375,0.0,15.3441,4
1,43,tfidf,"RESOLUÇÃO Nº 27-2024-Aprova  a criação do curso de Qualificação Profissional, de Formação Inicial e Continuada (FIC) em Aquicultor, no âmbito do IFPI e Anexo.pdf",Quantas vagas são ofertadas no curso FIC em Aquicultor?,O curso FIC em Aquicultor oferta 40 vagas.,O curso FIC em Aquicultor oferece um total de 40 vagas.,0.7368421052631579,0.588235294117647,0.7368421052631579,0.7368421052631579,0.4240125351805037,0.9459167718887329,0.9871349334716797,0.9660863876342773,0.7368421052631579,0.0,14.6839,4
1,43,tfidf,"RESOLUÇÃO Nº 27-2024-Aprova  a criação do curso de Qualificação Profissional, de Formação Inicial e Continuada (FIC) em Aquicultor, no âmbito do IFPI e Anexo.pdf",Qual é a forma de acesso ao curso FIC em Aquicultor?,A forma de acesso ao curso FIC em Aquicultor é por meio de sorteio.,"O curso FIC em Aquicultor tem como requisito de acesso o Ensino Fundamental I incompleto, do 1º ao 5º ano.",0.4242424242424242,0.2580645161290323,0.30303030303030304,0.30303030303030304,0.13817790393734294,0.868803858757019,0.9238361120223999,0.8954752683639526,0.4375,0.0,19.5349,4
2,44,dense_no_rerank,CURSO_SUPERIOR_DE_TECNOLOGIA_EM_ANÁLISE_E_DESENVOLVIMENTO_DE_SISTEMAS.pdf,Em que ano o Curso Superior de Tecnologia em Análise e Desenvolvimento de Sistemas foi criado no Campus de Picos?,O Curso Superior de Tecnologia em Análise e Desenvolvimento de Sistemas foi criado no Campus de Picos em 2013.,O Curso Superior de Tecnologia em Análise e Desenvolvimento de Sistemas foi criado no Campus de Picos em 2013.,1.0,1.0,1.0,1.0,1.0,0.9999999403953552,0.9999999403953552,0.9999999403953552,1.0,1.0,20.1135,4
2,44,dense_no_rerank,CURSO_SUPERIOR_DE_TECNOLOGIA_EM_ANÁLISE_E_DESENVOLVIMENTO_DE_SISTEMAS.pdf,Qual é a unidade de oferta do Curso Superior de Tecnologia em Análise e Desenvolvimento de Sistemas descrita no PPC?,A unidade de oferta do curso é o Campus Teresina Central.,A unidade de oferta do Curso Superior de Tecnologia em Análise e Desenvolvimento de Sistemas é o Campus Teresina Central.,0.6666666666666666,0.5714285714285714,0.6666666666666666,0.6666666666666666,0.394100477098606,0.8748151063919067,0.9795048236846924,0.9242047071456909,0.7586206896551725,0.0,17.0774,4
2,44,dense_no_rerank,CURSO_SUPERIOR_DE_TECNOLOGIA_EM_ANÁLISE_E_DESENVOLVIMENTO_DE_SISTEMAS.pdf,Qual é a carga horária total do Curso Superior de Tecnologia em Análise e Desenvolvimento de Sistemas?,A carga horária total do curso é de 2100 horas.,A carga horária total do Curso Superior de Tecnologia em Sistemas para Internet é de 2.100 horas.,0.6428571428571429,0.46153846153846156,0.6428571428571429,0.6428571428571429,0.25772294506990867,0.8713124394416809,0.9634993672370911,0.915090024471283,0.6666666666666667,0.0,17.2398,4
2,44,dense_no_rerank,CURSO_SUPERIOR_DE_TECNOLOGIA_EM_ANÁLISE_E_DESENVOLVIMENTO_DE_SISTEMAS.pdf,Quantas vagas por ano são ofertadas no Curso Superior de Tecnologia em Análise e Desenvolvimento de Sistemas?,O curso oferta 40 vagas por ano.,"O Curso Superior de Tecnologia em Análise e Desenvolvimento de Sistemas oferece uma quantidade de 40 vagas por ano no turno vespertino, no Campus Teresina Central.",0.35294117647058826,0.25,0.35294117647058826,0.35294117647058826,0.09251599780696446,0.822972297668457,0.9461147785186768,0.8802577257156372,0.4,0.0,20.8065,4
2,44,dense_no_rerank,"RESOLUÇÃO Nº 14-2025-Aprova a Criação do Curso de Aperfeiçoamento Escola da Terra, no âmbito do Instituto Federal de Educação, Ciência e Tecnologia do Piauí (IFPI) e Anexo..pdf",Qual é a carga horária total do curso Escola da Terra?,A carga horária total do curso Escola da Terra é de 180 horas.,A carga horária total do curso Escola da Terra é de 180 horas.,1.0,1.0,1.0,1.0,1.0,1.0,1.0,1.0,1.0,1.0,16.623,4
2,44,dense_no_rerank,"RESOLUÇÃO Nº 14-2025-Aprova a Criação do Curso de Aperfeiçoamento Escola da Terra, no âmbito do Instituto Federal de Educação, Ciência e Tecnologia do Piauí (IFPI) e Anexo..pdf",Qual é a meta física do curso Escola da Terra em número de vagas?,A meta física do curso Escola da Terra é de 120 vagas.,A meta física do curso Escola da Terra é de 120 vagas para professoras e coordenadoras pedagógicas de turmas multisseriadas.,0.7272727272727273,0.7096774193548387,0.7272727272727273,0.7272727272727273,0.5471114295717522,0.8801493048667908,0.9877628684043884,0.9308561682701111,0.7741935483870968,0.0,21.0262,4
2,44,dense_no_rerank,"RESOLUÇÃO Nº 14-2025-Aprova a Criação do Curso de Aperfeiçoamento Escola da Terra, no âmbito do Instituto Federal de Educação, Ciência e Tecnologia do Piauí (IFPI) e Anexo..pdf",Quando está previsto o início do curso Escola da Terra?,O início do curso Escola da Terra está previsto para março de 2025.,"O curso de Especialização Escola da Terra está previsto para iniciar no primeiro semestre de 2025 nos campi do Instituto Federal de Educação, Ciência e Tecnologia do Piauí.",0.5217391304347827,0.27272727272727276,0.4347826086956521,0.4347826086956521,0.19037861963633804,0.8779458403587341,0.94632488489151,0.9108538031578064,0.5789473684210525,0.0,23.3099,4
2,44,dense_no_rerank,"RESOLUÇÃO Nº 14-2025-Aprova a Criação do Curso de Aperfeiçoamento Escola da Terra, no âmbito do Instituto Federal de Educação, Ciência e Tecnologia do Piauí (IFPI) e Anexo..pdf",Quem é o coordenador do curso Escola da Terra?,O coordenador do curso Escola da Terra é Gilson Mendes Araújo.,O coordenador do curso Escola da Terra é o Prof. Me. Emanuel Alcântara da Silva.,0.5384615384615385,0.5,0.5384615384615385,0.5384615384615385,0.40052744847255717,0.892876148223877,0.956995964050293,0.9238248467445374,0.6666666666666667,0.0,16.2043,4
2,44,dense_no_rerank,"RESOLUÇÃO NORMATIVA Nº 236-2025-Prorroga o Plano Diretor de Tecnologia da Informação e Comunicação (PDTIC-2022-2024), do Instituto Federal de Educação, Ciência e Tecnologia do Piauí (IFPI) e Anexo.pdf",Para qual exercício foi prorrogada a vigência do PDTIC-2022/2024 do IFPI?,A vigência do PDTIC-2022/2024 foi prorrogada para o exercício de 2025.,A vigência do Plano Diretor de Tecnologia da Informação e Comunicação (PDTIC-2022/2024) do IFPI foi prorrogada para o exercício de 2025.,0.7142857142857143,0.6,0.7142857142857143,0.7142857142857143,0.3619779110707069,0.8878629803657532,0.9830116033554077,0.9330177307128906,0.7647058823529412,0.0,24.7749,4
2,44,dense_no_rerank,"RESOLUÇÃO NORMATIVA Nº 236-2025-Prorroga o Plano Diretor de Tecnologia da Informação e Comunicação (PDTIC-2022-2024), do Instituto Federal de Educação, Ciência e Tecnologia do Piauí (IFPI) e Anexo.pdf",Qual resolução foi revogada pela Resolução Normativa nº 236 de 2025?,"Foi revogada a Resolução Normativa nº 133/2022 - CONSELHO SUPERIOR, de 29 de abril de 2022.","A Resolução Normativa nº 236 de 2025 revogou a Resolução nº 15/2021 - CONSELHO SUPERIOR, de 19 de maio de 2021, e a Resolução NormaAva nº 206/2024- CONSELHO SUPERIOR, de 13 de maio de 2024.",0.35714285714285715,0.22222222222222218,0.35714285714285715,0.35714285714285715,0.1222627823979477,0.910374641418457,0.9322649240493774,0.9211897850036621,0.4375,0.0,41.4289,4
2,44,dense_no_rerank,"RESOLUÇÃO NORMATIVA Nº 236-2025-Prorroga o Plano Diretor de Tecnologia da Informação e Comunicação (PDTIC-2022-2024), do Instituto Federal de Educação, Ciência e Tecnologia do Piauí (IFPI) e Anexo.pdf",Quais são as três fases da metodologia de elaboração do PDTIC descritas no documento?,"As três fases da metodologia de elaboração do PDTIC são Preparação, Diagnóstico e Planejamento.","As três fases da metodologia de elaboração do PDTIC descritas no documento são Preparação, Diagnóstico e Planejamento.",0.9268292682926829,0.8717948717948718,0.9268292682926829,0.9268292682926829,0.7331765459202478,0.975016713142395,0.9960288405418396,0.9854108095169067,0.9032258064516129,0.0,17.7991,4
2,44,dense_no_rerank,"RESOLUÇÃO NORMATIVA Nº 236-2025-Prorroga o Plano Diretor de Tecnologia da Informação e Comunicação (PDTIC-2022-2024), do Instituto Federal de Educação, Ciência e Tecnologia do Piauí (IFPI) e Anexo.pdf",Em que guia se baseou a metodologia de elaboração do PDTIC do IFPI?,"A metodologia de elaboração do PDTIC do IFPI baseou-se no Guia de PDTIC do SISP, versão 2.0, adaptado à realidade do IFPI.","A metodologia de elaboração do PDTIC do IFPI baseou-se no Guia de PDTIC do SISP, versão 2.0, adaptado à realidade da instituição.",0.9019607843137256,0.8979591836734694,0.9019607843137256,0.9019607843137256,0.8817739004515716,0.9951040148735046,0.9970126748085022,0.996057391166687,0.9473684210526316,0.0,21.9167,4
2,44,dense_no_rerank,"RESOLUÇÃO NORMATIVA Nº 223-2024-Atualiza a Regulamentação do planejamento e o registro das atividades acadêmicas dos docentes da Carreira do Magistério do Ensino Básico, Técnico e Tecnológico do IFPI.pdf",Quais são os regimes de trabalho previstos para os docentes do EBTT no IFPI?,"Os regimes de trabalho previstos são 40 horas com dedicação exclusiva, 40 horas e 20 horas semanais.","De acordo com a resolução, as horas despendidas nas atividades docentes dos docentes do EBTT totalizarão a quantidade de horas semanais previstas nos seus respectivos regimes de trabalho, e deverão ser cumpridas de acordo com as necessidades dos campi.",0.3278688524590164,0.1016949152542373,0.19672131147540983,0.19672131147540983,0.0,0.8354827761650085,0.8810862302780151,0.8576787710189819,0.32558139534883723,0.0,26.3837,4
2,44,dense_no_rerank,"RESOLUÇÃO NORMATIVA Nº 223-2024-Atualiza a Regulamentação do planejamento e o registro das atividades acadêmicas dos docentes da Carreira do Magistério do Ensino Básico, Técnico e Tecnológico do IFPI.pdf","Para cada hora de regência de aulas, quantas horas adicionais o docente computará para atividades de organização e apoio ao ensino?","Para cada hora de regência de aulas, o docente computará uma hora adicional para atividades de organização e apoio ao ensino.","Para cada hora de regência de aulas, o docente computará uma hora de organização e apoio ao ensino.",0.9302325581395349,0.8780487804878049,0.9302325581395349,0.9302325581395349,0.7854475723304021,0.992283821105957,0.9769299030303955,0.9845470190048218,0.9375,0.0,16.4743,4
2,44,dense_no_rerank,"RESOLUÇÃO NORMATIVA Nº 218-2024-Estab. normas, critérios e proc. para a participação de docentes (DE) em atividades remuneradas.pdf","Qual é o limite anual de horas para a participação esporádica remunerada em palestras, conferências e atividades artísticas e culturais de docentes em dedicação exclusiva?",O limite anual é de 30 horas.,"O limite anual de horas para a participação esporádica remunerada em palestras, conferências e atividades artísticas e culturais de docentes em dedicação exclusiva é de 30 horas, conforme estabelecido na resolução normativa.",0.27906976744186046,0.24390243902439027,0.27906976744186046,0.27906976744186046,0.09885362316286796,0.808221161365509,0.947899341583252,0.8725054264068604,0.4117647058823529,0.0,25.0314,4
2,44,dense_no_rerank,"RESOLUÇÃO NORMATIVA Nº 218-2024-Estab. normas, critérios e proc. para a participação de docentes (DE) em atividades remuneradas.pdf",Qual é o limite de carga horária para atividades remuneradas eventuais previstas no artigo 7º da Resolução Normativa nº 218 de 2024?,As atividades remuneradas eventuais não podem exceder 8 horas semanais ou 416 horas anuais.,"A carga horária dedicada à prestação institucional de serviços por docente em regime de dedicação exclusiva, quando remunerada, não pode ultrapassar 8 horas semanais ou 416 horas anuais, em atendimento ao previsto no §4º do Art. 21 da Lei nº 12.772/2012.",0.29032258064516125,0.23333333333333334,0.29032258064516125,0.29032258064516125,0.12331859801673,0.8199409246444702,0.9187633395195007,0.8665437698364258,0.2641509433962264,0.0,33.967,4
2,44,dense_no_rerank,"RESOLUÇÃO NORMATIVA Nº 217-2024-Atualiza o Regimento Interno da Comissão Permanente de Pessoal Docente (CPPD), no âmbito do Instituto Federal de Educação, Ciência e Tecnologia do Piauí (IFPI)..pdf",Como é composta a CPPD do IFPI em número de membros titulares e suplentes?,"A CPPD do IFPI é composta por 10 docentes, sendo 5 representantes titulares e 5 representantes suplentes.","A Comissão Permanente de Pessoal Docente do IFPI é composta por 10 docentes da carreira de Ensino Básico, Técnico e Tecnológico, sendo 5 representantes titulares e 5 representantes suplentes.",0.625,0.5217391304347827,0.625,0.625,0.4599040342685214,0.8838053345680237,0.972201943397522,0.925898551940918,0.7000000000000001,0.0,24.1518,4
2,44,dense_no_rerank,"RESOLUÇÃO NORMATIVA Nº 217-2024-Atualiza o Regimento Interno da Comissão Permanente de Pessoal Docente (CPPD), no âmbito do Instituto Federal de Educação, Ciência e Tecnologia do Piauí (IFPI)..pdf",Qual é o mandato dos integrantes da CPPD do IFPI?,"O mandato dos integrantes da CPPD é de 4 anos, com possibilidade de uma única recondução por igual período.","Os integrantes da CPPD do IFPI têm mandato de quatro anos, com possibilidade de uma única recondução por igual período.",0.7906976744186046,0.6341463414634148,0.7441860465116279,0.7441860465116279,0.5941559820562806,0.9663041830062866,0.9723584651947021,0.9693218469619751,0.7567567567567567,0.0,18.123,4
2,44,dense_no_rerank,"RESOLUÇÃO Nº 27-2024-Aprova  a criação do curso de Qualificação Profissional, de Formação Inicial e Continuada (FIC) em Aquicultor, no âmbito do IFPI e Anexo.pdf",Quantas vagas são ofertadas no curso FIC em Aquicultor?,O curso FIC em Aquicultor oferta 40 vagas.,O curso FIC em Aquicultor oferece um total de 40 vagas.,0.7368421052631579,0.588235294117647,0.7368421052631579,0.7368421052631579,0.4240125351805037,0.9459167718887329,0.9871349334716797,0.9660863876342773,0.7368421052631579,0.0,14.3979,4
2,44,dense_no_rerank,"RESOLUÇÃO Nº 27-2024-Aprova  a criação do curso de Qualificação Profissional, de Formação Inicial e Continuada (FIC) em Aquicultor, no âmbito do IFPI e Anexo.pdf",Qual é a forma de acesso ao curso FIC em Aquicultor?,A forma de acesso ao curso FIC em Aquicultor é por meio de sorteio.,"O curso FIC em Aquicultor tem como requisito de acesso o ensino fundamental I incompleto, do 1º ao 5º ano.",0.4242424242424242,0.2580645161290323,0.30303030303030304,0.30303030303030304,0.13817790393734294,0.8766475915908813,0.9233978986740112,0.8994156718254089,0.4375,0.0,18.9797,4
2,44,dense_rerank,CURSO_SUPERIOR_DE_TECNOLOGIA_EM_ANÁLISE_E_DESENVOLVIMENTO_DE_SISTEMAS.pdf,Em que ano o Curso Superior de Tecnologia em Análise e Desenvolvimento de Sistemas foi criado no Campus de Picos?,O Curso Superior de Tecnologia em Análise e Desenvolvimento de Sistemas foi criado no Campus de Picos em 2013.,O Curso Superior de Tecnologia em Análise e Desenvolvimento de Sistemas foi criado no Campus de Picos em 2013.,1.0,1.0,1.0,1.0,1.0,0.9999999403953552,0.9999999403953552,0.9999999403953552,1.0,1.0,17.9821,4
2,44,dense_rerank,CURSO_SUPERIOR_DE_TECNOLOGIA_EM_ANÁLISE_E_DESENVOLVIMENTO_DE_SISTEMAS.pdf,Qual é a unidade de oferta do Curso Superior de Tecnologia em Análise e Desenvolvimento de Sistemas descrita no PPC?,A unidade de oferta do curso é o Campus Teresina Central.,"O Curso Superior de Tecnologia em Análise e Desenvolvimento de Sistemas é ofertado nos Campi Teresina Central, Floriano, Picos, Corrente, Pedro II e Parnaíba.",0.28571428571428575,0.06060606060606061,0.17142857142857143,0.17142857142857143,0.0,0.816821277141571,0.9077346920967102,0.8598816394805908,0.3636363636363636,0.0,21.3626,4
2,44,dense_rerank,CURSO_SUPERIOR_DE_TECNOLOGIA_EM_ANÁLISE_E_DESENVOLVIMENTO_DE_SISTEMAS.pdf,Qual é a carga horária total do Curso Superior de Tecnologia em Análise e Desenvolvimento de Sistemas?,A carga horária total do curso é de 2100 horas.,"A carga horária total do Curso Superior de Tecnologia em Análise e Desenvolvimento de Sistemas é de 400 horas por módulo/semana, conforme apresentado na estrutura curricular do curso.",0.4390243902439024,0.30769230769230765,0.4390243902439024,0.4390243902439024,0.14291173574075158,0.8303691148757935,0.9654767513275146,0.8928406238555908,0.5142857142857143,0.0,22.0279,4
2,44,dense_rerank,CURSO_SUPERIOR_DE_TECNOLOGIA_EM_ANÁLISE_E_DESENVOLVIMENTO_DE_SISTEMAS.pdf,Quantas vagas por ano são ofertadas no Curso Superior de Tecnologia em Análise e Desenvolvimento de Sistemas?,O curso oferta 40 vagas por ano.,"No ano de 2025, o Curso Superior de Tecnologia em Análise e Desenvolvimento de Sistemas terá uma oferta de 40 vagas por turno, tanto no turno noite quanto no turno tarde, em alguns campi do IFPI.",0.3181818181818182,0.14285714285714285,0.27272727272727276,0.27272727272727276,0.0,0.8228514194488525,0.927708625793457,0.872139573097229,0.4,0.0,25.2383,4
2,44,dense_rerank,"RESOLUÇÃO Nº 14-2025-Aprova a Criação do Curso de Aperfeiçoamento Escola da Terra, no âmbito do Instituto Federal de Educação, Ciência e Tecnologia do Piauí (IFPI) e Anexo..pdf",Qual é a carga horária total do curso Escola da Terra?,A carga horária total do curso Escola da Terra é de 180 horas.,"O curso Escola da Terra, no nível de aperfeiçoamento, possui carga horária total de 180 horas, sendo 126 horas presenciais no tempo-universidade e 54 horas no tempo-escola/comunidade.",0.47826086956521735,0.36363636363636365,0.30434782608695654,0.30434782608695654,0.13307637507950731,0.8621993660926819,0.9464261531829834,0.9023516178131104,0.5555555555555555,0.0,30.4751,4
2,44,dense_rerank,"RESOLUÇÃO Nº 14-2025-Aprova a Criação do Curso de Aperfeiçoamento Escola da Terra, no âmbito do Instituto Federal de Educação, Ciência e Tecnologia do Piauí (IFPI) e Anexo..pdf",Qual é a meta física do curso Escola da Terra em número de vagas?,A meta física do curso Escola da Terra é de 120 vagas.,A meta física do curso Escola da Terra é de 120 vagas para professoras e coordenadoras pedagógicas de turmas multisseriadas.,0.7272727272727273,0.7096774193548387,0.7272727272727273,0.7272727272727273,0.5471114295717522,0.8801493048667908,0.9877628684043884,0.9308561682701111,0.7741935483870968,0.0,21.455,4
2,44,dense_rerank,"RESOLUÇÃO Nº 14-2025-Aprova a Criação do Curso de Aperfeiçoamento Escola da Terra, no âmbito do Instituto Federal de Educação, Ciência e Tecnologia do Piauí (IFPI) e Anexo..pdf",Quando está previsto o início do curso Escola da Terra?,O início do curso Escola da Terra está previsto para março de 2025.,"O curso Escola da Terra está previsto para iniciar no primeiro semestre de 2024, conforme autorizado pela Resolução nº 78/2024 e Resolução nº 79/2024, com atividades no sul do Piauí entre outubro de 2024 e novembro de 2025.",0.4210526315789473,0.2545454545454546,0.38596491228070173,0.38596491228070173,0.1593216826999276,0.8359376192092896,0.9485840797424316,0.8887054920196533,0.5,0.0,36.9278,4
2,44,dense_rerank,"RESOLUÇÃO Nº 14-2025-Aprova a Criação do Curso de Aperfeiçoamento Escola da Terra, no âmbito do Instituto Federal de Educação, Ciência e Tecnologia do Piauí (IFPI) e Anexo..pdf",Quem é o coordenador do curso Escola da Terra?,O coordenador do curso Escola da Terra é Gilson Mendes Araújo.,O coordenador do curso Escola da Terra é o Prof. Me. Emanuel Alcântara da Silva.,0.5384615384615385,0.5,0.5384615384615385,0.5384615384615385,0.40052744847255717,0.892876148223877,0.956995964050293,0.9238248467445374,0.6666666666666667,0.0,16.205,4
2,44,dense_rerank,"RESOLUÇÃO NORMATIVA Nº 236-2025-Prorroga o Plano Diretor de Tecnologia da Informação e Comunicação (PDTIC-2022-2024), do Instituto Federal de Educação, Ciência e Tecnologia do Piauí (IFPI) e Anexo.pdf",Para qual exercício foi prorrogada a vigência do PDTIC-2022/2024 do IFPI?,A vigência do PDTIC-2022/2024 foi prorrogada para o exercício de 2025.,A vigência do Plano Diretor de Tecnologia da Informação e Comunicação (PDTIC-2022/2024) do IFPI foi prorrogada para o exercício de 2025.,0.7142857142857143,0.6,0.7142857142857143,0.7142857142857143,0.3619779110707069,0.8878629803657532,0.9830116033554077,0.9330177307128906,0.7647058823529412,0.0,24.8745,4
2,44,dense_rerank,"RESOLUÇÃO NORMATIVA Nº 236-2025-Prorroga o Plano Diretor de Tecnologia da Informação e Comunicação (PDTIC-2022-2024), do Instituto Federal de Educação, Ciência e Tecnologia do Piauí (IFPI) e Anexo.pdf",Qual resolução foi revogada pela Resolução Normativa nº 236 de 2025?,"Foi revogada a Resolução Normativa nº 133/2022 - CONSELHO SUPERIOR, de 29 de abril de 2022.","A Resolução Normativa nº 236 de 2025 revogou a Resolução nº 15/2021 - CONSELHO SUPERIOR, de 19 de maio de 2021, e a Resolução NormaAva nº 206/2024- CONSELHO SUPERIOR, de 13 de maio de 2024.",0.35714285714285715,0.22222222222222218,0.35714285714285715,0.35714285714285715,0.1222627823979477,0.910374641418457,0.9322649240493774,0.9211897850036621,0.4375,0.0,43.0296,4
2,44,dense_rerank,"RESOLUÇÃO NORMATIVA Nº 236-2025-Prorroga o Plano Diretor de Tecnologia da Informação e Comunicação (PDTIC-2022-2024), do Instituto Federal de Educação, Ciência e Tecnologia do Piauí (IFPI) e Anexo.pdf",Quais são as três fases da metodologia de elaboração do PDTIC descritas no documento?,"As três fases da metodologia de elaboração do PDTIC são Preparação, Diagnóstico e Planejamento.","As três fases da metodologia de elaboração do PDTIC, de acordo com o documento, são Preparação, Diagnóstico e Planejamento.",0.8837209302325582,0.8292682926829269,0.8837209302325582,0.8837209302325582,0.5963584321358336,0.9599119424819946,0.9954190850257874,0.9773430824279785,0.8750000000000001,0.0,18.9191,4
2,44,dense_rerank,"RESOLUÇÃO NORMATIVA Nº 236-2025-Prorroga o Plano Diretor de Tecnologia da Informação e Comunicação (PDTIC-2022-2024), do Instituto Federal de Educação, Ciência e Tecnologia do Piauí (IFPI) e Anexo.pdf",Em que guia se baseou a metodologia de elaboração do PDTIC do IFPI?,"A metodologia de elaboração do PDTIC do IFPI baseou-se no Guia de PDTIC do SISP, versão 2.0, adaptado à realidade do IFPI.","A metodologia de elaboração do PDTIC do IFPI baseou-se no Guia de PDTIC do SISP, versão 2.0, adaptado à realidade da instituição.",0.9019607843137256,0.8979591836734694,0.9019607843137256,0.9019607843137256,0.8817739004515716,0.9951040148735046,0.9970126748085022,0.996057391166687,0.9473684210526316,0.0,21.8109,4
2,44,dense_rerank,"RESOLUÇÃO NORMATIVA Nº 223-2024-Atualiza a Regulamentação do planejamento e o registro das atividades acadêmicas dos docentes da Carreira do Magistério do Ensino Básico, Técnico e Tecnológico do IFPI.pdf",Quais são os regimes de trabalho previstos para os docentes do EBTT no IFPI?,"Os regimes de trabalho previstos são 40 horas com dedicação exclusiva, 40 horas e 20 horas semanais.","Os regimes de trabalho previstos para os docentes do EBTT no IFPI são tempo integral de 40 horas semanais com dedicação exclusiva, tempo integral de 40 horas semanais ou tempo parcial de 20 horas semanais de trabalho.",0.6206896551724138,0.42857142857142855,0.6206896551724138,0.6206896551724138,0.20613242702593446,0.9090074300765991,0.9667177200317383,0.936974823474884,0.7027027027027025,0.0,27.3048,4
2,44,dense_rerank,"RESOLUÇÃO NORMATIVA Nº 223-2024-Atualiza a Regulamentação do planejamento e o registro das atividades acadêmicas dos docentes da Carreira do Magistério do Ensino Básico, Técnico e Tecnológico do IFPI.pdf","Para cada hora de regência de aulas, quantas horas adicionais o docente computará para atividades de organização e apoio ao ensino?","Para cada hora de regência de aulas, o docente computará uma hora adicional para atividades de organização e apoio ao ensino.",Não encontrei essa informação no contexto fornecido.,0.125,0.0,0.125,0.125,0.0,0.8275346755981445,0.8195750117301941,0.8235356211662292,0.0,0.0,12.1459,4
2,44,dense_rerank,"RESOLUÇÃO NORMATIVA Nº 218-2024-Estab. normas, critérios e proc. para a participação de docentes (DE) em atividades remuneradas.pdf","Qual é o limite anual de horas para a participação esporádica remunerada em palestras, conferências e atividades artísticas e culturais de docentes em dedicação exclusiva?",O limite anual é de 30 horas.,"O limite anual de horas para a participação esporádica remunerada em palestras, conferências e atividades artísticas e culturais de docentes em dedicação exclusiva é de 30 horas.",0.3243243243243243,0.2857142857142857,0.3243243243243243,0.3243243243243243,0.16110518603734317,0.8159329891204834,0.9581412076950073,0.8813374042510986,0.4827586206896552,0.0,22.8568,4
2,44,dense_rerank,"RESOLUÇÃO NORMATIVA Nº 218-2024-Estab. normas, critérios e proc. para a participação de docentes (DE) em atividades remuneradas.pdf",Qual é o limite de carga horária para atividades remuneradas eventuais previstas no artigo 7º da Resolução Normativa nº 218 de 2024?,As atividades remuneradas eventuais não podem exceder 8 horas semanais ou 416 horas anuais.,"O limite de carga horária para atividades remuneradas eventuais, no caso de servidores docentes com dedicação exclusiva ou com 20 ou 40 horas, é de 8 horas semanais ou 416 horas anuais, conforme previsto na Resolução Normativa nº 207 de 2024.",0.4137931034482758,0.2857142857142857,0.3793103448275862,0.3793103448275862,0.15589340552404063,0.8480509519577026,0.9276635646820068,0.88607257604599,0.391304347826087,0.0,32.6099,4
2,44,dense_rerank,"RESOLUÇÃO NORMATIVA Nº 217-2024-Atualiza o Regimento Interno da Comissão Permanente de Pessoal Docente (CPPD), no âmbito do Instituto Federal de Educação, Ciência e Tecnologia do Piauí (IFPI)..pdf",Como é composta a CPPD do IFPI em número de membros titulares e suplentes?,"A CPPD do IFPI é composta por 10 docentes, sendo 5 representantes titulares e 5 representantes suplentes.","A Comissão Permanente de Pessoal Docente do IFPI é composta por 10 docentes da carreira de Ensino Básico, Técnico e Tecnológico, sendo 5 representantes titulares e 5 representantes suplentes.",0.625,0.5217391304347827,0.625,0.625,0.4599040342685214,0.8838053345680237,0.972201943397522,0.925898551940918,0.7000000000000001,0.0,23.8778,4
2,44,dense_rerank,"RESOLUÇÃO NORMATIVA Nº 217-2024-Atualiza o Regimento Interno da Comissão Permanente de Pessoal Docente (CPPD), no âmbito do Instituto Federal de Educação, Ciência e Tecnologia do Piauí (IFPI)..pdf",Qual é o mandato dos integrantes da CPPD do IFPI?,"O mandato dos integrantes da CPPD é de 4 anos, com possibilidade de uma única recondução por igual período.","Os integrantes da Comissão Permanente de Pessoal Docente do IFPI têm um mandato de 4 anos, podendo ser reconduzidos por um único período igual.",0.5106382978723405,0.17777777777777778,0.3404255319148936,0.3404255319148936,0.12789533377801793,0.8666247129440308,0.9038090705871582,0.8848263621330261,0.45,0.0,20.4374,4
2,44,dense_rerank,"RESOLUÇÃO Nº 27-2024-Aprova  a criação do curso de Qualificação Profissional, de Formação Inicial e Continuada (FIC) em Aquicultor, no âmbito do IFPI e Anexo.pdf",Quantas vagas são ofertadas no curso FIC em Aquicultor?,O curso FIC em Aquicultor oferta 40 vagas.,O curso FIC em Aquicultor oferece um total de 40 vagas.,0.7368421052631579,0.588235294117647,0.7368421052631579,0.7368421052631579,0.4240125351805037,0.9459167718887329,0.9871349334716797,0.9660863876342773,0.7368421052631579,0.0,14.5822,4
2,44,dense_rerank,"RESOLUÇÃO Nº 27-2024-Aprova  a criação do curso de Qualificação Profissional, de Formação Inicial e Continuada (FIC) em Aquicultor, no âmbito do IFPI e Anexo.pdf",Qual é a forma de acesso ao curso FIC em Aquicultor?,A forma de acesso ao curso FIC em Aquicultor é por meio de sorteio.,"O curso FIC em Aquicultor tem como requisito de acesso o ensino fundamental I incompleto, do 1º ao 5º ano.",0.4242424242424242,0.2580645161290323,0.30303030303030304,0.30303030303030304,0.13817790393734294,0.8766475915908813,0.9233978986740112,0.8994156718254089,0.4375,0.0,19.2112,4
2,44,bm25,CURSO_SUPERIOR_DE_TECNOLOGIA_EM_ANÁLISE_E_DESENVOLVIMENTO_DE_SISTEMAS.pdf,Em que ano o Curso Superior de Tecnologia em Análise e Desenvolvimento de Sistemas foi criado no Campus de Picos?,O Curso Superior de Tecnologia em Análise e Desenvolvimento de Sistemas foi criado no Campus de Picos em 2013.,O Curso Superior de Tecnologia em Análise e Desenvolvimento de Sistemas foi criado no Campus de Picos em 2013.,1.0,1.0,1.0,1.0,1.0,0.9999999403953552,0.9999999403953552,0.9999999403953552,1.0,1.0,17.6969,4
2,44,bm25,CURSO_SUPERIOR_DE_TECNOLOGIA_EM_ANÁLISE_E_DESENVOLVIMENTO_DE_SISTEMAS.pdf,Qual é a unidade de oferta do Curso Superior de Tecnologia em Análise e Desenvolvimento de Sistemas descrita no PPC?,A unidade de oferta do curso é o Campus Teresina Central.,"O Curso Superior de Tecnologia em Análise e Desenvolvimento de Sistemas é ofertado nos Campi Teresina Central, Floriano, Picos, Corrente, Pedro II e Parnaíba.",0.28571428571428575,0.06060606060606061,0.17142857142857143,0.17142857142857143,0.0,0.816821277141571,0.9077346920967102,0.8598816394805908,0.3636363636363636,0.0,21.4106,4
2,44,bm25,CURSO_SUPERIOR_DE_TECNOLOGIA_EM_ANÁLISE_E_DESENVOLVIMENTO_DE_SISTEMAS.pdf,Qual é a carga horária total do Curso Superior de Tecnologia em Análise e Desenvolvimento de Sistemas?,A carga horária total do curso é de 2100 horas.,"O Curso Superior de Tecnologia em Análise e Desenvolvimento de Sistemas possui uma carga horária total de 400 horas no primeiro módulo, além de mais 600 horas no segundo módulo, conforme detalhado na estrutura curricular apresentada.",0.2745098039215686,0.12244897959183673,0.23529411764705882,0.23529411764705882,0.0,0.8147163987159729,0.9141398668289185,0.8615692853927612,0.3,0.0,25.8049,4
2,44,bm25,CURSO_SUPERIOR_DE_TECNOLOGIA_EM_ANÁLISE_E_DESENVOLVIMENTO_DE_SISTEMAS.pdf,Quantas vagas por ano são ofertadas no Curso Superior de Tecnologia em Análise e Desenvolvimento de Sistemas?,O curso oferta 40 vagas por ano.,"O Curso Superior de Tecnologia em Análise e Desenvolvimento de Sistemas oferece uma quantidade de 40 vagas por ano no Campus Teresina Central, conforme informações do documento.",0.33333333333333326,0.23529411764705882,0.33333333333333326,0.33333333333333326,0.08914609827874222,0.8250495195388794,0.9438191652297974,0.8804469704627991,0.375,0.0,20.4582,4
2,44,bm25,"RESOLUÇÃO Nº 14-2025-Aprova a Criação do Curso de Aperfeiçoamento Escola da Terra, no âmbito do Instituto Federal de Educação, Ciência e Tecnologia do Piauí (IFPI) e Anexo..pdf",Qual é a carga horária total do curso Escola da Terra?,A carga horária total do curso Escola da Terra é de 180 horas.,"O curso Escola da Terra possui uma carga horária total de 294 horas destinadas ao estudo das disciplinas, além de 66 horas para o Trabalho de Conclusão de Curso.",0.4444444444444445,0.27906976744186046,0.26666666666666666,0.26666666666666666,0.11871704290088221,0.8634258508682251,0.9381551742553711,0.8992406129837036,0.5,0.0,22.5393,4
2,44,bm25,"RESOLUÇÃO Nº 14-2025-Aprova a Criação do Curso de Aperfeiçoamento Escola da Terra, no âmbito do Instituto Federal de Educação, Ciência e Tecnologia do Piauí (IFPI) e Anexo..pdf",Qual é a meta física do curso Escola da Terra em número de vagas?,A meta física do curso Escola da Terra é de 120 vagas.,A meta física do curso Escola da Terra é de 30 vagas.,0.9166666666666666,0.8181818181818182,0.9166666666666666,0.9166666666666666,0.7910665071754358,0.9954450726509094,0.9954450726509094,0.9954450726509094,0.9166666666666666,0.0,12.3254,4
2,44,bm25,"RESOLUÇÃO Nº 14-2025-Aprova a Criação do Curso de Aperfeiçoamento Escola da Terra, no âmbito do Instituto Federal de Educação, Ciência e Tecnologia do Piauí (IFPI) e Anexo..pdf",Quando está previsto o início do curso Escola da Terra?,O início do curso Escola da Terra está previsto para março de 2025.,Não encontrei essa informação no contexto fornecido.,0.16666666666666669,0.0,0.16666666666666669,0.16666666666666669,0.0,0.8219438791275024,0.8310289978981018,0.8264614343643188,0.0,0.0,12.0698,4
2,44,bm25,"RESOLUÇÃO Nº 14-2025-Aprova a Criação do Curso de Aperfeiçoamento Escola da Terra, no âmbito do Instituto Federal de Educação, Ciência e Tecnologia do Piauí (IFPI) e Anexo..pdf",Quem é o coordenador do curso Escola da Terra?,O coordenador do curso Escola da Terra é Gilson Mendes Araújo.,"O coordenador do curso de Licenciatura Intercultural Indígena é regulamentado pelo edital CAPES/PARFOR Equidade 023/2023, e no curso de Licenciatura Letras Inglês, o coordenador do curso atua como presidente do Núcleo Docente Estruturante.",0.16666666666666669,0.13043478260869565,0.16666666666666669,0.16666666666666669,0.06364996151971677,0.8157038688659668,0.8940727114677429,0.8530922532081604,0.2631578947368421,0.0,32.9403,4
2,44,bm25,"RESOLUÇÃO NORMATIVA Nº 236-2025-Prorroga o Plano Diretor de Tecnologia da Informação e Comunicação (PDTIC-2022-2024), do Instituto Federal de Educação, Ciência e Tecnologia do Piauí (IFPI) e Anexo.pdf",Para qual exercício foi prorrogada a vigência do PDTIC-2022/2024 do IFPI?,A vigência do PDTIC-2022/2024 foi prorrogada para o exercício de 2025.,Não encontrei essa informação no contexto fornecido.,0.08333333333333334,0.0,0.08333333333333334,0.08333333333333334,0.0,0.8213146328926086,0.798200786113739,0.8095927238464355,0.0,0.0,12.5284,4
2,44,bm25,"RESOLUÇÃO NORMATIVA Nº 236-2025-Prorroga o Plano Diretor de Tecnologia da Informação e Comunicação (PDTIC-2022-2024), do Instituto Federal de Educação, Ciência e Tecnologia do Piauí (IFPI) e Anexo.pdf",Qual resolução foi revogada pela Resolução Normativa nº 236 de 2025?,"Foi revogada a Resolução Normativa nº 133/2022 - CONSELHO SUPERIOR, de 29 de abril de 2022.","A Resolução Normativa nº 236 de 2025 revogou a Resolução Normativa nº 43/2021 - CONSELHO SUPERIOR, de 10 de junho de 2021.",0.48780487804878053,0.30769230769230765,0.48780487804878053,0.48780487804878053,0.24835336815593248,0.9547911882400513,0.9592360854148865,0.9570085406303406,0.5185185185185186,0.0,27.5354,4
2,44,bm25,"RESOLUÇÃO NORMATIVA Nº 236-2025-Prorroga o Plano Diretor de Tecnologia da Informação e Comunicação (PDTIC-2022-2024), do Instituto Federal de Educação, Ciência e Tecnologia do Piauí (IFPI) e Anexo.pdf",Quais são as três fases da metodologia de elaboração do PDTIC descritas no documento?,"As três fases da metodologia de elaboração do PDTIC são Preparação, Diagnóstico e Planejamento.","As três fases da metodologia de elaboração do PDTIC são Preparação, Diagnóstico e Planejamento.",1.0,1.0,1.0,1.0,1.0,1.0,1.0,1.0,1.0,1.0,16.2364,4
2,44,bm25,"RESOLUÇÃO NORMATIVA Nº 236-2025-Prorroga o Plano Diretor de Tecnologia da Informação e Comunicação (PDTIC-2022-2024), do Instituto Federal de Educação, Ciência e Tecnologia do Piauí (IFPI) e Anexo.pdf",Em que guia se baseou a metodologia de elaboração do PDTIC do IFPI?,"A metodologia de elaboração do PDTIC do IFPI baseou-se no Guia de PDTIC do SISP, versão 2.0, adaptado à realidade do IFPI.","A metodologia de elaboração do PDTIC do IFPI baseou-se no Guia de PDTIC do SISP, versão 2.0, que foi adaptado à realidade da instituição.",0.8679245283018867,0.823529411764706,0.8679245283018867,0.8679245283018867,0.7488856162563027,0.9856879115104675,0.9934456944465637,0.9895516037940979,0.9,0.0,22.4925,4
2,44,bm25,"RESOLUÇÃO NORMATIVA Nº 223-2024-Atualiza a Regulamentação do planejamento e o registro das atividades acadêmicas dos docentes da Carreira do Magistério do Ensino Básico, Técnico e Tecnológico do IFPI.pdf",Quais são os regimes de trabalho previstos para os docentes do EBTT no IFPI?,"Os regimes de trabalho previstos são 40 horas com dedicação exclusiva, 40 horas e 20 horas semanais.",Os regimes de trabalho previstos para os docentes do EBTT no IFPI são o tempo integral de 40 horas semanais ou o tempo parcial de 20 horas semanais.,0.5416666666666666,0.34782608695652173,0.5416666666666666,0.5416666666666666,0.22419056820298167,0.8977761268615723,0.9364239573478699,0.916692852973938,0.5714285714285714,0.0,21.8922,4
2,44,bm25,"RESOLUÇÃO NORMATIVA Nº 223-2024-Atualiza a Regulamentação do planejamento e o registro das atividades acadêmicas dos docentes da Carreira do Magistério do Ensino Básico, Técnico e Tecnológico do IFPI.pdf","Para cada hora de regência de aulas, quantas horas adicionais o docente computará para atividades de organização e apoio ao ensino?","Para cada hora de regência de aulas, o docente computará uma hora adicional para atividades de organização e apoio ao ensino.","Para cada hora de regência de aula, o docente deverá registrar uma hora de organização e apoio ao ensino.",0.8181818181818182,0.6666666666666666,0.8181818181818182,0.8181818181818182,0.5382008965108557,0.9565843343734741,0.9403003454208374,0.9483724236488342,0.787878787878788,0.0,16.6728,4
2,44,bm25,"RESOLUÇÃO NORMATIVA Nº 218-2024-Estab. normas, critérios e proc. para a participação de docentes (DE) em atividades remuneradas.pdf","Qual é o limite anual de horas para a participação esporádica remunerada em palestras, conferências e atividades artísticas e culturais de docentes em dedicação exclusiva?",O limite anual é de 30 horas.,"O limite anual de horas para a participação esporádica remunerada em palestras, conferências e atividades artísticas e culturais de docentes em dedicação exclusiva é de 30 horas.",0.3243243243243243,0.2857142857142857,0.3243243243243243,0.3243243243243243,0.16110518603734317,0.8159329891204834,0.9581412076950073,0.8813374042510986,0.4827586206896552,0.0,22.4082,4
2,44,bm25,"RESOLUÇÃO NORMATIVA Nº 218-2024-Estab. normas, critérios e proc. para a participação de docentes (DE) em atividades remuneradas.pdf",Qual é o limite de carga horária para atividades remuneradas eventuais previstas no artigo 7º da Resolução Normativa nº 218 de 2024?,As atividades remuneradas eventuais não podem exceder 8 horas semanais ou 416 horas anuais.,Não encontrei essa informação no contexto fornecido.,0.16666666666666669,0.09090909090909091,0.16666666666666669,0.16666666666666669,0.0,0.8233992457389832,0.8057843446731567,0.814496636390686,0.1,0.0,12.1939,4
2,44,bm25,"RESOLUÇÃO NORMATIVA Nº 217-2024-Atualiza o Regimento Interno da Comissão Permanente de Pessoal Docente (CPPD), no âmbito do Instituto Federal de Educação, Ciência e Tecnologia do Piauí (IFPI)..pdf",Como é composta a CPPD do IFPI em número de membros titulares e suplentes?,"A CPPD do IFPI é composta por 10 docentes, sendo 5 representantes titulares e 5 representantes suplentes.","A composição da Comissão Permanente de Pessoal Docente do IFPI é feita por chapas registradas, compostas por dois docentes, com indicação do titular e suplente.",0.27906976744186046,0.04878048780487805,0.27906976744186046,0.27906976744186046,0.0,0.8804346919059753,0.9170075058937073,0.8983490467071533,0.3684210526315789,0.0,21.4202,4
2,44,bm25,"RESOLUÇÃO NORMATIVA Nº 217-2024-Atualiza o Regimento Interno da Comissão Permanente de Pessoal Docente (CPPD), no âmbito do Instituto Federal de Educação, Ciência e Tecnologia do Piauí (IFPI)..pdf",Qual é o mandato dos integrantes da CPPD do IFPI?,"O mandato dos integrantes da CPPD é de 4 anos, com possibilidade de uma única recondução por igual período.","Os integrantes da CPPD do IFPI cumprem um mandato de quatro anos, admitindo-se uma única reeleição para período subsequente, sem limite para mandatos alternados.",0.46808510638297873,0.17777777777777778,0.425531914893617,0.425531914893617,0.0,0.8708896636962891,0.9096985459327698,0.8898711800575256,0.42857142857142855,0.0,22.0856,4
2,44,bm25,"RESOLUÇÃO Nº 27-2024-Aprova  a criação do curso de Qualificação Profissional, de Formação Inicial e Continuada (FIC) em Aquicultor, no âmbito do IFPI e Anexo.pdf",Quantas vagas são ofertadas no curso FIC em Aquicultor?,O curso FIC em Aquicultor oferta 40 vagas.,Não encontrei essa informação no contexto fornecido.,0.11764705882352941,0.0,0.11764705882352941,0.11764705882352941,0.0,0.8231986165046692,0.8388471603393555,0.8309492468833923,0.0,0.0,12.1944,4
2,44,bm25,"RESOLUÇÃO Nº 27-2024-Aprova  a criação do curso de Qualificação Profissional, de Formação Inicial e Continuada (FIC) em Aquicultor, no âmbito do IFPI e Anexo.pdf",Qual é a forma de acesso ao curso FIC em Aquicultor?,A forma de acesso ao curso FIC em Aquicultor é por meio de sorteio.,"O acesso ao curso FIC em Aquicultor será por meio de edital de seleção, com processo seletivo realizado através de prova escrita específica.",0.5128205128205128,0.3783783783783784,0.46153846153846156,0.46153846153846156,0.24835336815593242,0.9104467034339905,0.9522331357002258,0.9308712482452393,0.5294117647058824,0.0,20.6735,4
2,44,tfidf,CURSO_SUPERIOR_DE_TECNOLOGIA_EM_ANÁLISE_E_DESENVOLVIMENTO_DE_SISTEMAS.pdf,Em que ano o Curso Superior de Tecnologia em Análise e Desenvolvimento de Sistemas foi criado no Campus de Picos?,O Curso Superior de Tecnologia em Análise e Desenvolvimento de Sistemas foi criado no Campus de Picos em 2013.,O Curso Superior de Tecnologia em Análise e Desenvolvimento de Sistemas foi criado no Campus de Picos em 2013.,1.0,1.0,1.0,1.0,1.0,0.9999999403953552,0.9999999403953552,0.9999999403953552,1.0,1.0,17.6345,4
2,44,tfidf,CURSO_SUPERIOR_DE_TECNOLOGIA_EM_ANÁLISE_E_DESENVOLVIMENTO_DE_SISTEMAS.pdf,Qual é a unidade de oferta do Curso Superior de Tecnologia em Análise e Desenvolvimento de Sistemas descrita no PPC?,A unidade de oferta do curso é o Campus Teresina Central.,"O Curso Superior de Tecnologia em Análise e Desenvolvimento de Sistemas é ofertado nos Campi Teresina Central, Floriano, Picos, Corrente, Pedro II e Parnaíba.",0.28571428571428575,0.06060606060606061,0.17142857142857143,0.17142857142857143,0.0,0.816821277141571,0.9077346920967102,0.8598816394805908,0.3636363636363636,0.0,23.5389,4
2,44,tfidf,CURSO_SUPERIOR_DE_TECNOLOGIA_EM_ANÁLISE_E_DESENVOLVIMENTO_DE_SISTEMAS.pdf,Qual é a carga horária total do Curso Superior de Tecnologia em Análise e Desenvolvimento de Sistemas?,A carga horária total do curso é de 2100 horas.,Não encontrei essa informação no contexto fornecido.,0.0,0.0,0.0,0.0,0.0,0.8249529004096985,0.8356121182441711,0.8302482962608337,0.0,0.0,12.8447,4
2,44,tfidf,CURSO_SUPERIOR_DE_TECNOLOGIA_EM_ANÁLISE_E_DESENVOLVIMENTO_DE_SISTEMAS.pdf,Quantas vagas por ano são ofertadas no Curso Superior de Tecnologia em Análise e Desenvolvimento de Sistemas?,O curso oferta 40 vagas por ano.,"No Campus de Floriano, o Curso Superior de Tecnologia em Análise e Desenvolvimento de Sistemas oferece 35 vagas no turno da tarde, enquanto no Campus de Picos são ofertadas 40 vagas no turno da noite para o ano de 2025.2.",0.2,0.08333333333333333,0.2,0.2,0.0,0.8188979625701904,0.9087571501731873,0.8614906072616577,0.2777777777777778,0.0,27.2861,4
2,44,tfidf,"RESOLUÇÃO Nº 14-2025-Aprova a Criação do Curso de Aperfeiçoamento Escola da Terra, no âmbito do Instituto Federal de Educação, Ciência e Tecnologia do Piauí (IFPI) e Anexo..pdf",Qual é a carga horária total do curso Escola da Terra?,A carga horária total do curso Escola da Terra é de 180 horas.,"O curso de Especialização Escola da Terra possui uma carga horária total de 495 horas, sendo 257 horas em Tempo-Universidade e 103 horas em Tempo-Escola/Comunidade.",0.4651162790697674,0.2439024390243903,0.27906976744186046,0.27906976744186046,0.0,0.8809854984283447,0.9372314810752869,0.9082384705543518,0.5142857142857142,0.0,27.103,4
2,44,tfidf,"RESOLUÇÃO Nº 14-2025-Aprova a Criação do Curso de Aperfeiçoamento Escola da Terra, no âmbito do Instituto Federal de Educação, Ciência e Tecnologia do Piauí (IFPI) e Anexo..pdf",Qual é a meta física do curso Escola da Terra em número de vagas?,A meta física do curso Escola da Terra é de 120 vagas.,A meta física do curso Escola da Terra é de 60 vagas para professores da educação básica que atuam em escolas do campo e possuem certificação em curso de aperfeiçoamento.,0.4782608695652174,0.4090909090909091,0.4782608695652174,0.4782608695652174,0.2991528889155785,0.8609741926193237,0.9757529497146606,0.9147772192955017,0.5945945945945945,0.0,22.0587,4
2,44,tfidf,"RESOLUÇÃO Nº 14-2025-Aprova a Criação do Curso de Aperfeiçoamento Escola da Terra, no âmbito do Instituto Federal de Educação, Ciência e Tecnologia do Piauí (IFPI) e Anexo..pdf",Quando está previsto o início do curso Escola da Terra?,O início do curso Escola da Terra está previsto para março de 2025.,O início do Curso Aperfeiçoamento Escola da Terra está previsto para o primeiro semestre de 2024.,0.7878787878787877,0.5806451612903226,0.7878787878787877,0.7878787878787877,0.37709297891717664,0.8994907736778259,0.9575713872909546,0.9276228547096252,0.7857142857142856,0.0,17.1759,4
2,44,tfidf,"RESOLUÇÃO Nº 14-2025-Aprova a Criação do Curso de Aperfeiçoamento Escola da Terra, no âmbito do Instituto Federal de Educação, Ciência e Tecnologia do Piauí (IFPI) e Anexo..pdf",Quem é o coordenador do curso Escola da Terra?,O coordenador do curso Escola da Terra é Gilson Mendes Araújo.,Não encontrei essa informação no contexto fornecido.,0.09999999999999999,0.0,0.09999999999999999,0.09999999999999999,0.0,0.8250470161437988,0.8430057168006897,0.833929717540741,0.0,0.0,12.6092,4
2,44,tfidf,"RESOLUÇÃO NORMATIVA Nº 236-2025-Prorroga o Plano Diretor de Tecnologia da Informação e Comunicação (PDTIC-2022-2024), do Instituto Federal de Educação, Ciência e Tecnologia do Piauí (IFPI) e Anexo.pdf",Para qual exercício foi prorrogada a vigência do PDTIC-2022/2024 do IFPI?,A vigência do PDTIC-2022/2024 foi prorrogada para o exercício de 2025.,"O Plano Diretor de Tecnologia da Informação e Comunicação (PDTIC-2022/2024) do IFPI teve a vigência prorrogada para o exercício de 2025, conforme estabelecido na Resolução Normativa nº 236.",0.5599999999999999,0.4166666666666667,0.4,0.4,0.1834283688193615,0.8566336035728455,0.9619570970535278,0.9062454700469971,0.5853658536585366,0.0,29.8516,4
2,44,tfidf,"RESOLUÇÃO NORMATIVA Nº 236-2025-Prorroga o Plano Diretor de Tecnologia da Informação e Comunicação (PDTIC-2022-2024), do Instituto Federal de Educação, Ciência e Tecnologia do Piauí (IFPI) e Anexo.pdf",Qual resolução foi revogada pela Resolução Normativa nº 236 de 2025?,"Foi revogada a Resolução Normativa nº 133/2022 - CONSELHO SUPERIOR, de 29 de abril de 2022.",Não encontrei essa informação no contexto fornecido.,0.15384615384615383,0.0,0.07692307692307691,0.07692307692307691,0.0,0.8195531368255615,0.7702820301055908,0.7941540479660034,0.0,0.0,8.7935,4
2,44,tfidf,"RESOLUÇÃO NORMATIVA Nº 236-2025-Prorroga o Plano Diretor de Tecnologia da Informação e Comunicação (PDTIC-2022-2024), do Instituto Federal de Educação, Ciência e Tecnologia do Piauí (IFPI) e Anexo.pdf",Quais são as três fases da metodologia de elaboração do PDTIC descritas no documento?,"As três fases da metodologia de elaboração do PDTIC são Preparação, Diagnóstico e Planejamento.","As três fases da metodologia de elaboração do PDTIC são Preparação, Diagnóstico e a fase de execução de processos específicos em harmonia com os instrumentos de planejamento da instituição.",0.6785714285714285,0.6296296296296297,0.6785714285714285,0.6785714285714285,0.42967728103447583,0.9086821675300598,0.9674482345581055,0.9371448755264282,0.717948717948718,0.0,21.3879,4
2,44,tfidf,"RESOLUÇÃO NORMATIVA Nº 236-2025-Prorroga o Plano Diretor de Tecnologia da Informação e Comunicação (PDTIC-2022-2024), do Instituto Federal de Educação, Ciência e Tecnologia do Piauí (IFPI) e Anexo.pdf",Em que guia se baseou a metodologia de elaboração do PDTIC do IFPI?,"A metodologia de elaboração do PDTIC do IFPI baseou-se no Guia de PDTIC do SISP, versão 2.0, adaptado à realidade do IFPI.","A metodologia de elaboração do PDTIC do IFPI baseou-se em instrumentos de planejamento da instituição, como o Plano de Desenvolvimento Institucional, a Estratégia de Governança Digital e a Instrução Normativa SGD/ME nº 31/2021.",0.3939393939393939,0.3125,0.3939393939393939,0.3939393939393939,0.2112482780971751,0.8373352885246277,0.90305095911026,0.8689524531364441,0.37499999999999994,0.0,29.466,4
2,44,tfidf,"RESOLUÇÃO NORMATIVA Nº 223-2024-Atualiza a Regulamentação do planejamento e o registro das atividades acadêmicas dos docentes da Carreira do Magistério do Ensino Básico, Técnico e Tecnológico do IFPI.pdf",Quais são os regimes de trabalho previstos para os docentes do EBTT no IFPI?,"Os regimes de trabalho previstos são 40 horas com dedicação exclusiva, 40 horas e 20 horas semanais.",Os regimes de trabalho previstos para os docentes do EBTT no IFPI são o tempo integral de 40 horas semanais e o tempo parcial de 20 horas semanais.,0.5833333333333334,0.34782608695652173,0.5833333333333334,0.5833333333333334,0.22872196013470597,0.8990827202796936,0.938060998916626,0.9181584119796753,0.6285714285714286,0.0,22.0777,4
2,44,tfidf,"RESOLUÇÃO NORMATIVA Nº 223-2024-Atualiza a Regulamentação do planejamento e o registro das atividades acadêmicas dos docentes da Carreira do Magistério do Ensino Básico, Técnico e Tecnológico do IFPI.pdf","Para cada hora de regência de aulas, quantas horas adicionais o docente computará para atividades de organização e apoio ao ensino?","Para cada hora de regência de aulas, o docente computará uma hora adicional para atividades de organização e apoio ao ensino.","Para cada hora de regência de aulas, o docente computará uma hora de organização e apoio ao ensino.",0.9302325581395349,0.8780487804878049,0.9302325581395349,0.9302325581395349,0.7854475723304021,0.992283821105957,0.9769299030303955,0.9845470190048218,0.9375,0.0,16.5776,4
2,44,tfidf,"RESOLUÇÃO NORMATIVA Nº 218-2024-Estab. normas, critérios e proc. para a participação de docentes (DE) em atividades remuneradas.pdf","Qual é o limite anual de horas para a participação esporádica remunerada em palestras, conferências e atividades artísticas e culturais de docentes em dedicação exclusiva?",O limite anual é de 30 horas.,"O limite anual de horas para a participação esporádica remunerada em palestras, conferências e atividades artísticas e culturais de docentes em dedicação exclusiva é de 30 horas.",0.3243243243243243,0.2857142857142857,0.3243243243243243,0.3243243243243243,0.16110518603734317,0.8159329891204834,0.9581412076950073,0.8813374042510986,0.4827586206896552,0.0,22.1685,4
2,44,tfidf,"RESOLUÇÃO NORMATIVA Nº 218-2024-Estab. normas, critérios e proc. para a participação de docentes (DE) em atividades remuneradas.pdf",Qual é o limite de carga horária para atividades remuneradas eventuais previstas no artigo 7º da Resolução Normativa nº 218 de 2024?,As atividades remuneradas eventuais não podem exceder 8 horas semanais ou 416 horas anuais.,Não encontrei essa informação no contexto fornecido.,0.16666666666666669,0.09090909090909091,0.16666666666666669,0.16666666666666669,0.0,0.8233992457389832,0.8057843446731567,0.814496636390686,0.1,0.0,13.5453,4
2,44,tfidf,"RESOLUÇÃO NORMATIVA Nº 217-2024-Atualiza o Regimento Interno da Comissão Permanente de Pessoal Docente (CPPD), no âmbito do Instituto Federal de Educação, Ciência e Tecnologia do Piauí (IFPI)..pdf",Como é composta a CPPD do IFPI em número de membros titulares e suplentes?,"A CPPD do IFPI é composta por 10 docentes, sendo 5 representantes titulares e 5 representantes suplentes.","A composição da Comissão Permanente de Pessoal Docente do IFPI é feita por membros titulares e suplentes, sendo que cada chapa eleita é composta por dois docentes, com a indicação do titular e do suplente.",0.3846153846153846,0.12000000000000001,0.2692307692307693,0.2692307692307693,0.0,0.8759652972221375,0.9246257543563843,0.8996380567550659,0.5,0.0,24.9199,4
2,44,tfidf,"RESOLUÇÃO NORMATIVA Nº 217-2024-Atualiza o Regimento Interno da Comissão Permanente de Pessoal Docente (CPPD), no âmbito do Instituto Federal de Educação, Ciência e Tecnologia do Piauí (IFPI)..pdf",Qual é o mandato dos integrantes da CPPD do IFPI?,"O mandato dos integrantes da CPPD é de 4 anos, com possibilidade de uma única recondução por igual período.",O contexto recuperado não apresenta informações sobre o período de mandato dos integrantes da CPPD do IFPI.,0.5,0.2631578947368421,0.3,0.3,0.19712779182815254,0.884350061416626,0.8682583570480347,0.8762302994728088,0.47058823529411764,0.0,15.9793,4
2,44,tfidf,"RESOLUÇÃO Nº 27-2024-Aprova  a criação do curso de Qualificação Profissional, de Formação Inicial e Continuada (FIC) em Aquicultor, no âmbito do IFPI e Anexo.pdf",Quantas vagas são ofertadas no curso FIC em Aquicultor?,O curso FIC em Aquicultor oferta 40 vagas.,O curso FIC em Aquicultor oferece um total de 40 vagas.,0.7368421052631579,0.588235294117647,0.7368421052631579,0.7368421052631579,0.4240125351805037,0.9459167718887329,0.9871349334716797,0.9660863876342773,0.7368421052631579,0.0,14.7549,4
2,44,tfidf,"RESOLUÇÃO Nº 27-2024-Aprova  a criação do curso de Qualificação Profissional, de Formação Inicial e Continuada (FIC) em Aquicultor, no âmbito do IFPI e Anexo.pdf",Qual é a forma de acesso ao curso FIC em Aquicultor?,A forma de acesso ao curso FIC em Aquicultor é por meio de sorteio.,"O curso FIC em Aquicultor tem como requisito de acesso o Ensino Fundamental I incompleto, do 1º ao 5º ano.",0.4242424242424242,0.2580645161290323,0.30303030303030304,0.30303030303030304,0.13817790393734294,0.868803858757019,0.9238361120223999,0.8954752683639526,0.4375,0.0,19.5499,4
3,45,dense_no_rerank,CURSO_SUPERIOR_DE_TECNOLOGIA_EM_ANÁLISE_E_DESENVOLVIMENTO_DE_SISTEMAS.pdf,Em que ano o Curso Superior de Tecnologia em Análise e Desenvolvimento de Sistemas foi criado no Campus de Picos?,O Curso Superior de Tecnologia em Análise e Desenvolvimento de Sistemas foi criado no Campus de Picos em 2013.,O Curso Superior de Tecnologia em Análise e Desenvolvimento de Sistemas foi criado no Campus de Picos em 2013.,1.0,1.0,1.0,1.0,1.0,0.9999999403953552,0.9999999403953552,0.9999999403953552,1.0,1.0,20.0934,4
3,45,dense_no_rerank,CURSO_SUPERIOR_DE_TECNOLOGIA_EM_ANÁLISE_E_DESENVOLVIMENTO_DE_SISTEMAS.pdf,Qual é a unidade de oferta do Curso Superior de Tecnologia em Análise e Desenvolvimento de Sistemas descrita no PPC?,A unidade de oferta do curso é o Campus Teresina Central.,A unidade de oferta do Curso Superior de Tecnologia em Análise e Desenvolvimento de Sistemas é o Campus Teresina Central.,0.6666666666666666,0.5714285714285714,0.6666666666666666,0.6666666666666666,0.394100477098606,0.8748151063919067,0.9795048236846924,0.9242047071456909,0.7586206896551725,0.0,17.0672,4
3,45,dense_no_rerank,CURSO_SUPERIOR_DE_TECNOLOGIA_EM_ANÁLISE_E_DESENVOLVIMENTO_DE_SISTEMAS.pdf,Qual é a carga horária total do Curso Superior de Tecnologia em Análise e Desenvolvimento de Sistemas?,A carga horária total do curso é de 2100 horas.,A carga horária total do Curso Superior de Tecnologia em Sistemas para Internet é de 2.100 horas.,0.6428571428571429,0.46153846153846156,0.6428571428571429,0.6428571428571429,0.25772294506990867,0.8713124394416809,0.9634993672370911,0.915090024471283,0.6666666666666667,0.0,17.235,4
3,45,dense_no_rerank,CURSO_SUPERIOR_DE_TECNOLOGIA_EM_ANÁLISE_E_DESENVOLVIMENTO_DE_SISTEMAS.pdf,Quantas vagas por ano são ofertadas no Curso Superior de Tecnologia em Análise e Desenvolvimento de Sistemas?,O curso oferta 40 vagas por ano.,"O Curso Superior de Tecnologia em Análise e Desenvolvimento de Sistemas oferece uma quantidade de 40 vagas por ano no turno vespertino, no Campus Teresina Central.",0.35294117647058826,0.25,0.35294117647058826,0.35294117647058826,0.09251599780696446,0.822972297668457,0.9461147785186768,0.8802577257156372,0.4,0.0,20.8387,4
3,45,dense_no_rerank,"RESOLUÇÃO Nº 14-2025-Aprova a Criação do Curso de Aperfeiçoamento Escola da Terra, no âmbito do Instituto Federal de Educação, Ciência e Tecnologia do Piauí (IFPI) e Anexo..pdf",Qual é a carga horária total do curso Escola da Terra?,A carga horária total do curso Escola da Terra é de 180 horas.,"A carga horária total do curso Escola da Terra é de 180 horas, sendo 126 horas presenciais no regime Tempo-Universidade e 54 horas no regime Tempo-Escola/Comunidade.",0.6190476190476191,0.6,0.6190476190476191,0.6190476190476191,0.40941639479090397,0.9061586260795593,0.9875494837760925,0.9451049566268921,0.7222222222222222,0.0,27.2353,4
3,45,dense_no_rerank,"RESOLUÇÃO Nº 14-2025-Aprova a Criação do Curso de Aperfeiçoamento Escola da Terra, no âmbito do Instituto Federal de Educação, Ciência e Tecnologia do Piauí (IFPI) e Anexo..pdf",Qual é a meta física do curso Escola da Terra em número de vagas?,A meta física do curso Escola da Terra é de 120 vagas.,A meta física do curso Escola da Terra é de 120 vagas para professoras e coordenadoras pedagógicas de turmas multisseriadas.,0.7272727272727273,0.7096774193548387,0.7272727272727273,0.7272727272727273,0.5471114295717522,0.8801493048667908,0.9877628684043884,0.9308561682701111,0.7741935483870968,0.0,21.0676,4
3,45,dense_no_rerank,"RESOLUÇÃO Nº 14-2025-Aprova a Criação do Curso de Aperfeiçoamento Escola da Terra, no âmbito do Instituto Federal de Educação, Ciência e Tecnologia do Piauí (IFPI) e Anexo..pdf",Quando está previsto o início do curso Escola da Terra?,O início do curso Escola da Terra está previsto para março de 2025.,"O curso de Especialização Escola da Terra está previsto para iniciar no primeiro semestre de 2025 nos campi do Instituto Federal de Educação, Ciência e Tecnologia do Piauí.",0.5217391304347827,0.27272727272727276,0.4347826086956521,0.4347826086956521,0.19037861963633804,0.8779458403587341,0.94632488489151,0.9108538031578064,0.5789473684210525,0.0,23.3286,4
3,45,dense_no_rerank,"RESOLUÇÃO Nº 14-2025-Aprova a Criação do Curso de Aperfeiçoamento Escola da Terra, no âmbito do Instituto Federal de Educação, Ciência e Tecnologia do Piauí (IFPI) e Anexo..pdf",Quem é o coordenador do curso Escola da Terra?,O coordenador do curso Escola da Terra é Gilson Mendes Araújo.,O coordenador do curso Escola da Terra é o Prof. Me. Emanuel Alcântara da Silva.,0.5384615384615385,0.5,0.5384615384615385,0.5384615384615385,0.40052744847255717,0.892876148223877,0.956995964050293,0.9238248467445374,0.6666666666666667,0.0,16.1843,4
3,45,dense_no_rerank,"RESOLUÇÃO NORMATIVA Nº 236-2025-Prorroga o Plano Diretor de Tecnologia da Informação e Comunicação (PDTIC-2022-2024), do Instituto Federal de Educação, Ciência e Tecnologia do Piauí (IFPI) e Anexo.pdf",Para qual exercício foi prorrogada a vigência do PDTIC-2022/2024 do IFPI?,A vigência do PDTIC-2022/2024 foi prorrogada para o exercício de 2025.,A vigência do Plano Diretor de Tecnologia da Informação e Comunicação (PDTIC-2022/2024) do IFPI foi prorrogada para o exercício de 2025.,0.7142857142857143,0.6,0.7142857142857143,0.7142857142857143,0.3619779110707069,0.8878629803657532,0.9830116033554077,0.9330177307128906,0.7647058823529412,0.0,24.7826,4
3,45,dense_no_rerank,"RESOLUÇÃO NORMATIVA Nº 236-2025-Prorroga o Plano Diretor de Tecnologia da Informação e Comunicação (PDTIC-2022-2024), do Instituto Federal de Educação, Ciência e Tecnologia do Piauí (IFPI) e Anexo.pdf",Qual resolução foi revogada pela Resolução Normativa nº 236 de 2025?,"Foi revogada a Resolução Normativa nº 133/2022 - CONSELHO SUPERIOR, de 29 de abril de 2022.","A Resolução Normativa nº 236 de 2025 revogou a Resolução nº 15/2021 - CONSELHO SUPERIOR, de 19 de maio de 2021, e a Resolução NormaAva nº 206/2024- CONSELHO SUPERIOR, de 13 de maio de 2024.",0.35714285714285715,0.22222222222222218,0.35714285714285715,0.35714285714285715,0.1222627823979477,0.910374641418457,0.9322649240493774,0.9211897850036621,0.4375,0.0,41.5339,4
3,45,dense_no_rerank,"RESOLUÇÃO NORMATIVA Nº 236-2025-Prorroga o Plano Diretor de Tecnologia da Informação e Comunicação (PDTIC-2022-2024), do Instituto Federal de Educação, Ciência e Tecnologia do Piauí (IFPI) e Anexo.pdf",Quais são as três fases da metodologia de elaboração do PDTIC descritas no documento?,"As três fases da metodologia de elaboração do PDTIC são Preparação, Diagnóstico e Planejamento.","As três fases da metodologia de elaboração do PDTIC descritas no documento são Preparação, Diagnóstico e Planejamento.",0.9268292682926829,0.8717948717948718,0.9268292682926829,0.9268292682926829,0.7331765459202478,0.975016713142395,0.9960288405418396,0.9854108095169067,0.9032258064516129,0.0,17.7874,4
3,45,dense_no_rerank,"RESOLUÇÃO NORMATIVA Nº 236-2025-Prorroga o Plano Diretor de Tecnologia da Informação e Comunicação (PDTIC-2022-2024), do Instituto Federal de Educação, Ciência e Tecnologia do Piauí (IFPI) e Anexo.pdf",Em que guia se baseou a metodologia de elaboração do PDTIC do IFPI?,"A metodologia de elaboração do PDTIC do IFPI baseou-se no Guia de PDTIC do SISP, versão 2.0, adaptado à realidade do IFPI.","A metodologia de elaboração do PDTIC do IFPI baseou-se no Guia de PDTIC do SISP, versão 2.0, adaptado à realidade da instituição.",0.9019607843137256,0.8979591836734694,0.9019607843137256,0.9019607843137256,0.8817739004515716,0.9951040148735046,0.9970126748085022,0.996057391166687,0.9473684210526316,0.0,21.8382,4
3,45,dense_no_rerank,"RESOLUÇÃO NORMATIVA Nº 223-2024-Atualiza a Regulamentação do planejamento e o registro das atividades acadêmicas dos docentes da Carreira do Magistério do Ensino Básico, Técnico e Tecnológico do IFPI.pdf",Quais são os regimes de trabalho previstos para os docentes do EBTT no IFPI?,"Os regimes de trabalho previstos são 40 horas com dedicação exclusiva, 40 horas e 20 horas semanais.","De acordo com a resolução, as horas despendidas nas atividades docentes dos docentes do EBTT totalizarão a quantidade de horas semanais previstas nos seus respectivos regimes de trabalho, e deverão ser cumpridas de acordo com as necessidades dos campi.",0.3278688524590164,0.1016949152542373,0.19672131147540983,0.19672131147540983,0.0,0.8354827761650085,0.8810862302780151,0.8576787710189819,0.32558139534883723,0.0,26.2512,4
3,45,dense_no_rerank,"RESOLUÇÃO NORMATIVA Nº 223-2024-Atualiza a Regulamentação do planejamento e o registro das atividades acadêmicas dos docentes da Carreira do Magistério do Ensino Básico, Técnico e Tecnológico do IFPI.pdf","Para cada hora de regência de aulas, quantas horas adicionais o docente computará para atividades de organização e apoio ao ensino?","Para cada hora de regência de aulas, o docente computará uma hora adicional para atividades de organização e apoio ao ensino.","Para cada hora de regência de aulas, o docente computará uma hora de organização e apoio ao ensino.",0.9302325581395349,0.8780487804878049,0.9302325581395349,0.9302325581395349,0.7854475723304021,0.992283821105957,0.9769299030303955,0.9845470190048218,0.9375,0.0,16.4297,4
3,45,dense_no_rerank,"RESOLUÇÃO NORMATIVA Nº 218-2024-Estab. normas, critérios e proc. para a participação de docentes (DE) em atividades remuneradas.pdf","Qual é o limite anual de horas para a participação esporádica remunerada em palestras, conferências e atividades artísticas e culturais de docentes em dedicação exclusiva?",O limite anual é de 30 horas.,"O limite anual de horas para a participação esporádica remunerada em palestras, conferências e atividades artísticas e culturais de docentes em dedicação exclusiva é de 30 horas, conforme estabelecido na Resolução Normativa.",0.27906976744186046,0.24390243902439027,0.27906976744186046,0.27906976744186046,0.09885362316286796,0.8051484823226929,0.9471978545188904,0.8704158067703247,0.4117647058823529,0.0,25.7821,4
3,45,dense_no_rerank,"RESOLUÇÃO NORMATIVA Nº 218-2024-Estab. normas, critérios e proc. para a participação de docentes (DE) em atividades remuneradas.pdf",Qual é o limite de carga horária para atividades remuneradas eventuais previstas no artigo 7º da Resolução Normativa nº 218 de 2024?,As atividades remuneradas eventuais não podem exceder 8 horas semanais ou 416 horas anuais.,"A carga horária dedicada à prestação institucional de serviços por docente em regime de dedicação exclusiva, quando remunerada, não pode ultrapassar 8 horas semanais ou 416 horas anuais, em atendimento ao previsto no §4º do Art. 21 da Lei nº 12.772/2012.",0.29032258064516125,0.23333333333333334,0.29032258064516125,0.29032258064516125,0.12331859801673,0.8199409246444702,0.9187633395195007,0.8665437698364258,0.2641509433962264,0.0,34.0258,4
3,45,dense_no_rerank,"RESOLUÇÃO NORMATIVA Nº 217-2024-Atualiza o Regimento Interno da Comissão Permanente de Pessoal Docente (CPPD), no âmbito do Instituto Federal de Educação, Ciência e Tecnologia do Piauí (IFPI)..pdf",Como é composta a CPPD do IFPI em número de membros titulares e suplentes?,"A CPPD do IFPI é composta por 10 docentes, sendo 5 representantes titulares e 5 representantes suplentes.","A Comissão Permanente de Pessoal Docente do IFPI é composta por 10 docentes da carreira de Ensino Básico, Técnico e Tecnológico, sendo 5 representantes titulares e 5 representantes suplentes.",0.625,0.5217391304347827,0.625,0.625,0.4599040342685214,0.8838053345680237,0.972201943397522,0.925898551940918,0.7000000000000001,0.0,24.1692,4
3,45,dense_no_rerank,"RESOLUÇÃO NORMATIVA Nº 217-2024-Atualiza o Regimento Interno da Comissão Permanente de Pessoal Docente (CPPD), no âmbito do Instituto Federal de Educação, Ciência e Tecnologia do Piauí (IFPI)..pdf",Qual é o mandato dos integrantes da CPPD do IFPI?,"O mandato dos integrantes da CPPD é de 4 anos, com possibilidade de uma única recondução por igual período.","Os integrantes da CPPD do IFPI têm mandato de quatro anos, com possibilidade de uma única recondução por igual período.",0.7906976744186046,0.6341463414634148,0.7441860465116279,0.7441860465116279,0.5941559820562806,0.9663041830062866,0.9723584651947021,0.9693218469619751,0.7567567567567567,0.0,18.1268,4
3,45,dense_no_rerank,"RESOLUÇÃO Nº 27-2024-Aprova  a criação do curso de Qualificação Profissional, de Formação Inicial e Continuada (FIC) em Aquicultor, no âmbito do IFPI e Anexo.pdf",Quantas vagas são ofertadas no curso FIC em Aquicultor?,O curso FIC em Aquicultor oferta 40 vagas.,O curso FIC em Aquicultor oferece um total de 40 vagas.,0.7368421052631579,0.588235294117647,0.7368421052631579,0.7368421052631579,0.4240125351805037,0.9459167718887329,0.9871349334716797,0.9660863876342773,0.7368421052631579,0.0,14.3887,4
3,45,dense_no_rerank,"RESOLUÇÃO Nº 27-2024-Aprova  a criação do curso de Qualificação Profissional, de Formação Inicial e Continuada (FIC) em Aquicultor, no âmbito do IFPI e Anexo.pdf",Qual é a forma de acesso ao curso FIC em Aquicultor?,A forma de acesso ao curso FIC em Aquicultor é por meio de sorteio.,"O curso FIC em Aquicultor tem como requisito de acesso o Ensino Fundamental I incompleto, do 1º ao 5º ano.",0.4242424242424242,0.2580645161290323,0.30303030303030304,0.30303030303030304,0.13817790393734294,0.868803858757019,0.9238361120223999,0.8954752683639526,0.4375,0.0,19.3279,4
3,45,dense_rerank,CURSO_SUPERIOR_DE_TECNOLOGIA_EM_ANÁLISE_E_DESENVOLVIMENTO_DE_SISTEMAS.pdf,Em que ano o Curso Superior de Tecnologia em Análise e Desenvolvimento de Sistemas foi criado no Campus de Picos?,O Curso Superior de Tecnologia em Análise e Desenvolvimento de Sistemas foi criado no Campus de Picos em 2013.,O Curso Superior de Tecnologia em Análise e Desenvolvimento de Sistemas foi criado no Campus de Picos em 2013.,1.0,1.0,1.0,1.0,1.0,0.9999999403953552,0.9999999403953552,0.9999999403953552,1.0,1.0,18.003,4
3,45,dense_rerank,CURSO_SUPERIOR_DE_TECNOLOGIA_EM_ANÁLISE_E_DESENVOLVIMENTO_DE_SISTEMAS.pdf,Qual é a unidade de oferta do Curso Superior de Tecnologia em Análise e Desenvolvimento de Sistemas descrita no PPC?,A unidade de oferta do curso é o Campus Teresina Central.,"O Curso Superior de Tecnologia em Análise e Desenvolvimento de Sistemas é ofertado nos Campi Teresina Central, Floriano, Picos, Corrente, Pedro II e Parnaíba.",0.28571428571428575,0.06060606060606061,0.17142857142857143,0.17142857142857143,0.0,0.816821277141571,0.9077346920967102,0.8598816394805908,0.3636363636363636,0.0,21.3575,4
3,45,dense_rerank,CURSO_SUPERIOR_DE_TECNOLOGIA_EM_ANÁLISE_E_DESENVOLVIMENTO_DE_SISTEMAS.pdf,Qual é a carga horária total do Curso Superior de Tecnologia em Análise e Desenvolvimento de Sistemas?,A carga horária total do curso é de 2100 horas.,"A carga horária total do Curso Superior de Tecnologia em Análise e Desenvolvimento de Sistemas é de 400 horas por módulo/semana, conforme apresentado na estrutura curricular do curso.",0.4390243902439024,0.30769230769230765,0.4390243902439024,0.4390243902439024,0.14291173574075158,0.8303691148757935,0.9654767513275146,0.8928406238555908,0.5142857142857143,0.0,22.0563,4
3,45,dense_rerank,CURSO_SUPERIOR_DE_TECNOLOGIA_EM_ANÁLISE_E_DESENVOLVIMENTO_DE_SISTEMAS.pdf,Quantas vagas por ano são ofertadas no Curso Superior de Tecnologia em Análise e Desenvolvimento de Sistemas?,O curso oferta 40 vagas por ano.,"No ano de 2025, o Curso Superior de Tecnologia em Análise e Desenvolvimento de Sistemas terá uma oferta de 40 vagas por turno, tanto no turno noite quanto no turno tarde, em alguns campi do IFPI.",0.3181818181818182,0.14285714285714285,0.27272727272727276,0.27272727272727276,0.0,0.8228514194488525,0.927708625793457,0.872139573097229,0.4,0.0,25.2024,4
3,45,dense_rerank,"RESOLUÇÃO Nº 14-2025-Aprova a Criação do Curso de Aperfeiçoamento Escola da Terra, no âmbito do Instituto Federal de Educação, Ciência e Tecnologia do Piauí (IFPI) e Anexo..pdf",Qual é a carga horária total do curso Escola da Terra?,A carga horária total do curso Escola da Terra é de 180 horas.,"O curso Escola da Terra, no nível de aperfeiçoamento, possui carga horária total de 180 horas, sendo 126 horas presenciais no tempo-universidade e 54 horas no tempo-escola/comunidade.",0.47826086956521735,0.36363636363636365,0.30434782608695654,0.30434782608695654,0.13307637507950731,0.8621993660926819,0.9464261531829834,0.9023516178131104,0.5555555555555555,0.0,30.3666,4
3,45,dense_rerank,"RESOLUÇÃO Nº 14-2025-Aprova a Criação do Curso de Aperfeiçoamento Escola da Terra, no âmbito do Instituto Federal de Educação, Ciência e Tecnologia do Piauí (IFPI) e Anexo..pdf",Qual é a meta física do curso Escola da Terra em número de vagas?,A meta física do curso Escola da Terra é de 120 vagas.,A meta física do curso Escola da Terra é de 120 vagas para professoras e coordenadoras pedagógicas de turmas multisseriadas.,0.7272727272727273,0.7096774193548387,0.7272727272727273,0.7272727272727273,0.5471114295717522,0.8801493048667908,0.9877628684043884,0.9308561682701111,0.7741935483870968,0.0,21.493,4
3,45,dense_rerank,"RESOLUÇÃO Nº 14-2025-Aprova a Criação do Curso de Aperfeiçoamento Escola da Terra, no âmbito do Instituto Federal de Educação, Ciência e Tecnologia do Piauí (IFPI) e Anexo..pdf",Quando está previsto o início do curso Escola da Terra?,O início do curso Escola da Terra está previsto para março de 2025.,"O curso Escola da Terra está previsto para iniciar no primeiro semestre de 2024, conforme autorizado pelo Conselho Superior do Instituto Federal de Educação, Ciência e Tecnologia do Piauí.",0.47826086956521735,0.27272727272727276,0.3913043478260869,0.3913043478260869,0.19775876971405587,0.8714114427566528,0.9419988393783569,0.9053313136100769,0.5,0.0,25.3351,4
3,45,dense_rerank,"RESOLUÇÃO Nº 14-2025-Aprova a Criação do Curso de Aperfeiçoamento Escola da Terra, no âmbito do Instituto Federal de Educação, Ciência e Tecnologia do Piauí (IFPI) e Anexo..pdf",Quem é o coordenador do curso Escola da Terra?,O coordenador do curso Escola da Terra é Gilson Mendes Araújo.,O coordenador do curso Escola da Terra é o Prof. Me. Emanuel Alcântara da Silva.,0.5384615384615385,0.5,0.5384615384615385,0.5384615384615385,0.40052744847255717,0.892876148223877,0.956995964050293,0.9238248467445374,0.6666666666666667,0.0,16.2054,4
3,45,dense_rerank,"RESOLUÇÃO NORMATIVA Nº 236-2025-Prorroga o Plano Diretor de Tecnologia da Informação e Comunicação (PDTIC-2022-2024), do Instituto Federal de Educação, Ciência e Tecnologia do Piauí (IFPI) e Anexo.pdf",Para qual exercício foi prorrogada a vigência do PDTIC-2022/2024 do IFPI?,A vigência do PDTIC-2022/2024 foi prorrogada para o exercício de 2025.,A vigência do Plano Diretor de Tecnologia da Informação e Comunicação (PDTIC-2022/2024) do IFPI foi prorrogada para o exercício de 2025.,0.7142857142857143,0.6,0.7142857142857143,0.7142857142857143,0.3619779110707069,0.8878629803657532,0.9830116033554077,0.9330177307128906,0.7647058823529412,0.0,24.8975,4
3,45,dense_rerank,"RESOLUÇÃO NORMATIVA Nº 236-2025-Prorroga o Plano Diretor de Tecnologia da Informação e Comunicação (PDTIC-2022-2024), do Instituto Federal de Educação, Ciência e Tecnologia do Piauí (IFPI) e Anexo.pdf",Qual resolução foi revogada pela Resolução Normativa nº 236 de 2025?,"Foi revogada a Resolução Normativa nº 133/2022 - CONSELHO SUPERIOR, de 29 de abril de 2022.","A Resolução Normativa nº 236 de 2025 revogou a Resolução nº 15/2021 - CONSELHO SUPERIOR, de 19 de maio de 2021, e a Resolução NormaAva nº 206/2024- CONSELHO SUPERIOR, de 13 de maio de 2024.",0.35714285714285715,0.22222222222222218,0.35714285714285715,0.35714285714285715,0.1222627823979477,0.910374641418457,0.9322649240493774,0.9211897850036621,0.4375,0.0,43.0562,4
3,45,dense_rerank,"RESOLUÇÃO NORMATIVA Nº 236-2025-Prorroga o Plano Diretor de Tecnologia da Informação e Comunicação (PDTIC-2022-2024), do Instituto Federal de Educação, Ciência e Tecnologia do Piauí (IFPI) e Anexo.pdf",Quais são as três fases da metodologia de elaboração do PDTIC descritas no documento?,"As três fases da metodologia de elaboração do PDTIC são Preparação, Diagnóstico e Planejamento.","As três fases da metodologia de elaboração do PDTIC são Preparação, Diagnóstico e Planejamento.",1.0,1.0,1.0,1.0,1.0,1.0,1.0,1.0,1.0,1.0,16.4764,4
3,45,dense_rerank,"RESOLUÇÃO NORMATIVA Nº 236-2025-Prorroga o Plano Diretor de Tecnologia da Informação e Comunicação (PDTIC-2022-2024), do Instituto Federal de Educação, Ciência e Tecnologia do Piauí (IFPI) e Anexo.pdf",Em que guia se baseou a metodologia de elaboração do PDTIC do IFPI?,"A metodologia de elaboração do PDTIC do IFPI baseou-se no Guia de PDTIC do SISP, versão 2.0, adaptado à realidade do IFPI.","A metodologia de elaboração do PDTIC do IFPI baseou-se no Guia de PDTIC do SISP, versão 2.0, adaptado à realidade da instituição.",0.9019607843137256,0.8979591836734694,0.9019607843137256,0.9019607843137256,0.8817739004515716,0.9951040148735046,0.9970126748085022,0.996057391166687,0.9473684210526316,0.0,21.7953,4
3,45,dense_rerank,"RESOLUÇÃO NORMATIVA Nº 223-2024-Atualiza a Regulamentação do planejamento e o registro das atividades acadêmicas dos docentes da Carreira do Magistério do Ensino Básico, Técnico e Tecnológico do IFPI.pdf",Quais são os regimes de trabalho previstos para os docentes do EBTT no IFPI?,"Os regimes de trabalho previstos são 40 horas com dedicação exclusiva, 40 horas e 20 horas semanais.","Os regimes de trabalho previstos para os docentes do EBTT no IFPI são tempo integral de 40 horas semanais com dedicação exclusiva, tempo integral de 40 horas semanais ou tempo parcial de 20 horas semanais de trabalho.",0.6206896551724138,0.42857142857142855,0.6206896551724138,0.6206896551724138,0.20613242702593446,0.9090074300765991,0.9667177200317383,0.936974823474884,0.7027027027027025,0.0,27.3216,4
3,45,dense_rerank,"RESOLUÇÃO NORMATIVA Nº 223-2024-Atualiza a Regulamentação do planejamento e o registro das atividades acadêmicas dos docentes da Carreira do Magistério do Ensino Básico, Técnico e Tecnológico do IFPI.pdf","Para cada hora de regência de aulas, quantas horas adicionais o docente computará para atividades de organização e apoio ao ensino?","Para cada hora de regência de aulas, o docente computará uma hora adicional para atividades de organização e apoio ao ensino.",Não encontrei essa informação no contexto fornecido.,0.125,0.0,0.125,0.125,0.0,0.8275346755981445,0.8195750117301941,0.8235356211662292,0.0,0.0,12.1541,4
3,45,dense_rerank,"RESOLUÇÃO NORMATIVA Nº 218-2024-Estab. normas, critérios e proc. para a participação de docentes (DE) em atividades remuneradas.pdf","Qual é o limite anual de horas para a participação esporádica remunerada em palestras, conferências e atividades artísticas e culturais de docentes em dedicação exclusiva?",O limite anual é de 30 horas.,"O limite anual de horas para a participação esporádica remunerada em palestras, conferências e atividades artísticas e culturais de docentes em dedicação exclusiva é de 30 horas.",0.3243243243243243,0.2857142857142857,0.3243243243243243,0.3243243243243243,0.16110518603734317,0.8159329891204834,0.9581412076950073,0.8813374042510986,0.4827586206896552,0.0,22.7411,4
3,45,dense_rerank,"RESOLUÇÃO NORMATIVA Nº 218-2024-Estab. normas, critérios e proc. para a participação de docentes (DE) em atividades remuneradas.pdf",Qual é o limite de carga horária para atividades remuneradas eventuais previstas no artigo 7º da Resolução Normativa nº 218 de 2024?,As atividades remuneradas eventuais não podem exceder 8 horas semanais ou 416 horas anuais.,"O limite de carga horária para atividades remuneradas eventuais, no caso de servidores docentes com dedicação exclusiva ou com 20 ou 40 horas, é de 8 horas semanais ou 416 horas anuais, conforme previsto na Resolução Normativa nº 207 de 2024.",0.4137931034482758,0.2857142857142857,0.3793103448275862,0.3793103448275862,0.15589340552404063,0.8480509519577026,0.9276635646820068,0.88607257604599,0.391304347826087,0.0,32.5957,4
3,45,dense_rerank,"RESOLUÇÃO NORMATIVA Nº 217-2024-Atualiza o Regimento Interno da Comissão Permanente de Pessoal Docente (CPPD), no âmbito do Instituto Federal de Educação, Ciência e Tecnologia do Piauí (IFPI)..pdf",Como é composta a CPPD do IFPI em número de membros titulares e suplentes?,"A CPPD do IFPI é composta por 10 docentes, sendo 5 representantes titulares e 5 representantes suplentes.","A Comissão Permanente de Pessoal Docente do IFPI é composta por 10 docentes da carreira de Ensino Básico, Técnico e Tecnológico, sendo 5 representantes titulares e 5 representantes suplentes.",0.625,0.5217391304347827,0.625,0.625,0.4599040342685214,0.8838053345680237,0.972201943397522,0.925898551940918,0.7000000000000001,0.0,23.915,4
3,45,dense_rerank,"RESOLUÇÃO NORMATIVA Nº 217-2024-Atualiza o Regimento Interno da Comissão Permanente de Pessoal Docente (CPPD), no âmbito do Instituto Federal de Educação, Ciência e Tecnologia do Piauí (IFPI)..pdf",Qual é o mandato dos integrantes da CPPD do IFPI?,"O mandato dos integrantes da CPPD é de 4 anos, com possibilidade de uma única recondução por igual período.","Os integrantes da Comissão Permanente de Pessoal Docente do IFPI têm um mandato de quatro anos, podendo ser reconduzidos por um único período igual.",0.46808510638297873,0.08888888888888889,0.29787234042553196,0.29787234042553196,0.0,0.864299476146698,0.9007639288902283,0.8821550011634827,0.39999999999999997,0.0,20.0303,4
3,45,dense_rerank,"RESOLUÇÃO Nº 27-2024-Aprova  a criação do curso de Qualificação Profissional, de Formação Inicial e Continuada (FIC) em Aquicultor, no âmbito do IFPI e Anexo.pdf",Quantas vagas são ofertadas no curso FIC em Aquicultor?,O curso FIC em Aquicultor oferta 40 vagas.,O curso FIC em Aquicultor oferece um total de 40 vagas.,0.7368421052631579,0.588235294117647,0.7368421052631579,0.7368421052631579,0.4240125351805037,0.9459167718887329,0.9871349334716797,0.9660863876342773,0.7368421052631579,0.0,14.6035,4
3,45,dense_rerank,"RESOLUÇÃO Nº 27-2024-Aprova  a criação do curso de Qualificação Profissional, de Formação Inicial e Continuada (FIC) em Aquicultor, no âmbito do IFPI e Anexo.pdf",Qual é a forma de acesso ao curso FIC em Aquicultor?,A forma de acesso ao curso FIC em Aquicultor é por meio de sorteio.,"O curso FIC em Aquicultor tem como requisito de acesso o ensino fundamental I incompleto, do 1º ao 5º ano.",0.4242424242424242,0.2580645161290323,0.30303030303030304,0.30303030303030304,0.13817790393734294,0.8766475915908813,0.9233978986740112,0.8994156718254089,0.4375,0.0,19.2219,4
3,45,bm25,CURSO_SUPERIOR_DE_TECNOLOGIA_EM_ANÁLISE_E_DESENVOLVIMENTO_DE_SISTEMAS.pdf,Em que ano o Curso Superior de Tecnologia em Análise e Desenvolvimento de Sistemas foi criado no Campus de Picos?,O Curso Superior de Tecnologia em Análise e Desenvolvimento de Sistemas foi criado no Campus de Picos em 2013.,O Curso Superior de Tecnologia em Análise e Desenvolvimento de Sistemas foi criado no Campus de Picos em 2013.,1.0,1.0,1.0,1.0,1.0,0.9999999403953552,0.9999999403953552,0.9999999403953552,1.0,1.0,17.6761,4
3,45,bm25,CURSO_SUPERIOR_DE_TECNOLOGIA_EM_ANÁLISE_E_DESENVOLVIMENTO_DE_SISTEMAS.pdf,Qual é a unidade de oferta do Curso Superior de Tecnologia em Análise e Desenvolvimento de Sistemas descrita no PPC?,A unidade de oferta do curso é o Campus Teresina Central.,"O Curso Superior de Tecnologia em Análise e Desenvolvimento de Sistemas é ofertado nos Campi Teresina Central, Floriano, Picos, Corrente, Pedro II e Parnaíba.",0.28571428571428575,0.06060606060606061,0.17142857142857143,0.17142857142857143,0.0,0.816821277141571,0.9077346920967102,0.8598816394805908,0.3636363636363636,0.0,21.3031,4
3,45,bm25,CURSO_SUPERIOR_DE_TECNOLOGIA_EM_ANÁLISE_E_DESENVOLVIMENTO_DE_SISTEMAS.pdf,Qual é a carga horária total do Curso Superior de Tecnologia em Análise e Desenvolvimento de Sistemas?,A carga horária total do curso é de 2100 horas.,"O Curso Superior de Tecnologia em Análise e Desenvolvimento de Sistemas possui uma carga horária total de 400 horas no primeiro módulo, além de mais 600 horas no segundo módulo, conforme detalhado na estrutura curricular apresentada.",0.2745098039215686,0.12244897959183673,0.23529411764705882,0.23529411764705882,0.0,0.8147163987159729,0.9141398668289185,0.8615692853927612,0.3,0.0,25.7949,4
3,45,bm25,CURSO_SUPERIOR_DE_TECNOLOGIA_EM_ANÁLISE_E_DESENVOLVIMENTO_DE_SISTEMAS.pdf,Quantas vagas por ano são ofertadas no Curso Superior de Tecnologia em Análise e Desenvolvimento de Sistemas?,O curso oferta 40 vagas por ano.,"O Curso Superior de Tecnologia em Análise e Desenvolvimento de Sistemas oferece uma quantidade de 40 vagas por ano no Campus Teresina Central, conforme informações do documento.",0.33333333333333326,0.23529411764705882,0.33333333333333326,0.33333333333333326,0.08914609827874222,0.8250495195388794,0.9438191652297974,0.8804469704627991,0.375,0.0,20.5397,4
3,45,bm25,"RESOLUÇÃO Nº 14-2025-Aprova a Criação do Curso de Aperfeiçoamento Escola da Terra, no âmbito do Instituto Federal de Educação, Ciência e Tecnologia do Piauí (IFPI) e Anexo..pdf",Qual é a carga horária total do curso Escola da Terra?,A carga horária total do curso Escola da Terra é de 180 horas.,"O curso Escola da Terra possui uma carga horária total de 294 horas destinadas ao estudo das disciplinas, além de 66 horas para o Trabalho de Conclusão de Curso.",0.4444444444444445,0.27906976744186046,0.26666666666666666,0.26666666666666666,0.11871704290088221,0.8634258508682251,0.9381551742553711,0.8992406129837036,0.5,0.0,22.5327,4
3,45,bm25,"RESOLUÇÃO Nº 14-2025-Aprova a Criação do Curso de Aperfeiçoamento Escola da Terra, no âmbito do Instituto Federal de Educação, Ciência e Tecnologia do Piauí (IFPI) e Anexo..pdf",Qual é a meta física do curso Escola da Terra em número de vagas?,A meta física do curso Escola da Terra é de 120 vagas.,A meta física do curso Escola da Terra é de 30 vagas.,0.9166666666666666,0.8181818181818182,0.9166666666666666,0.9166666666666666,0.7910665071754358,0.9954450726509094,0.9954450726509094,0.9954450726509094,0.9166666666666666,0.0,12.3725,4
3,45,bm25,"RESOLUÇÃO Nº 14-2025-Aprova a Criação do Curso de Aperfeiçoamento Escola da Terra, no âmbito do Instituto Federal de Educação, Ciência e Tecnologia do Piauí (IFPI) e Anexo..pdf",Quando está previsto o início do curso Escola da Terra?,O início do curso Escola da Terra está previsto para março de 2025.,Não encontrei essa informação no contexto fornecido.,0.16666666666666669,0.0,0.16666666666666669,0.16666666666666669,0.0,0.8219438791275024,0.8310289978981018,0.8264614343643188,0.0,0.0,12.1238,4
3,45,bm25,"RESOLUÇÃO Nº 14-2025-Aprova a Criação do Curso de Aperfeiçoamento Escola da Terra, no âmbito do Instituto Federal de Educação, Ciência e Tecnologia do Piauí (IFPI) e Anexo..pdf",Quem é o coordenador do curso Escola da Terra?,O coordenador do curso Escola da Terra é Gilson Mendes Araújo.,"O coordenador do curso de Licenciatura Intercultural Indígena é regulamentado pelo edital CAPES/PARFOR Equidade 023/2023, e a atuação do coordenador do curso e local do Parfor Equidade está estabelecida nesse mesmo edital.",0.17391304347826086,0.13636363636363635,0.17391304347826086,0.17391304347826086,0.06714082273626723,0.8106777667999268,0.8865677118301392,0.8469260931015015,0.2777777777777778,0.0,29.8437,4
3,45,bm25,"RESOLUÇÃO NORMATIVA Nº 236-2025-Prorroga o Plano Diretor de Tecnologia da Informação e Comunicação (PDTIC-2022-2024), do Instituto Federal de Educação, Ciência e Tecnologia do Piauí (IFPI) e Anexo.pdf",Para qual exercício foi prorrogada a vigência do PDTIC-2022/2024 do IFPI?,A vigência do PDTIC-2022/2024 foi prorrogada para o exercício de 2025.,Não encontrei essa informação no contexto fornecido.,0.08333333333333334,0.0,0.08333333333333334,0.08333333333333334,0.0,0.8213146328926086,0.798200786113739,0.8095927238464355,0.0,0.0,12.5536,4
3,45,bm25,"RESOLUÇÃO NORMATIVA Nº 236-2025-Prorroga o Plano Diretor de Tecnologia da Informação e Comunicação (PDTIC-2022-2024), do Instituto Federal de Educação, Ciência e Tecnologia do Piauí (IFPI) e Anexo.pdf",Qual resolução foi revogada pela Resolução Normativa nº 236 de 2025?,"Foi revogada a Resolução Normativa nº 133/2022 - CONSELHO SUPERIOR, de 29 de abril de 2022.","A Resolução Normativa nº 236 de 2025 revogou a Resolução Normativa nº 43/2021 - CONSELHO SUPERIOR, de 10 de junho de 2021.",0.48780487804878053,0.30769230769230765,0.48780487804878053,0.48780487804878053,0.24835336815593248,0.9547911882400513,0.9592360854148865,0.9570085406303406,0.5185185185185186,0.0,27.4636,4
3,45,bm25,"RESOLUÇÃO NORMATIVA Nº 236-2025-Prorroga o Plano Diretor de Tecnologia da Informação e Comunicação (PDTIC-2022-2024), do Instituto Federal de Educação, Ciência e Tecnologia do Piauí (IFPI) e Anexo.pdf",Quais são as três fases da metodologia de elaboração do PDTIC descritas no documento?,"As três fases da metodologia de elaboração do PDTIC são Preparação, Diagnóstico e Planejamento.","As três fases da metodologia de elaboração do PDTIC são Preparação, Diagnóstico e Planejamento.",1.0,1.0,1.0,1.0,1.0,1.0,1.0,1.0,1.0,1.0,16.3178,4
3,45,bm25,"RESOLUÇÃO NORMATIVA Nº 236-2025-Prorroga o Plano Diretor de Tecnologia da Informação e Comunicação (PDTIC-2022-2024), do Instituto Federal de Educação, Ciência e Tecnologia do Piauí (IFPI) e Anexo.pdf",Em que guia se baseou a metodologia de elaboração do PDTIC do IFPI?,"A metodologia de elaboração do PDTIC do IFPI baseou-se no Guia de PDTIC do SISP, versão 2.0, adaptado à realidade do IFPI.","A metodologia de elaboração do PDTIC do IFPI baseou-se no Guia de PDTIC do SISP, versão 2.0, que foi adaptado à realidade da instituição.",0.8679245283018867,0.823529411764706,0.8679245283018867,0.8679245283018867,0.7488856162563027,0.9856879115104675,0.9934456944465637,0.9895516037940979,0.9,0.0,22.5805,4
3,45,bm25,"RESOLUÇÃO NORMATIVA Nº 223-2024-Atualiza a Regulamentação do planejamento e o registro das atividades acadêmicas dos docentes da Carreira do Magistério do Ensino Básico, Técnico e Tecnológico do IFPI.pdf",Quais são os regimes de trabalho previstos para os docentes do EBTT no IFPI?,"Os regimes de trabalho previstos são 40 horas com dedicação exclusiva, 40 horas e 20 horas semanais.",Os regimes de trabalho previstos para os docentes do EBTT no IFPI são o tempo integral de 40 horas semanais ou o tempo parcial de 20 horas semanais.,0.5416666666666666,0.34782608695652173,0.5416666666666666,0.5416666666666666,0.22419056820298167,0.8977761268615723,0.9364239573478699,0.916692852973938,0.5714285714285714,0.0,21.8689,4
3,45,bm25,"RESOLUÇÃO NORMATIVA Nº 223-2024-Atualiza a Regulamentação do planejamento e o registro das atividades acadêmicas dos docentes da Carreira do Magistério do Ensino Básico, Técnico e Tecnológico do IFPI.pdf","Para cada hora de regência de aulas, quantas horas adicionais o docente computará para atividades de organização e apoio ao ensino?","Para cada hora de regência de aulas, o docente computará uma hora adicional para atividades de organização e apoio ao ensino.","Para cada hora de regência de aula, o docente deverá registrar uma hora de organização e apoio ao ensino.",0.8181818181818182,0.6666666666666666,0.8181818181818182,0.8181818181818182,0.5382008965108557,0.9565843343734741,0.9403003454208374,0.9483724236488342,0.787878787878788,0.0,16.5683,4
3,45,bm25,"RESOLUÇÃO NORMATIVA Nº 218-2024-Estab. normas, critérios e proc. para a participação de docentes (DE) em atividades remuneradas.pdf","Qual é o limite anual de horas para a participação esporádica remunerada em palestras, conferências e atividades artísticas e culturais de docentes em dedicação exclusiva?",O limite anual é de 30 horas.,"O limite anual de horas para a participação esporádica remunerada em palestras, conferências e atividades artísticas e culturais de docentes em dedicação exclusiva é de 30 horas.",0.3243243243243243,0.2857142857142857,0.3243243243243243,0.3243243243243243,0.16110518603734317,0.8159329891204834,0.9581412076950073,0.8813374042510986,0.4827586206896552,0.0,22.4108,4
3,45,bm25,"RESOLUÇÃO NORMATIVA Nº 218-2024-Estab. normas, critérios e proc. para a participação de docentes (DE) em atividades remuneradas.pdf",Qual é o limite de carga horária para atividades remuneradas eventuais previstas no artigo 7º da Resolução Normativa nº 218 de 2024?,As atividades remuneradas eventuais não podem exceder 8 horas semanais ou 416 horas anuais.,Não encontrei essa informação no contexto fornecido.,0.16666666666666669,0.09090909090909091,0.16666666666666669,0.16666666666666669,0.0,0.8233992457389832,0.8057843446731567,0.814496636390686,0.1,0.0,12.2406,4
3,45,bm25,"RESOLUÇÃO NORMATIVA Nº 217-2024-Atualiza o Regimento Interno da Comissão Permanente de Pessoal Docente (CPPD), no âmbito do Instituto Federal de Educação, Ciência e Tecnologia do Piauí (IFPI)..pdf",Como é composta a CPPD do IFPI em número de membros titulares e suplentes?,"A CPPD do IFPI é composta por 10 docentes, sendo 5 representantes titulares e 5 representantes suplentes.","A composição da Comissão Permanente de Pessoal Docente do IFPI é feita por chapas registradas, compostas por dois docentes, com indicação do titular e suplente.",0.27906976744186046,0.04878048780487805,0.27906976744186046,0.27906976744186046,0.0,0.8804346919059753,0.9170075058937073,0.8983490467071533,0.3684210526315789,0.0,21.3547,4
3,45,bm25,"RESOLUÇÃO NORMATIVA Nº 217-2024-Atualiza o Regimento Interno da Comissão Permanente de Pessoal Docente (CPPD), no âmbito do Instituto Federal de Educação, Ciência e Tecnologia do Piauí (IFPI)..pdf",Qual é o mandato dos integrantes da CPPD do IFPI?,"O mandato dos integrantes da CPPD é de 4 anos, com possibilidade de uma única recondução por igual período.","Os membros da CPPD são designados pelo Reitor, após escolha pelos seus pares, para cumprirem um mandato de quatro anos, admitindo-se uma única reeleição para período subsequente, sem limite para mandatos alternados.",0.38596491228070173,0.1090909090909091,0.3157894736842105,0.3157894736842105,0.0,0.8508672118186951,0.9019008278846741,0.8756410479545593,0.32653061224489793,0.0,26.3345,4
3,45,bm25,"RESOLUÇÃO Nº 27-2024-Aprova  a criação do curso de Qualificação Profissional, de Formação Inicial e Continuada (FIC) em Aquicultor, no âmbito do IFPI e Anexo.pdf",Quantas vagas são ofertadas no curso FIC em Aquicultor?,O curso FIC em Aquicultor oferta 40 vagas.,Não encontrei essa informação no contexto fornecido.,0.11764705882352941,0.0,0.11764705882352941,0.11764705882352941,0.0,0.8231986165046692,0.8388471603393555,0.8309492468833923,0.0,0.0,12.2274,4
3,45,bm25,"RESOLUÇÃO Nº 27-2024-Aprova  a criação do curso de Qualificação Profissional, de Formação Inicial e Continuada (FIC) em Aquicultor, no âmbito do IFPI e Anexo.pdf",Qual é a forma de acesso ao curso FIC em Aquicultor?,A forma de acesso ao curso FIC em Aquicultor é por meio de sorteio.,"O acesso ao curso FIC em Aquicultor será por meio de edital de seleção, com processo seletivo realizado através de prova escrita específica.",0.5128205128205128,0.3783783783783784,0.46153846153846156,0.46153846153846156,0.24835336815593242,0.9104467034339905,0.9522331357002258,0.9308712482452393,0.5294117647058824,0.0,20.5955,4
3,45,tfidf,CURSO_SUPERIOR_DE_TECNOLOGIA_EM_ANÁLISE_E_DESENVOLVIMENTO_DE_SISTEMAS.pdf,Em que ano o Curso Superior de Tecnologia em Análise e Desenvolvimento de Sistemas foi criado no Campus de Picos?,O Curso Superior de Tecnologia em Análise e Desenvolvimento de Sistemas foi criado no Campus de Picos em 2013.,O Curso Superior de Tecnologia em Análise e Desenvolvimento de Sistemas foi criado no Campus de Picos em 2013.,1.0,1.0,1.0,1.0,1.0,0.9999999403953552,0.9999999403953552,0.9999999403953552,1.0,1.0,17.5582,4
3,45,tfidf,CURSO_SUPERIOR_DE_TECNOLOGIA_EM_ANÁLISE_E_DESENVOLVIMENTO_DE_SISTEMAS.pdf,Qual é a unidade de oferta do Curso Superior de Tecnologia em Análise e Desenvolvimento de Sistemas descrita no PPC?,A unidade de oferta do curso é o Campus Teresina Central.,"O Curso Superior de Tecnologia em Análise e Desenvolvimento de Sistemas é ofertado nos Campi Teresina Central, Floriano, Picos, Corrente, Pedro II e Parnaíba.",0.28571428571428575,0.06060606060606061,0.17142857142857143,0.17142857142857143,0.0,0.816821277141571,0.9077346920967102,0.8598816394805908,0.3636363636363636,0.0,23.6106,4
3,45,tfidf,CURSO_SUPERIOR_DE_TECNOLOGIA_EM_ANÁLISE_E_DESENVOLVIMENTO_DE_SISTEMAS.pdf,Qual é a carga horária total do Curso Superior de Tecnologia em Análise e Desenvolvimento de Sistemas?,A carga horária total do curso é de 2100 horas.,Não encontrei essa informação no contexto fornecido.,0.0,0.0,0.0,0.0,0.0,0.8249529004096985,0.8356121182441711,0.8302482962608337,0.0,0.0,12.8111,4
3,45,tfidf,CURSO_SUPERIOR_DE_TECNOLOGIA_EM_ANÁLISE_E_DESENVOLVIMENTO_DE_SISTEMAS.pdf,Quantas vagas por ano são ofertadas no Curso Superior de Tecnologia em Análise e Desenvolvimento de Sistemas?,O curso oferta 40 vagas por ano.,"No Campus de Floriano, o Curso Superior de Tecnologia em Análise e Desenvolvimento de Sistemas oferece 35 vagas no turno da tarde, enquanto no Campus de Picos são ofertadas 40 vagas no turno da noite para o ano de 2025.2.",0.2,0.08333333333333333,0.2,0.2,0.0,0.8188979625701904,0.9087571501731873,0.8614906072616577,0.2777777777777778,0.0,27.2913,4
3,45,tfidf,"RESOLUÇÃO Nº 14-2025-Aprova a Criação do Curso de Aperfeiçoamento Escola da Terra, no âmbito do Instituto Federal de Educação, Ciência e Tecnologia do Piauí (IFPI) e Anexo..pdf",Qual é a carga horária total do curso Escola da Terra?,A carga horária total do curso Escola da Terra é de 180 horas.,"O curso de Especialização Escola da Terra possui uma carga horária total de 495 horas, sendo 257 horas em Tempo-Universidade e 103 horas em Tempo-Escola/Comunidade.",0.4651162790697674,0.2439024390243903,0.27906976744186046,0.27906976744186046,0.0,0.8809854984283447,0.9372314810752869,0.9082384705543518,0.5142857142857142,0.0,27.058,4
3,45,tfidf,"RESOLUÇÃO Nº 14-2025-Aprova a Criação do Curso de Aperfeiçoamento Escola da Terra, no âmbito do Instituto Federal de Educação, Ciência e Tecnologia do Piauí (IFPI) e Anexo..pdf",Qual é a meta física do curso Escola da Terra em número de vagas?,A meta física do curso Escola da Terra é de 120 vagas.,A meta física do curso Escola da Terra é de 60 vagas para professores da educação básica que atuam em escolas do campo e possuem certificação em curso de aperfeiçoamento.,0.4782608695652174,0.4090909090909091,0.4782608695652174,0.4782608695652174,0.2991528889155785,0.8609741926193237,0.9757529497146606,0.9147772192955017,0.5945945945945945,0.0,21.9447,4
3,45,tfidf,"RESOLUÇÃO Nº 14-2025-Aprova a Criação do Curso de Aperfeiçoamento Escola da Terra, no âmbito do Instituto Federal de Educação, Ciência e Tecnologia do Piauí (IFPI) e Anexo..pdf",Quando está previsto o início do curso Escola da Terra?,O início do curso Escola da Terra está previsto para março de 2025.,O início do Curso Aperfeiçoamento Escola da Terra está previsto para o primeiro semestre de 2024.,0.7878787878787877,0.5806451612903226,0.7878787878787877,0.7878787878787877,0.37709297891717664,0.8994907736778259,0.9575713872909546,0.9276228547096252,0.7857142857142856,0.0,17.1372,4
3,45,tfidf,"RESOLUÇÃO Nº 14-2025-Aprova a Criação do Curso de Aperfeiçoamento Escola da Terra, no âmbito do Instituto Federal de Educação, Ciência e Tecnologia do Piauí (IFPI) e Anexo..pdf",Quem é o coordenador do curso Escola da Terra?,O coordenador do curso Escola da Terra é Gilson Mendes Araújo.,Não encontrei essa informação no contexto fornecido.,0.09999999999999999,0.0,0.09999999999999999,0.09999999999999999,0.0,0.8250470161437988,0.8430057168006897,0.833929717540741,0.0,0.0,12.6188,4
3,45,tfidf,"RESOLUÇÃO NORMATIVA Nº 236-2025-Prorroga o Plano Diretor de Tecnologia da Informação e Comunicação (PDTIC-2022-2024), do Instituto Federal de Educação, Ciência e Tecnologia do Piauí (IFPI) e Anexo.pdf",Para qual exercício foi prorrogada a vigência do PDTIC-2022/2024 do IFPI?,A vigência do PDTIC-2022/2024 foi prorrogada para o exercício de 2025.,"O Plano Diretor de Tecnologia da Informação e Comunicação (PDTIC-2022/2024) do IFPI teve a vigência prorrogada para o exercício de 2025, conforme estabelecido na Resolução Normativa nº 236.",0.5599999999999999,0.4166666666666667,0.4,0.4,0.1834283688193615,0.8566336035728455,0.9619570970535278,0.9062454700469971,0.5853658536585366,0.0,29.789,4
3,45,tfidf,"RESOLUÇÃO NORMATIVA Nº 236-2025-Prorroga o Plano Diretor de Tecnologia da Informação e Comunicação (PDTIC-2022-2024), do Instituto Federal de Educação, Ciência e Tecnologia do Piauí (IFPI) e Anexo.pdf",Qual resolução foi revogada pela Resolução Normativa nº 236 de 2025?,"Foi revogada a Resolução Normativa nº 133/2022 - CONSELHO SUPERIOR, de 29 de abril de 2022.",Não encontrei essa informação no contexto fornecido.,0.15384615384615383,0.0,0.07692307692307691,0.07692307692307691,0.0,0.8195531368255615,0.7702820301055908,0.7941540479660034,0.0,0.0,8.7973,4
3,45,tfidf,"RESOLUÇÃO NORMATIVA Nº 236-2025-Prorroga o Plano Diretor de Tecnologia da Informação e Comunicação (PDTIC-2022-2024), do Instituto Federal de Educação, Ciência e Tecnologia do Piauí (IFPI) e Anexo.pdf",Quais são as três fases da metodologia de elaboração do PDTIC descritas no documento?,"As três fases da metodologia de elaboração do PDTIC são Preparação, Diagnóstico e Planejamento.","As três fases da metodologia de elaboração do PDTIC descritas no documento são Preparação, Diagnóstico e a fase de execução de processos específicos em harmonia com os instrumentos de planejamento da instituição.",0.6440677966101694,0.5614035087719298,0.6440677966101694,0.6440677966101694,0.33725973214458643,0.9000369906425476,0.9629424214363098,0.9304276704788208,0.6666666666666666,0.0,22.7892,4
3,45,tfidf,"RESOLUÇÃO NORMATIVA Nº 236-2025-Prorroga o Plano Diretor de Tecnologia da Informação e Comunicação (PDTIC-2022-2024), do Instituto Federal de Educação, Ciência e Tecnologia do Piauí (IFPI) e Anexo.pdf",Em que guia se baseou a metodologia de elaboração do PDTIC do IFPI?,"A metodologia de elaboração do PDTIC do IFPI baseou-se no Guia de PDTIC do SISP, versão 2.0, adaptado à realidade do IFPI.","A metodologia de elaboração do PDTIC do IFPI baseou-se em instrumentos de planejamento da instituição, como o Plano de Desenvolvimento Institucional, a Estratégia de Governança Digital e a Instrução Normativa SGD/ME nº 31/2021.",0.3939393939393939,0.3125,0.3939393939393939,0.3939393939393939,0.2112482780971751,0.8373352885246277,0.90305095911026,0.8689524531364441,0.37499999999999994,0.0,29.4548,4
3,45,tfidf,"RESOLUÇÃO NORMATIVA Nº 223-2024-Atualiza a Regulamentação do planejamento e o registro das atividades acadêmicas dos docentes da Carreira do Magistério do Ensino Básico, Técnico e Tecnológico do IFPI.pdf",Quais são os regimes de trabalho previstos para os docentes do EBTT no IFPI?,"Os regimes de trabalho previstos são 40 horas com dedicação exclusiva, 40 horas e 20 horas semanais.",Os regimes de trabalho previstos para os docentes do EBTT no IFPI são o tempo integral de 40 horas semanais e o tempo parcial de 20 horas semanais.,0.5833333333333334,0.34782608695652173,0.5833333333333334,0.5833333333333334,0.22872196013470597,0.8990827202796936,0.938060998916626,0.9181584119796753,0.6285714285714286,0.0,22.0393,4
3,45,tfidf,"RESOLUÇÃO NORMATIVA Nº 223-2024-Atualiza a Regulamentação do planejamento e o registro das atividades acadêmicas dos docentes da Carreira do Magistério do Ensino Básico, Técnico e Tecnológico do IFPI.pdf","Para cada hora de regência de aulas, quantas horas adicionais o docente computará para atividades de organização e apoio ao ensino?","Para cada hora de regência de aulas, o docente computará uma hora adicional para atividades de organização e apoio ao ensino.","Para cada hora de regência de aulas, o docente computará uma hora de organização e apoio ao ensino.",0.9302325581395349,0.8780487804878049,0.9302325581395349,0.9302325581395349,0.7854475723304021,0.992283821105957,0.9769299030303955,0.9845470190048218,0.9375,0.0,16.6171,4
3,45,tfidf,"RESOLUÇÃO NORMATIVA Nº 218-2024-Estab. normas, critérios e proc. para a participação de docentes (DE) em atividades remuneradas.pdf","Qual é o limite anual de horas para a participação esporádica remunerada em palestras, conferências e atividades artísticas e culturais de docentes em dedicação exclusiva?",O limite anual é de 30 horas.,"O limite anual de horas para a participação esporádica remunerada em palestras, conferências e atividades artísticas e culturais de docentes em dedicação exclusiva é de 30 horas.",0.3243243243243243,0.2857142857142857,0.3243243243243243,0.3243243243243243,0.16110518603734317,0.8159329891204834,0.9581412076950073,0.8813374042510986,0.4827586206896552,0.0,22.2253,4
3,45,tfidf,"RESOLUÇÃO NORMATIVA Nº 218-2024-Estab. normas, critérios e proc. para a participação de docentes (DE) em atividades remuneradas.pdf",Qual é o limite de carga horária para atividades remuneradas eventuais previstas no artigo 7º da Resolução Normativa nº 218 de 2024?,As atividades remuneradas eventuais não podem exceder 8 horas semanais ou 416 horas anuais.,Não encontrei essa informação no contexto fornecido.,0.16666666666666669,0.09090909090909091,0.16666666666666669,0.16666666666666669,0.0,0.8233992457389832,0.8057843446731567,0.814496636390686,0.1,0.0,13.5934,4
3,45,tfidf,"RESOLUÇÃO NORMATIVA Nº 217-2024-Atualiza o Regimento Interno da Comissão Permanente de Pessoal Docente (CPPD), no âmbito do Instituto Federal de Educação, Ciência e Tecnologia do Piauí (IFPI)..pdf",Como é composta a CPPD do IFPI em número de membros titulares e suplentes?,"A CPPD do IFPI é composta por 10 docentes, sendo 5 representantes titulares e 5 representantes suplentes.","A composição da Comissão Permanente de Pessoal Docente do IFPI é feita por membros titulares e suplentes, sendo que cada chapa eleita é composta por dois docentes, com a indicação do titular e do suplente.",0.3846153846153846,0.12000000000000001,0.2692307692307693,0.2692307692307693,0.0,0.8759652972221375,0.9246257543563843,0.8996380567550659,0.5,0.0,24.9318,4
3,45,tfidf,"RESOLUÇÃO NORMATIVA Nº 217-2024-Atualiza o Regimento Interno da Comissão Permanente de Pessoal Docente (CPPD), no âmbito do Instituto Federal de Educação, Ciência e Tecnologia do Piauí (IFPI)..pdf",Qual é o mandato dos integrantes da CPPD do IFPI?,"O mandato dos integrantes da CPPD é de 4 anos, com possibilidade de uma única recondução por igual período.",O contexto recuperado não apresenta informações sobre o período de mandato dos integrantes da CPPD do IFPI.,0.5,0.2631578947368421,0.3,0.3,0.19712779182815254,0.884350061416626,0.8682583570480347,0.8762302994728088,0.47058823529411764,0.0,16.0043,4
3,45,tfidf,"RESOLUÇÃO Nº 27-2024-Aprova  a criação do curso de Qualificação Profissional, de Formação Inicial e Continuada (FIC) em Aquicultor, no âmbito do IFPI e Anexo.pdf",Quantas vagas são ofertadas no curso FIC em Aquicultor?,O curso FIC em Aquicultor oferta 40 vagas.,O curso FIC em Aquicultor oferece um total de 40 vagas.,0.7368421052631579,0.588235294117647,0.7368421052631579,0.7368421052631579,0.4240125351805037,0.9459167718887329,0.9871349334716797,0.9660863876342773,0.7368421052631579,0.0,14.7594,4
3,45,tfidf,"RESOLUÇÃO Nº 27-2024-Aprova  a criação do curso de Qualificação Profissional, de Formação Inicial e Continuada (FIC) em Aquicultor, no âmbito do IFPI e Anexo.pdf",Qual é a forma de acesso ao curso FIC em Aquicultor?,A forma de acesso ao curso FIC em Aquicultor é por meio de sorteio.,"O curso FIC em Aquicultor tem como requisito de acesso o Ensino Fundamental I incompleto, do 1º ao 5º ano.",0.4242424242424242,0.2580645161290323,0.30303030303030304,0.30303030303030304,0.13817790393734294,0.868803858757019,0.9238361120223999,0.8954752683639526,0.4375,0.0,19.556,4
4,46,dense_no_rerank,CURSO_SUPERIOR_DE_TECNOLOGIA_EM_ANÁLISE_E_DESENVOLVIMENTO_DE_SISTEMAS.pdf,Em que ano o Curso Superior de Tecnologia em Análise e Desenvolvimento de Sistemas foi criado no Campus de Picos?,O Curso Superior de Tecnologia em Análise e Desenvolvimento de Sistemas foi criado no Campus de Picos em 2013.,O Curso Superior de Tecnologia em Análise e Desenvolvimento de Sistemas foi criado no Campus de Picos em 2013.,1.0,1.0,1.0,1.0,1.0,0.9999999403953552,0.9999999403953552,0.9999999403953552,1.0,1.0,20.0937,4
4,46,dense_no_rerank,CURSO_SUPERIOR_DE_TECNOLOGIA_EM_ANÁLISE_E_DESENVOLVIMENTO_DE_SISTEMAS.pdf,Qual é a unidade de oferta do Curso Superior de Tecnologia em Análise e Desenvolvimento de Sistemas descrita no PPC?,A unidade de oferta do curso é o Campus Teresina Central.,A unidade de oferta do Curso Superior de Tecnologia em Análise e Desenvolvimento de Sistemas é o Campus Teresina Central.,0.6666666666666666,0.5714285714285714,0.6666666666666666,0.6666666666666666,0.394100477098606,0.8748151063919067,0.9795048236846924,0.9242047071456909,0.7586206896551725,0.0,17.0448,4
4,46,dense_no_rerank,CURSO_SUPERIOR_DE_TECNOLOGIA_EM_ANÁLISE_E_DESENVOLVIMENTO_DE_SISTEMAS.pdf,Qual é a carga horária total do Curso Superior de Tecnologia em Análise e Desenvolvimento de Sistemas?,A carga horária total do curso é de 2100 horas.,A carga horária total do Curso Superior de Tecnologia em Sistemas para Internet é de 2.100 horas.,0.6428571428571429,0.46153846153846156,0.6428571428571429,0.6428571428571429,0.25772294506990867,0.8713124394416809,0.9634993672370911,0.915090024471283,0.6666666666666667,0.0,17.2255,4
4,46,dense_no_rerank,CURSO_SUPERIOR_DE_TECNOLOGIA_EM_ANÁLISE_E_DESENVOLVIMENTO_DE_SISTEMAS.pdf,Quantas vagas por ano são ofertadas no Curso Superior de Tecnologia em Análise e Desenvolvimento de Sistemas?,O curso oferta 40 vagas por ano.,"O Curso Superior de Tecnologia em Análise e Desenvolvimento de Sistemas oferece uma quantidade de 40 vagas por ano no turno vespertino, no Campus Teresina Central.",0.35294117647058826,0.25,0.35294117647058826,0.35294117647058826,0.09251599780696446,0.822972297668457,0.9461147785186768,0.8802577257156372,0.4,0.0,20.8703,4
4,46,dense_no_rerank,"RESOLUÇÃO Nº 14-2025-Aprova a Criação do Curso de Aperfeiçoamento Escola da Terra, no âmbito do Instituto Federal de Educação, Ciência e Tecnologia do Piauí (IFPI) e Anexo..pdf",Qual é a carga horária total do curso Escola da Terra?,A carga horária total do curso Escola da Terra é de 180 horas.,A carga horária total do curso Escola da Terra é de 180 horas.,1.0,1.0,1.0,1.0,1.0,1.0,1.0,1.0,1.0,1.0,16.581,4
4,46,dense_no_rerank,"RESOLUÇÃO Nº 14-2025-Aprova a Criação do Curso de Aperfeiçoamento Escola da Terra, no âmbito do Instituto Federal de Educação, Ciência e Tecnologia do Piauí (IFPI) e Anexo..pdf",Qual é a meta física do curso Escola da Terra em número de vagas?,A meta física do curso Escola da Terra é de 120 vagas.,A meta física do curso Escola da Terra é de 120 vagas para professoras e coordenadoras pedagógicas de turmas multisseriadas.,0.7272727272727273,0.7096774193548387,0.7272727272727273,0.7272727272727273,0.5471114295717522,0.8801493048667908,0.9877628684043884,0.9308561682701111,0.7741935483870968,0.0,21.0247,4
4,46,dense_no_rerank,"RESOLUÇÃO Nº 14-2025-Aprova a Criação do Curso de Aperfeiçoamento Escola da Terra, no âmbito do Instituto Federal de Educação, Ciência e Tecnologia do Piauí (IFPI) e Anexo..pdf",Quando está previsto o início do curso Escola da Terra?,O início do curso Escola da Terra está previsto para março de 2025.,"O curso de Especialização Escola da Terra está previsto para iniciar no primeiro semestre de 2025 nos campi do Instituto Federal de Educação, Ciência e Tecnologia do Piauí.",0.5217391304347827,0.27272727272727276,0.4347826086956521,0.4347826086956521,0.19037861963633804,0.8779458403587341,0.94632488489151,0.9108538031578064,0.5789473684210525,0.0,23.3741,4
4,46,dense_no_rerank,"RESOLUÇÃO Nº 14-2025-Aprova a Criação do Curso de Aperfeiçoamento Escola da Terra, no âmbito do Instituto Federal de Educação, Ciência e Tecnologia do Piauí (IFPI) e Anexo..pdf",Quem é o coordenador do curso Escola da Terra?,O coordenador do curso Escola da Terra é Gilson Mendes Araújo.,O coordenador do curso Escola da Terra é o Prof. Me. Emanuel Alcântara da Silva.,0.5384615384615385,0.5,0.5384615384615385,0.5384615384615385,0.40052744847255717,0.892876148223877,0.956995964050293,0.9238248467445374,0.6666666666666667,0.0,16.1832,4
4,46,dense_no_rerank,"RESOLUÇÃO NORMATIVA Nº 236-2025-Prorroga o Plano Diretor de Tecnologia da Informação e Comunicação (PDTIC-2022-2024), do Instituto Federal de Educação, Ciência e Tecnologia do Piauí (IFPI) e Anexo.pdf",Para qual exercício foi prorrogada a vigência do PDTIC-2022/2024 do IFPI?,A vigência do PDTIC-2022/2024 foi prorrogada para o exercício de 2025.,A vigência do Plano Diretor de Tecnologia da Informação e Comunicação (PDTIC-2022/2024) do IFPI foi prorrogada para o exercício de 2025.,0.7142857142857143,0.6,0.7142857142857143,0.7142857142857143,0.3619779110707069,0.8878629803657532,0.9830116033554077,0.9330177307128906,0.7647058823529412,0.0,24.7417,4
4,46,dense_no_rerank,"RESOLUÇÃO NORMATIVA Nº 236-2025-Prorroga o Plano Diretor de Tecnologia da Informação e Comunicação (PDTIC-2022-2024), do Instituto Federal de Educação, Ciência e Tecnologia do Piauí (IFPI) e Anexo.pdf",Qual resolução foi revogada pela Resolução Normativa nº 236 de 2025?,"Foi revogada a Resolução Normativa nº 133/2022 - CONSELHO SUPERIOR, de 29 de abril de 2022.","A Resolução Normativa nº 236 de 2025 revogou a Resolução nº 15/2021 - CONSELHO SUPERIOR, de 19 de maio de 2021, e a Resolução NormaAva nº 206/2024- CONSELHO SUPERIOR, de 13 de maio de 2024.",0.35714285714285715,0.22222222222222218,0.35714285714285715,0.35714285714285715,0.1222627823979477,0.910374641418457,0.9322649240493774,0.9211897850036621,0.4375,0.0,41.4713,4
4,46,dense_no_rerank,"RESOLUÇÃO NORMATIVA Nº 236-2025-Prorroga o Plano Diretor de Tecnologia da Informação e Comunicação (PDTIC-2022-2024), do Instituto Federal de Educação, Ciência e Tecnologia do Piauí (IFPI) e Anexo.pdf",Quais são as três fases da metodologia de elaboração do PDTIC descritas no documento?,"As três fases da metodologia de elaboração do PDTIC são Preparação, Diagnóstico e Planejamento.","As três fases da metodologia de elaboração do PDTIC, descritas no documento, são Preparação, Diagnóstico e Planejamento.",0.9268292682926829,0.8717948717948718,0.9268292682926829,0.9268292682926829,0.6577160909911662,0.9655930995941162,0.9953510165214539,0.9802462458610535,0.9032258064516129,0.0,18.4934,4
4,46,dense_no_rerank,"RESOLUÇÃO NORMATIVA Nº 236-2025-Prorroga o Plano Diretor de Tecnologia da Informação e Comunicação (PDTIC-2022-2024), do Instituto Federal de Educação, Ciência e Tecnologia do Piauí (IFPI) e Anexo.pdf",Em que guia se baseou a metodologia de elaboração do PDTIC do IFPI?,"A metodologia de elaboração do PDTIC do IFPI baseou-se no Guia de PDTIC do SISP, versão 2.0, adaptado à realidade do IFPI.","A metodologia de elaboração do PDTIC do IFPI baseou-se no Guia de PDTIC do SISP, versão 2.0, adaptado à realidade da instituição.",0.9019607843137256,0.8979591836734694,0.9019607843137256,0.9019607843137256,0.8817739004515716,0.9951040148735046,0.9970126748085022,0.996057391166687,0.9473684210526316,0.0,21.8592,4
4,46,dense_no_rerank,"RESOLUÇÃO NORMATIVA Nº 223-2024-Atualiza a Regulamentação do planejamento e o registro das atividades acadêmicas dos docentes da Carreira do Magistério do Ensino Básico, Técnico e Tecnológico do IFPI.pdf",Quais são os regimes de trabalho previstos para os docentes do EBTT no IFPI?,"Os regimes de trabalho previstos são 40 horas com dedicação exclusiva, 40 horas e 20 horas semanais.","De acordo com a resolução, os docentes do EBTT no IFPI devem cumprir as atividades planejadas e desenvolvidas de forma que totalizem a quantidade de horas semanais previstas em seus respectivos regimes de trabalho, conforme estabelecido para a gestão e regência de aulas na Portaria MEC Nº 750/2024.",0.28169014084507044,0.08695652173913045,0.16901408450704222,0.16901408450704222,0.0,0.8091121315956116,0.8702670335769653,0.838576078414917,0.2857142857142857,0.0,32.9423,4
4,46,dense_no_rerank,"RESOLUÇÃO NORMATIVA Nº 223-2024-Atualiza a Regulamentação do planejamento e o registro das atividades acadêmicas dos docentes da Carreira do Magistério do Ensino Básico, Técnico e Tecnológico do IFPI.pdf","Para cada hora de regência de aulas, quantas horas adicionais o docente computará para atividades de organização e apoio ao ensino?","Para cada hora de regência de aulas, o docente computará uma hora adicional para atividades de organização e apoio ao ensino.","Para cada hora de regência de aulas, o docente computará uma hora de organização e apoio ao ensino.",0.9302325581395349,0.8780487804878049,0.9302325581395349,0.9302325581395349,0.7854475723304021,0.992283821105957,0.9769299030303955,0.9845470190048218,0.9375,0.0,16.4367,4
4,46,dense_no_rerank,"RESOLUÇÃO NORMATIVA Nº 218-2024-Estab. normas, critérios e proc. para a participação de docentes (DE) em atividades remuneradas.pdf","Qual é o limite anual de horas para a participação esporádica remunerada em palestras, conferências e atividades artísticas e culturais de docentes em dedicação exclusiva?",O limite anual é de 30 horas.,"O limite anual de horas para a participação esporádica remunerada em palestras, conferências e atividades artísticas e culturais de docentes em dedicação exclusiva é de 30 horas, conforme estabelecido na resolução normativa.",0.27906976744186046,0.24390243902439027,0.27906976744186046,0.27906976744186046,0.09885362316286796,0.808221161365509,0.947899341583252,0.8725054264068604,0.4117647058823529,0.0,24.9993,4
4,46,dense_no_rerank,"RESOLUÇÃO NORMATIVA Nº 218-2024-Estab. normas, critérios e proc. para a participação de docentes (DE) em atividades remuneradas.pdf",Qual é o limite de carga horária para atividades remuneradas eventuais previstas no artigo 7º da Resolução Normativa nº 218 de 2024?,As atividades remuneradas eventuais não podem exceder 8 horas semanais ou 416 horas anuais.,"A carga horária dedicada à prestação institucional de serviços por docente em regime de dedicação exclusiva, quando remunerada, não pode ultrapassar 8 horas semanais ou 416 horas anuais, em atendimento ao previsto no §4º do Art. 21 da Lei nº 12.772/2012.",0.29032258064516125,0.23333333333333334,0.29032258064516125,0.29032258064516125,0.12331859801673,0.8199409246444702,0.9187633395195007,0.8665437698364258,0.2641509433962264,0.0,33.9982,4
4,46,dense_no_rerank,"RESOLUÇÃO NORMATIVA Nº 217-2024-Atualiza o Regimento Interno da Comissão Permanente de Pessoal Docente (CPPD), no âmbito do Instituto Federal de Educação, Ciência e Tecnologia do Piauí (IFPI)..pdf",Como é composta a CPPD do IFPI em número de membros titulares e suplentes?,"A CPPD do IFPI é composta por 10 docentes, sendo 5 representantes titulares e 5 representantes suplentes.","A Comissão Permanente de Pessoal Docente do IFPI é composta por 10 docentes da carreira de Ensino Básico, Técnico e Tecnológico, sendo 5 representantes titulares e 5 representantes suplentes.",0.625,0.5217391304347827,0.625,0.625,0.4599040342685214,0.8838053345680237,0.972201943397522,0.925898551940918,0.7000000000000001,0.0,24.1192,4
4,46,dense_no_rerank,"RESOLUÇÃO NORMATIVA Nº 217-2024-Atualiza o Regimento Interno da Comissão Permanente de Pessoal Docente (CPPD), no âmbito do Instituto Federal de Educação, Ciência e Tecnologia do Piauí (IFPI)..pdf",Qual é o mandato dos integrantes da CPPD do IFPI?,"O mandato dos integrantes da CPPD é de 4 anos, com possibilidade de uma única recondução por igual período.","Os integrantes da CPPD do IFPI têm mandato de quatro anos, com possibilidade de uma única recondução por igual período.",0.7906976744186046,0.6341463414634148,0.7441860465116279,0.7441860465116279,0.5941559820562806,0.9663041830062866,0.9723584651947021,0.9693218469619751,0.7567567567567567,0.0,18.1729,4
4,46,dense_no_rerank,"RESOLUÇÃO Nº 27-2024-Aprova  a criação do curso de Qualificação Profissional, de Formação Inicial e Continuada (FIC) em Aquicultor, no âmbito do IFPI e Anexo.pdf",Quantas vagas são ofertadas no curso FIC em Aquicultor?,O curso FIC em Aquicultor oferta 40 vagas.,O curso FIC em Aquicultor oferece um total de 40 vagas.,0.7368421052631579,0.588235294117647,0.7368421052631579,0.7368421052631579,0.4240125351805037,0.9459167718887329,0.9871349334716797,0.9660863876342773,0.7368421052631579,0.0,14.4462,4
4,46,dense_no_rerank,"RESOLUÇÃO Nº 27-2024-Aprova  a criação do curso de Qualificação Profissional, de Formação Inicial e Continuada (FIC) em Aquicultor, no âmbito do IFPI e Anexo.pdf",Qual é a forma de acesso ao curso FIC em Aquicultor?,A forma de acesso ao curso FIC em Aquicultor é por meio de sorteio.,"O curso FIC em Aquicultor tem como requisito de acesso o ensino fundamental I incompleto, do 1º ao 5º ano.",0.4242424242424242,0.2580645161290323,0.30303030303030304,0.30303030303030304,0.13817790393734294,0.8766475915908813,0.9233978986740112,0.8994156718254089,0.4375,0.0,18.9729,4
4,46,dense_rerank,CURSO_SUPERIOR_DE_TECNOLOGIA_EM_ANÁLISE_E_DESENVOLVIMENTO_DE_SISTEMAS.pdf,Em que ano o Curso Superior de Tecnologia em Análise e Desenvolvimento de Sistemas foi criado no Campus de Picos?,O Curso Superior de Tecnologia em Análise e Desenvolvimento de Sistemas foi criado no Campus de Picos em 2013.,O Curso Superior de Tecnologia em Análise e Desenvolvimento de Sistemas foi criado no Campus de Picos em 2013.,1.0,1.0,1.0,1.0,1.0,0.9999999403953552,0.9999999403953552,0.9999999403953552,1.0,1.0,18.0082,4
4,46,dense_rerank,CURSO_SUPERIOR_DE_TECNOLOGIA_EM_ANÁLISE_E_DESENVOLVIMENTO_DE_SISTEMAS.pdf,Qual é a unidade de oferta do Curso Superior de Tecnologia em Análise e Desenvolvimento de Sistemas descrita no PPC?,A unidade de oferta do curso é o Campus Teresina Central.,"O Curso Superior de Tecnologia em Análise e Desenvolvimento de Sistemas é ofertado nos Campi Teresina Central, Floriano, Picos, Corrente, Pedro II e Parnaíba.",0.28571428571428575,0.06060606060606061,0.17142857142857143,0.17142857142857143,0.0,0.816821277141571,0.9077346920967102,0.8598816394805908,0.3636363636363636,0.0,21.3277,4
4,46,dense_rerank,CURSO_SUPERIOR_DE_TECNOLOGIA_EM_ANÁLISE_E_DESENVOLVIMENTO_DE_SISTEMAS.pdf,Qual é a carga horária total do Curso Superior de Tecnologia em Análise e Desenvolvimento de Sistemas?,A carga horária total do curso é de 2100 horas.,"A carga horária total do Curso Superior de Tecnologia em Análise e Desenvolvimento de Sistemas é de 400 horas por módulo/semana, conforme apresentado na estrutura curricular do curso.",0.4390243902439024,0.30769230769230765,0.4390243902439024,0.4390243902439024,0.14291173574075158,0.8303691148757935,0.9654767513275146,0.8928406238555908,0.5142857142857143,0.0,22.0096,4
4,46,dense_rerank,CURSO_SUPERIOR_DE_TECNOLOGIA_EM_ANÁLISE_E_DESENVOLVIMENTO_DE_SISTEMAS.pdf,Quantas vagas por ano são ofertadas no Curso Superior de Tecnologia em Análise e Desenvolvimento de Sistemas?,O curso oferta 40 vagas por ano.,"No ano de 2025, o Curso Superior de Tecnologia em Análise e Desenvolvimento de Sistemas terá uma oferta de 40 vagas por turno, tanto no turno noite quanto no turno tarde, em alguns campi do IFPI.",0.3181818181818182,0.14285714285714285,0.27272727272727276,0.27272727272727276,0.0,0.8228514194488525,0.927708625793457,0.872139573097229,0.4,0.0,25.2141,4
4,46,dense_rerank,"RESOLUÇÃO Nº 14-2025-Aprova a Criação do Curso de Aperfeiçoamento Escola da Terra, no âmbito do Instituto Federal de Educação, Ciência e Tecnologia do Piauí (IFPI) e Anexo..pdf",Qual é a carga horária total do curso Escola da Terra?,A carga horária total do curso Escola da Terra é de 180 horas.,"O curso Escola da Terra, no nível de aperfeiçoamento, possui carga horária total de 180 horas, sendo 126 horas presenciais no tempo-universidade e 54 horas no tempo-escola/comunidade.",0.47826086956521735,0.36363636363636365,0.30434782608695654,0.30434782608695654,0.13307637507950731,0.8621993660926819,0.9464261531829834,0.9023516178131104,0.5555555555555555,0.0,30.4565,4
4,46,dense_rerank,"RESOLUÇÃO Nº 14-2025-Aprova a Criação do Curso de Aperfeiçoamento Escola da Terra, no âmbito do Instituto Federal de Educação, Ciência e Tecnologia do Piauí (IFPI) e Anexo..pdf",Qual é a meta física do curso Escola da Terra em número de vagas?,A meta física do curso Escola da Terra é de 120 vagas.,A meta física do curso Escola da Terra é de 120 vagas para professoras e coordenadoras pedagógicas de turmas multisseriadas.,0.7272727272727273,0.7096774193548387,0.7272727272727273,0.7272727272727273,0.5471114295717522,0.8801493048667908,0.9877628684043884,0.9308561682701111,0.7741935483870968,0.0,21.4834,4
4,46,dense_rerank,"RESOLUÇÃO Nº 14-2025-Aprova a Criação do Curso de Aperfeiçoamento Escola da Terra, no âmbito do Instituto Federal de Educação, Ciência e Tecnologia do Piauí (IFPI) e Anexo..pdf",Quando está previsto o início do curso Escola da Terra?,O início do curso Escola da Terra está previsto para março de 2025.,"O curso Escola da Terra está previsto para iniciar no primeiro semestre de 2024, conforme autorizado pela Resolução nº 78/2024 e Resolução nº 79/2024, com atividades no sul do Piauí entre outubro de 2024 e novembro de 2025.",0.4210526315789473,0.2545454545454546,0.38596491228070173,0.38596491228070173,0.1593216826999276,0.8359376192092896,0.9485840797424316,0.8887054920196533,0.5,0.0,36.9826,4
4,46,dense_rerank,"RESOLUÇÃO Nº 14-2025-Aprova a Criação do Curso de Aperfeiçoamento Escola da Terra, no âmbito do Instituto Federal de Educação, Ciência e Tecnologia do Piauí (IFPI) e Anexo..pdf",Quem é o coordenador do curso Escola da Terra?,O coordenador do curso Escola da Terra é Gilson Mendes Araújo.,O coordenador do curso Escola da Terra é o Prof. Me. Emanuel Alcântara da Silva.,0.5384615384615385,0.5,0.5384615384615385,0.5384615384615385,0.40052744847255717,0.892876148223877,0.956995964050293,0.9238248467445374,0.6666666666666667,0.0,16.2205,4
4,46,dense_rerank,"RESOLUÇÃO NORMATIVA Nº 236-2025-Prorroga o Plano Diretor de Tecnologia da Informação e Comunicação (PDTIC-2022-2024), do Instituto Federal de Educação, Ciência e Tecnologia do Piauí (IFPI) e Anexo.pdf",Para qual exercício foi prorrogada a vigência do PDTIC-2022/2024 do IFPI?,A vigência do PDTIC-2022/2024 foi prorrogada para o exercício de 2025.,A vigência do Plano Diretor de Tecnologia da Informação e Comunicação (PDTIC-2022/2024) do IFPI foi prorrogada para o exercício de 2025.,0.7142857142857143,0.6,0.7142857142857143,0.7142857142857143,0.3619779110707069,0.8878629803657532,0.9830116033554077,0.9330177307128906,0.7647058823529412,0.0,24.9607,4
4,46,dense_rerank,"RESOLUÇÃO NORMATIVA Nº 236-2025-Prorroga o Plano Diretor de Tecnologia da Informação e Comunicação (PDTIC-2022-2024), do Instituto Federal de Educação, Ciência e Tecnologia do Piauí (IFPI) e Anexo.pdf",Qual resolução foi revogada pela Resolução Normativa nº 236 de 2025?,"Foi revogada a Resolução Normativa nº 133/2022 - CONSELHO SUPERIOR, de 29 de abril de 2022.","A Resolução Normativa nº 236 de 2025 revogou a Resolução nº 15/2021 - CONSELHO SUPERIOR, de 19 de maio de 2021, e a Resolução NormaAva nº 206/2024- CONSELHO SUPERIOR, de 13 de maio de 2024.",0.35714285714285715,0.22222222222222218,0.35714285714285715,0.35714285714285715,0.1222627823979477,0.910374641418457,0.9322649240493774,0.9211897850036621,0.4375,0.0,43.0393,4
4,46,dense_rerank,"RESOLUÇÃO NORMATIVA Nº 236-2025-Prorroga o Plano Diretor de Tecnologia da Informação e Comunicação (PDTIC-2022-2024), do Instituto Federal de Educação, Ciência e Tecnologia do Piauí (IFPI) e Anexo.pdf",Quais são as três fases da metodologia de elaboração do PDTIC descritas no documento?,"As três fases da metodologia de elaboração do PDTIC são Preparação, Diagnóstico e Planejamento.","As três fases da metodologia de elaboração do PDTIC são Preparação, Diagnóstico e Planejamento.",1.0,1.0,1.0,1.0,1.0,1.0,1.0,1.0,1.0,1.0,16.506,4
4,46,dense_rerank,"RESOLUÇÃO NORMATIVA Nº 236-2025-Prorroga o Plano Diretor de Tecnologia da Informação e Comunicação (PDTIC-2022-2024), do Instituto Federal de Educação, Ciência e Tecnologia do Piauí (IFPI) e Anexo.pdf",Em que guia se baseou a metodologia de elaboração do PDTIC do IFPI?,"A metodologia de elaboração do PDTIC do IFPI baseou-se no Guia de PDTIC do SISP, versão 2.0, adaptado à realidade do IFPI.","A metodologia de elaboração do PDTIC do IFPI baseou-se no Guia de PDTIC do SISP, versão 2.0, adaptado à realidade da instituição.",0.9019607843137256,0.8979591836734694,0.9019607843137256,0.9019607843137256,0.8817739004515716,0.9951040148735046,0.9970126748085022,0.996057391166687,0.9473684210526316,0.0,21.8684,4
4,46,dense_rerank,"RESOLUÇÃO NORMATIVA Nº 223-2024-Atualiza a Regulamentação do planejamento e o registro das atividades acadêmicas dos docentes da Carreira do Magistério do Ensino Básico, Técnico e Tecnológico do IFPI.pdf",Quais são os regimes de trabalho previstos para os docentes do EBTT no IFPI?,"Os regimes de trabalho previstos são 40 horas com dedicação exclusiva, 40 horas e 20 horas semanais.","Os regimes de trabalho previstos para os docentes do EBTT no IFPI são tempo integral de 40 horas semanais com dedicação exclusiva, tempo integral de 40 horas semanais ou tempo parcial de 20 horas semanais de trabalho.",0.6206896551724138,0.42857142857142855,0.6206896551724138,0.6206896551724138,0.20613242702593446,0.9090074300765991,0.9667177200317383,0.936974823474884,0.7027027027027025,0.0,27.2585,4
4,46,dense_rerank,"RESOLUÇÃO NORMATIVA Nº 223-2024-Atualiza a Regulamentação do planejamento e o registro das atividades acadêmicas dos docentes da Carreira do Magistério do Ensino Básico, Técnico e Tecnológico do IFPI.pdf","Para cada hora de regência de aulas, quantas horas adicionais o docente computará para atividades de organização e apoio ao ensino?","Para cada hora de regência de aulas, o docente computará uma hora adicional para atividades de organização e apoio ao ensino.",Não encontrei essa informação no contexto fornecido.,0.125,0.0,0.125,0.125,0.0,0.8275346755981445,0.8195750117301941,0.8235356211662292,0.0,0.0,12.1998,4
4,46,dense_rerank,"RESOLUÇÃO NORMATIVA Nº 218-2024-Estab. normas, critérios e proc. para a participação de docentes (DE) em atividades remuneradas.pdf","Qual é o limite anual de horas para a participação esporádica remunerada em palestras, conferências e atividades artísticas e culturais de docentes em dedicação exclusiva?",O limite anual é de 30 horas.,"O limite anual de horas para a participação esporádica remunerada em palestras, conferências e atividades artísticas e culturais de docentes em dedicação exclusiva é de 30 horas.",0.3243243243243243,0.2857142857142857,0.3243243243243243,0.3243243243243243,0.16110518603734317,0.8159329891204834,0.9581412076950073,0.8813374042510986,0.4827586206896552,0.0,22.7583,4
4,46,dense_rerank,"RESOLUÇÃO NORMATIVA Nº 218-2024-Estab. normas, critérios e proc. para a participação de docentes (DE) em atividades remuneradas.pdf",Qual é o limite de carga horária para atividades remuneradas eventuais previstas no artigo 7º da Resolução Normativa nº 218 de 2024?,As atividades remuneradas eventuais não podem exceder 8 horas semanais ou 416 horas anuais.,"O limite de carga horária para atividades remuneradas eventuais, no caso de servidores docentes com dedicação exclusiva ou com 20 ou 40 horas, é de 8 horas semanais ou 416 horas anuais, conforme previsto na Resolução Normativa nº 207 de 2024.",0.4137931034482758,0.2857142857142857,0.3793103448275862,0.3793103448275862,0.15589340552404063,0.8480509519577026,0.9276635646820068,0.88607257604599,0.391304347826087,0.0,32.6177,4
4,46,dense_rerank,"RESOLUÇÃO NORMATIVA Nº 217-2024-Atualiza o Regimento Interno da Comissão Permanente de Pessoal Docente (CPPD), no âmbito do Instituto Federal de Educação, Ciência e Tecnologia do Piauí (IFPI)..pdf",Como é composta a CPPD do IFPI em número de membros titulares e suplentes?,"A CPPD do IFPI é composta por 10 docentes, sendo 5 representantes titulares e 5 representantes suplentes.","A Comissão Permanente de Pessoal Docente do IFPI é composta por 10 docentes da carreira de Ensino Básico, Técnico e Tecnológico, sendo 5 representantes titulares e 5 representantes suplentes.",0.625,0.5217391304347827,0.625,0.625,0.4599040342685214,0.8838053345680237,0.972201943397522,0.925898551940918,0.7000000000000001,0.0,23.8796,4
4,46,dense_rerank,"RESOLUÇÃO NORMATIVA Nº 217-2024-Atualiza o Regimento Interno da Comissão Permanente de Pessoal Docente (CPPD), no âmbito do Instituto Federal de Educação, Ciência e Tecnologia do Piauí (IFPI)..pdf",Qual é o mandato dos integrantes da CPPD do IFPI?,"O mandato dos integrantes da CPPD é de 4 anos, com possibilidade de uma única recondução por igual período.","Os integrantes da Comissão Permanente de Pessoal Docente do IFPI têm um mandato de 4 anos, podendo ser reconduzidos por um único período igual.",0.5106382978723405,0.17777777777777778,0.3404255319148936,0.3404255319148936,0.12789533377801793,0.8666247129440308,0.9038090705871582,0.8848263621330261,0.45,0.0,20.4218,4
4,46,dense_rerank,"RESOLUÇÃO Nº 27-2024-Aprova  a criação do curso de Qualificação Profissional, de Formação Inicial e Continuada (FIC) em Aquicultor, no âmbito do IFPI e Anexo.pdf",Quantas vagas são ofertadas no curso FIC em Aquicultor?,O curso FIC em Aquicultor oferta 40 vagas.,O curso FIC em Aquicultor oferece um total de 40 vagas.,0.7368421052631579,0.588235294117647,0.7368421052631579,0.7368421052631579,0.4240125351805037,0.9459167718887329,0.9871349334716797,0.9660863876342773,0.7368421052631579,0.0,14.6649,4
4,46,dense_rerank,"RESOLUÇÃO Nº 27-2024-Aprova  a criação do curso de Qualificação Profissional, de Formação Inicial e Continuada (FIC) em Aquicultor, no âmbito do IFPI e Anexo.pdf",Qual é a forma de acesso ao curso FIC em Aquicultor?,A forma de acesso ao curso FIC em Aquicultor é por meio de sorteio.,"O curso FIC em Aquicultor tem como requisito de acesso o ensino fundamental I incompleto, do 1º ao 5º ano.",0.4242424242424242,0.2580645161290323,0.30303030303030304,0.30303030303030304,0.13817790393734294,0.8766475915908813,0.9233978986740112,0.8994156718254089,0.4375,0.0,19.1766,4
4,46,bm25,CURSO_SUPERIOR_DE_TECNOLOGIA_EM_ANÁLISE_E_DESENVOLVIMENTO_DE_SISTEMAS.pdf,Em que ano o Curso Superior de Tecnologia em Análise e Desenvolvimento de Sistemas foi criado no Campus de Picos?,O Curso Superior de Tecnologia em Análise e Desenvolvimento de Sistemas foi criado no Campus de Picos em 2013.,O Curso Superior de Tecnologia em Análise e Desenvolvimento de Sistemas foi criado no Campus de Picos em 2013.,1.0,1.0,1.0,1.0,1.0,0.9999999403953552,0.9999999403953552,0.9999999403953552,1.0,1.0,17.7173,4
4,46,bm25,CURSO_SUPERIOR_DE_TECNOLOGIA_EM_ANÁLISE_E_DESENVOLVIMENTO_DE_SISTEMAS.pdf,Qual é a unidade de oferta do Curso Superior de Tecnologia em Análise e Desenvolvimento de Sistemas descrita no PPC?,A unidade de oferta do curso é o Campus Teresina Central.,"O Curso Superior de Tecnologia em Análise e Desenvolvimento de Sistemas é ofertado nos Campi Teresina Central, Floriano, Picos, Corrente, Pedro II e Parnaíba.",0.28571428571428575,0.06060606060606061,0.17142857142857143,0.17142857142857143,0.0,0.816821277141571,0.9077346920967102,0.8598816394805908,0.3636363636363636,0.0,21.3689,4
4,46,bm25,CURSO_SUPERIOR_DE_TECNOLOGIA_EM_ANÁLISE_E_DESENVOLVIMENTO_DE_SISTEMAS.pdf,Qual é a carga horária total do Curso Superior de Tecnologia em Análise e Desenvolvimento de Sistemas?,A carga horária total do curso é de 2100 horas.,"O Curso Superior de Tecnologia em Análise e Desenvolvimento de Sistemas possui uma carga horária total de 400 horas no primeiro módulo, além de mais 600 horas no segundo módulo, conforme detalhado na estrutura curricular apresentada.",0.2745098039215686,0.12244897959183673,0.23529411764705882,0.23529411764705882,0.0,0.8147163987159729,0.9141398668289185,0.8615692853927612,0.3,0.0,25.9064,4
4,46,bm25,CURSO_SUPERIOR_DE_TECNOLOGIA_EM_ANÁLISE_E_DESENVOLVIMENTO_DE_SISTEMAS.pdf,Quantas vagas por ano são ofertadas no Curso Superior de Tecnologia em Análise e Desenvolvimento de Sistemas?,O curso oferta 40 vagas por ano.,"O Curso Superior de Tecnologia em Análise e Desenvolvimento de Sistemas oferece uma quantidade de 40 vagas por ano no Campus Teresina Central, conforme informações do documento.",0.33333333333333326,0.23529411764705882,0.33333333333333326,0.33333333333333326,0.08914609827874222,0.8250495195388794,0.9438191652297974,0.8804469704627991,0.375,0.0,20.4507,4
4,46,bm25,"RESOLUÇÃO Nº 14-2025-Aprova a Criação do Curso de Aperfeiçoamento Escola da Terra, no âmbito do Instituto Federal de Educação, Ciência e Tecnologia do Piauí (IFPI) e Anexo..pdf",Qual é a carga horária total do curso Escola da Terra?,A carga horária total do curso Escola da Terra é de 180 horas.,"O curso Escola da Terra possui uma carga horária total de 294 horas destinadas ao estudo das disciplinas, além de 66 horas para o Trabalho de Conclusão de Curso.",0.4444444444444445,0.27906976744186046,0.26666666666666666,0.26666666666666666,0.11871704290088221,0.8634258508682251,0.9381551742553711,0.8992406129837036,0.5,0.0,22.5316,4
4,46,bm25,"RESOLUÇÃO Nº 14-2025-Aprova a Criação do Curso de Aperfeiçoamento Escola da Terra, no âmbito do Instituto Federal de Educação, Ciência e Tecnologia do Piauí (IFPI) e Anexo..pdf",Qual é a meta física do curso Escola da Terra em número de vagas?,A meta física do curso Escola da Terra é de 120 vagas.,A meta física do curso Escola da Terra é de 30 vagas.,0.9166666666666666,0.8181818181818182,0.9166666666666666,0.9166666666666666,0.7910665071754358,0.9954450726509094,0.9954450726509094,0.9954450726509094,0.9166666666666666,0.0,12.442,4
4,46,bm25,"RESOLUÇÃO Nº 14-2025-Aprova a Criação do Curso de Aperfeiçoamento Escola da Terra, no âmbito do Instituto Federal de Educação, Ciência e Tecnologia do Piauí (IFPI) e Anexo..pdf",Quando está previsto o início do curso Escola da Terra?,O início do curso Escola da Terra está previsto para março de 2025.,Não encontrei essa informação no contexto fornecido.,0.16666666666666669,0.0,0.16666666666666669,0.16666666666666669,0.0,0.8219438791275024,0.8310289978981018,0.8264614343643188,0.0,0.0,12.0786,4
4,46,bm25,"RESOLUÇÃO Nº 14-2025-Aprova a Criação do Curso de Aperfeiçoamento Escola da Terra, no âmbito do Instituto Federal de Educação, Ciência e Tecnologia do Piauí (IFPI) e Anexo..pdf",Quem é o coordenador do curso Escola da Terra?,O coordenador do curso Escola da Terra é Gilson Mendes Araújo.,"O coordenador do curso de Licenciatura Intercultural Indígena é regulamentado pelo edital CAPES/PARFOR Equidade 023/2023, e no curso de Licenciatura Letras Inglês, o coordenador do curso atua como presidente do Núcleo Docente Estruturante.",0.16666666666666669,0.13043478260869565,0.16666666666666669,0.16666666666666669,0.06364996151971677,0.8157038688659668,0.8940727114677429,0.8530922532081604,0.2631578947368421,0.0,33.0029,4
4,46,bm25,"RESOLUÇÃO NORMATIVA Nº 236-2025-Prorroga o Plano Diretor de Tecnologia da Informação e Comunicação (PDTIC-2022-2024), do Instituto Federal de Educação, Ciência e Tecnologia do Piauí (IFPI) e Anexo.pdf",Para qual exercício foi prorrogada a vigência do PDTIC-2022/2024 do IFPI?,A vigência do PDTIC-2022/2024 foi prorrogada para o exercício de 2025.,Não encontrei essa informação no contexto fornecido.,0.08333333333333334,0.0,0.08333333333333334,0.08333333333333334,0.0,0.8213146328926086,0.798200786113739,0.8095927238464355,0.0,0.0,12.5547,4
4,46,bm25,"RESOLUÇÃO NORMATIVA Nº 236-2025-Prorroga o Plano Diretor de Tecnologia da Informação e Comunicação (PDTIC-2022-2024), do Instituto Federal de Educação, Ciência e Tecnologia do Piauí (IFPI) e Anexo.pdf",Qual resolução foi revogada pela Resolução Normativa nº 236 de 2025?,"Foi revogada a Resolução Normativa nº 133/2022 - CONSELHO SUPERIOR, de 29 de abril de 2022.","A Resolução Normativa nº 236 de 2025 revogou a Resolução Normativa nº 43/2021 - CONSELHO SUPERIOR, de 10 de junho de 2021.",0.48780487804878053,0.30769230769230765,0.48780487804878053,0.48780487804878053,0.24835336815593248,0.9547911882400513,0.9592360854148865,0.9570085406303406,0.5185185185185186,0.0,27.4954,4
4,46,bm25,"RESOLUÇÃO NORMATIVA Nº 236-2025-Prorroga o Plano Diretor de Tecnologia da Informação e Comunicação (PDTIC-2022-2024), do Instituto Federal de Educação, Ciência e Tecnologia do Piauí (IFPI) e Anexo.pdf",Quais são as três fases da metodologia de elaboração do PDTIC descritas no documento?,"As três fases da metodologia de elaboração do PDTIC são Preparação, Diagnóstico e Planejamento.","As três fases da metodologia de elaboração do PDTIC são Preparação, Diagnóstico e Planejamento.",1.0,1.0,1.0,1.0,1.0,1.0,1.0,1.0,1.0,1.0,16.2176,4
4,46,bm25,"RESOLUÇÃO NORMATIVA Nº 236-2025-Prorroga o Plano Diretor de Tecnologia da Informação e Comunicação (PDTIC-2022-2024), do Instituto Federal de Educação, Ciência e Tecnologia do Piauí (IFPI) e Anexo.pdf",Em que guia se baseou a metodologia de elaboração do PDTIC do IFPI?,"A metodologia de elaboração do PDTIC do IFPI baseou-se no Guia de PDTIC do SISP, versão 2.0, adaptado à realidade do IFPI.","A metodologia de elaboração do PDTIC do IFPI baseou-se no Guia de PDTIC do SISP, versão 2.0, que foi adaptado à realidade da instituição.",0.8679245283018867,0.823529411764706,0.8679245283018867,0.8679245283018867,0.7488856162563027,0.9856879115104675,0.9934456944465637,0.9895516037940979,0.9,0.0,22.5292,4
4,46,bm25,"RESOLUÇÃO NORMATIVA Nº 223-2024-Atualiza a Regulamentação do planejamento e o registro das atividades acadêmicas dos docentes da Carreira do Magistério do Ensino Básico, Técnico e Tecnológico do IFPI.pdf",Quais são os regimes de trabalho previstos para os docentes do EBTT no IFPI?,"Os regimes de trabalho previstos são 40 horas com dedicação exclusiva, 40 horas e 20 horas semanais.",Os regimes de trabalho previstos para os docentes do EBTT no IFPI são o tempo integral de 40 horas semanais ou o tempo parcial de 20 horas semanais.,0.5416666666666666,0.34782608695652173,0.5416666666666666,0.5416666666666666,0.22419056820298167,0.8977761268615723,0.9364239573478699,0.916692852973938,0.5714285714285714,0.0,21.8702,4
4,46,bm25,"RESOLUÇÃO NORMATIVA Nº 223-2024-Atualiza a Regulamentação do planejamento e o registro das atividades acadêmicas dos docentes da Carreira do Magistério do Ensino Básico, Técnico e Tecnológico do IFPI.pdf","Para cada hora de regência de aulas, quantas horas adicionais o docente computará para atividades de organização e apoio ao ensino?","Para cada hora de regência de aulas, o docente computará uma hora adicional para atividades de organização e apoio ao ensino.","Para cada hora de regência de aula, o docente deverá registrar uma hora de organização e apoio ao ensino.",0.8181818181818182,0.6666666666666666,0.8181818181818182,0.8181818181818182,0.5382008965108557,0.9565843343734741,0.9403003454208374,0.9483724236488342,0.787878787878788,0.0,16.6576,4
4,46,bm25,"RESOLUÇÃO NORMATIVA Nº 218-2024-Estab. normas, critérios e proc. para a participação de docentes (DE) em atividades remuneradas.pdf","Qual é o limite anual de horas para a participação esporádica remunerada em palestras, conferências e atividades artísticas e culturais de docentes em dedicação exclusiva?",O limite anual é de 30 horas.,"O limite anual de horas para a participação esporádica remunerada em palestras, conferências e atividades artísticas e culturais de docentes em dedicação exclusiva é de 30 horas.",0.3243243243243243,0.2857142857142857,0.3243243243243243,0.3243243243243243,0.16110518603734317,0.8159329891204834,0.9581412076950073,0.8813374042510986,0.4827586206896552,0.0,22.3395,4
4,46,bm25,"RESOLUÇÃO NORMATIVA Nº 218-2024-Estab. normas, critérios e proc. para a participação de docentes (DE) em atividades remuneradas.pdf",Qual é o limite de carga horária para atividades remuneradas eventuais previstas no artigo 7º da Resolução Normativa nº 218 de 2024?,As atividades remuneradas eventuais não podem exceder 8 horas semanais ou 416 horas anuais.,Não encontrei essa informação no contexto fornecido.,0.16666666666666669,0.09090909090909091,0.16666666666666669,0.16666666666666669,0.0,0.8233992457389832,0.8057843446731567,0.814496636390686,0.1,0.0,12.2081,4
4,46,bm25,"RESOLUÇÃO NORMATIVA Nº 217-2024-Atualiza o Regimento Interno da Comissão Permanente de Pessoal Docente (CPPD), no âmbito do Instituto Federal de Educação, Ciência e Tecnologia do Piauí (IFPI)..pdf",Como é composta a CPPD do IFPI em número de membros titulares e suplentes?,"A CPPD do IFPI é composta por 10 docentes, sendo 5 representantes titulares e 5 representantes suplentes.","A composição da Comissão Permanente de Pessoal Docente do IFPI é feita por chapas registradas, compostas por dois docentes, com indicação do titular e suplente.",0.27906976744186046,0.04878048780487805,0.27906976744186046,0.27906976744186046,0.0,0.8804346919059753,0.9170075058937073,0.8983490467071533,0.3684210526315789,0.0,21.4549,4
4,46,bm25,"RESOLUÇÃO NORMATIVA Nº 217-2024-Atualiza o Regimento Interno da Comissão Permanente de Pessoal Docente (CPPD), no âmbito do Instituto Federal de Educação, Ciência e Tecnologia do Piauí (IFPI)..pdf",Qual é o mandato dos integrantes da CPPD do IFPI?,"O mandato dos integrantes da CPPD é de 4 anos, com possibilidade de uma única recondução por igual período.","Os integrantes da CPPD do IFPI cumprem um mandato de quatro anos, admitindo-se uma única reeleição para período subsequente, sem limite para mandatos alternados.",0.46808510638297873,0.17777777777777778,0.425531914893617,0.425531914893617,0.0,0.8708896636962891,0.9096985459327698,0.8898711800575256,0.42857142857142855,0.0,22.1878,4
4,46,bm25,"RESOLUÇÃO Nº 27-2024-Aprova  a criação do curso de Qualificação Profissional, de Formação Inicial e Continuada (FIC) em Aquicultor, no âmbito do IFPI e Anexo.pdf",Quantas vagas são ofertadas no curso FIC em Aquicultor?,O curso FIC em Aquicultor oferta 40 vagas.,Não encontrei essa informação no contexto fornecido.,0.11764705882352941,0.0,0.11764705882352941,0.11764705882352941,0.0,0.8231986165046692,0.8388471603393555,0.8309492468833923,0.0,0.0,12.1783,4
4,46,bm25,"RESOLUÇÃO Nº 27-2024-Aprova  a criação do curso de Qualificação Profissional, de Formação Inicial e Continuada (FIC) em Aquicultor, no âmbito do IFPI e Anexo.pdf",Qual é a forma de acesso ao curso FIC em Aquicultor?,A forma de acesso ao curso FIC em Aquicultor é por meio de sorteio.,"O acesso ao curso FIC em Aquicultor será por meio de edital de seleção, com processo seletivo realizado através de prova escrita específica.",0.5128205128205128,0.3783783783783784,0.46153846153846156,0.46153846153846156,0.24835336815593242,0.9104467034339905,0.9522331357002258,0.9308712482452393,0.5294117647058824,0.0,20.6267,4
4,46,tfidf,CURSO_SUPERIOR_DE_TECNOLOGIA_EM_ANÁLISE_E_DESENVOLVIMENTO_DE_SISTEMAS.pdf,Em que ano o Curso Superior de Tecnologia em Análise e Desenvolvimento de Sistemas foi criado no Campus de Picos?,O Curso Superior de Tecnologia em Análise e Desenvolvimento de Sistemas foi criado no Campus de Picos em 2013.,O Curso Superior de Tecnologia em Análise e Desenvolvimento de Sistemas foi criado no Campus de Picos em 2013.,1.0,1.0,1.0,1.0,1.0,0.9999999403953552,0.9999999403953552,0.9999999403953552,1.0,1.0,17.6098,4
4,46,tfidf,CURSO_SUPERIOR_DE_TECNOLOGIA_EM_ANÁLISE_E_DESENVOLVIMENTO_DE_SISTEMAS.pdf,Qual é a unidade de oferta do Curso Superior de Tecnologia em Análise e Desenvolvimento de Sistemas descrita no PPC?,A unidade de oferta do curso é o Campus Teresina Central.,"O Curso Superior de Tecnologia em Análise e Desenvolvimento de Sistemas é ofertado nos Campi Teresina Central, Floriano, Picos, Corrente, Pedro II e Parnaíba.",0.28571428571428575,0.06060606060606061,0.17142857142857143,0.17142857142857143,0.0,0.816821277141571,0.9077346920967102,0.8598816394805908,0.3636363636363636,0.0,23.5364,4
4,46,tfidf,CURSO_SUPERIOR_DE_TECNOLOGIA_EM_ANÁLISE_E_DESENVOLVIMENTO_DE_SISTEMAS.pdf,Qual é a carga horária total do Curso Superior de Tecnologia em Análise e Desenvolvimento de Sistemas?,A carga horária total do curso é de 2100 horas.,Não encontrei essa informação no contexto fornecido.,0.0,0.0,0.0,0.0,0.0,0.8249529004096985,0.8356121182441711,0.8302482962608337,0.0,0.0,12.8038,4
4,46,tfidf,CURSO_SUPERIOR_DE_TECNOLOGIA_EM_ANÁLISE_E_DESENVOLVIMENTO_DE_SISTEMAS.pdf,Quantas vagas por ano são ofertadas no Curso Superior de Tecnologia em Análise e Desenvolvimento de Sistemas?,O curso oferta 40 vagas por ano.,"No Campus de Floriano, o Curso Superior de Tecnologia em Análise e Desenvolvimento de Sistemas oferece 35 vagas no turno da tarde, enquanto no Campus de Picos são ofertadas 40 vagas no turno da noite para o ano de 2025.2.",0.2,0.08333333333333333,0.2,0.2,0.0,0.8188979625701904,0.9087571501731873,0.8614906072616577,0.2777777777777778,0.0,27.3033,4
4,46,tfidf,"RESOLUÇÃO Nº 14-2025-Aprova a Criação do Curso de Aperfeiçoamento Escola da Terra, no âmbito do Instituto Federal de Educação, Ciência e Tecnologia do Piauí (IFPI) e Anexo..pdf",Qual é a carga horária total do curso Escola da Terra?,A carga horária total do curso Escola da Terra é de 180 horas.,"O curso de Especialização Escola da Terra possui uma carga horária total de 495 horas, sendo 257 horas em Tempo-Universidade e 103 horas em Tempo-Escola/Comunidade.",0.4651162790697674,0.2439024390243903,0.27906976744186046,0.27906976744186046,0.0,0.8809854984283447,0.9372314810752869,0.9082384705543518,0.5142857142857142,0.0,27.099,4
4,46,tfidf,"RESOLUÇÃO Nº 14-2025-Aprova a Criação do Curso de Aperfeiçoamento Escola da Terra, no âmbito do Instituto Federal de Educação, Ciência e Tecnologia do Piauí (IFPI) e Anexo..pdf",Qual é a meta física do curso Escola da Terra em número de vagas?,A meta física do curso Escola da Terra é de 120 vagas.,A meta física do curso Escola da Terra é de 60 vagas para professores da educação básica que atuam em escolas do campo e possuem certificação em curso de aperfeiçoamento.,0.4782608695652174,0.4090909090909091,0.4782608695652174,0.4782608695652174,0.2991528889155785,0.8609741926193237,0.9757529497146606,0.9147772192955017,0.5945945945945945,0.0,21.9912,4
4,46,tfidf,"RESOLUÇÃO Nº 14-2025-Aprova a Criação do Curso de Aperfeiçoamento Escola da Terra, no âmbito do Instituto Federal de Educação, Ciência e Tecnologia do Piauí (IFPI) e Anexo..pdf",Quando está previsto o início do curso Escola da Terra?,O início do curso Escola da Terra está previsto para março de 2025.,O início do Curso Aperfeiçoamento Escola da Terra está previsto para o primeiro semestre de 2024.,0.7878787878787877,0.5806451612903226,0.7878787878787877,0.7878787878787877,0.37709297891717664,0.8994907736778259,0.9575713872909546,0.9276228547096252,0.7857142857142856,0.0,17.1576,4
4,46,tfidf,"RESOLUÇÃO Nº 14-2025-Aprova a Criação do Curso de Aperfeiçoamento Escola da Terra, no âmbito do Instituto Federal de Educação, Ciência e Tecnologia do Piauí (IFPI) e Anexo..pdf",Quem é o coordenador do curso Escola da Terra?,O coordenador do curso Escola da Terra é Gilson Mendes Araújo.,Não encontrei essa informação no contexto fornecido.,0.09999999999999999,0.0,0.09999999999999999,0.09999999999999999,0.0,0.8250470161437988,0.8430057168006897,0.833929717540741,0.0,0.0,12.67,4
4,46,tfidf,"RESOLUÇÃO NORMATIVA Nº 236-2025-Prorroga o Plano Diretor de Tecnologia da Informação e Comunicação (PDTIC-2022-2024), do Instituto Federal de Educação, Ciência e Tecnologia do Piauí (IFPI) e Anexo.pdf",Para qual exercício foi prorrogada a vigência do PDTIC-2022/2024 do IFPI?,A vigência do PDTIC-2022/2024 foi prorrogada para o exercício de 2025.,"O Plano Diretor de Tecnologia da Informação e Comunicação (PDTIC-2022/2024) do IFPI teve a vigência prorrogada para o exercício de 2025, conforme estabelecido na Resolução Normativa nº 236.",0.5599999999999999,0.4166666666666667,0.4,0.4,0.1834283688193615,0.8566336035728455,0.9619570970535278,0.9062454700469971,0.5853658536585366,0.0,29.8273,4
4,46,tfidf,"RESOLUÇÃO NORMATIVA Nº 236-2025-Prorroga o Plano Diretor de Tecnologia da Informação e Comunicação (PDTIC-2022-2024), do Instituto Federal de Educação, Ciência e Tecnologia do Piauí (IFPI) e Anexo.pdf",Qual resolução foi revogada pela Resolução Normativa nº 236 de 2025?,"Foi revogada a Resolução Normativa nº 133/2022 - CONSELHO SUPERIOR, de 29 de abril de 2022.",Não encontrei essa informação no contexto fornecido.,0.15384615384615383,0.0,0.07692307692307691,0.07692307692307691,0.0,0.8195531368255615,0.7702820301055908,0.7941540479660034,0.0,0.0,8.8088,4
4,46,tfidf,"RESOLUÇÃO NORMATIVA Nº 236-2025-Prorroga o Plano Diretor de Tecnologia da Informação e Comunicação (PDTIC-2022-2024), do Instituto Federal de Educação, Ciência e Tecnologia do Piauí (IFPI) e Anexo.pdf",Quais são as três fases da metodologia de elaboração do PDTIC descritas no documento?,"As três fases da metodologia de elaboração do PDTIC são Preparação, Diagnóstico e Planejamento.","As três fases da metodologia de elaboração do PDTIC descritas no documento são Preparação, Diagnóstico e a fase de execução de processos específicos em harmonia com os instrumentos de planejamento da instituição.",0.6440677966101694,0.5614035087719298,0.6440677966101694,0.6440677966101694,0.33725973214458643,0.9000369906425476,0.9629424214363098,0.9304276704788208,0.6666666666666666,0.0,22.7805,4
4,46,tfidf,"RESOLUÇÃO NORMATIVA Nº 236-2025-Prorroga o Plano Diretor de Tecnologia da Informação e Comunicação (PDTIC-2022-2024), do Instituto Federal de Educação, Ciência e Tecnologia do Piauí (IFPI) e Anexo.pdf",Em que guia se baseou a metodologia de elaboração do PDTIC do IFPI?,"A metodologia de elaboração do PDTIC do IFPI baseou-se no Guia de PDTIC do SISP, versão 2.0, adaptado à realidade do IFPI.","A metodologia de elaboração do PDTIC do IFPI baseou-se em instrumentos de planejamento da instituição, como o Plano de Desenvolvimento Institucional, a Estratégia de Governança Digital e a Instrução Normativa SGD/ME nº 31/2021.",0.3939393939393939,0.3125,0.3939393939393939,0.3939393939393939,0.2112482780971751,0.8373352885246277,0.90305095911026,0.8689524531364441,0.37499999999999994,0.0,29.4892,4
4,46,tfidf,"RESOLUÇÃO NORMATIVA Nº 223-2024-Atualiza a Regulamentação do planejamento e o registro das atividades acadêmicas dos docentes da Carreira do Magistério do Ensino Básico, Técnico e Tecnológico do IFPI.pdf",Quais são os regimes de trabalho previstos para os docentes do EBTT no IFPI?,"Os regimes de trabalho previstos são 40 horas com dedicação exclusiva, 40 horas e 20 horas semanais.",Os regimes de trabalho previstos para os docentes do EBTT no IFPI são o tempo integral de 40 horas semanais e o tempo parcial de 20 horas semanais.,0.5833333333333334,0.34782608695652173,0.5833333333333334,0.5833333333333334,0.22872196013470597,0.8990827202796936,0.938060998916626,0.9181584119796753,0.6285714285714286,0.0,22.1152,4
4,46,tfidf,"RESOLUÇÃO NORMATIVA Nº 223-2024-Atualiza a Regulamentação do planejamento e o registro das atividades acadêmicas dos docentes da Carreira do Magistério do Ensino Básico, Técnico e Tecnológico do IFPI.pdf","Para cada hora de regência de aulas, quantas horas adicionais o docente computará para atividades de organização e apoio ao ensino?","Para cada hora de regência de aulas, o docente computará uma hora adicional para atividades de organização e apoio ao ensino.","Para cada hora de regência de aulas, o docente computará uma hora de organização e apoio ao ensino.",0.9302325581395349,0.8780487804878049,0.9302325581395349,0.9302325581395349,0.7854475723304021,0.992283821105957,0.9769299030303955,0.9845470190048218,0.9375,0.0,16.6302,4
4,46,tfidf,"RESOLUÇÃO NORMATIVA Nº 218-2024-Estab. normas, critérios e proc. para a participação de docentes (DE) em atividades remuneradas.pdf","Qual é o limite anual de horas para a participação esporádica remunerada em palestras, conferências e atividades artísticas e culturais de docentes em dedicação exclusiva?",O limite anual é de 30 horas.,"O limite anual de horas para a participação esporádica remunerada em palestras, conferências e atividades artísticas e culturais de docentes em dedicação exclusiva é de 30 horas.",0.3243243243243243,0.2857142857142857,0.3243243243243243,0.3243243243243243,0.16110518603734317,0.8159329891204834,0.9581412076950073,0.8813374042510986,0.4827586206896552,0.0,22.2248,4
4,46,tfidf,"RESOLUÇÃO NORMATIVA Nº 218-2024-Estab. normas, critérios e proc. para a participação de docentes (DE) em atividades remuneradas.pdf",Qual é o limite de carga horária para atividades remuneradas eventuais previstas no artigo 7º da Resolução Normativa nº 218 de 2024?,As atividades remuneradas eventuais não podem exceder 8 horas semanais ou 416 horas anuais.,Não encontrei essa informação no contexto fornecido.,0.16666666666666669,0.09090909090909091,0.16666666666666669,0.16666666666666669,0.0,0.8233992457389832,0.8057843446731567,0.814496636390686,0.1,0.0,13.527,4
4,46,tfidf,"RESOLUÇÃO NORMATIVA Nº 217-2024-Atualiza o Regimento Interno da Comissão Permanente de Pessoal Docente (CPPD), no âmbito do Instituto Federal de Educação, Ciência e Tecnologia do Piauí (IFPI)..pdf",Como é composta a CPPD do IFPI em número de membros titulares e suplentes?,"A CPPD do IFPI é composta por 10 docentes, sendo 5 representantes titulares e 5 representantes suplentes.","A composição da Comissão Permanente de Pessoal Docente do IFPI é feita por membros titulares e suplentes, sendo que cada chapa no processo eleitoral é composta por dois docentes, com indicação do titular e do suplente.",0.3773584905660377,0.11764705882352941,0.2641509433962264,0.2641509433962264,0.0,0.8747634887695312,0.9236804842948914,0.898556649684906,0.47826086956521735,0.0,25.3603,4
4,46,tfidf,"RESOLUÇÃO NORMATIVA Nº 217-2024-Atualiza o Regimento Interno da Comissão Permanente de Pessoal Docente (CPPD), no âmbito do Instituto Federal de Educação, Ciência e Tecnologia do Piauí (IFPI)..pdf",Qual é o mandato dos integrantes da CPPD do IFPI?,"O mandato dos integrantes da CPPD é de 4 anos, com possibilidade de uma única recondução por igual período.",O contexto recuperado não apresenta informações sobre o tempo de mandato dos integrantes da CPPD do IFPI.,0.41025641025641024,0.21621621621621623,0.3076923076923077,0.3076923076923077,0.19140784181480444,0.8838130235671997,0.8665818572044373,0.8751126527786255,0.411764705882353,0.0,16.0548,4
4,46,tfidf,"RESOLUÇÃO Nº 27-2024-Aprova  a criação do curso de Qualificação Profissional, de Formação Inicial e Continuada (FIC) em Aquicultor, no âmbito do IFPI e Anexo.pdf",Quantas vagas são ofertadas no curso FIC em Aquicultor?,O curso FIC em Aquicultor oferta 40 vagas.,O curso FIC em Aquicultor oferece um total de 40 vagas.,0.7368421052631579,0.588235294117647,0.7368421052631579,0.7368421052631579,0.4240125351805037,0.9459167718887329,0.9871349334716797,0.9660863876342773,0.7368421052631579,0.0,14.6911,4
4,46,tfidf,"RESOLUÇÃO Nº 27-2024-Aprova  a criação do curso de Qualificação Profissional, de Formação Inicial e Continuada (FIC) em Aquicultor, no âmbito do IFPI e Anexo.pdf",Qual é a forma de acesso ao curso FIC em Aquicultor?,A forma de acesso ao curso FIC em Aquicultor é por meio de sorteio.,"O curso FIC em Aquicultor tem como requisito de acesso o Ensino Fundamental I incompleto, do 1º ao 5º ano.",0.4242424242424242,0.2580645161290323,0.30303030303030304,0.30303030303030304,0.13817790393734294,0.868803858757019,0.9238361120223999,0.8954752683639526,0.4375,0.0,19.5522,4
5,47,dense_no_rerank,CURSO_SUPERIOR_DE_TECNOLOGIA_EM_ANÁLISE_E_DESENVOLVIMENTO_DE_SISTEMAS.pdf,Em que ano o Curso Superior de Tecnologia em Análise e Desenvolvimento de Sistemas foi criado no Campus de Picos?,O Curso Superior de Tecnologia em Análise e Desenvolvimento de Sistemas foi criado no Campus de Picos em 2013.,O Curso Superior de Tecnologia em Análise e Desenvolvimento de Sistemas foi criado no Campus de Picos em 2013.,1.0,1.0,1.0,1.0,1.0,0.9999999403953552,0.9999999403953552,0.9999999403953552,1.0,1.0,20.0383,4
5,47,dense_no_rerank,CURSO_SUPERIOR_DE_TECNOLOGIA_EM_ANÁLISE_E_DESENVOLVIMENTO_DE_SISTEMAS.pdf,Qual é a unidade de oferta do Curso Superior de Tecnologia em Análise e Desenvolvimento de Sistemas descrita no PPC?,A unidade de oferta do curso é o Campus Teresina Central.,A unidade de oferta do Curso Superior de Tecnologia em Análise e Desenvolvimento de Sistemas é o Campus Teresina Central.,0.6666666666666666,0.5714285714285714,0.6666666666666666,0.6666666666666666,0.394100477098606,0.8748151063919067,0.9795048236846924,0.9242047071456909,0.7586206896551725,0.0,17.0362,4
5,47,dense_no_rerank,CURSO_SUPERIOR_DE_TECNOLOGIA_EM_ANÁLISE_E_DESENVOLVIMENTO_DE_SISTEMAS.pdf,Qual é a carga horária total do Curso Superior de Tecnologia em Análise e Desenvolvimento de Sistemas?,A carga horária total do curso é de 2100 horas.,A carga horária total do Curso Superior de Tecnologia em Sistemas para Internet é de 2.100 horas.,0.6428571428571429,0.46153846153846156,0.6428571428571429,0.6428571428571429,0.25772294506990867,0.8713124394416809,0.9634993672370911,0.915090024471283,0.6666666666666667,0.0,17.2324,4
5,47,dense_no_rerank,CURSO_SUPERIOR_DE_TECNOLOGIA_EM_ANÁLISE_E_DESENVOLVIMENTO_DE_SISTEMAS.pdf,Quantas vagas por ano são ofertadas no Curso Superior de Tecnologia em Análise e Desenvolvimento de Sistemas?,O curso oferta 40 vagas por ano.,"O Curso Superior de Tecnologia em Análise e Desenvolvimento de Sistemas oferece uma quantidade de 40 vagas por ano no turno vespertino, no Campus Teresina Central.",0.35294117647058826,0.25,0.35294117647058826,0.35294117647058826,0.09251599780696446,0.822972297668457,0.9461147785186768,0.8802577257156372,0.4,0.0,20.8667,4
5,47,dense_no_rerank,"RESOLUÇÃO Nº 14-2025-Aprova a Criação do Curso de Aperfeiçoamento Escola da Terra, no âmbito do Instituto Federal de Educação, Ciência e Tecnologia do Piauí (IFPI) e Anexo..pdf",Qual é a carga horária total do curso Escola da Terra?,A carga horária total do curso Escola da Terra é de 180 horas.,A carga horária total do curso Escola da Terra é de 180 horas.,1.0,1.0,1.0,1.0,1.0,1.0,1.0,1.0,1.0,1.0,16.6762,4
5,47,dense_no_rerank,"RESOLUÇÃO Nº 14-2025-Aprova a Criação do Curso de Aperfeiçoamento Escola da Terra, no âmbito do Instituto Federal de Educação, Ciência e Tecnologia do Piauí (IFPI) e Anexo..pdf",Qual é a meta física do curso Escola da Terra em número de vagas?,A meta física do curso Escola da Terra é de 120 vagas.,A meta física do curso Escola da Terra é de 120 vagas para professoras e coordenadoras pedagógicas de turmas multisseriadas.,0.7272727272727273,0.7096774193548387,0.7272727272727273,0.7272727272727273,0.5471114295717522,0.8801493048667908,0.9877628684043884,0.9308561682701111,0.7741935483870968,0.0,21.0572,4
5,47,dense_no_rerank,"RESOLUÇÃO Nº 14-2025-Aprova a Criação do Curso de Aperfeiçoamento Escola da Terra, no âmbito do Instituto Federal de Educação, Ciência e Tecnologia do Piauí (IFPI) e Anexo..pdf",Quando está previsto o início do curso Escola da Terra?,O início do curso Escola da Terra está previsto para março de 2025.,"O curso de Especialização Escola da Terra está previsto para iniciar no primeiro semestre de 2025 nos campi do Instituto Federal de Educação, Ciência e Tecnologia do Piauí.",0.5217391304347827,0.27272727272727276,0.4347826086956521,0.4347826086956521,0.19037861963633804,0.8779458403587341,0.94632488489151,0.9108538031578064,0.5789473684210525,0.0,23.3769,4
5,47,dense_no_rerank,"RESOLUÇÃO Nº 14-2025-Aprova a Criação do Curso de Aperfeiçoamento Escola da Terra, no âmbito do Instituto Federal de Educação, Ciência e Tecnologia do Piauí (IFPI) e Anexo..pdf",Quem é o coordenador do curso Escola da Terra?,O coordenador do curso Escola da Terra é Gilson Mendes Araújo.,O coordenador do curso Escola da Terra é o Prof. Me. Emanuel Alcântara da Silva.,0.5384615384615385,0.5,0.5384615384615385,0.5384615384615385,0.40052744847255717,0.892876148223877,0.956995964050293,0.9238248467445374,0.6666666666666667,0.0,16.1981,4
5,47,dense_no_rerank,"RESOLUÇÃO NORMATIVA Nº 236-2025-Prorroga o Plano Diretor de Tecnologia da Informação e Comunicação (PDTIC-2022-2024), do Instituto Federal de Educação, Ciência e Tecnologia do Piauí (IFPI) e Anexo.pdf",Para qual exercício foi prorrogada a vigência do PDTIC-2022/2024 do IFPI?,A vigência do PDTIC-2022/2024 foi prorrogada para o exercício de 2025.,A vigência do Plano Diretor de Tecnologia da Informação e Comunicação (PDTIC-2022/2024) do IFPI foi prorrogada para o exercício de 2025.,0.7142857142857143,0.6,0.7142857142857143,0.7142857142857143,0.3619779110707069,0.8878629803657532,0.9830116033554077,0.9330177307128906,0.7647058823529412,0.0,24.7975,4
5,47,dense_no_rerank,"RESOLUÇÃO NORMATIVA Nº 236-2025-Prorroga o Plano Diretor de Tecnologia da Informação e Comunicação (PDTIC-2022-2024), do Instituto Federal de Educação, Ciência e Tecnologia do Piauí (IFPI) e Anexo.pdf",Qual resolução foi revogada pela Resolução Normativa nº 236 de 2025?,"Foi revogada a Resolução Normativa nº 133/2022 - CONSELHO SUPERIOR, de 29 de abril de 2022.","A Resolução Normativa nº 236 de 2025 revogou a Resolução nº 15/2021 - CONSELHO SUPERIOR, de 19 de maio de 2021, e a Resolução NormaAva nº 206/2024- CONSELHO SUPERIOR, de 13 de maio de 2024.",0.35714285714285715,0.22222222222222218,0.35714285714285715,0.35714285714285715,0.1222627823979477,0.910374641418457,0.9322649240493774,0.9211897850036621,0.4375,0.0,41.5125,4
5,47,dense_no_rerank,"RESOLUÇÃO NORMATIVA Nº 236-2025-Prorroga o Plano Diretor de Tecnologia da Informação e Comunicação (PDTIC-2022-2024), do Instituto Federal de Educação, Ciência e Tecnologia do Piauí (IFPI) e Anexo.pdf",Quais são as três fases da metodologia de elaboração do PDTIC descritas no documento?,"As três fases da metodologia de elaboração do PDTIC são Preparação, Diagnóstico e Planejamento.","As três fases da metodologia de elaboração do PDTIC descritas no documento são Preparação, Diagnóstico e Planejamento.",0.9268292682926829,0.8717948717948718,0.9268292682926829,0.9268292682926829,0.7331765459202478,0.975016713142395,0.9960288405418396,0.9854108095169067,0.9032258064516129,0.0,17.8075,4
5,47,dense_no_rerank,"RESOLUÇÃO NORMATIVA Nº 236-2025-Prorroga o Plano Diretor de Tecnologia da Informação e Comunicação (PDTIC-2022-2024), do Instituto Federal de Educação, Ciência e Tecnologia do Piauí (IFPI) e Anexo.pdf",Em que guia se baseou a metodologia de elaboração do PDTIC do IFPI?,"A metodologia de elaboração do PDTIC do IFPI baseou-se no Guia de PDTIC do SISP, versão 2.0, adaptado à realidade do IFPI.","A metodologia de elaboração do PDTIC do IFPI baseou-se no Guia de PDTIC do SISP, versão 2.0, adaptado à realidade da instituição.",0.9019607843137256,0.8979591836734694,0.9019607843137256,0.9019607843137256,0.8817739004515716,0.9951040148735046,0.9970126748085022,0.996057391166687,0.9473684210526316,0.0,21.8458,4
5,47,dense_no_rerank,"RESOLUÇÃO NORMATIVA Nº 223-2024-Atualiza a Regulamentação do planejamento e o registro das atividades acadêmicas dos docentes da Carreira do Magistério do Ensino Básico, Técnico e Tecnológico do IFPI.pdf",Quais são os regimes de trabalho previstos para os docentes do EBTT no IFPI?,"Os regimes de trabalho previstos são 40 horas com dedicação exclusiva, 40 horas e 20 horas semanais.","De acordo com a resolução, os docentes do EBTT no IFPI devem cumprir as atividades planejadas e desenvolvidas de forma que totalizem a quantidade de horas semanais previstas em seus respectivos regimes de trabalho.",0.3333333333333333,0.11538461538461539,0.22222222222222224,0.22222222222222224,0.0,0.8347811102867126,0.8845716118812561,0.8589553833007812,0.36363636363636365,0.0,23.8981,4
5,47,dense_no_rerank,"RESOLUÇÃO NORMATIVA Nº 223-2024-Atualiza a Regulamentação do planejamento e o registro das atividades acadêmicas dos docentes da Carreira do Magistério do Ensino Básico, Técnico e Tecnológico do IFPI.pdf","Para cada hora de regência de aulas, quantas horas adicionais o docente computará para atividades de organização e apoio ao ensino?","Para cada hora de regência de aulas, o docente computará uma hora adicional para atividades de organização e apoio ao ensino.","Para cada hora de regência de aulas, o docente computará uma hora de organização e apoio ao ensino.",0.9302325581395349,0.8780487804878049,0.9302325581395349,0.9302325581395349,0.7854475723304021,0.992283821105957,0.9769299030303955,0.9845470190048218,0.9375,0.0,16.4458,4
5,47,dense_no_rerank,"RESOLUÇÃO NORMATIVA Nº 218-2024-Estab. normas, critérios e proc. para a participação de docentes (DE) em atividades remuneradas.pdf","Qual é o limite anual de horas para a participação esporádica remunerada em palestras, conferências e atividades artísticas e culturais de docentes em dedicação exclusiva?",O limite anual é de 30 horas.,"O limite anual de horas para a participação esporádica remunerada em palestras, conferências e atividades artísticas e culturais de docentes em dedicação exclusiva é de 30 horas, conforme estabelecido na resolução normativa.",0.27906976744186046,0.24390243902439027,0.27906976744186046,0.27906976744186046,0.09885362316286796,0.808221161365509,0.947899341583252,0.8725054264068604,0.4117647058823529,0.0,25.0576,4
5,47,dense_no_rerank,"RESOLUÇÃO NORMATIVA Nº 218-2024-Estab. normas, critérios e proc. para a participação de docentes (DE) em atividades remuneradas.pdf",Qual é o limite de carga horária para atividades remuneradas eventuais previstas no artigo 7º da Resolução Normativa nº 218 de 2024?,As atividades remuneradas eventuais não podem exceder 8 horas semanais ou 416 horas anuais.,"A carga horária dedicada à prestação institucional de serviços por docente em regime de dedicação exclusiva, quando remunerada, não pode ultrapassar 8 horas semanais ou 416 horas anuais, em atendimento ao previsto no §4º do Art. 21 da Lei nº 12.772/2012.",0.29032258064516125,0.23333333333333334,0.29032258064516125,0.29032258064516125,0.12331859801673,0.8199409246444702,0.9187633395195007,0.8665437698364258,0.2641509433962264,0.0,34.1166,4
5,47,dense_no_rerank,"RESOLUÇÃO NORMATIVA Nº 217-2024-Atualiza o Regimento Interno da Comissão Permanente de Pessoal Docente (CPPD), no âmbito do Instituto Federal de Educação, Ciência e Tecnologia do Piauí (IFPI)..pdf",Como é composta a CPPD do IFPI em número de membros titulares e suplentes?,"A CPPD do IFPI é composta por 10 docentes, sendo 5 representantes titulares e 5 representantes suplentes.","A Comissão Permanente de Pessoal Docente do IFPI é composta por 10 docentes da carreira de Ensino Básico, Técnico e Tecnológico, sendo 5 representantes titulares e 5 representantes suplentes.",0.625,0.5217391304347827,0.625,0.625,0.4599040342685214,0.8838053345680237,0.972201943397522,0.925898551940918,0.7000000000000001,0.0,24.112,4
5,47,dense_no_rerank,"RESOLUÇÃO NORMATIVA Nº 217-2024-Atualiza o Regimento Interno da Comissão Permanente de Pessoal Docente (CPPD), no âmbito do Instituto Federal de Educação, Ciência e Tecnologia do Piauí (IFPI)..pdf",Qual é o mandato dos integrantes da CPPD do IFPI?,"O mandato dos integrantes da CPPD é de 4 anos, com possibilidade de uma única recondução por igual período.","Os integrantes da CPPD do IFPI têm mandato de quatro anos, com possibilidade de uma única recondução por igual período.",0.7906976744186046,0.6341463414634148,0.7441860465116279,0.7441860465116279,0.5941559820562806,0.9663041830062866,0.9723584651947021,0.9693218469619751,0.7567567567567567,0.0,18.1465,4
5,47,dense_no_rerank,"RESOLUÇÃO Nº 27-2024-Aprova  a criação do curso de Qualificação Profissional, de Formação Inicial e Continuada (FIC) em Aquicultor, no âmbito do IFPI e Anexo.pdf",Quantas vagas são ofertadas no curso FIC em Aquicultor?,O curso FIC em Aquicultor oferta 40 vagas.,O curso FIC em Aquicultor oferece um total de 40 vagas.,0.7368421052631579,0.588235294117647,0.7368421052631579,0.7368421052631579,0.4240125351805037,0.9459167718887329,0.9871349334716797,0.9660863876342773,0.7368421052631579,0.0,14.4173,4
5,47,dense_no_rerank,"RESOLUÇÃO Nº 27-2024-Aprova  a criação do curso de Qualificação Profissional, de Formação Inicial e Continuada (FIC) em Aquicultor, no âmbito do IFPI e Anexo.pdf",Qual é a forma de acesso ao curso FIC em Aquicultor?,A forma de acesso ao curso FIC em Aquicultor é por meio de sorteio.,"O curso FIC em Aquicultor tem como requisito de acesso o Ensino Fundamental I incompleto, do 1º ao 5º ano.",0.4242424242424242,0.2580645161290323,0.30303030303030304,0.30303030303030304,0.13817790393734294,0.868803858757019,0.9238361120223999,0.8954752683639526,0.4375,0.0,19.4117,4
5,47,dense_rerank,CURSO_SUPERIOR_DE_TECNOLOGIA_EM_ANÁLISE_E_DESENVOLVIMENTO_DE_SISTEMAS.pdf,Em que ano o Curso Superior de Tecnologia em Análise e Desenvolvimento de Sistemas foi criado no Campus de Picos?,O Curso Superior de Tecnologia em Análise e Desenvolvimento de Sistemas foi criado no Campus de Picos em 2013.,O Curso Superior de Tecnologia em Análise e Desenvolvimento de Sistemas foi criado no Campus de Picos em 2013.,1.0,1.0,1.0,1.0,1.0,0.9999999403953552,0.9999999403953552,0.9999999403953552,1.0,1.0,17.911,4
5,47,dense_rerank,CURSO_SUPERIOR_DE_TECNOLOGIA_EM_ANÁLISE_E_DESENVOLVIMENTO_DE_SISTEMAS.pdf,Qual é a unidade de oferta do Curso Superior de Tecnologia em Análise e Desenvolvimento de Sistemas descrita no PPC?,A unidade de oferta do curso é o Campus Teresina Central.,"O Curso Superior de Tecnologia em Análise e Desenvolvimento de Sistemas é ofertado nos Campi Teresina Central, Floriano, Picos, Corrente, Pedro II e Parnaíba.",0.28571428571428575,0.06060606060606061,0.17142857142857143,0.17142857142857143,0.0,0.816821277141571,0.9077346920967102,0.8598816394805908,0.3636363636363636,0.0,21.4211,4
5,47,dense_rerank,CURSO_SUPERIOR_DE_TECNOLOGIA_EM_ANÁLISE_E_DESENVOLVIMENTO_DE_SISTEMAS.pdf,Qual é a carga horária total do Curso Superior de Tecnologia em Análise e Desenvolvimento de Sistemas?,A carga horária total do curso é de 2100 horas.,"A carga horária total do Curso Superior de Tecnologia em Análise e Desenvolvimento de Sistemas é de 400 horas por módulo/semana, conforme apresentado na estrutura curricular do curso.",0.4390243902439024,0.30769230769230765,0.4390243902439024,0.4390243902439024,0.14291173574075158,0.8303691148757935,0.9654767513275146,0.8928406238555908,0.5142857142857143,0.0,22.0004,4
5,47,dense_rerank,CURSO_SUPERIOR_DE_TECNOLOGIA_EM_ANÁLISE_E_DESENVOLVIMENTO_DE_SISTEMAS.pdf,Quantas vagas por ano são ofertadas no Curso Superior de Tecnologia em Análise e Desenvolvimento de Sistemas?,O curso oferta 40 vagas por ano.,"No ano de 2025, o Curso Superior de Tecnologia em Análise e Desenvolvimento de Sistemas terá uma oferta de 40 vagas por turno, tanto no turno noite quanto no turno tarde, em alguns campi do IFPI.",0.3181818181818182,0.14285714285714285,0.27272727272727276,0.27272727272727276,0.0,0.8228514194488525,0.927708625793457,0.872139573097229,0.4,0.0,25.1764,4
5,47,dense_rerank,"RESOLUÇÃO Nº 14-2025-Aprova a Criação do Curso de Aperfeiçoamento Escola da Terra, no âmbito do Instituto Federal de Educação, Ciência e Tecnologia do Piauí (IFPI) e Anexo..pdf",Qual é a carga horária total do curso Escola da Terra?,A carga horária total do curso Escola da Terra é de 180 horas.,"O curso Escola da Terra, no nível de aperfeiçoamento, possui carga horária total de 180 horas, sendo 126 horas presenciais no tempo-universidade e 54 horas no tempo-escola/comunidade.",0.47826086956521735,0.36363636363636365,0.30434782608695654,0.30434782608695654,0.13307637507950731,0.8621993660926819,0.9464261531829834,0.9023516178131104,0.5555555555555555,0.0,30.4956,4
5,47,dense_rerank,"RESOLUÇÃO Nº 14-2025-Aprova a Criação do Curso de Aperfeiçoamento Escola da Terra, no âmbito do Instituto Federal de Educação, Ciência e Tecnologia do Piauí (IFPI) e Anexo..pdf",Qual é a meta física do curso Escola da Terra em número de vagas?,A meta física do curso Escola da Terra é de 120 vagas.,A meta física do curso Escola da Terra é de 120 vagas para professoras e coordenadoras pedagógicas de turmas multisseriadas.,0.7272727272727273,0.7096774193548387,0.7272727272727273,0.7272727272727273,0.5471114295717522,0.8801493048667908,0.9877628684043884,0.9308561682701111,0.7741935483870968,0.0,21.5085,4
5,47,dense_rerank,"RESOLUÇÃO Nº 14-2025-Aprova a Criação do Curso de Aperfeiçoamento Escola da Terra, no âmbito do Instituto Federal de Educação, Ciência e Tecnologia do Piauí (IFPI) e Anexo..pdf",Quando está previsto o início do curso Escola da Terra?,O início do curso Escola da Terra está previsto para março de 2025.,"O curso Escola da Terra está previsto para iniciar no primeiro semestre de 2024, conforme autorizado pelo Conselho Superior do Instituto Federal de Educação, Ciência e Tecnologia do Piauí.",0.47826086956521735,0.27272727272727276,0.3913043478260869,0.3913043478260869,0.19775876971405587,0.8714114427566528,0.9419988393783569,0.9053313136100769,0.5,0.0,25.4035,4
5,47,dense_rerank,"RESOLUÇÃO Nº 14-2025-Aprova a Criação do Curso de Aperfeiçoamento Escola da Terra, no âmbito do Instituto Federal de Educação, Ciência e Tecnologia do Piauí (IFPI) e Anexo..pdf",Quem é o coordenador do curso Escola da Terra?,O coordenador do curso Escola da Terra é Gilson Mendes Araújo.,O coordenador do curso Escola da Terra é o Prof. Me. Emanuel Alcântara da Silva.,0.5384615384615385,0.5,0.5384615384615385,0.5384615384615385,0.40052744847255717,0.892876148223877,0.956995964050293,0.9238248467445374,0.6666666666666667,0.0,16.2849,4
5,47,dense_rerank,"RESOLUÇÃO NORMATIVA Nº 236-2025-Prorroga o Plano Diretor de Tecnologia da Informação e Comunicação (PDTIC-2022-2024), do Instituto Federal de Educação, Ciência e Tecnologia do Piauí (IFPI) e Anexo.pdf",Para qual exercício foi prorrogada a vigência do PDTIC-2022/2024 do IFPI?,A vigência do PDTIC-2022/2024 foi prorrogada para o exercício de 2025.,A vigência do Plano Diretor de Tecnologia da Informação e Comunicação (PDTIC-2022/2024) do IFPI foi prorrogada para o exercício de 2025.,0.7142857142857143,0.6,0.7142857142857143,0.7142857142857143,0.3619779110707069,0.8878629803657532,0.9830116033554077,0.9330177307128906,0.7647058823529412,0.0,24.889,4
5,47,dense_rerank,"RESOLUÇÃO NORMATIVA Nº 236-2025-Prorroga o Plano Diretor de Tecnologia da Informação e Comunicação (PDTIC-2022-2024), do Instituto Federal de Educação, Ciência e Tecnologia do Piauí (IFPI) e Anexo.pdf",Qual resolução foi revogada pela Resolução Normativa nº 236 de 2025?,"Foi revogada a Resolução Normativa nº 133/2022 - CONSELHO SUPERIOR, de 29 de abril de 2022.","A Resolução Normativa nº 236 de 2025 revogou a Resolução nº 15/2021 - CONSELHO SUPERIOR, de 19 de maio de 2021, e a Resolução NormaAva nº 206/2024- CONSELHO SUPERIOR, de 13 de maio de 2024.",0.35714285714285715,0.22222222222222218,0.35714285714285715,0.35714285714285715,0.1222627823979477,0.910374641418457,0.9322649240493774,0.9211897850036621,0.4375,0.0,43.0276,4
5,47,dense_rerank,"RESOLUÇÃO NORMATIVA Nº 236-2025-Prorroga o Plano Diretor de Tecnologia da Informação e Comunicação (PDTIC-2022-2024), do Instituto Federal de Educação, Ciência e Tecnologia do Piauí (IFPI) e Anexo.pdf",Quais são as três fases da metodologia de elaboração do PDTIC descritas no documento?,"As três fases da metodologia de elaboração do PDTIC são Preparação, Diagnóstico e Planejamento.","As três fases da metodologia de elaboração do PDTIC, de acordo com o documento, são Preparação, Diagnóstico e Planejamento.",0.8837209302325582,0.8292682926829269,0.8837209302325582,0.8837209302325582,0.5963584321358336,0.9599119424819946,0.9954190850257874,0.9773430824279785,0.8750000000000001,0.0,18.8706,4
5,47,dense_rerank,"RESOLUÇÃO NORMATIVA Nº 236-2025-Prorroga o Plano Diretor de Tecnologia da Informação e Comunicação (PDTIC-2022-2024), do Instituto Federal de Educação, Ciência e Tecnologia do Piauí (IFPI) e Anexo.pdf",Em que guia se baseou a metodologia de elaboração do PDTIC do IFPI?,"A metodologia de elaboração do PDTIC do IFPI baseou-se no Guia de PDTIC do SISP, versão 2.0, adaptado à realidade do IFPI.","A metodologia de elaboração do PDTIC do IFPI baseou-se no Guia de PDTIC do SISP, versão 2.0, adaptado à realidade da instituição.",0.9019607843137256,0.8979591836734694,0.9019607843137256,0.9019607843137256,0.8817739004515716,0.9951040148735046,0.9970126748085022,0.996057391166687,0.9473684210526316,0.0,21.9134,4
5,47,dense_rerank,"RESOLUÇÃO NORMATIVA Nº 223-2024-Atualiza a Regulamentação do planejamento e o registro das atividades acadêmicas dos docentes da Carreira do Magistério do Ensino Básico, Técnico e Tecnológico do IFPI.pdf",Quais são os regimes de trabalho previstos para os docentes do EBTT no IFPI?,"Os regimes de trabalho previstos são 40 horas com dedicação exclusiva, 40 horas e 20 horas semanais.","Os regimes de trabalho previstos para os docentes do EBTT no IFPI são tempo integral de 40 horas semanais com dedicação exclusiva, tempo integral de 40 horas semanais ou tempo parcial de 20 horas semanais de trabalho.",0.6206896551724138,0.42857142857142855,0.6206896551724138,0.6206896551724138,0.20613242702593446,0.9090074300765991,0.9667177200317383,0.936974823474884,0.7027027027027025,0.0,27.3409,4
5,47,dense_rerank,"RESOLUÇÃO NORMATIVA Nº 223-2024-Atualiza a Regulamentação do planejamento e o registro das atividades acadêmicas dos docentes da Carreira do Magistério do Ensino Básico, Técnico e Tecnológico do IFPI.pdf","Para cada hora de regência de aulas, quantas horas adicionais o docente computará para atividades de organização e apoio ao ensino?","Para cada hora de regência de aulas, o docente computará uma hora adicional para atividades de organização e apoio ao ensino.",Não encontrei essa informação no contexto fornecido.,0.125,0.0,0.125,0.125,0.0,0.8275346755981445,0.8195750117301941,0.8235356211662292,0.0,0.0,12.1794,4
5,47,dense_rerank,"RESOLUÇÃO NORMATIVA Nº 218-2024-Estab. normas, critérios e proc. para a participação de docentes (DE) em atividades remuneradas.pdf","Qual é o limite anual de horas para a participação esporádica remunerada em palestras, conferências e atividades artísticas e culturais de docentes em dedicação exclusiva?",O limite anual é de 30 horas.,"O limite anual de horas para a participação esporádica remunerada em palestras, conferências e atividades artísticas e culturais de docentes em dedicação exclusiva é de 30 horas.",0.3243243243243243,0.2857142857142857,0.3243243243243243,0.3243243243243243,0.16110518603734317,0.8159329891204834,0.9581412076950073,0.8813374042510986,0.4827586206896552,0.0,22.6809,4
5,47,dense_rerank,"RESOLUÇÃO NORMATIVA Nº 218-2024-Estab. normas, critérios e proc. para a participação de docentes (DE) em atividades remuneradas.pdf",Qual é o limite de carga horária para atividades remuneradas eventuais previstas no artigo 7º da Resolução Normativa nº 218 de 2024?,As atividades remuneradas eventuais não podem exceder 8 horas semanais ou 416 horas anuais.,"O limite de carga horária para atividades remuneradas eventuais, no caso de servidores docentes com dedicação exclusiva ou com 20 ou 40 horas, é de 8 horas semanais ou 416 horas anuais, conforme previsto na Resolução Normativa nº 207 de 2024.",0.4137931034482758,0.2857142857142857,0.3793103448275862,0.3793103448275862,0.15589340552404063,0.8480509519577026,0.9276635646820068,0.88607257604599,0.391304347826087,0.0,32.6656,4
5,47,dense_rerank,"RESOLUÇÃO NORMATIVA Nº 217-2024-Atualiza o Regimento Interno da Comissão Permanente de Pessoal Docente (CPPD), no âmbito do Instituto Federal de Educação, Ciência e Tecnologia do Piauí (IFPI)..pdf",Como é composta a CPPD do IFPI em número de membros titulares e suplentes?,"A CPPD do IFPI é composta por 10 docentes, sendo 5 representantes titulares e 5 representantes suplentes.","A Comissão Permanente de Pessoal Docente do IFPI é composta por 10 docentes da carreira de Ensino Básico, Técnico e Tecnológico, sendo 5 representantes titulares e 5 representantes suplentes.",0.625,0.5217391304347827,0.625,0.625,0.4599040342685214,0.8838053345680237,0.972201943397522,0.925898551940918,0.7000000000000001,0.0,23.9568,4
5,47,dense_rerank,"RESOLUÇÃO NORMATIVA Nº 217-2024-Atualiza o Regimento Interno da Comissão Permanente de Pessoal Docente (CPPD), no âmbito do Instituto Federal de Educação, Ciência e Tecnologia do Piauí (IFPI)..pdf",Qual é o mandato dos integrantes da CPPD do IFPI?,"O mandato dos integrantes da CPPD é de 4 anos, com possibilidade de uma única recondução por igual período.","Os integrantes da Comissão Permanente de Pessoal Docente do IFPI têm um mandato de 4 anos, podendo ser reconduzidos por um único período igual.",0.5106382978723405,0.17777777777777778,0.3404255319148936,0.3404255319148936,0.12789533377801793,0.8666247129440308,0.9038090705871582,0.8848263621330261,0.45,0.0,20.4138,4
5,47,dense_rerank,"RESOLUÇÃO Nº 27-2024-Aprova  a criação do curso de Qualificação Profissional, de Formação Inicial e Continuada (FIC) em Aquicultor, no âmbito do IFPI e Anexo.pdf",Quantas vagas são ofertadas no curso FIC em Aquicultor?,O curso FIC em Aquicultor oferta 40 vagas.,O curso FIC em Aquicultor oferece um total de 40 vagas.,0.7368421052631579,0.588235294117647,0.7368421052631579,0.7368421052631579,0.4240125351805037,0.9459167718887329,0.9871349334716797,0.9660863876342773,0.7368421052631579,0.0,14.6326,4
5,47,dense_rerank,"RESOLUÇÃO Nº 27-2024-Aprova  a criação do curso de Qualificação Profissional, de Formação Inicial e Continuada (FIC) em Aquicultor, no âmbito do IFPI e Anexo.pdf",Qual é a forma de acesso ao curso FIC em Aquicultor?,A forma de acesso ao curso FIC em Aquicultor é por meio de sorteio.,"O curso FIC em Aquicultor tem como requisito de acesso o ensino fundamental I incompleto, do 1º ao 5º ano.",0.4242424242424242,0.2580645161290323,0.30303030303030304,0.30303030303030304,0.13817790393734294,0.8766475915908813,0.9233978986740112,0.8994156718254089,0.4375,0.0,19.2103,4
5,47,bm25,CURSO_SUPERIOR_DE_TECNOLOGIA_EM_ANÁLISE_E_DESENVOLVIMENTO_DE_SISTEMAS.pdf,Em que ano o Curso Superior de Tecnologia em Análise e Desenvolvimento de Sistemas foi criado no Campus de Picos?,O Curso Superior de Tecnologia em Análise e Desenvolvimento de Sistemas foi criado no Campus de Picos em 2013.,O Curso Superior de Tecnologia em Análise e Desenvolvimento de Sistemas foi criado no Campus de Picos em 2013.,1.0,1.0,1.0,1.0,1.0,0.9999999403953552,0.9999999403953552,0.9999999403953552,1.0,1.0,17.7843,4
5,47,bm25,CURSO_SUPERIOR_DE_TECNOLOGIA_EM_ANÁLISE_E_DESENVOLVIMENTO_DE_SISTEMAS.pdf,Qual é a unidade de oferta do Curso Superior de Tecnologia em Análise e Desenvolvimento de Sistemas descrita no PPC?,A unidade de oferta do curso é o Campus Teresina Central.,"O Curso Superior de Tecnologia em Análise e Desenvolvimento de Sistemas é ofertado nos Campi Teresina Central, Floriano, Picos, Corrente, Pedro II e Parnaíba.",0.28571428571428575,0.06060606060606061,0.17142857142857143,0.17142857142857143,0.0,0.816821277141571,0.9077346920967102,0.8598816394805908,0.3636363636363636,0.0,21.35,4
5,47,bm25,CURSO_SUPERIOR_DE_TECNOLOGIA_EM_ANÁLISE_E_DESENVOLVIMENTO_DE_SISTEMAS.pdf,Qual é a carga horária total do Curso Superior de Tecnologia em Análise e Desenvolvimento de Sistemas?,A carga horária total do curso é de 2100 horas.,"O Curso Superior de Tecnologia em Análise e Desenvolvimento de Sistemas possui uma carga horária total de 400 horas no primeiro módulo, além de mais 600 horas no segundo módulo, conforme detalhado na estrutura curricular apresentada.",0.2745098039215686,0.12244897959183673,0.23529411764705882,0.23529411764705882,0.0,0.8147163987159729,0.9141398668289185,0.8615692853927612,0.3,0.0,25.8574,4
5,47,bm25,CURSO_SUPERIOR_DE_TECNOLOGIA_EM_ANÁLISE_E_DESENVOLVIMENTO_DE_SISTEMAS.pdf,Quantas vagas por ano são ofertadas no Curso Superior de Tecnologia em Análise e Desenvolvimento de Sistemas?,O curso oferta 40 vagas por ano.,"O Curso Superior de Tecnologia em Análise e Desenvolvimento de Sistemas oferece uma quantidade de 40 vagas por ano no Campus Teresina Central, conforme informações do documento.",0.33333333333333326,0.23529411764705882,0.33333333333333326,0.33333333333333326,0.08914609827874222,0.8250495195388794,0.9438191652297974,0.8804469704627991,0.375,0.0,20.3752,4
5,47,bm25,"RESOLUÇÃO Nº 14-2025-Aprova a Criação do Curso de Aperfeiçoamento Escola da Terra, no âmbito do Instituto Federal de Educação, Ciência e Tecnologia do Piauí (IFPI) e Anexo..pdf",Qual é a carga horária total do curso Escola da Terra?,A carga horária total do curso Escola da Terra é de 180 horas.,"O curso Escola da Terra possui uma carga horária total de 294 horas destinadas ao estudo das disciplinas, além de 66 horas para o Trabalho de Conclusão de Curso.",0.4444444444444445,0.27906976744186046,0.26666666666666666,0.26666666666666666,0.11871704290088221,0.8634258508682251,0.9381551742553711,0.8992406129837036,0.5,0.0,22.5035,4
5,47,bm25,"RESOLUÇÃO Nº 14-2025-Aprova a Criação do Curso de Aperfeiçoamento Escola da Terra, no âmbito do Instituto Federal de Educação, Ciência e Tecnologia do Piauí (IFPI) e Anexo..pdf",Qual é a meta física do curso Escola da Terra em número de vagas?,A meta física do curso Escola da Terra é de 120 vagas.,A meta física do curso Escola da Terra é de 30 vagas.,0.9166666666666666,0.8181818181818182,0.9166666666666666,0.9166666666666666,0.7910665071754358,0.9954450726509094,0.9954450726509094,0.9954450726509094,0.9166666666666666,0.0,12.3666,4
5,47,bm25,"RESOLUÇÃO Nº 14-2025-Aprova a Criação do Curso de Aperfeiçoamento Escola da Terra, no âmbito do Instituto Federal de Educação, Ciência e Tecnologia do Piauí (IFPI) e Anexo..pdf",Quando está previsto o início do curso Escola da Terra?,O início do curso Escola da Terra está previsto para março de 2025.,Não encontrei essa informação no contexto fornecido.,0.16666666666666669,0.0,0.16666666666666669,0.16666666666666669,0.0,0.8219438791275024,0.8310289978981018,0.8264614343643188,0.0,0.0,12.0947,4
5,47,bm25,"RESOLUÇÃO Nº 14-2025-Aprova a Criação do Curso de Aperfeiçoamento Escola da Terra, no âmbito do Instituto Federal de Educação, Ciência e Tecnologia do Piauí (IFPI) e Anexo..pdf",Quem é o coordenador do curso Escola da Terra?,O coordenador do curso Escola da Terra é Gilson Mendes Araújo.,"O coordenador do curso de Licenciatura Intercultural Indígena é regulamentado pelo edital CAPES/PARFOR Equidade 023/2023, e no curso de Licenciatura Letras Inglês, o coordenador do curso atua como presidente do Núcleo Docente Estruturante.",0.16666666666666669,0.13043478260869565,0.16666666666666669,0.16666666666666669,0.06364996151971677,0.8157038688659668,0.8940727114677429,0.8530922532081604,0.2631578947368421,0.0,32.9045,4
5,47,bm25,"RESOLUÇÃO NORMATIVA Nº 236-2025-Prorroga o Plano Diretor de Tecnologia da Informação e Comunicação (PDTIC-2022-2024), do Instituto Federal de Educação, Ciência e Tecnologia do Piauí (IFPI) e Anexo.pdf",Para qual exercício foi prorrogada a vigência do PDTIC-2022/2024 do IFPI?,A vigência do PDTIC-2022/2024 foi prorrogada para o exercício de 2025.,Não encontrei essa informação no contexto fornecido.,0.08333333333333334,0.0,0.08333333333333334,0.08333333333333334,0.0,0.8213146328926086,0.798200786113739,0.8095927238464355,0.0,0.0,12.5262,4
5,47,bm25,"RESOLUÇÃO NORMATIVA Nº 236-2025-Prorroga o Plano Diretor de Tecnologia da Informação e Comunicação (PDTIC-2022-2024), do Instituto Federal de Educação, Ciência e Tecnologia do Piauí (IFPI) e Anexo.pdf",Qual resolução foi revogada pela Resolução Normativa nº 236 de 2025?,"Foi revogada a Resolução Normativa nº 133/2022 - CONSELHO SUPERIOR, de 29 de abril de 2022.","A Resolução Normativa nº 236 de 2025 revogou a Resolução Normativa nº 43/2021 - CONSELHO SUPERIOR, de 10 de junho de 2021.",0.48780487804878053,0.30769230769230765,0.48780487804878053,0.48780487804878053,0.24835336815593248,0.9547911882400513,0.9592360854148865,0.9570085406303406,0.5185185185185186,0.0,27.4829,4
5,47,bm25,"RESOLUÇÃO NORMATIVA Nº 236-2025-Prorroga o Plano Diretor de Tecnologia da Informação e Comunicação (PDTIC-2022-2024), do Instituto Federal de Educação, Ciência e Tecnologia do Piauí (IFPI) e Anexo.pdf",Quais são as três fases da metodologia de elaboração do PDTIC descritas no documento?,"As três fases da metodologia de elaboração do PDTIC são Preparação, Diagnóstico e Planejamento.","As três fases da metodologia de elaboração do PDTIC são Preparação, Diagnóstico e Planejamento.",1.0,1.0,1.0,1.0,1.0,1.0,1.0,1.0,1.0,1.0,16.2461,4
5,47,bm25,"RESOLUÇÃO NORMATIVA Nº 236-2025-Prorroga o Plano Diretor de Tecnologia da Informação e Comunicação (PDTIC-2022-2024), do Instituto Federal de Educação, Ciência e Tecnologia do Piauí (IFPI) e Anexo.pdf",Em que guia se baseou a metodologia de elaboração do PDTIC do IFPI?,"A metodologia de elaboração do PDTIC do IFPI baseou-se no Guia de PDTIC do SISP, versão 2.0, adaptado à realidade do IFPI.","A metodologia de elaboração do PDTIC do IFPI baseou-se no Guia de PDTIC do SISP, versão 2.0, que foi adaptado à realidade da instituição.",0.8679245283018867,0.823529411764706,0.8679245283018867,0.8679245283018867,0.7488856162563027,0.9856879115104675,0.9934456944465637,0.9895516037940979,0.9,0.0,22.5567,4
5,47,bm25,"RESOLUÇÃO NORMATIVA Nº 223-2024-Atualiza a Regulamentação do planejamento e o registro das atividades acadêmicas dos docentes da Carreira do Magistério do Ensino Básico, Técnico e Tecnológico do IFPI.pdf",Quais são os regimes de trabalho previstos para os docentes do EBTT no IFPI?,"Os regimes de trabalho previstos são 40 horas com dedicação exclusiva, 40 horas e 20 horas semanais.",Os regimes de trabalho previstos para os docentes do EBTT no IFPI são o tempo integral de 40 horas semanais ou o tempo parcial de 20 horas semanais.,0.5416666666666666,0.34782608695652173,0.5416666666666666,0.5416666666666666,0.22419056820298167,0.8977761268615723,0.9364239573478699,0.916692852973938,0.5714285714285714,0.0,21.9026,4
5,47,bm25,"RESOLUÇÃO NORMATIVA Nº 223-2024-Atualiza a Regulamentação do planejamento e o registro das atividades acadêmicas dos docentes da Carreira do Magistério do Ensino Básico, Técnico e Tecnológico do IFPI.pdf","Para cada hora de regência de aulas, quantas horas adicionais o docente computará para atividades de organização e apoio ao ensino?","Para cada hora de regência de aulas, o docente computará uma hora adicional para atividades de organização e apoio ao ensino.","Para cada hora de regência de aula, o docente deverá registrar uma hora de organização e apoio ao ensino.",0.8181818181818182,0.6666666666666666,0.8181818181818182,0.8181818181818182,0.5382008965108557,0.9565843343734741,0.9403003454208374,0.9483724236488342,0.787878787878788,0.0,16.6132,4
5,47,bm25,"RESOLUÇÃO NORMATIVA Nº 218-2024-Estab. normas, critérios e proc. para a participação de docentes (DE) em atividades remuneradas.pdf","Qual é o limite anual de horas para a participação esporádica remunerada em palestras, conferências e atividades artísticas e culturais de docentes em dedicação exclusiva?",O limite anual é de 30 horas.,"O limite anual de horas para a participação esporádica remunerada em palestras, conferências e atividades artísticas e culturais de docentes em dedicação exclusiva é de 30 horas.",0.3243243243243243,0.2857142857142857,0.3243243243243243,0.3243243243243243,0.16110518603734317,0.8159329891204834,0.9581412076950073,0.8813374042510986,0.4827586206896552,0.0,22.3341,4
5,47,bm25,"RESOLUÇÃO NORMATIVA Nº 218-2024-Estab. normas, critérios e proc. para a participação de docentes (DE) em atividades remuneradas.pdf",Qual é o limite de carga horária para atividades remuneradas eventuais previstas no artigo 7º da Resolução Normativa nº 218 de 2024?,As atividades remuneradas eventuais não podem exceder 8 horas semanais ou 416 horas anuais.,Não encontrei essa informação no contexto fornecido.,0.16666666666666669,0.09090909090909091,0.16666666666666669,0.16666666666666669,0.0,0.8233992457389832,0.8057843446731567,0.814496636390686,0.1,0.0,12.196,4
5,47,bm25,"RESOLUÇÃO NORMATIVA Nº 217-2024-Atualiza o Regimento Interno da Comissão Permanente de Pessoal Docente (CPPD), no âmbito do Instituto Federal de Educação, Ciência e Tecnologia do Piauí (IFPI)..pdf",Como é composta a CPPD do IFPI em número de membros titulares e suplentes?,"A CPPD do IFPI é composta por 10 docentes, sendo 5 representantes titulares e 5 representantes suplentes.","A composição da Comissão Permanente de Pessoal Docente do IFPI é feita por chapas registradas, compostas por dois docentes, com indicação do titular e suplente.",0.27906976744186046,0.04878048780487805,0.27906976744186046,0.27906976744186046,0.0,0.8804346919059753,0.9170075058937073,0.8983490467071533,0.3684210526315789,0.0,21.4165,4
5,47,bm25,"RESOLUÇÃO NORMATIVA Nº 217-2024-Atualiza o Regimento Interno da Comissão Permanente de Pessoal Docente (CPPD), no âmbito do Instituto Federal de Educação, Ciência e Tecnologia do Piauí (IFPI)..pdf",Qual é o mandato dos integrantes da CPPD do IFPI?,"O mandato dos integrantes da CPPD é de 4 anos, com possibilidade de uma única recondução por igual período.","Os membros da CPPD são designados pelo Reitor, após escolha pelos seus pares, para cumprirem um mandato de quatro anos, admitindo-se uma única reeleição para período subsequente, sem limite para mandatos alternados.",0.38596491228070173,0.1090909090909091,0.3157894736842105,0.3157894736842105,0.0,0.8508672118186951,0.9019008278846741,0.8756410479545593,0.32653061224489793,0.0,26.3416,4
5,47,bm25,"RESOLUÇÃO Nº 27-2024-Aprova  a criação do curso de Qualificação Profissional, de Formação Inicial e Continuada (FIC) em Aquicultor, no âmbito do IFPI e Anexo.pdf",Quantas vagas são ofertadas no curso FIC em Aquicultor?,O curso FIC em Aquicultor oferta 40 vagas.,Não encontrei essa informação no contexto fornecido.,0.11764705882352941,0.0,0.11764705882352941,0.11764705882352941,0.0,0.8231986165046692,0.8388471603393555,0.8309492468833923,0.0,0.0,12.1256,4
5,47,bm25,"RESOLUÇÃO Nº 27-2024-Aprova  a criação do curso de Qualificação Profissional, de Formação Inicial e Continuada (FIC) em Aquicultor, no âmbito do IFPI e Anexo.pdf",Qual é a forma de acesso ao curso FIC em Aquicultor?,A forma de acesso ao curso FIC em Aquicultor é por meio de sorteio.,"O acesso ao curso FIC em Aquicultor será por meio de edital de seleção, com processo seletivo realizado através de prova escrita específica.",0.5128205128205128,0.3783783783783784,0.46153846153846156,0.46153846153846156,0.24835336815593242,0.9104467034339905,0.9522331357002258,0.9308712482452393,0.5294117647058824,0.0,20.5913,4
5,47,tfidf,CURSO_SUPERIOR_DE_TECNOLOGIA_EM_ANÁLISE_E_DESENVOLVIMENTO_DE_SISTEMAS.pdf,Em que ano o Curso Superior de Tecnologia em Análise e Desenvolvimento de Sistemas foi criado no Campus de Picos?,O Curso Superior de Tecnologia em Análise e Desenvolvimento de Sistemas foi criado no Campus de Picos em 2013.,O Curso Superior de Tecnologia em Análise e Desenvolvimento de Sistemas foi criado no Campus de Picos em 2013.,1.0,1.0,1.0,1.0,1.0,0.9999999403953552,0.9999999403953552,0.9999999403953552,1.0,1.0,17.6324,4
5,47,tfidf,CURSO_SUPERIOR_DE_TECNOLOGIA_EM_ANÁLISE_E_DESENVOLVIMENTO_DE_SISTEMAS.pdf,Qual é a unidade de oferta do Curso Superior de Tecnologia em Análise e Desenvolvimento de Sistemas descrita no PPC?,A unidade de oferta do curso é o Campus Teresina Central.,"O Curso Superior de Tecnologia em Análise e Desenvolvimento de Sistemas é ofertado nos Campi Teresina Central, Floriano, Picos, Corrente, Pedro II e Parnaíba.",0.28571428571428575,0.06060606060606061,0.17142857142857143,0.17142857142857143,0.0,0.816821277141571,0.9077346920967102,0.8598816394805908,0.3636363636363636,0.0,23.5502,4
5,47,tfidf,CURSO_SUPERIOR_DE_TECNOLOGIA_EM_ANÁLISE_E_DESENVOLVIMENTO_DE_SISTEMAS.pdf,Qual é a carga horária total do Curso Superior de Tecnologia em Análise e Desenvolvimento de Sistemas?,A carga horária total do curso é de 2100 horas.,Não encontrei essa informação no contexto fornecido.,0.0,0.0,0.0,0.0,0.0,0.8249529004096985,0.8356121182441711,0.8302482962608337,0.0,0.0,12.7963,4
5,47,tfidf,CURSO_SUPERIOR_DE_TECNOLOGIA_EM_ANÁLISE_E_DESENVOLVIMENTO_DE_SISTEMAS.pdf,Quantas vagas por ano são ofertadas no Curso Superior de Tecnologia em Análise e Desenvolvimento de Sistemas?,O curso oferta 40 vagas por ano.,"No Campus de Floriano, o Curso Superior de Tecnologia em Análise e Desenvolvimento de Sistemas oferece 35 vagas no turno da tarde, enquanto no Campus de Picos são ofertadas 40 vagas no turno da noite para o ano de 2025.2.",0.2,0.08333333333333333,0.2,0.2,0.0,0.8188979625701904,0.9087571501731873,0.8614906072616577,0.2777777777777778,0.0,27.2898,4
5,47,tfidf,"RESOLUÇÃO Nº 14-2025-Aprova a Criação do Curso de Aperfeiçoamento Escola da Terra, no âmbito do Instituto Federal de Educação, Ciência e Tecnologia do Piauí (IFPI) e Anexo..pdf",Qual é a carga horária total do curso Escola da Terra?,A carga horária total do curso Escola da Terra é de 180 horas.,"O curso de Especialização Escola da Terra possui uma carga horária total de 495 horas, sendo 257 horas em Tempo-Universidade e 103 horas em Tempo-Escola/Comunidade.",0.4651162790697674,0.2439024390243903,0.27906976744186046,0.27906976744186046,0.0,0.8809854984283447,0.9372314810752869,0.9082384705543518,0.5142857142857142,0.0,27.113,4
5,47,tfidf,"RESOLUÇÃO Nº 14-2025-Aprova a Criação do Curso de Aperfeiçoamento Escola da Terra, no âmbito do Instituto Federal de Educação, Ciência e Tecnologia do Piauí (IFPI) e Anexo..pdf",Qual é a meta física do curso Escola da Terra em número de vagas?,A meta física do curso Escola da Terra é de 120 vagas.,A meta física do curso Escola da Terra é de 60 vagas para professores da educação básica que atuam em escolas do campo e possuem certificação em curso de aperfeiçoamento.,0.4782608695652174,0.4090909090909091,0.4782608695652174,0.4782608695652174,0.2991528889155785,0.8609741926193237,0.9757529497146606,0.9147772192955017,0.5945945945945945,0.0,21.9887,4
5,47,tfidf,"RESOLUÇÃO Nº 14-2025-Aprova a Criação do Curso de Aperfeiçoamento Escola da Terra, no âmbito do Instituto Federal de Educação, Ciência e Tecnologia do Piauí (IFPI) e Anexo..pdf",Quando está previsto o início do curso Escola da Terra?,O início do curso Escola da Terra está previsto para março de 2025.,O início do Curso Aperfeiçoamento Escola da Terra está previsto para o primeiro semestre de 2024.,0.7878787878787877,0.5806451612903226,0.7878787878787877,0.7878787878787877,0.37709297891717664,0.8994907736778259,0.9575713872909546,0.9276228547096252,0.7857142857142856,0.0,17.124,4
5,47,tfidf,"RESOLUÇÃO Nº 14-2025-Aprova a Criação do Curso de Aperfeiçoamento Escola da Terra, no âmbito do Instituto Federal de Educação, Ciência e Tecnologia do Piauí (IFPI) e Anexo..pdf",Quem é o coordenador do curso Escola da Terra?,O coordenador do curso Escola da Terra é Gilson Mendes Araújo.,Não encontrei essa informação no contexto fornecido.,0.09999999999999999,0.0,0.09999999999999999,0.09999999999999999,0.0,0.8250470161437988,0.8430057168006897,0.833929717540741,0.0,0.0,12.6724,4
5,47,tfidf,"RESOLUÇÃO NORMATIVA Nº 236-2025-Prorroga o Plano Diretor de Tecnologia da Informação e Comunicação (PDTIC-2022-2024), do Instituto Federal de Educação, Ciência e Tecnologia do Piauí (IFPI) e Anexo.pdf",Para qual exercício foi prorrogada a vigência do PDTIC-2022/2024 do IFPI?,A vigência do PDTIC-2022/2024 foi prorrogada para o exercício de 2025.,"O Plano Diretor de Tecnologia da Informação e Comunicação (PDTIC-2022/2024) do IFPI teve a vigência prorrogada para o exercício de 2025, conforme estabelecido na Resolução Normativa nº 236.",0.5599999999999999,0.4166666666666667,0.4,0.4,0.1834283688193615,0.8566336035728455,0.9619570970535278,0.9062454700469971,0.5853658536585366,0.0,29.8178,4
5,47,tfidf,"RESOLUÇÃO NORMATIVA Nº 236-2025-Prorroga o Plano Diretor de Tecnologia da Informação e Comunicação (PDTIC-2022-2024), do Instituto Federal de Educação, Ciência e Tecnologia do Piauí (IFPI) e Anexo.pdf",Qual resolução foi revogada pela Resolução Normativa nº 236 de 2025?,"Foi revogada a Resolução Normativa nº 133/2022 - CONSELHO SUPERIOR, de 29 de abril de 2022.",Não encontrei essa informação no contexto fornecido.,0.15384615384615383,0.0,0.07692307692307691,0.07692307692307691,0.0,0.8195531368255615,0.7702820301055908,0.7941540479660034,0.0,0.0,8.8247,4
5,47,tfidf,"RESOLUÇÃO NORMATIVA Nº 236-2025-Prorroga o Plano Diretor de Tecnologia da Informação e Comunicação (PDTIC-2022-2024), do Instituto Federal de Educação, Ciência e Tecnologia do Piauí (IFPI) e Anexo.pdf",Quais são as três fases da metodologia de elaboração do PDTIC descritas no documento?,"As três fases da metodologia de elaboração do PDTIC são Preparação, Diagnóstico e Planejamento.","As três fases da metodologia de elaboração do PDTIC são Preparação, Diagnóstico e a fase de execução de processos específicos em harmonia com os instrumentos de planejamento da instituição.",0.6785714285714285,0.6296296296296297,0.6785714285714285,0.6785714285714285,0.42967728103447583,0.9086821675300598,0.9674482345581055,0.9371448755264282,0.717948717948718,0.0,21.3521,4
5,47,tfidf,"RESOLUÇÃO NORMATIVA Nº 236-2025-Prorroga o Plano Diretor de Tecnologia da Informação e Comunicação (PDTIC-2022-2024), do Instituto Federal de Educação, Ciência e Tecnologia do Piauí (IFPI) e Anexo.pdf",Em que guia se baseou a metodologia de elaboração do PDTIC do IFPI?,"A metodologia de elaboração do PDTIC do IFPI baseou-se no Guia de PDTIC do SISP, versão 2.0, adaptado à realidade do IFPI.","A metodologia de elaboração do PDTIC do IFPI baseou-se em instrumentos de planejamento da instituição, como o Plano de Desenvolvimento Institucional, a Estratégia de Governança Digital e a Instrução Normativa SGD/ME nº 31/2021.",0.3939393939393939,0.3125,0.3939393939393939,0.3939393939393939,0.2112482780971751,0.8373352885246277,0.90305095911026,0.8689524531364441,0.37499999999999994,0.0,29.4384,4
5,47,tfidf,"RESOLUÇÃO NORMATIVA Nº 223-2024-Atualiza a Regulamentação do planejamento e o registro das atividades acadêmicas dos docentes da Carreira do Magistério do Ensino Básico, Técnico e Tecnológico do IFPI.pdf",Quais são os regimes de trabalho previstos para os docentes do EBTT no IFPI?,"Os regimes de trabalho previstos são 40 horas com dedicação exclusiva, 40 horas e 20 horas semanais.",Os regimes de trabalho previstos para os docentes do EBTT no IFPI são o tempo integral de 40 horas semanais e o tempo parcial de 20 horas semanais.,0.5833333333333334,0.34782608695652173,0.5833333333333334,0.5833333333333334,0.22872196013470597,0.8990827202796936,0.938060998916626,0.9181584119796753,0.6285714285714286,0.0,22.0415,4
5,47,tfidf,"RESOLUÇÃO NORMATIVA Nº 223-2024-Atualiza a Regulamentação do planejamento e o registro das atividades acadêmicas dos docentes da Carreira do Magistério do Ensino Básico, Técnico e Tecnológico do IFPI.pdf","Para cada hora de regência de aulas, quantas horas adicionais o docente computará para atividades de organização e apoio ao ensino?","Para cada hora de regência de aulas, o docente computará uma hora adicional para atividades de organização e apoio ao ensino.","Para cada hora de regência de aulas, o docente computará uma hora de organização e apoio ao ensino.",0.9302325581395349,0.8780487804878049,0.9302325581395349,0.9302325581395349,0.7854475723304021,0.992283821105957,0.9769299030303955,0.9845470190048218,0.9375,0.0,16.5675,4
5,47,tfidf,"RESOLUÇÃO NORMATIVA Nº 218-2024-Estab. normas, critérios e proc. para a participação de docentes (DE) em atividades remuneradas.pdf","Qual é o limite anual de horas para a participação esporádica remunerada em palestras, conferências e atividades artísticas e culturais de docentes em dedicação exclusiva?",O limite anual é de 30 horas.,"O limite anual de horas para a participação esporádica remunerada em palestras, conferências e atividades artísticas e culturais de docentes em dedicação exclusiva é de 30 horas.",0.3243243243243243,0.2857142857142857,0.3243243243243243,0.3243243243243243,0.16110518603734317,0.8159329891204834,0.9581412076950073,0.8813374042510986,0.4827586206896552,0.0,22.2563,4
5,47,tfidf,"RESOLUÇÃO NORMATIVA Nº 218-2024-Estab. normas, critérios e proc. para a participação de docentes (DE) em atividades remuneradas.pdf",Qual é o limite de carga horária para atividades remuneradas eventuais previstas no artigo 7º da Resolução Normativa nº 218 de 2024?,As atividades remuneradas eventuais não podem exceder 8 horas semanais ou 416 horas anuais.,Não encontrei essa informação no contexto fornecido.,0.16666666666666669,0.09090909090909091,0.16666666666666669,0.16666666666666669,0.0,0.8233992457389832,0.8057843446731567,0.814496636390686,0.1,0.0,13.5539,4
5,47,tfidf,"RESOLUÇÃO NORMATIVA Nº 217-2024-Atualiza o Regimento Interno da Comissão Permanente de Pessoal Docente (CPPD), no âmbito do Instituto Federal de Educação, Ciência e Tecnologia do Piauí (IFPI)..pdf",Como é composta a CPPD do IFPI em número de membros titulares e suplentes?,"A CPPD do IFPI é composta por 10 docentes, sendo 5 representantes titulares e 5 representantes suplentes.","A composição da Comissão Permanente de Pessoal Docente do IFPI é feita por membros titulares e suplentes, sendo que cada chapa no processo eleitoral é composta por dois docentes, com indicação do titular e do suplente.",0.3773584905660377,0.11764705882352941,0.2641509433962264,0.2641509433962264,0.0,0.8747634887695312,0.9236804842948914,0.898556649684906,0.47826086956521735,0.0,25.3434,4
5,47,tfidf,"RESOLUÇÃO NORMATIVA Nº 217-2024-Atualiza o Regimento Interno da Comissão Permanente de Pessoal Docente (CPPD), no âmbito do Instituto Federal de Educação, Ciência e Tecnologia do Piauí (IFPI)..pdf",Qual é o mandato dos integrantes da CPPD do IFPI?,"O mandato dos integrantes da CPPD é de 4 anos, com possibilidade de uma única recondução por igual período.",O contexto recuperado não apresenta informações sobre o período de mandato dos integrantes da CPPD do IFPI.,0.5,0.2631578947368421,0.3,0.3,0.19712779182815254,0.884350061416626,0.8682583570480347,0.8762302994728088,0.47058823529411764,0.0,16.025,4
5,47,tfidf,"RESOLUÇÃO Nº 27-2024-Aprova  a criação do curso de Qualificação Profissional, de Formação Inicial e Continuada (FIC) em Aquicultor, no âmbito do IFPI e Anexo.pdf",Quantas vagas são ofertadas no curso FIC em Aquicultor?,O curso FIC em Aquicultor oferta 40 vagas.,O curso FIC em Aquicultor oferece um total de 40 vagas.,0.7368421052631579,0.588235294117647,0.7368421052631579,0.7368421052631579,0.4240125351805037,0.9459167718887329,0.9871349334716797,0.9660863876342773,0.7368421052631579,0.0,14.7448,4
5,47,tfidf,"RESOLUÇÃO Nº 27-2024-Aprova  a criação do curso de Qualificação Profissional, de Formação Inicial e Continuada (FIC) em Aquicultor, no âmbito do IFPI e Anexo.pdf",Qual é a forma de acesso ao curso FIC em Aquicultor?,A forma de acesso ao curso FIC em Aquicultor é por meio de sorteio.,"O curso FIC em Aquicultor tem como requisito de acesso o Ensino Fundamental I incompleto, do 1º ao 5º ano.",0.4242424242424242,0.2580645161290323,0.30303030303030304,0.30303030303030304,0.13817790393734294,0.868803858757019,0.9238361120223999,0.8954752683639526,0.4375,0.0,19.5563,4
6,48,dense_no_rerank,CURSO_SUPERIOR_DE_TECNOLOGIA_EM_ANÁLISE_E_DESENVOLVIMENTO_DE_SISTEMAS.pdf,Em que ano o Curso Superior de Tecnologia em Análise e Desenvolvimento de Sistemas foi criado no Campus de Picos?,O Curso Superior de Tecnologia em Análise e Desenvolvimento de Sistemas foi criado no Campus de Picos em 2013.,O Curso Superior de Tecnologia em Análise e Desenvolvimento de Sistemas foi criado no Campus de Picos em 2013.,1.0,1.0,1.0,1.0,1.0,0.9999999403953552,0.9999999403953552,0.9999999403953552,1.0,1.0,20.0656,4
6,48,dense_no_rerank,CURSO_SUPERIOR_DE_TECNOLOGIA_EM_ANÁLISE_E_DESENVOLVIMENTO_DE_SISTEMAS.pdf,Qual é a unidade de oferta do Curso Superior de Tecnologia em Análise e Desenvolvimento de Sistemas descrita no PPC?,A unidade de oferta do curso é o Campus Teresina Central.,A unidade de oferta do Curso Superior de Tecnologia em Análise e Desenvolvimento de Sistemas é o Campus Teresina Central.,0.6666666666666666,0.5714285714285714,0.6666666666666666,0.6666666666666666,0.394100477098606,0.8748151063919067,0.9795048236846924,0.9242047071456909,0.7586206896551725,0.0,17.1294,4
6,48,dense_no_rerank,CURSO_SUPERIOR_DE_TECNOLOGIA_EM_ANÁLISE_E_DESENVOLVIMENTO_DE_SISTEMAS.pdf,Qual é a carga horária total do Curso Superior de Tecnologia em Análise e Desenvolvimento de Sistemas?,A carga horária total do curso é de 2100 horas.,A carga horária total do Curso Superior de Tecnologia em Sistemas para Internet é de 2.100 horas.,0.6428571428571429,0.46153846153846156,0.6428571428571429,0.6428571428571429,0.25772294506990867,0.8713124394416809,0.9634993672370911,0.915090024471283,0.6666666666666667,0.0,17.2548,4
6,48,dense_no_rerank,CURSO_SUPERIOR_DE_TECNOLOGIA_EM_ANÁLISE_E_DESENVOLVIMENTO_DE_SISTEMAS.pdf,Quantas vagas por ano são ofertadas no Curso Superior de Tecnologia em Análise e Desenvolvimento de Sistemas?,O curso oferta 40 vagas por ano.,"O Curso Superior de Tecnologia em Análise e Desenvolvimento de Sistemas oferece uma quantidade de 40 vagas por ano no turno vespertino, no Campus Teresina Central.",0.35294117647058826,0.25,0.35294117647058826,0.35294117647058826,0.09251599780696446,0.822972297668457,0.9461147785186768,0.8802577257156372,0.4,0.0,20.8538,4
6,48,dense_no_rerank,"RESOLUÇÃO Nº 14-2025-Aprova a Criação do Curso de Aperfeiçoamento Escola da Terra, no âmbito do Instituto Federal de Educação, Ciência e Tecnologia do Piauí (IFPI) e Anexo..pdf",Qual é a carga horária total do curso Escola da Terra?,A carga horária total do curso Escola da Terra é de 180 horas.,A carga horária total do curso Escola da Terra é de 180 horas.,1.0,1.0,1.0,1.0,1.0,1.0,1.0,1.0,1.0,1.0,16.6271,4
6,48,dense_no_rerank,"RESOLUÇÃO Nº 14-2025-Aprova a Criação do Curso de Aperfeiçoamento Escola da Terra, no âmbito do Instituto Federal de Educação, Ciência e Tecnologia do Piauí (IFPI) e Anexo..pdf",Qual é a meta física do curso Escola da Terra em número de vagas?,A meta física do curso Escola da Terra é de 120 vagas.,A meta física do curso Escola da Terra é de 120 vagas para professoras e coordenadoras pedagógicas de turmas multisseriadas.,0.7272727272727273,0.7096774193548387,0.7272727272727273,0.7272727272727273,0.5471114295717522,0.8801493048667908,0.9877628684043884,0.9308561682701111,0.7741935483870968,0.0,21.0348,4
6,48,dense_no_rerank,"RESOLUÇÃO Nº 14-2025-Aprova a Criação do Curso de Aperfeiçoamento Escola da Terra, no âmbito do Instituto Federal de Educação, Ciência e Tecnologia do Piauí (IFPI) e Anexo..pdf",Quando está previsto o início do curso Escola da Terra?,O início do curso Escola da Terra está previsto para março de 2025.,"O curso de Especialização Escola da Terra está previsto para iniciar no primeiro semestre de 2025 nos campi do Instituto Federal de Educação, Ciência e Tecnologia do Piauí.",0.5217391304347827,0.27272727272727276,0.4347826086956521,0.4347826086956521,0.19037861963633804,0.8779458403587341,0.94632488489151,0.9108538031578064,0.5789473684210525,0.0,23.3509,4
6,48,dense_no_rerank,"RESOLUÇÃO Nº 14-2025-Aprova a Criação do Curso de Aperfeiçoamento Escola da Terra, no âmbito do Instituto Federal de Educação, Ciência e Tecnologia do Piauí (IFPI) e Anexo..pdf",Quem é o coordenador do curso Escola da Terra?,O coordenador do curso Escola da Terra é Gilson Mendes Araújo.,O coordenador do curso Escola da Terra é o Prof. Me. Emanuel Alcântara da Silva.,0.5384615384615385,0.5,0.5384615384615385,0.5384615384615385,0.40052744847255717,0.892876148223877,0.956995964050293,0.9238248467445374,0.6666666666666667,0.0,16.2318,4
6,48,dense_no_rerank,"RESOLUÇÃO NORMATIVA Nº 236-2025-Prorroga o Plano Diretor de Tecnologia da Informação e Comunicação (PDTIC-2022-2024), do Instituto Federal de Educação, Ciência e Tecnologia do Piauí (IFPI) e Anexo.pdf",Para qual exercício foi prorrogada a vigência do PDTIC-2022/2024 do IFPI?,A vigência do PDTIC-2022/2024 foi prorrogada para o exercício de 2025.,A vigência do Plano Diretor de Tecnologia da Informação e Comunicação (PDTIC-2022/2024) do IFPI foi prorrogada para o exercício de 2025.,0.7142857142857143,0.6,0.7142857142857143,0.7142857142857143,0.3619779110707069,0.8878629803657532,0.9830116033554077,0.9330177307128906,0.7647058823529412,0.0,24.8035,4
6,48,dense_no_rerank,"RESOLUÇÃO NORMATIVA Nº 236-2025-Prorroga o Plano Diretor de Tecnologia da Informação e Comunicação (PDTIC-2022-2024), do Instituto Federal de Educação, Ciência e Tecnologia do Piauí (IFPI) e Anexo.pdf",Qual resolução foi revogada pela Resolução Normativa nº 236 de 2025?,"Foi revogada a Resolução Normativa nº 133/2022 - CONSELHO SUPERIOR, de 29 de abril de 2022.","A Resolução Normativa nº 236 de 2025 revogou a Resolução nº 15/2021 - CONSELHO SUPERIOR, de 19 de maio de 2021, e a Resolução NormaAva nº 206/2024- CONSELHO SUPERIOR, de 13 de maio de 2024.",0.35714285714285715,0.22222222222222218,0.35714285714285715,0.35714285714285715,0.1222627823979477,0.910374641418457,0.9322649240493774,0.9211897850036621,0.4375,0.0,41.5181,4
6,48,dense_no_rerank,"RESOLUÇÃO NORMATIVA Nº 236-2025-Prorroga o Plano Diretor de Tecnologia da Informação e Comunicação (PDTIC-2022-2024), do Instituto Federal de Educação, Ciência e Tecnologia do Piauí (IFPI) e Anexo.pdf",Quais são as três fases da metodologia de elaboração do PDTIC descritas no documento?,"As três fases da metodologia de elaboração do PDTIC são Preparação, Diagnóstico e Planejamento.","As três fases da metodologia de elaboração do PDTIC descritas no documento são Preparação, Diagnóstico e Planejamento.",0.9268292682926829,0.8717948717948718,0.9268292682926829,0.9268292682926829,0.7331765459202478,0.975016713142395,0.9960288405418396,0.9854108095169067,0.9032258064516129,0.0,17.8009,4
6,48,dense_no_rerank,"RESOLUÇÃO NORMATIVA Nº 236-2025-Prorroga o Plano Diretor de Tecnologia da Informação e Comunicação (PDTIC-2022-2024), do Instituto Federal de Educação, Ciência e Tecnologia do Piauí (IFPI) e Anexo.pdf",Em que guia se baseou a metodologia de elaboração do PDTIC do IFPI?,"A metodologia de elaboração do PDTIC do IFPI baseou-se no Guia de PDTIC do SISP, versão 2.0, adaptado à realidade do IFPI.","A metodologia de elaboração do PDTIC do IFPI baseou-se no Guia de PDTIC do SISP, versão 2.0, adaptado à realidade da instituição.",0.9019607843137256,0.8979591836734694,0.9019607843137256,0.9019607843137256,0.8817739004515716,0.9951040148735046,0.9970126748085022,0.996057391166687,0.9473684210526316,0.0,21.809,4
6,48,dense_no_rerank,"RESOLUÇÃO NORMATIVA Nº 223-2024-Atualiza a Regulamentação do planejamento e o registro das atividades acadêmicas dos docentes da Carreira do Magistério do Ensino Básico, Técnico e Tecnológico do IFPI.pdf",Quais são os regimes de trabalho previstos para os docentes do EBTT no IFPI?,"Os regimes de trabalho previstos são 40 horas com dedicação exclusiva, 40 horas e 20 horas semanais.","De acordo com a resolução, os docentes do EBTT no IFPI devem cumprir as atividades planejadas e desenvolvidas de forma que totalizem a quantidade de horas semanais previstas em seus respectivos regimes de trabalho.",0.3333333333333333,0.11538461538461539,0.22222222222222224,0.22222222222222224,0.0,0.8347811102867126,0.8845716118812561,0.8589553833007812,0.36363636363636365,0.0,23.8781,4
6,48,dense_no_rerank,"RESOLUÇÃO NORMATIVA Nº 223-2024-Atualiza a Regulamentação do planejamento e o registro das atividades acadêmicas dos docentes da Carreira do Magistério do Ensino Básico, Técnico e Tecnológico do IFPI.pdf","Para cada hora de regência de aulas, quantas horas adicionais o docente computará para atividades de organização e apoio ao ensino?","Para cada hora de regência de aulas, o docente computará uma hora adicional para atividades de organização e apoio ao ensino.","Para cada hora de regência de aulas, o docente computará uma hora de organização e apoio ao ensino.",0.9302325581395349,0.8780487804878049,0.9302325581395349,0.9302325581395349,0.7854475723304021,0.992283821105957,0.9769299030303955,0.9845470190048218,0.9375,0.0,16.4818,4
6,48,dense_no_rerank,"RESOLUÇÃO NORMATIVA Nº 218-2024-Estab. normas, critérios e proc. para a participação de docentes (DE) em atividades remuneradas.pdf","Qual é o limite anual de horas para a participação esporádica remunerada em palestras, conferências e atividades artísticas e culturais de docentes em dedicação exclusiva?",O limite anual é de 30 horas.,"O limite anual de horas para a participação esporádica remunerada em palestras, conferências e atividades artísticas e culturais de docentes em dedicação exclusiva é de 30 horas, conforme estabelecido na resolução normativa.",0.27906976744186046,0.24390243902439027,0.27906976744186046,0.27906976744186046,0.09885362316286796,0.808221161365509,0.947899341583252,0.8725054264068604,0.4117647058823529,0.0,25.076,4
6,48,dense_no_rerank,"RESOLUÇÃO NORMATIVA Nº 218-2024-Estab. normas, critérios e proc. para a participação de docentes (DE) em atividades remuneradas.pdf",Qual é o limite de carga horária para atividades remuneradas eventuais previstas no artigo 7º da Resolução Normativa nº 218 de 2024?,As atividades remuneradas eventuais não podem exceder 8 horas semanais ou 416 horas anuais.,"A carga horária dedicada à prestação institucional de serviços por docente em regime de dedicação exclusiva, quando remunerada, não pode ultrapassar 8 horas semanais ou 416 horas anuais, em atendimento ao previsto no §4º do Art. 21 da Lei nº 12.772/2012.",0.29032258064516125,0.23333333333333334,0.29032258064516125,0.29032258064516125,0.12331859801673,0.8199409246444702,0.9187633395195007,0.8665437698364258,0.2641509433962264,0.0,33.9966,4
6,48,dense_no_rerank,"RESOLUÇÃO NORMATIVA Nº 217-2024-Atualiza o Regimento Interno da Comissão Permanente de Pessoal Docente (CPPD), no âmbito do Instituto Federal de Educação, Ciência e Tecnologia do Piauí (IFPI)..pdf",Como é composta a CPPD do IFPI em número de membros titulares e suplentes?,"A CPPD do IFPI é composta por 10 docentes, sendo 5 representantes titulares e 5 representantes suplentes.","A Comissão Permanente de Pessoal Docente do IFPI é composta por 10 docentes da carreira de Ensino Básico, Técnico e Tecnológico, sendo 5 representantes titulares e 5 representantes suplentes.",0.625,0.5217391304347827,0.625,0.625,0.4599040342685214,0.8838053345680237,0.972201943397522,0.925898551940918,0.7000000000000001,0.0,24.1519,4
6,48,dense_no_rerank,"RESOLUÇÃO NORMATIVA Nº 217-2024-Atualiza o Regimento Interno da Comissão Permanente de Pessoal Docente (CPPD), no âmbito do Instituto Federal de Educação, Ciência e Tecnologia do Piauí (IFPI)..pdf",Qual é o mandato dos integrantes da CPPD do IFPI?,"O mandato dos integrantes da CPPD é de 4 anos, com possibilidade de uma única recondução por igual período.","Os integrantes da CPPD do IFPI têm mandato de quatro anos, com possibilidade de uma única recondução por igual período.",0.7906976744186046,0.6341463414634148,0.7441860465116279,0.7441860465116279,0.5941559820562806,0.9663041830062866,0.9723584651947021,0.9693218469619751,0.7567567567567567,0.0,18.1935,4
6,48,dense_no_rerank,"RESOLUÇÃO Nº 27-2024-Aprova  a criação do curso de Qualificação Profissional, de Formação Inicial e Continuada (FIC) em Aquicultor, no âmbito do IFPI e Anexo.pdf",Quantas vagas são ofertadas no curso FIC em Aquicultor?,O curso FIC em Aquicultor oferta 40 vagas.,O curso FIC em Aquicultor oferece um total de 40 vagas.,0.7368421052631579,0.588235294117647,0.7368421052631579,0.7368421052631579,0.4240125351805037,0.9459167718887329,0.9871349334716797,0.9660863876342773,0.7368421052631579,0.0,14.4425,4
6,48,dense_no_rerank,"RESOLUÇÃO Nº 27-2024-Aprova  a criação do curso de Qualificação Profissional, de Formação Inicial e Continuada (FIC) em Aquicultor, no âmbito do IFPI e Anexo.pdf",Qual é a forma de acesso ao curso FIC em Aquicultor?,A forma de acesso ao curso FIC em Aquicultor é por meio de sorteio.,"O curso FIC em Aquicultor tem como requisito de acesso o Ensino Fundamental I incompleto, do 1º ao 5º ano.",0.4242424242424242,0.2580645161290323,0.30303030303030304,0.30303030303030304,0.13817790393734294,0.868803858757019,0.9238361120223999,0.8954752683639526,0.4375,0.0,19.4061,4
6,48,dense_rerank,CURSO_SUPERIOR_DE_TECNOLOGIA_EM_ANÁLISE_E_DESENVOLVIMENTO_DE_SISTEMAS.pdf,Em que ano o Curso Superior de Tecnologia em Análise e Desenvolvimento de Sistemas foi criado no Campus de Picos?,O Curso Superior de Tecnologia em Análise e Desenvolvimento de Sistemas foi criado no Campus de Picos em 2013.,O Curso Superior de Tecnologia em Análise e Desenvolvimento de Sistemas foi criado no Campus de Picos em 2013.,1.0,1.0,1.0,1.0,1.0,0.9999999403953552,0.9999999403953552,0.9999999403953552,1.0,1.0,18.0058,4
6,48,dense_rerank,CURSO_SUPERIOR_DE_TECNOLOGIA_EM_ANÁLISE_E_DESENVOLVIMENTO_DE_SISTEMAS.pdf,Qual é a unidade de oferta do Curso Superior de Tecnologia em Análise e Desenvolvimento de Sistemas descrita no PPC?,A unidade de oferta do curso é o Campus Teresina Central.,"O Curso Superior de Tecnologia em Análise e Desenvolvimento de Sistemas é ofertado nos Campi Teresina Central, Floriano, Picos, Corrente, Pedro II e Parnaíba.",0.28571428571428575,0.06060606060606061,0.17142857142857143,0.17142857142857143,0.0,0.816821277141571,0.9077346920967102,0.8598816394805908,0.3636363636363636,0.0,21.3302,4
6,48,dense_rerank,CURSO_SUPERIOR_DE_TECNOLOGIA_EM_ANÁLISE_E_DESENVOLVIMENTO_DE_SISTEMAS.pdf,Qual é a carga horária total do Curso Superior de Tecnologia em Análise e Desenvolvimento de Sistemas?,A carga horária total do curso é de 2100 horas.,"A carga horária total do Curso Superior de Tecnologia em Análise e Desenvolvimento de Sistemas é de 400 horas por módulo/semana, conforme apresentado na estrutura curricular do curso.",0.4390243902439024,0.30769230769230765,0.4390243902439024,0.4390243902439024,0.14291173574075158,0.8303691148757935,0.9654767513275146,0.8928406238555908,0.5142857142857143,0.0,22.0651,4
6,48,dense_rerank,CURSO_SUPERIOR_DE_TECNOLOGIA_EM_ANÁLISE_E_DESENVOLVIMENTO_DE_SISTEMAS.pdf,Quantas vagas por ano são ofertadas no Curso Superior de Tecnologia em Análise e Desenvolvimento de Sistemas?,O curso oferta 40 vagas por ano.,"No ano de 2025, o Curso Superior de Tecnologia em Análise e Desenvolvimento de Sistemas terá uma oferta de 40 vagas por turno, tanto no turno noite quanto no turno tarde, em alguns campi do IFPI.",0.3181818181818182,0.14285714285714285,0.27272727272727276,0.27272727272727276,0.0,0.8228514194488525,0.927708625793457,0.872139573097229,0.4,0.0,25.3016,4
6,48,dense_rerank,"RESOLUÇÃO Nº 14-2025-Aprova a Criação do Curso de Aperfeiçoamento Escola da Terra, no âmbito do Instituto Federal de Educação, Ciência e Tecnologia do Piauí (IFPI) e Anexo..pdf",Qual é a carga horária total do curso Escola da Terra?,A carga horária total do curso Escola da Terra é de 180 horas.,"O curso Escola da Terra, no nível de aperfeiçoamento, possui carga horária total de 180 horas, sendo 126 horas presenciais no tempo-universidade e 54 horas no tempo-escola/comunidade.",0.47826086956521735,0.36363636363636365,0.30434782608695654,0.30434782608695654,0.13307637507950731,0.8621993660926819,0.9464261531829834,0.9023516178131104,0.5555555555555555,0.0,30.3702,4
6,48,dense_rerank,"RESOLUÇÃO Nº 14-2025-Aprova a Criação do Curso de Aperfeiçoamento Escola da Terra, no âmbito do Instituto Federal de Educação, Ciência e Tecnologia do Piauí (IFPI) e Anexo..pdf",Qual é a meta física do curso Escola da Terra em número de vagas?,A meta física do curso Escola da Terra é de 120 vagas.,A meta física do curso Escola da Terra é de 120 vagas para professoras e coordenadoras pedagógicas de turmas multisseriadas.,0.7272727272727273,0.7096774193548387,0.7272727272727273,0.7272727272727273,0.5471114295717522,0.8801493048667908,0.9877628684043884,0.9308561682701111,0.7741935483870968,0.0,21.4974,4
6,48,dense_rerank,"RESOLUÇÃO Nº 14-2025-Aprova a Criação do Curso de Aperfeiçoamento Escola da Terra, no âmbito do Instituto Federal de Educação, Ciência e Tecnologia do Piauí (IFPI) e Anexo..pdf",Quando está previsto o início do curso Escola da Terra?,O início do curso Escola da Terra está previsto para março de 2025.,"O curso Escola da Terra está previsto para iniciar no primeiro semestre de 2024, conforme autorizado pelo Conselho Superior do Instituto Federal de Educação, Ciência e Tecnologia do Piauí.",0.47826086956521735,0.27272727272727276,0.3913043478260869,0.3913043478260869,0.19775876971405587,0.8714114427566528,0.9419988393783569,0.9053313136100769,0.5,0.0,25.3619,4
6,48,dense_rerank,"RESOLUÇÃO Nº 14-2025-Aprova a Criação do Curso de Aperfeiçoamento Escola da Terra, no âmbito do Instituto Federal de Educação, Ciência e Tecnologia do Piauí (IFPI) e Anexo..pdf",Quem é o coordenador do curso Escola da Terra?,O coordenador do curso Escola da Terra é Gilson Mendes Araújo.,O coordenador do curso Escola da Terra é o Prof. Me. Emanuel Alcântara da Silva.,0.5384615384615385,0.5,0.5384615384615385,0.5384615384615385,0.40052744847255717,0.892876148223877,0.956995964050293,0.9238248467445374,0.6666666666666667,0.0,16.2164,4
6,48,dense_rerank,"RESOLUÇÃO NORMATIVA Nº 236-2025-Prorroga o Plano Diretor de Tecnologia da Informação e Comunicação (PDTIC-2022-2024), do Instituto Federal de Educação, Ciência e Tecnologia do Piauí (IFPI) e Anexo.pdf",Para qual exercício foi prorrogada a vigência do PDTIC-2022/2024 do IFPI?,A vigência do PDTIC-2022/2024 foi prorrogada para o exercício de 2025.,A vigência do Plano Diretor de Tecnologia da Informação e Comunicação (PDTIC-2022/2024) do IFPI foi prorrogada para o exercício de 2025.,0.7142857142857143,0.6,0.7142857142857143,0.7142857142857143,0.3619779110707069,0.8878629803657532,0.9830116033554077,0.9330177307128906,0.7647058823529412,0.0,24.9673,4
6,48,dense_rerank,"RESOLUÇÃO NORMATIVA Nº 236-2025-Prorroga o Plano Diretor de Tecnologia da Informação e Comunicação (PDTIC-2022-2024), do Instituto Federal de Educação, Ciência e Tecnologia do Piauí (IFPI) e Anexo.pdf",Qual resolução foi revogada pela Resolução Normativa nº 236 de 2025?,"Foi revogada a Resolução Normativa nº 133/2022 - CONSELHO SUPERIOR, de 29 de abril de 2022.","A Resolução Normativa nº 236 de 2025 revogou a Resolução nº 15/2021 - CONSELHO SUPERIOR, de 19 de maio de 2021, e a Resolução NormaAva nº 206/2024- CONSELHO SUPERIOR, de 13 de maio de 2024.",0.35714285714285715,0.22222222222222218,0.35714285714285715,0.35714285714285715,0.1222627823979477,0.910374641418457,0.9322649240493774,0.9211897850036621,0.4375,0.0,43.054,4
6,48,dense_rerank,"RESOLUÇÃO NORMATIVA Nº 236-2025-Prorroga o Plano Diretor de Tecnologia da Informação e Comunicação (PDTIC-2022-2024), do Instituto Federal de Educação, Ciência e Tecnologia do Piauí (IFPI) e Anexo.pdf",Quais são as três fases da metodologia de elaboração do PDTIC descritas no documento?,"As três fases da metodologia de elaboração do PDTIC são Preparação, Diagnóstico e Planejamento.","As três fases da metodologia de elaboração do PDTIC, de acordo com o documento, são Preparação, Diagnóstico e Planejamento.",0.8837209302325582,0.8292682926829269,0.8837209302325582,0.8837209302325582,0.5963584321358336,0.9599119424819946,0.9954190850257874,0.9773430824279785,0.8750000000000001,0.0,18.8623,4
6,48,dense_rerank,"RESOLUÇÃO NORMATIVA Nº 236-2025-Prorroga o Plano Diretor de Tecnologia da Informação e Comunicação (PDTIC-2022-2024), do Instituto Federal de Educação, Ciência e Tecnologia do Piauí (IFPI) e Anexo.pdf",Em que guia se baseou a metodologia de elaboração do PDTIC do IFPI?,"A metodologia de elaboração do PDTIC do IFPI baseou-se no Guia de PDTIC do SISP, versão 2.0, adaptado à realidade do IFPI.","A metodologia de elaboração do PDTIC do IFPI baseou-se no Guia de PDTIC do SISP, versão 2.0, adaptado à realidade da instituição.",0.9019607843137256,0.8979591836734694,0.9019607843137256,0.9019607843137256,0.8817739004515716,0.9951040148735046,0.9970126748085022,0.996057391166687,0.9473684210526316,0.0,21.8674,4
6,48,dense_rerank,"RESOLUÇÃO NORMATIVA Nº 223-2024-Atualiza a Regulamentação do planejamento e o registro das atividades acadêmicas dos docentes da Carreira do Magistério do Ensino Básico, Técnico e Tecnológico do IFPI.pdf",Quais são os regimes de trabalho previstos para os docentes do EBTT no IFPI?,"Os regimes de trabalho previstos são 40 horas com dedicação exclusiva, 40 horas e 20 horas semanais.","Os regimes de trabalho previstos para os docentes do EBTT no IFPI são tempo integral de 40 horas semanais com dedicação exclusiva, tempo integral de 40 horas semanais ou tempo parcial de 20 horas semanais de trabalho.",0.6206896551724138,0.42857142857142855,0.6206896551724138,0.6206896551724138,0.20613242702593446,0.9090074300765991,0.9667177200317383,0.936974823474884,0.7027027027027025,0.0,27.3005,4
6,48,dense_rerank,"RESOLUÇÃO NORMATIVA Nº 223-2024-Atualiza a Regulamentação do planejamento e o registro das atividades acadêmicas dos docentes da Carreira do Magistério do Ensino Básico, Técnico e Tecnológico do IFPI.pdf","Para cada hora de regência de aulas, quantas horas adicionais o docente computará para atividades de organização e apoio ao ensino?","Para cada hora de regência de aulas, o docente computará uma hora adicional para atividades de organização e apoio ao ensino.",Não encontrei essa informação no contexto fornecido.,0.125,0.0,0.125,0.125,0.0,0.8275346755981445,0.8195750117301941,0.8235356211662292,0.0,0.0,12.2219,4
6,48,dense_rerank,"RESOLUÇÃO NORMATIVA Nº 218-2024-Estab. normas, critérios e proc. para a participação de docentes (DE) em atividades remuneradas.pdf","Qual é o limite anual de horas para a participação esporádica remunerada em palestras, conferências e atividades artísticas e culturais de docentes em dedicação exclusiva?",O limite anual é de 30 horas.,"O limite anual de horas para a participação esporádica remunerada em palestras, conferências e atividades artísticas e culturais de docentes em dedicação exclusiva é de 30 horas.",0.3243243243243243,0.2857142857142857,0.3243243243243243,0.3243243243243243,0.16110518603734317,0.8159329891204834,0.9581412076950073,0.8813374042510986,0.4827586206896552,0.0,22.8057,4
6,48,dense_rerank,"RESOLUÇÃO NORMATIVA Nº 218-2024-Estab. normas, critérios e proc. para a participação de docentes (DE) em atividades remuneradas.pdf",Qual é o limite de carga horária para atividades remuneradas eventuais previstas no artigo 7º da Resolução Normativa nº 218 de 2024?,As atividades remuneradas eventuais não podem exceder 8 horas semanais ou 416 horas anuais.,"O limite de carga horária para atividades remuneradas eventuais, no caso de servidores docentes com dedicação exclusiva ou com 20 ou 40 horas, é de 8 horas semanais ou 416 horas anuais, conforme previsto na Resolução Normativa nº 207 de 2024.",0.4137931034482758,0.2857142857142857,0.3793103448275862,0.3793103448275862,0.15589340552404063,0.8480509519577026,0.9276635646820068,0.88607257604599,0.391304347826087,0.0,32.6497,4
6,48,dense_rerank,"RESOLUÇÃO NORMATIVA Nº 217-2024-Atualiza o Regimento Interno da Comissão Permanente de Pessoal Docente (CPPD), no âmbito do Instituto Federal de Educação, Ciência e Tecnologia do Piauí (IFPI)..pdf",Como é composta a CPPD do IFPI em número de membros titulares e suplentes?,"A CPPD do IFPI é composta por 10 docentes, sendo 5 representantes titulares e 5 representantes suplentes.","A Comissão Permanente de Pessoal Docente do IFPI é composta por 10 docentes da carreira de Ensino Básico, Técnico e Tecnológico, sendo 5 representantes titulares e 5 representantes suplentes.",0.625,0.5217391304347827,0.625,0.625,0.4599040342685214,0.8838053345680237,0.972201943397522,0.925898551940918,0.7000000000000001,0.0,23.9438,4
6,48,dense_rerank,"RESOLUÇÃO NORMATIVA Nº 217-2024-Atualiza o Regimento Interno da Comissão Permanente de Pessoal Docente (CPPD), no âmbito do Instituto Federal de Educação, Ciência e Tecnologia do Piauí (IFPI)..pdf",Qual é o mandato dos integrantes da CPPD do IFPI?,"O mandato dos integrantes da CPPD é de 4 anos, com possibilidade de uma única recondução por igual período.","Os integrantes da Comissão Permanente de Pessoal Docente do IFPI têm um mandato de 4 anos, podendo ser reconduzidos por um único período igual.",0.5106382978723405,0.17777777777777778,0.3404255319148936,0.3404255319148936,0.12789533377801793,0.8666247129440308,0.9038090705871582,0.8848263621330261,0.45,0.0,20.3721,4
6,48,dense_rerank,"RESOLUÇÃO Nº 27-2024-Aprova  a criação do curso de Qualificação Profissional, de Formação Inicial e Continuada (FIC) em Aquicultor, no âmbito do IFPI e Anexo.pdf",Quantas vagas são ofertadas no curso FIC em Aquicultor?,O curso FIC em Aquicultor oferta 40 vagas.,O curso FIC em Aquicultor oferece um total de 40 vagas.,0.7368421052631579,0.588235294117647,0.7368421052631579,0.7368421052631579,0.4240125351805037,0.9459167718887329,0.9871349334716797,0.9660863876342773,0.7368421052631579,0.0,14.6487,4
6,48,dense_rerank,"RESOLUÇÃO Nº 27-2024-Aprova  a criação do curso de Qualificação Profissional, de Formação Inicial e Continuada (FIC) em Aquicultor, no âmbito do IFPI e Anexo.pdf",Qual é a forma de acesso ao curso FIC em Aquicultor?,A forma de acesso ao curso FIC em Aquicultor é por meio de sorteio.,"O curso FIC em Aquicultor tem como requisito de acesso o ensino fundamental I incompleto, do 1º ao 5º ano.",0.4242424242424242,0.2580645161290323,0.30303030303030304,0.30303030303030304,0.13817790393734294,0.8766475915908813,0.9233978986740112,0.8994156718254089,0.4375,0.0,19.2366,4
6,48,bm25,CURSO_SUPERIOR_DE_TECNOLOGIA_EM_ANÁLISE_E_DESENVOLVIMENTO_DE_SISTEMAS.pdf,Em que ano o Curso Superior de Tecnologia em Análise e Desenvolvimento de Sistemas foi criado no Campus de Picos?,O Curso Superior de Tecnologia em Análise e Desenvolvimento de Sistemas foi criado no Campus de Picos em 2013.,O Curso Superior de Tecnologia em Análise e Desenvolvimento de Sistemas foi criado no Campus de Picos em 2013.,1.0,1.0,1.0,1.0,1.0,0.9999999403953552,0.9999999403953552,0.9999999403953552,1.0,1.0,17.7389,4
6,48,bm25,CURSO_SUPERIOR_DE_TECNOLOGIA_EM_ANÁLISE_E_DESENVOLVIMENTO_DE_SISTEMAS.pdf,Qual é a unidade de oferta do Curso Superior de Tecnologia em Análise e Desenvolvimento de Sistemas descrita no PPC?,A unidade de oferta do curso é o Campus Teresina Central.,"O Curso Superior de Tecnologia em Análise e Desenvolvimento de Sistemas é ofertado nos Campi Teresina Central, Floriano, Picos, Corrente, Pedro II e Parnaíba.",0.28571428571428575,0.06060606060606061,0.17142857142857143,0.17142857142857143,0.0,0.816821277141571,0.9077346920967102,0.8598816394805908,0.3636363636363636,0.0,21.4209,4
6,48,bm25,CURSO_SUPERIOR_DE_TECNOLOGIA_EM_ANÁLISE_E_DESENVOLVIMENTO_DE_SISTEMAS.pdf,Qual é a carga horária total do Curso Superior de Tecnologia em Análise e Desenvolvimento de Sistemas?,A carga horária total do curso é de 2100 horas.,"O Curso Superior de Tecnologia em Análise e Desenvolvimento de Sistemas possui uma carga horária total de 400 horas no primeiro módulo, além de mais 600 horas no segundo módulo, conforme detalhado na estrutura curricular apresentada.",0.2745098039215686,0.12244897959183673,0.23529411764705882,0.23529411764705882,0.0,0.8147163987159729,0.9141398668289185,0.8615692853927612,0.3,0.0,25.8317,4
6,48,bm25,CURSO_SUPERIOR_DE_TECNOLOGIA_EM_ANÁLISE_E_DESENVOLVIMENTO_DE_SISTEMAS.pdf,Quantas vagas por ano são ofertadas no Curso Superior de Tecnologia em Análise e Desenvolvimento de Sistemas?,O curso oferta 40 vagas por ano.,"O Curso Superior de Tecnologia em Análise e Desenvolvimento de Sistemas oferece uma quantidade de 40 vagas por ano no Campus Teresina Central, conforme indicado no documento.",0.34285714285714286,0.24242424242424243,0.34285714285714286,0.34285714285714286,0.08914609827874222,0.8240004181861877,0.9440893530845642,0.879966676235199,0.3870967741935483,0.0,20.457,4
6,48,bm25,"RESOLUÇÃO Nº 14-2025-Aprova a Criação do Curso de Aperfeiçoamento Escola da Terra, no âmbito do Instituto Federal de Educação, Ciência e Tecnologia do Piauí (IFPI) e Anexo..pdf",Qual é a carga horária total do curso Escola da Terra?,A carga horária total do curso Escola da Terra é de 180 horas.,"O curso Escola da Terra possui uma carga horária total de 294 horas destinadas ao estudo das disciplinas, além de 66 horas para o Trabalho de Conclusão de Curso.",0.4444444444444445,0.27906976744186046,0.26666666666666666,0.26666666666666666,0.11871704290088221,0.8634258508682251,0.9381551742553711,0.8992406129837036,0.5,0.0,22.5533,4
6,48,bm25,"RESOLUÇÃO Nº 14-2025-Aprova a Criação do Curso de Aperfeiçoamento Escola da Terra, no âmbito do Instituto Federal de Educação, Ciência e Tecnologia do Piauí (IFPI) e Anexo..pdf",Qual é a meta física do curso Escola da Terra em número de vagas?,A meta física do curso Escola da Terra é de 120 vagas.,A meta física do curso Escola da Terra é de 30 vagas.,0.9166666666666666,0.8181818181818182,0.9166666666666666,0.9166666666666666,0.7910665071754358,0.9954450726509094,0.9954450726509094,0.9954450726509094,0.9166666666666666,0.0,12.3744,4
6,48,bm25,"RESOLUÇÃO Nº 14-2025-Aprova a Criação do Curso de Aperfeiçoamento Escola da Terra, no âmbito do Instituto Federal de Educação, Ciência e Tecnologia do Piauí (IFPI) e Anexo..pdf",Quando está previsto o início do curso Escola da Terra?,O início do curso Escola da Terra está previsto para março de 2025.,Não encontrei essa informação no contexto fornecido.,0.16666666666666669,0.0,0.16666666666666669,0.16666666666666669,0.0,0.8219438791275024,0.8310289978981018,0.8264614343643188,0.0,0.0,12.0293,4
6,48,bm25,"RESOLUÇÃO Nº 14-2025-Aprova a Criação do Curso de Aperfeiçoamento Escola da Terra, no âmbito do Instituto Federal de Educação, Ciência e Tecnologia do Piauí (IFPI) e Anexo..pdf",Quem é o coordenador do curso Escola da Terra?,O coordenador do curso Escola da Terra é Gilson Mendes Araújo.,"O coordenador do curso de Licenciatura Intercultural Indígena é regulamentado pelo edital CAPES/PARFOR Equidade 023/2023, e a atuação do coordenador do curso e local do Parfor Equidade está estabelecida nesse mesmo edital.",0.17391304347826086,0.13636363636363635,0.17391304347826086,0.17391304347826086,0.06714082273626723,0.8106777667999268,0.8865677118301392,0.8469260931015015,0.2777777777777778,0.0,29.7755,4
6,48,bm25,"RESOLUÇÃO NORMATIVA Nº 236-2025-Prorroga o Plano Diretor de Tecnologia da Informação e Comunicação (PDTIC-2022-2024), do Instituto Federal de Educação, Ciência e Tecnologia do Piauí (IFPI) e Anexo.pdf",Para qual exercício foi prorrogada a vigência do PDTIC-2022/2024 do IFPI?,A vigência do PDTIC-2022/2024 foi prorrogada para o exercício de 2025.,Não encontrei essa informação no contexto fornecido.,0.08333333333333334,0.0,0.08333333333333334,0.08333333333333334,0.0,0.8213146328926086,0.798200786113739,0.8095927238464355,0.0,0.0,12.5152,4
6,48,bm25,"RESOLUÇÃO NORMATIVA Nº 236-2025-Prorroga o Plano Diretor de Tecnologia da Informação e Comunicação (PDTIC-2022-2024), do Instituto Federal de Educação, Ciência e Tecnologia do Piauí (IFPI) e Anexo.pdf",Qual resolução foi revogada pela Resolução Normativa nº 236 de 2025?,"Foi revogada a Resolução Normativa nº 133/2022 - CONSELHO SUPERIOR, de 29 de abril de 2022.","A Resolução Normativa nº 236 de 2025 revogou a Resolução Normativa nº 43/2021 - CONSELHO SUPERIOR, de 10 de junho de 2021.",0.48780487804878053,0.30769230769230765,0.48780487804878053,0.48780487804878053,0.24835336815593248,0.9547911882400513,0.9592360854148865,0.9570085406303406,0.5185185185185186,0.0,27.4897,4
6,48,bm25,"RESOLUÇÃO NORMATIVA Nº 236-2025-Prorroga o Plano Diretor de Tecnologia da Informação e Comunicação (PDTIC-2022-2024), do Instituto Federal de Educação, Ciência e Tecnologia do Piauí (IFPI) e Anexo.pdf",Quais são as três fases da metodologia de elaboração do PDTIC descritas no documento?,"As três fases da metodologia de elaboração do PDTIC são Preparação, Diagnóstico e Planejamento.","As três fases da metodologia de elaboração do PDTIC são Preparação, Diagnóstico e Planejamento.",1.0,1.0,1.0,1.0,1.0,1.0,1.0,1.0,1.0,1.0,16.2776,4
6,48,bm25,"RESOLUÇÃO NORMATIVA Nº 236-2025-Prorroga o Plano Diretor de Tecnologia da Informação e Comunicação (PDTIC-2022-2024), do Instituto Federal de Educação, Ciência e Tecnologia do Piauí (IFPI) e Anexo.pdf",Em que guia se baseou a metodologia de elaboração do PDTIC do IFPI?,"A metodologia de elaboração do PDTIC do IFPI baseou-se no Guia de PDTIC do SISP, versão 2.0, adaptado à realidade do IFPI.","A metodologia de elaboração do PDTIC do IFPI baseou-se no Guia de PDTIC do SISP, versão 2.0, que foi adaptado à realidade da instituição.",0.8679245283018867,0.823529411764706,0.8679245283018867,0.8679245283018867,0.7488856162563027,0.9856879115104675,0.9934456944465637,0.9895516037940979,0.9,0.0,22.6735,4
6,48,bm25,"RESOLUÇÃO NORMATIVA Nº 223-2024-Atualiza a Regulamentação do planejamento e o registro das atividades acadêmicas dos docentes da Carreira do Magistério do Ensino Básico, Técnico e Tecnológico do IFPI.pdf",Quais são os regimes de trabalho previstos para os docentes do EBTT no IFPI?,"Os regimes de trabalho previstos são 40 horas com dedicação exclusiva, 40 horas e 20 horas semanais.","Os regimes de trabalho previstos para os docentes do EBTT no IFPI são o tempo integral de 40 horas semanais e o tempo parcial de 20 horas semanais, sendo que o regime de 40 horas com dedicação exclusiva impede o exercício de outra atividade remunerada, salvo as exceções previstas em lei.",0.5135135135135135,0.3611111111111111,0.37837837837837834,0.37837837837837834,0.16663464172843773,0.8569475412368774,0.951302707195282,0.9016634225845337,0.5384615384615384,0.0,32.4753,4
6,48,bm25,"RESOLUÇÃO NORMATIVA Nº 223-2024-Atualiza a Regulamentação do planejamento e o registro das atividades acadêmicas dos docentes da Carreira do Magistério do Ensino Básico, Técnico e Tecnológico do IFPI.pdf","Para cada hora de regência de aulas, quantas horas adicionais o docente computará para atividades de organização e apoio ao ensino?","Para cada hora de regência de aulas, o docente computará uma hora adicional para atividades de organização e apoio ao ensino.","Para cada hora de regência de aula, o docente deverá registrar uma hora de organização e apoio ao ensino.",0.8181818181818182,0.6666666666666666,0.8181818181818182,0.8181818181818182,0.5382008965108557,0.9565843343734741,0.9403003454208374,0.9483724236488342,0.787878787878788,0.0,16.6206,4
6,48,bm25,"RESOLUÇÃO NORMATIVA Nº 218-2024-Estab. normas, critérios e proc. para a participação de docentes (DE) em atividades remuneradas.pdf","Qual é o limite anual de horas para a participação esporádica remunerada em palestras, conferências e atividades artísticas e culturais de docentes em dedicação exclusiva?",O limite anual é de 30 horas.,"O limite anual de horas para a participação esporádica remunerada em palestras, conferências e atividades artísticas e culturais de docentes em dedicação exclusiva é de 30 horas.",0.3243243243243243,0.2857142857142857,0.3243243243243243,0.3243243243243243,0.16110518603734317,0.8159329891204834,0.9581412076950073,0.8813374042510986,0.4827586206896552,0.0,22.3703,4
6,48,bm25,"RESOLUÇÃO NORMATIVA Nº 218-2024-Estab. normas, critérios e proc. para a participação de docentes (DE) em atividades remuneradas.pdf",Qual é o limite de carga horária para atividades remuneradas eventuais previstas no artigo 7º da Resolução Normativa nº 218 de 2024?,As atividades remuneradas eventuais não podem exceder 8 horas semanais ou 416 horas anuais.,Não encontrei essa informação no contexto fornecido.,0.16666666666666669,0.09090909090909091,0.16666666666666669,0.16666666666666669,0.0,0.8233992457389832,0.8057843446731567,0.814496636390686,0.1,0.0,12.2283,4
6,48,bm25,"RESOLUÇÃO NORMATIVA Nº 217-2024-Atualiza o Regimento Interno da Comissão Permanente de Pessoal Docente (CPPD), no âmbito do Instituto Federal de Educação, Ciência e Tecnologia do Piauí (IFPI)..pdf",Como é composta a CPPD do IFPI em número de membros titulares e suplentes?,"A CPPD do IFPI é composta por 10 docentes, sendo 5 representantes titulares e 5 representantes suplentes.","A composição da Comissão Permanente de Pessoal Docente do IFPI é feita por chapas registradas, compostas por dois docentes, com indicação do titular e suplente.",0.27906976744186046,0.04878048780487805,0.27906976744186046,0.27906976744186046,0.0,0.8804346919059753,0.9170075058937073,0.8983490467071533,0.3684210526315789,0.0,21.4567,4
6,48,bm25,"RESOLUÇÃO NORMATIVA Nº 217-2024-Atualiza o Regimento Interno da Comissão Permanente de Pessoal Docente (CPPD), no âmbito do Instituto Federal de Educação, Ciência e Tecnologia do Piauí (IFPI)..pdf",Qual é o mandato dos integrantes da CPPD do IFPI?,"O mandato dos integrantes da CPPD é de 4 anos, com possibilidade de uma única recondução por igual período.","Os membros da CPPD são designados pelo Reitor, após escolha pelos seus pares, para cumprirem um mandato de quatro anos, admitindo-se uma única reeleição para período subsequente, sem limite para mandatos alternados.",0.38596491228070173,0.1090909090909091,0.3157894736842105,0.3157894736842105,0.0,0.8508672118186951,0.9019008278846741,0.8756410479545593,0.32653061224489793,0.0,26.2898,4
6,48,bm25,"RESOLUÇÃO Nº 27-2024-Aprova  a criação do curso de Qualificação Profissional, de Formação Inicial e Continuada (FIC) em Aquicultor, no âmbito do IFPI e Anexo.pdf",Quantas vagas são ofertadas no curso FIC em Aquicultor?,O curso FIC em Aquicultor oferta 40 vagas.,Não encontrei essa informação no contexto fornecido.,0.11764705882352941,0.0,0.11764705882352941,0.11764705882352941,0.0,0.8231986165046692,0.8388471603393555,0.8309492468833923,0.0,0.0,12.1127,4
6,48,bm25,"RESOLUÇÃO Nº 27-2024-Aprova  a criação do curso de Qualificação Profissional, de Formação Inicial e Continuada (FIC) em Aquicultor, no âmbito do IFPI e Anexo.pdf",Qual é a forma de acesso ao curso FIC em Aquicultor?,A forma de acesso ao curso FIC em Aquicultor é por meio de sorteio.,"O acesso ao curso FIC em Aquicultor será por meio de edital de seleção, com processo seletivo realizado através de prova escrita específica.",0.5128205128205128,0.3783783783783784,0.46153846153846156,0.46153846153846156,0.24835336815593242,0.9104467034339905,0.9522331357002258,0.9308712482452393,0.5294117647058824,0.0,20.6275,4
6,48,tfidf,CURSO_SUPERIOR_DE_TECNOLOGIA_EM_ANÁLISE_E_DESENVOLVIMENTO_DE_SISTEMAS.pdf,Em que ano o Curso Superior de Tecnologia em Análise e Desenvolvimento de Sistemas foi criado no Campus de Picos?,O Curso Superior de Tecnologia em Análise e Desenvolvimento de Sistemas foi criado no Campus de Picos em 2013.,O Curso Superior de Tecnologia em Análise e Desenvolvimento de Sistemas foi criado no Campus de Picos em 2013.,1.0,1.0,1.0,1.0,1.0,0.9999999403953552,0.9999999403953552,0.9999999403953552,1.0,1.0,17.5947,4
6,48,tfidf,CURSO_SUPERIOR_DE_TECNOLOGIA_EM_ANÁLISE_E_DESENVOLVIMENTO_DE_SISTEMAS.pdf,Qual é a unidade de oferta do Curso Superior de Tecnologia em Análise e Desenvolvimento de Sistemas descrita no PPC?,A unidade de oferta do curso é o Campus Teresina Central.,"O Curso Superior de Tecnologia em Análise e Desenvolvimento de Sistemas é ofertado nos Campi Teresina Central, Floriano, Picos, Corrente, Pedro II e Parnaíba.",0.28571428571428575,0.06060606060606061,0.17142857142857143,0.17142857142857143,0.0,0.816821277141571,0.9077346920967102,0.8598816394805908,0.3636363636363636,0.0,23.5699,4
6,48,tfidf,CURSO_SUPERIOR_DE_TECNOLOGIA_EM_ANÁLISE_E_DESENVOLVIMENTO_DE_SISTEMAS.pdf,Qual é a carga horária total do Curso Superior de Tecnologia em Análise e Desenvolvimento de Sistemas?,A carga horária total do curso é de 2100 horas.,Não encontrei essa informação no contexto fornecido.,0.0,0.0,0.0,0.0,0.0,0.8249529004096985,0.8356121182441711,0.8302482962608337,0.0,0.0,12.7724,4
6,48,tfidf,CURSO_SUPERIOR_DE_TECNOLOGIA_EM_ANÁLISE_E_DESENVOLVIMENTO_DE_SISTEMAS.pdf,Quantas vagas por ano são ofertadas no Curso Superior de Tecnologia em Análise e Desenvolvimento de Sistemas?,O curso oferta 40 vagas por ano.,"No Campus de Floriano, o Curso Superior de Tecnologia em Análise e Desenvolvimento de Sistemas oferece 35 vagas no turno da tarde, enquanto no Campus de Picos são ofertadas 40 vagas no turno da noite para o ano de 2025.2.",0.2,0.08333333333333333,0.2,0.2,0.0,0.8188979625701904,0.9087571501731873,0.8614906072616577,0.2777777777777778,0.0,27.2728,4
6,48,tfidf,"RESOLUÇÃO Nº 14-2025-Aprova a Criação do Curso de Aperfeiçoamento Escola da Terra, no âmbito do Instituto Federal de Educação, Ciência e Tecnologia do Piauí (IFPI) e Anexo..pdf",Qual é a carga horária total do curso Escola da Terra?,A carga horária total do curso Escola da Terra é de 180 horas.,"O curso de Especialização Escola da Terra possui uma carga horária total de 495 horas, sendo 257 horas em Tempo-Universidade e 103 horas em Tempo-Escola/Comunidade.",0.4651162790697674,0.2439024390243903,0.27906976744186046,0.27906976744186046,0.0,0.8809854984283447,0.9372314810752869,0.9082384705543518,0.5142857142857142,0.0,27.0573,4
6,48,tfidf,"RESOLUÇÃO Nº 14-2025-Aprova a Criação do Curso de Aperfeiçoamento Escola da Terra, no âmbito do Instituto Federal de Educação, Ciência e Tecnologia do Piauí (IFPI) e Anexo..pdf",Qual é a meta física do curso Escola da Terra em número de vagas?,A meta física do curso Escola da Terra é de 120 vagas.,A meta física do curso Escola da Terra é de 60 vagas para professores da educação básica que atuam em escolas do campo e possuem certificação em curso de aperfeiçoamento.,0.4782608695652174,0.4090909090909091,0.4782608695652174,0.4782608695652174,0.2991528889155785,0.8609741926193237,0.9757529497146606,0.9147772192955017,0.5945945945945945,0.0,21.9931,4
6,48,tfidf,"RESOLUÇÃO Nº 14-2025-Aprova a Criação do Curso de Aperfeiçoamento Escola da Terra, no âmbito do Instituto Federal de Educação, Ciência e Tecnologia do Piauí (IFPI) e Anexo..pdf",Quando está previsto o início do curso Escola da Terra?,O início do curso Escola da Terra está previsto para março de 2025.,O início do Curso Aperfeiçoamento Escola da Terra está previsto para o primeiro semestre de 2024.,0.7878787878787877,0.5806451612903226,0.7878787878787877,0.7878787878787877,0.37709297891717664,0.8994907736778259,0.9575713872909546,0.9276228547096252,0.7857142857142856,0.0,17.1799,4
6,48,tfidf,"RESOLUÇÃO Nº 14-2025-Aprova a Criação do Curso de Aperfeiçoamento Escola da Terra, no âmbito do Instituto Federal de Educação, Ciência e Tecnologia do Piauí (IFPI) e Anexo..pdf",Quem é o coordenador do curso Escola da Terra?,O coordenador do curso Escola da Terra é Gilson Mendes Araújo.,Não encontrei essa informação no contexto fornecido.,0.09999999999999999,0.0,0.09999999999999999,0.09999999999999999,0.0,0.8250470161437988,0.8430057168006897,0.833929717540741,0.0,0.0,12.656,4
6,48,tfidf,"RESOLUÇÃO NORMATIVA Nº 236-2025-Prorroga o Plano Diretor de Tecnologia da Informação e Comunicação (PDTIC-2022-2024), do Instituto Federal de Educação, Ciência e Tecnologia do Piauí (IFPI) e Anexo.pdf",Para qual exercício foi prorrogada a vigência do PDTIC-2022/2024 do IFPI?,A vigência do PDTIC-2022/2024 foi prorrogada para o exercício de 2025.,"O Plano Diretor de Tecnologia da Informação e Comunicação (PDTIC-2022/2024) do IFPI teve a vigência prorrogada para o exercício de 2025, conforme estabelecido na Resolução Normativa nº 236.",0.5599999999999999,0.4166666666666667,0.4,0.4,0.1834283688193615,0.8566336035728455,0.9619570970535278,0.9062454700469971,0.5853658536585366,0.0,29.8114,4
6,48,tfidf,"RESOLUÇÃO NORMATIVA Nº 236-2025-Prorroga o Plano Diretor de Tecnologia da Informação e Comunicação (PDTIC-2022-2024), do Instituto Federal de Educação, Ciência e Tecnologia do Piauí (IFPI) e Anexo.pdf",Qual resolução foi revogada pela Resolução Normativa nº 236 de 2025?,"Foi revogada a Resolução Normativa nº 133/2022 - CONSELHO SUPERIOR, de 29 de abril de 2022.",Não encontrei essa informação no contexto fornecido.,0.15384615384615383,0.0,0.07692307692307691,0.07692307692307691,0.0,0.8195531368255615,0.7702820301055908,0.7941540479660034,0.0,0.0,8.8088,4
6,48,tfidf,"RESOLUÇÃO NORMATIVA Nº 236-2025-Prorroga o Plano Diretor de Tecnologia da Informação e Comunicação (PDTIC-2022-2024), do Instituto Federal de Educação, Ciência e Tecnologia do Piauí (IFPI) e Anexo.pdf",Quais são as três fases da metodologia de elaboração do PDTIC descritas no documento?,"As três fases da metodologia de elaboração do PDTIC são Preparação, Diagnóstico e Planejamento.","As três fases da metodologia de elaboração do PDTIC são Preparação, Diagnóstico e a fase de execução de processos específicos em harmonia com os instrumentos de planejamento da instituição.",0.6785714285714285,0.6296296296296297,0.6785714285714285,0.6785714285714285,0.42967728103447583,0.9086821675300598,0.9674482345581055,0.9371448755264282,0.717948717948718,0.0,21.3332,4
6,48,tfidf,"RESOLUÇÃO NORMATIVA Nº 236-2025-Prorroga o Plano Diretor de Tecnologia da Informação e Comunicação (PDTIC-2022-2024), do Instituto Federal de Educação, Ciência e Tecnologia do Piauí (IFPI) e Anexo.pdf",Em que guia se baseou a metodologia de elaboração do PDTIC do IFPI?,"A metodologia de elaboração do PDTIC do IFPI baseou-se no Guia de PDTIC do SISP, versão 2.0, adaptado à realidade do IFPI.","A metodologia de elaboração do PDTIC do IFPI baseou-se em instrumentos de planejamento da instituição, como o Plano de Desenvolvimento Institucional, a Estratégia de Governança Digital e a Instrução Normativa SGD/ME nº 31/2021.",0.3939393939393939,0.3125,0.3939393939393939,0.3939393939393939,0.2112482780971751,0.8373352885246277,0.90305095911026,0.8689524531364441,0.37499999999999994,0.0,29.4027,4
6,48,tfidf,"RESOLUÇÃO NORMATIVA Nº 223-2024-Atualiza a Regulamentação do planejamento e o registro das atividades acadêmicas dos docentes da Carreira do Magistério do Ensino Básico, Técnico e Tecnológico do IFPI.pdf",Quais são os regimes de trabalho previstos para os docentes do EBTT no IFPI?,"Os regimes de trabalho previstos são 40 horas com dedicação exclusiva, 40 horas e 20 horas semanais.",Os regimes de trabalho previstos para os docentes do EBTT no IFPI são o tempo integral de 40 horas semanais e o tempo parcial de 20 horas semanais.,0.5833333333333334,0.34782608695652173,0.5833333333333334,0.5833333333333334,0.22872196013470597,0.8990827202796936,0.938060998916626,0.9181584119796753,0.6285714285714286,0.0,22.0936,4
6,48,tfidf,"RESOLUÇÃO NORMATIVA Nº 223-2024-Atualiza a Regulamentação do planejamento e o registro das atividades acadêmicas dos docentes da Carreira do Magistério do Ensino Básico, Técnico e Tecnológico do IFPI.pdf","Para cada hora de regência de aulas, quantas horas adicionais o docente computará para atividades de organização e apoio ao ensino?","Para cada hora de regência de aulas, o docente computará uma hora adicional para atividades de organização e apoio ao ensino.","Para cada hora de regência de aulas, o docente computará uma hora de organização e apoio ao ensino.",0.9302325581395349,0.8780487804878049,0.9302325581395349,0.9302325581395349,0.7854475723304021,0.992283821105957,0.9769299030303955,0.9845470190048218,0.9375,0.0,16.6629,4
6,48,tfidf,"RESOLUÇÃO NORMATIVA Nº 218-2024-Estab. normas, critérios e proc. para a participação de docentes (DE) em atividades remuneradas.pdf","Qual é o limite anual de horas para a participação esporádica remunerada em palestras, conferências e atividades artísticas e culturais de docentes em dedicação exclusiva?",O limite anual é de 30 horas.,"O limite anual de horas para a participação esporádica remunerada em palestras, conferências e atividades artísticas e culturais de docentes em dedicação exclusiva é de 30 horas.",0.3243243243243243,0.2857142857142857,0.3243243243243243,0.3243243243243243,0.16110518603734317,0.8159329891204834,0.9581412076950073,0.8813374042510986,0.4827586206896552,0.0,22.1839,4
6,48,tfidf,"RESOLUÇÃO NORMATIVA Nº 218-2024-Estab. normas, critérios e proc. para a participação de docentes (DE) em atividades remuneradas.pdf",Qual é o limite de carga horária para atividades remuneradas eventuais previstas no artigo 7º da Resolução Normativa nº 218 de 2024?,As atividades remuneradas eventuais não podem exceder 8 horas semanais ou 416 horas anuais.,Não encontrei essa informação no contexto fornecido.,0.16666666666666669,0.09090909090909091,0.16666666666666669,0.16666666666666669,0.0,0.8233992457389832,0.8057843446731567,0.814496636390686,0.1,0.0,13.5663,4
6,48,tfidf,"RESOLUÇÃO NORMATIVA Nº 217-2024-Atualiza o Regimento Interno da Comissão Permanente de Pessoal Docente (CPPD), no âmbito do Instituto Federal de Educação, Ciência e Tecnologia do Piauí (IFPI)..pdf",Como é composta a CPPD do IFPI em número de membros titulares e suplentes?,"A CPPD do IFPI é composta por 10 docentes, sendo 5 representantes titulares e 5 representantes suplentes.","A composição da Comissão Permanente de Pessoal Docente do IFPI é feita por membros titulares e suplentes, sendo que cada chapa no processo eleitoral é composta por dois docentes, com indicação do titular e do suplente.",0.3773584905660377,0.11764705882352941,0.2641509433962264,0.2641509433962264,0.0,0.8747634887695312,0.9236804842948914,0.898556649684906,0.47826086956521735,0.0,25.2557,4
6,48,tfidf,"RESOLUÇÃO NORMATIVA Nº 217-2024-Atualiza o Regimento Interno da Comissão Permanente de Pessoal Docente (CPPD), no âmbito do Instituto Federal de Educação, Ciência e Tecnologia do Piauí (IFPI)..pdf",Qual é o mandato dos integrantes da CPPD do IFPI?,"O mandato dos integrantes da CPPD é de 4 anos, com possibilidade de uma única recondução por igual período.",O contexto recuperado não apresenta informações sobre o tempo de duração do mandato dos integrantes da CPPD do IFPI.,0.380952380952381,0.2,0.28571428571428564,0.28571428571428564,0.1917495384724017,0.8765426278114319,0.8683575987815857,0.8724309206008911,0.39999999999999997,0.0,16.7035,4
6,48,tfidf,"RESOLUÇÃO Nº 27-2024-Aprova  a criação do curso de Qualificação Profissional, de Formação Inicial e Continuada (FIC) em Aquicultor, no âmbito do IFPI e Anexo.pdf",Quantas vagas são ofertadas no curso FIC em Aquicultor?,O curso FIC em Aquicultor oferta 40 vagas.,O curso FIC em Aquicultor oferece um total de 40 vagas.,0.7368421052631579,0.588235294117647,0.7368421052631579,0.7368421052631579,0.4240125351805037,0.9459167718887329,0.9871349334716797,0.9660863876342773,0.7368421052631579,0.0,14.691,4
6,48,tfidf,"RESOLUÇÃO Nº 27-2024-Aprova  a criação do curso de Qualificação Profissional, de Formação Inicial e Continuada (FIC) em Aquicultor, no âmbito do IFPI e Anexo.pdf",Qual é a forma de acesso ao curso FIC em Aquicultor?,A forma de acesso ao curso FIC em Aquicultor é por meio de sorteio.,"O curso FIC em Aquicultor tem como requisito de acesso o Ensino Fundamental I incompleto, do 1º ao 5º ano.",0.4242424242424242,0.2580645161290323,0.30303030303030304,0.30303030303030304,0.13817790393734294,0.868803858757019,0.9238361120223999,0.8954752683639526,0.4375,0.0,19.517,4
7,49,dense_no_rerank,CURSO_SUPERIOR_DE_TECNOLOGIA_EM_ANÁLISE_E_DESENVOLVIMENTO_DE_SISTEMAS.pdf,Em que ano o Curso Superior de Tecnologia em Análise e Desenvolvimento de Sistemas foi criado no Campus de Picos?,O Curso Superior de Tecnologia em Análise e Desenvolvimento de Sistemas foi criado no Campus de Picos em 2013.,O Curso Superior de Tecnologia em Análise e Desenvolvimento de Sistemas foi criado no Campus de Picos em 2013.,1.0,1.0,1.0,1.0,1.0,0.9999999403953552,0.9999999403953552,0.9999999403953552,1.0,1.0,20.0496,4
7,49,dense_no_rerank,CURSO_SUPERIOR_DE_TECNOLOGIA_EM_ANÁLISE_E_DESENVOLVIMENTO_DE_SISTEMAS.pdf,Qual é a unidade de oferta do Curso Superior de Tecnologia em Análise e Desenvolvimento de Sistemas descrita no PPC?,A unidade de oferta do curso é o Campus Teresina Central.,A unidade de oferta do Curso Superior de Tecnologia em Análise e Desenvolvimento de Sistemas é o Campus Teresina Central.,0.6666666666666666,0.5714285714285714,0.6666666666666666,0.6666666666666666,0.394100477098606,0.8748151063919067,0.9795048236846924,0.9242047071456909,0.7586206896551725,0.0,17.1337,4
7,49,dense_no_rerank,CURSO_SUPERIOR_DE_TECNOLOGIA_EM_ANÁLISE_E_DESENVOLVIMENTO_DE_SISTEMAS.pdf,Qual é a carga horária total do Curso Superior de Tecnologia em Análise e Desenvolvimento de Sistemas?,A carga horária total do curso é de 2100 horas.,A carga horária total do Curso Superior de Tecnologia em Sistemas para Internet é de 2.100 horas.,0.6428571428571429,0.46153846153846156,0.6428571428571429,0.6428571428571429,0.25772294506990867,0.8713124394416809,0.9634993672370911,0.915090024471283,0.6666666666666667,0.0,17.2015,4
7,49,dense_no_rerank,CURSO_SUPERIOR_DE_TECNOLOGIA_EM_ANÁLISE_E_DESENVOLVIMENTO_DE_SISTEMAS.pdf,Quantas vagas por ano são ofertadas no Curso Superior de Tecnologia em Análise e Desenvolvimento de Sistemas?,O curso oferta 40 vagas por ano.,"O Curso Superior de Tecnologia em Análise e Desenvolvimento de Sistemas oferece uma quantidade de 40 vagas por ano no turno vespertino, no Campus Teresina Central.",0.35294117647058826,0.25,0.35294117647058826,0.35294117647058826,0.09251599780696446,0.822972297668457,0.9461147785186768,0.8802577257156372,0.4,0.0,20.8397,4
7,49,dense_no_rerank,"RESOLUÇÃO Nº 14-2025-Aprova a Criação do Curso de Aperfeiçoamento Escola da Terra, no âmbito do Instituto Federal de Educação, Ciência e Tecnologia do Piauí (IFPI) e Anexo..pdf",Qual é a carga horária total do curso Escola da Terra?,A carga horária total do curso Escola da Terra é de 180 horas.,A carga horária total do curso Escola da Terra é de 180 horas.,1.0,1.0,1.0,1.0,1.0,1.0,1.0,1.0,1.0,1.0,16.5708,4
7,49,dense_no_rerank,"RESOLUÇÃO Nº 14-2025-Aprova a Criação do Curso de Aperfeiçoamento Escola da Terra, no âmbito do Instituto Federal de Educação, Ciência e Tecnologia do Piauí (IFPI) e Anexo..pdf",Qual é a meta física do curso Escola da Terra em número de vagas?,A meta física do curso Escola da Terra é de 120 vagas.,A meta física do curso Escola da Terra é de 120 vagas para professoras e coordenadoras pedagógicas de turmas multisseriadas.,0.7272727272727273,0.7096774193548387,0.7272727272727273,0.7272727272727273,0.5471114295717522,0.8801493048667908,0.9877628684043884,0.9308561682701111,0.7741935483870968,0.0,21.0205,4
7,49,dense_no_rerank,"RESOLUÇÃO Nº 14-2025-Aprova a Criação do Curso de Aperfeiçoamento Escola da Terra, no âmbito do Instituto Federal de Educação, Ciência e Tecnologia do Piauí (IFPI) e Anexo..pdf",Quando está previsto o início do curso Escola da Terra?,O início do curso Escola da Terra está previsto para março de 2025.,"O curso de Especialização Escola da Terra está previsto para iniciar no primeiro semestre de 2025 nos campi do Instituto Federal de Educação, Ciência e Tecnologia do Piauí.",0.5217391304347827,0.27272727272727276,0.4347826086956521,0.4347826086956521,0.19037861963633804,0.8779458403587341,0.94632488489151,0.9108538031578064,0.5789473684210525,0.0,23.3303,4
7,49,dense_no_rerank,"RESOLUÇÃO Nº 14-2025-Aprova a Criação do Curso de Aperfeiçoamento Escola da Terra, no âmbito do Instituto Federal de Educação, Ciência e Tecnologia do Piauí (IFPI) e Anexo..pdf",Quem é o coordenador do curso Escola da Terra?,O coordenador do curso Escola da Terra é Gilson Mendes Araújo.,O coordenador do curso Escola da Terra é o Prof. Me. Emanuel Alcântara da Silva.,0.5384615384615385,0.5,0.5384615384615385,0.5384615384615385,0.40052744847255717,0.892876148223877,0.956995964050293,0.9238248467445374,0.6666666666666667,0.0,16.1409,4
7,49,dense_no_rerank,"RESOLUÇÃO NORMATIVA Nº 236-2025-Prorroga o Plano Diretor de Tecnologia da Informação e Comunicação (PDTIC-2022-2024), do Instituto Federal de Educação, Ciência e Tecnologia do Piauí (IFPI) e Anexo.pdf",Para qual exercício foi prorrogada a vigência do PDTIC-2022/2024 do IFPI?,A vigência do PDTIC-2022/2024 foi prorrogada para o exercício de 2025.,A vigência do Plano Diretor de Tecnologia da Informação e Comunicação (PDTIC-2022/2024) do IFPI foi prorrogada para o exercício de 2025.,0.7142857142857143,0.6,0.7142857142857143,0.7142857142857143,0.3619779110707069,0.8878629803657532,0.9830116033554077,0.9330177307128906,0.7647058823529412,0.0,24.8331,4
7,49,dense_no_rerank,"RESOLUÇÃO NORMATIVA Nº 236-2025-Prorroga o Plano Diretor de Tecnologia da Informação e Comunicação (PDTIC-2022-2024), do Instituto Federal de Educação, Ciência e Tecnologia do Piauí (IFPI) e Anexo.pdf",Qual resolução foi revogada pela Resolução Normativa nº 236 de 2025?,"Foi revogada a Resolução Normativa nº 133/2022 - CONSELHO SUPERIOR, de 29 de abril de 2022.","A Resolução Normativa nº 236 de 2025 revogou a Resolução nº 15/2021 - CONSELHO SUPERIOR, de 19 de maio de 2021, e a Resolução NormaAva nº 206/2024- CONSELHO SUPERIOR, de 13 de maio de 2024.",0.35714285714285715,0.22222222222222218,0.35714285714285715,0.35714285714285715,0.1222627823979477,0.910374641418457,0.9322649240493774,0.9211897850036621,0.4375,0.0,41.4804,4
7,49,dense_no_rerank,"RESOLUÇÃO NORMATIVA Nº 236-2025-Prorroga o Plano Diretor de Tecnologia da Informação e Comunicação (PDTIC-2022-2024), do Instituto Federal de Educação, Ciência e Tecnologia do Piauí (IFPI) e Anexo.pdf",Quais são as três fases da metodologia de elaboração do PDTIC descritas no documento?,"As três fases da metodologia de elaboração do PDTIC são Preparação, Diagnóstico e Planejamento.","As três fases da metodologia de elaboração do PDTIC descritas no documento são Preparação, Diagnóstico e Planejamento.",0.9268292682926829,0.8717948717948718,0.9268292682926829,0.9268292682926829,0.7331765459202478,0.975016713142395,0.9960288405418396,0.9854108095169067,0.9032258064516129,0.0,17.7427,4
7,49,dense_no_rerank,"RESOLUÇÃO NORMATIVA Nº 236-2025-Prorroga o Plano Diretor de Tecnologia da Informação e Comunicação (PDTIC-2022-2024), do Instituto Federal de Educação, Ciência e Tecnologia do Piauí (IFPI) e Anexo.pdf",Em que guia se baseou a metodologia de elaboração do PDTIC do IFPI?,"A metodologia de elaboração do PDTIC do IFPI baseou-se no Guia de PDTIC do SISP, versão 2.0, adaptado à realidade do IFPI.","A metodologia de elaboração do PDTIC do IFPI baseou-se no Guia de PDTIC do SISP, versão 2.0, adaptado à realidade da instituição.",0.9019607843137256,0.8979591836734694,0.9019607843137256,0.9019607843137256,0.8817739004515716,0.9951040148735046,0.9970126748085022,0.996057391166687,0.9473684210526316,0.0,21.8078,4
7,49,dense_no_rerank,"RESOLUÇÃO NORMATIVA Nº 223-2024-Atualiza a Regulamentação do planejamento e o registro das atividades acadêmicas dos docentes da Carreira do Magistério do Ensino Básico, Técnico e Tecnológico do IFPI.pdf",Quais são os regimes de trabalho previstos para os docentes do EBTT no IFPI?,"Os regimes de trabalho previstos são 40 horas com dedicação exclusiva, 40 horas e 20 horas semanais.","De acordo com a resolução, as horas despendidas nas atividades docentes dos docentes do EBTT totalizarão a quantidade de horas semanais previstas nos seus respectivos regimes de trabalho, e deverão ser cumpridas de acordo com as necessidades dos campi.",0.3278688524590164,0.1016949152542373,0.19672131147540983,0.19672131147540983,0.0,0.8354827761650085,0.8810862302780151,0.8576787710189819,0.32558139534883723,0.0,26.3259,4
7,49,dense_no_rerank,"RESOLUÇÃO NORMATIVA Nº 223-2024-Atualiza a Regulamentação do planejamento e o registro das atividades acadêmicas dos docentes da Carreira do Magistério do Ensino Básico, Técnico e Tecnológico do IFPI.pdf","Para cada hora de regência de aulas, quantas horas adicionais o docente computará para atividades de organização e apoio ao ensino?","Para cada hora de regência de aulas, o docente computará uma hora adicional para atividades de organização e apoio ao ensino.","Para cada hora de regência de aulas, o docente computará uma hora de organização e apoio ao ensino.",0.9302325581395349,0.8780487804878049,0.9302325581395349,0.9302325581395349,0.7854475723304021,0.992283821105957,0.9769299030303955,0.9845470190048218,0.9375,0.0,16.491,4
7,49,dense_no_rerank,"RESOLUÇÃO NORMATIVA Nº 218-2024-Estab. normas, critérios e proc. para a participação de docentes (DE) em atividades remuneradas.pdf","Qual é o limite anual de horas para a participação esporádica remunerada em palestras, conferências e atividades artísticas e culturais de docentes em dedicação exclusiva?",O limite anual é de 30 horas.,"O limite anual de horas para a participação esporádica remunerada em palestras, conferências e atividades artísticas e culturais de docentes em dedicação exclusiva é de 30 horas, conforme estabelecido na resolução normativa.",0.27906976744186046,0.24390243902439027,0.27906976744186046,0.27906976744186046,0.09885362316286796,0.808221161365509,0.947899341583252,0.8725054264068604,0.4117647058823529,0.0,25.0377,4
7,49,dense_no_rerank,"RESOLUÇÃO NORMATIVA Nº 218-2024-Estab. normas, critérios e proc. para a participação de docentes (DE) em atividades remuneradas.pdf",Qual é o limite de carga horária para atividades remuneradas eventuais previstas no artigo 7º da Resolução Normativa nº 218 de 2024?,As atividades remuneradas eventuais não podem exceder 8 horas semanais ou 416 horas anuais.,"A carga horária dedicada à prestação institucional de serviços por docente em regime de dedicação exclusiva, quando remunerada, não pode ultrapassar 8 horas semanais ou 416 horas anuais, em atendimento ao previsto no §4º do Art. 21 da Lei nº 12.772/2012.",0.29032258064516125,0.23333333333333334,0.29032258064516125,0.29032258064516125,0.12331859801673,0.8199409246444702,0.9187633395195007,0.8665437698364258,0.2641509433962264,0.0,34.0686,4
7,49,dense_no_rerank,"RESOLUÇÃO NORMATIVA Nº 217-2024-Atualiza o Regimento Interno da Comissão Permanente de Pessoal Docente (CPPD), no âmbito do Instituto Federal de Educação, Ciência e Tecnologia do Piauí (IFPI)..pdf",Como é composta a CPPD do IFPI em número de membros titulares e suplentes?,"A CPPD do IFPI é composta por 10 docentes, sendo 5 representantes titulares e 5 representantes suplentes.","A Comissão Permanente de Pessoal Docente do IFPI é composta por 10 docentes da carreira de Ensino Básico, Técnico e Tecnológico, sendo 5 representantes titulares e 5 representantes suplentes.",0.625,0.5217391304347827,0.625,0.625,0.4599040342685214,0.8838053345680237,0.972201943397522,0.925898551940918,0.7000000000000001,0.0,24.1948,4
7,49,dense_no_rerank,"RESOLUÇÃO NORMATIVA Nº 217-2024-Atualiza o Regimento Interno da Comissão Permanente de Pessoal Docente (CPPD), no âmbito do Instituto Federal de Educação, Ciência e Tecnologia do Piauí (IFPI)..pdf",Qual é o mandato dos integrantes da CPPD do IFPI?,"O mandato dos integrantes da CPPD é de 4 anos, com possibilidade de uma única recondução por igual período.","Os integrantes da CPPD do IFPI têm mandato de quatro anos, com possibilidade de uma única recondução por igual período.",0.7906976744186046,0.6341463414634148,0.7441860465116279,0.7441860465116279,0.5941559820562806,0.9663041830062866,0.9723584651947021,0.9693218469619751,0.7567567567567567,0.0,18.1136,4
7,49,dense_no_rerank,"RESOLUÇÃO Nº 27-2024-Aprova  a criação do curso de Qualificação Profissional, de Formação Inicial e Continuada (FIC) em Aquicultor, no âmbito do IFPI e Anexo.pdf",Quantas vagas são ofertadas no curso FIC em Aquicultor?,O curso FIC em Aquicultor oferta 40 vagas.,O curso FIC em Aquicultor oferece um total de 40 vagas.,0.7368421052631579,0.588235294117647,0.7368421052631579,0.7368421052631579,0.4240125351805037,0.9459167718887329,0.9871349334716797,0.9660863876342773,0.7368421052631579,0.0,14.434,4
7,49,dense_no_rerank,"RESOLUÇÃO Nº 27-2024-Aprova  a criação do curso de Qualificação Profissional, de Formação Inicial e Continuada (FIC) em Aquicultor, no âmbito do IFPI e Anexo.pdf",Qual é a forma de acesso ao curso FIC em Aquicultor?,A forma de acesso ao curso FIC em Aquicultor é por meio de sorteio.,"O curso FIC em Aquicultor tem como requisito de acesso o ensino fundamental I incompleto, do 1º ao 5º ano.",0.4242424242424242,0.2580645161290323,0.30303030303030304,0.30303030303030304,0.13817790393734294,0.8766475915908813,0.9233978986740112,0.8994156718254089,0.4375,0.0,18.9689,4
7,49,dense_rerank,CURSO_SUPERIOR_DE_TECNOLOGIA_EM_ANÁLISE_E_DESENVOLVIMENTO_DE_SISTEMAS.pdf,Em que ano o Curso Superior de Tecnologia em Análise e Desenvolvimento de Sistemas foi criado no Campus de Picos?,O Curso Superior de Tecnologia em Análise e Desenvolvimento de Sistemas foi criado no Campus de Picos em 2013.,O Curso Superior de Tecnologia em Análise e Desenvolvimento de Sistemas foi criado no Campus de Picos em 2013.,1.0,1.0,1.0,1.0,1.0,0.9999999403953552,0.9999999403953552,0.9999999403953552,1.0,1.0,17.995,4
7,49,dense_rerank,CURSO_SUPERIOR_DE_TECNOLOGIA_EM_ANÁLISE_E_DESENVOLVIMENTO_DE_SISTEMAS.pdf,Qual é a unidade de oferta do Curso Superior de Tecnologia em Análise e Desenvolvimento de Sistemas descrita no PPC?,A unidade de oferta do curso é o Campus Teresina Central.,"O Curso Superior de Tecnologia em Análise e Desenvolvimento de Sistemas é ofertado nos Campi Teresina Central, Floriano, Picos, Corrente, Pedro II e Parnaíba.",0.28571428571428575,0.06060606060606061,0.17142857142857143,0.17142857142857143,0.0,0.816821277141571,0.9077346920967102,0.8598816394805908,0.3636363636363636,0.0,21.3544,4
7,49,dense_rerank,CURSO_SUPERIOR_DE_TECNOLOGIA_EM_ANÁLISE_E_DESENVOLVIMENTO_DE_SISTEMAS.pdf,Qual é a carga horária total do Curso Superior de Tecnologia em Análise e Desenvolvimento de Sistemas?,A carga horária total do curso é de 2100 horas.,"A carga horária total do Curso Superior de Tecnologia em Análise e Desenvolvimento de Sistemas é de 400 horas por módulo/semana, conforme apresentado na estrutura curricular do curso.",0.4390243902439024,0.30769230769230765,0.4390243902439024,0.4390243902439024,0.14291173574075158,0.8303691148757935,0.9654767513275146,0.8928406238555908,0.5142857142857143,0.0,22.0221,4
7,49,dense_rerank,CURSO_SUPERIOR_DE_TECNOLOGIA_EM_ANÁLISE_E_DESENVOLVIMENTO_DE_SISTEMAS.pdf,Quantas vagas por ano são ofertadas no Curso Superior de Tecnologia em Análise e Desenvolvimento de Sistemas?,O curso oferta 40 vagas por ano.,"No ano de 2025, o Curso Superior de Tecnologia em Análise e Desenvolvimento de Sistemas terá uma oferta de 40 vagas por turno, tanto no turno noite quanto no turno tarde, em alguns campi do IFPI.",0.3181818181818182,0.14285714285714285,0.27272727272727276,0.27272727272727276,0.0,0.8228514194488525,0.927708625793457,0.872139573097229,0.4,0.0,25.2372,4
7,49,dense_rerank,"RESOLUÇÃO Nº 14-2025-Aprova a Criação do Curso de Aperfeiçoamento Escola da Terra, no âmbito do Instituto Federal de Educação, Ciência e Tecnologia do Piauí (IFPI) e Anexo..pdf",Qual é a carga horária total do curso Escola da Terra?,A carga horária total do curso Escola da Terra é de 180 horas.,"O curso Escola da Terra, no nível de aperfeiçoamento, possui carga horária total de 180 horas, sendo 126 horas presenciais no tempo-universidade e 54 horas no tempo-escola/comunidade.",0.47826086956521735,0.36363636363636365,0.30434782608695654,0.30434782608695654,0.13307637507950731,0.8621993660926819,0.9464261531829834,0.9023516178131104,0.5555555555555555,0.0,30.4912,4
7,49,dense_rerank,"RESOLUÇÃO Nº 14-2025-Aprova a Criação do Curso de Aperfeiçoamento Escola da Terra, no âmbito do Instituto Federal de Educação, Ciência e Tecnologia do Piauí (IFPI) e Anexo..pdf",Qual é a meta física do curso Escola da Terra em número de vagas?,A meta física do curso Escola da Terra é de 120 vagas.,A meta física do curso Escola da Terra é de 120 vagas para professoras e coordenadoras pedagógicas de turmas multisseriadas.,0.7272727272727273,0.7096774193548387,0.7272727272727273,0.7272727272727273,0.5471114295717522,0.8801493048667908,0.9877628684043884,0.9308561682701111,0.7741935483870968,0.0,21.4516,4
7,49,dense_rerank,"RESOLUÇÃO Nº 14-2025-Aprova a Criação do Curso de Aperfeiçoamento Escola da Terra, no âmbito do Instituto Federal de Educação, Ciência e Tecnologia do Piauí (IFPI) e Anexo..pdf",Quando está previsto o início do curso Escola da Terra?,O início do curso Escola da Terra está previsto para março de 2025.,"O curso Escola da Terra está previsto para iniciar no primeiro semestre de 2024, conforme autorizado pela Resolução nº 78/2024 e Resolução nº 79/2024, com atividades no sul do Piauí entre outubro de 2024 e novembro de 2025.",0.4210526315789473,0.2545454545454546,0.38596491228070173,0.38596491228070173,0.1593216826999276,0.8359376192092896,0.9485840797424316,0.8887054920196533,0.5,0.0,36.97,4
7,49,dense_rerank,"RESOLUÇÃO Nº 14-2025-Aprova a Criação do Curso de Aperfeiçoamento Escola da Terra, no âmbito do Instituto Federal de Educação, Ciência e Tecnologia do Piauí (IFPI) e Anexo..pdf",Quem é o coordenador do curso Escola da Terra?,O coordenador do curso Escola da Terra é Gilson Mendes Araújo.,O coordenador do curso Escola da Terra é o Prof. Me. Emanuel Alcântara da Silva.,0.5384615384615385,0.5,0.5384615384615385,0.5384615384615385,0.40052744847255717,0.892876148223877,0.956995964050293,0.9238248467445374,0.6666666666666667,0.0,16.2007,4
7,49,dense_rerank,"RESOLUÇÃO NORMATIVA Nº 236-2025-Prorroga o Plano Diretor de Tecnologia da Informação e Comunicação (PDTIC-2022-2024), do Instituto Federal de Educação, Ciência e Tecnologia do Piauí (IFPI) e Anexo.pdf",Para qual exercício foi prorrogada a vigência do PDTIC-2022/2024 do IFPI?,A vigência do PDTIC-2022/2024 foi prorrogada para o exercício de 2025.,A vigência do Plano Diretor de Tecnologia da Informação e Comunicação (PDTIC-2022/2024) do IFPI foi prorrogada para o exercício de 2025.,0.7142857142857143,0.6,0.7142857142857143,0.7142857142857143,0.3619779110707069,0.8878629803657532,0.9830116033554077,0.9330177307128906,0.7647058823529412,0.0,24.8926,4
7,49,dense_rerank,"RESOLUÇÃO NORMATIVA Nº 236-2025-Prorroga o Plano Diretor de Tecnologia da Informação e Comunicação (PDTIC-2022-2024), do Instituto Federal de Educação, Ciência e Tecnologia do Piauí (IFPI) e Anexo.pdf",Qual resolução foi revogada pela Resolução Normativa nº 236 de 2025?,"Foi revogada a Resolução Normativa nº 133/2022 - CONSELHO SUPERIOR, de 29 de abril de 2022.","A Resolução Normativa nº 236 de 2025 revogou a Resolução nº 15/2021 - CONSELHO SUPERIOR, de 19 de maio de 2021, e a Resolução NormaAva nº 206/2024- CONSELHO SUPERIOR, de 13 de maio de 2024.",0.35714285714285715,0.22222222222222218,0.35714285714285715,0.35714285714285715,0.1222627823979477,0.910374641418457,0.9322649240493774,0.9211897850036621,0.4375,0.0,43.0623,4
7,49,dense_rerank,"RESOLUÇÃO NORMATIVA Nº 236-2025-Prorroga o Plano Diretor de Tecnologia da Informação e Comunicação (PDTIC-2022-2024), do Instituto Federal de Educação, Ciência e Tecnologia do Piauí (IFPI) e Anexo.pdf",Quais são as três fases da metodologia de elaboração do PDTIC descritas no documento?,"As três fases da metodologia de elaboração do PDTIC são Preparação, Diagnóstico e Planejamento.","As três fases da metodologia de elaboração do PDTIC, de acordo com o documento, são Preparação, Diagnóstico e Planejamento.",0.8837209302325582,0.8292682926829269,0.8837209302325582,0.8837209302325582,0.5963584321358336,0.9599119424819946,0.9954190850257874,0.9773430824279785,0.8750000000000001,0.0,18.8716,4
7,49,dense_rerank,"RESOLUÇÃO NORMATIVA Nº 236-2025-Prorroga o Plano Diretor de Tecnologia da Informação e Comunicação (PDTIC-2022-2024), do Instituto Federal de Educação, Ciência e Tecnologia do Piauí (IFPI) e Anexo.pdf",Em que guia se baseou a metodologia de elaboração do PDTIC do IFPI?,"A metodologia de elaboração do PDTIC do IFPI baseou-se no Guia de PDTIC do SISP, versão 2.0, adaptado à realidade do IFPI.","A metodologia de elaboração do PDTIC do IFPI baseou-se no Guia de PDTIC do SISP, versão 2.0, adaptado à realidade da instituição.",0.9019607843137256,0.8979591836734694,0.9019607843137256,0.9019607843137256,0.8817739004515716,0.9951040148735046,0.9970126748085022,0.996057391166687,0.9473684210526316,0.0,21.7956,4
7,49,dense_rerank,"RESOLUÇÃO NORMATIVA Nº 223-2024-Atualiza a Regulamentação do planejamento e o registro das atividades acadêmicas dos docentes da Carreira do Magistério do Ensino Básico, Técnico e Tecnológico do IFPI.pdf",Quais são os regimes de trabalho previstos para os docentes do EBTT no IFPI?,"Os regimes de trabalho previstos são 40 horas com dedicação exclusiva, 40 horas e 20 horas semanais.","Os regimes de trabalho previstos para os docentes do EBTT no IFPI são tempo integral de 40 horas semanais com dedicação exclusiva, tempo integral de 40 horas semanais ou tempo parcial de 20 horas semanais de trabalho.",0.6206896551724138,0.42857142857142855,0.6206896551724138,0.6206896551724138,0.20613242702593446,0.9090074300765991,0.9667177200317383,0.936974823474884,0.7027027027027025,0.0,27.3183,4
7,49,dense_rerank,"RESOLUÇÃO NORMATIVA Nº 223-2024-Atualiza a Regulamentação do planejamento e o registro das atividades acadêmicas dos docentes da Carreira do Magistério do Ensino Básico, Técnico e Tecnológico do IFPI.pdf","Para cada hora de regência de aulas, quantas horas adicionais o docente computará para atividades de organização e apoio ao ensino?","Para cada hora de regência de aulas, o docente computará uma hora adicional para atividades de organização e apoio ao ensino.",Não encontrei essa informação no contexto fornecido.,0.125,0.0,0.125,0.125,0.0,0.8275346755981445,0.8195750117301941,0.8235356211662292,0.0,0.0,12.1136,4
7,49,dense_rerank,"RESOLUÇÃO NORMATIVA Nº 218-2024-Estab. normas, critérios e proc. para a participação de docentes (DE) em atividades remuneradas.pdf","Qual é o limite anual de horas para a participação esporádica remunerada em palestras, conferências e atividades artísticas e culturais de docentes em dedicação exclusiva?",O limite anual é de 30 horas.,"O limite anual de horas para a participação esporádica remunerada em palestras, conferências e atividades artísticas e culturais de docentes em dedicação exclusiva é de 30 horas.",0.3243243243243243,0.2857142857142857,0.3243243243243243,0.3243243243243243,0.16110518603734317,0.8159329891204834,0.9581412076950073,0.8813374042510986,0.4827586206896552,0.0,22.8088,4
7,49,dense_rerank,"RESOLUÇÃO NORMATIVA Nº 218-2024-Estab. normas, critérios e proc. para a participação de docentes (DE) em atividades remuneradas.pdf",Qual é o limite de carga horária para atividades remuneradas eventuais previstas no artigo 7º da Resolução Normativa nº 218 de 2024?,As atividades remuneradas eventuais não podem exceder 8 horas semanais ou 416 horas anuais.,"O limite de carga horária para atividades remuneradas eventuais, no caso de servidores docentes com dedicação exclusiva ou com 20 ou 40 horas, é de 8 horas semanais ou 416 horas anuais, conforme previsto na Resolução Normativa nº 207 de 2024.",0.4137931034482758,0.2857142857142857,0.3793103448275862,0.3793103448275862,0.15589340552404063,0.8480509519577026,0.9276635646820068,0.88607257604599,0.391304347826087,0.0,32.615,4
7,49,dense_rerank,"RESOLUÇÃO NORMATIVA Nº 217-2024-Atualiza o Regimento Interno da Comissão Permanente de Pessoal Docente (CPPD), no âmbito do Instituto Federal de Educação, Ciência e Tecnologia do Piauí (IFPI)..pdf",Como é composta a CPPD do IFPI em número de membros titulares e suplentes?,"A CPPD do IFPI é composta por 10 docentes, sendo 5 representantes titulares e 5 representantes suplentes.","A Comissão Permanente de Pessoal Docente do IFPI é composta por 10 docentes da carreira de Ensino Básico, Técnico e Tecnológico, sendo 5 representantes titulares e 5 representantes suplentes.",0.625,0.5217391304347827,0.625,0.625,0.4599040342685214,0.8838053345680237,0.972201943397522,0.925898551940918,0.7000000000000001,0.0,23.9414,4
7,49,dense_rerank,"RESOLUÇÃO NORMATIVA Nº 217-2024-Atualiza o Regimento Interno da Comissão Permanente de Pessoal Docente (CPPD), no âmbito do Instituto Federal de Educação, Ciência e Tecnologia do Piauí (IFPI)..pdf",Qual é o mandato dos integrantes da CPPD do IFPI?,"O mandato dos integrantes da CPPD é de 4 anos, com possibilidade de uma única recondução por igual período.","Os integrantes da Comissão Permanente de Pessoal Docente do IFPI têm um mandato de 4 anos, podendo ser reconduzidos por um único período igual.",0.5106382978723405,0.17777777777777778,0.3404255319148936,0.3404255319148936,0.12789533377801793,0.8666247129440308,0.9038090705871582,0.8848263621330261,0.45,0.0,20.3579,4
7,49,dense_rerank,"RESOLUÇÃO Nº 27-2024-Aprova  a criação do curso de Qualificação Profissional, de Formação Inicial e Continuada (FIC) em Aquicultor, no âmbito do IFPI e Anexo.pdf",Quantas vagas são ofertadas no curso FIC em Aquicultor?,O curso FIC em Aquicultor oferta 40 vagas.,O curso FIC em Aquicultor oferece um total de 40 vagas.,0.7368421052631579,0.588235294117647,0.7368421052631579,0.7368421052631579,0.4240125351805037,0.9459167718887329,0.9871349334716797,0.9660863876342773,0.7368421052631579,0.0,14.5976,4
7,49,dense_rerank,"RESOLUÇÃO Nº 27-2024-Aprova  a criação do curso de Qualificação Profissional, de Formação Inicial e Continuada (FIC) em Aquicultor, no âmbito do IFPI e Anexo.pdf",Qual é a forma de acesso ao curso FIC em Aquicultor?,A forma de acesso ao curso FIC em Aquicultor é por meio de sorteio.,"O curso FIC em Aquicultor tem como requisito de acesso o ensino fundamental I incompleto, do 1º ao 5º ano.",0.4242424242424242,0.2580645161290323,0.30303030303030304,0.30303030303030304,0.13817790393734294,0.8766475915908813,0.9233978986740112,0.8994156718254089,0.4375,0.0,19.176,4
7,49,bm25,CURSO_SUPERIOR_DE_TECNOLOGIA_EM_ANÁLISE_E_DESENVOLVIMENTO_DE_SISTEMAS.pdf,Em que ano o Curso Superior de Tecnologia em Análise e Desenvolvimento de Sistemas foi criado no Campus de Picos?,O Curso Superior de Tecnologia em Análise e Desenvolvimento de Sistemas foi criado no Campus de Picos em 2013.,O Curso Superior de Tecnologia em Análise e Desenvolvimento de Sistemas foi criado no Campus de Picos em 2013.,1.0,1.0,1.0,1.0,1.0,0.9999999403953552,0.9999999403953552,0.9999999403953552,1.0,1.0,17.82,4
7,49,bm25,CURSO_SUPERIOR_DE_TECNOLOGIA_EM_ANÁLISE_E_DESENVOLVIMENTO_DE_SISTEMAS.pdf,Qual é a unidade de oferta do Curso Superior de Tecnologia em Análise e Desenvolvimento de Sistemas descrita no PPC?,A unidade de oferta do curso é o Campus Teresina Central.,"O Curso Superior de Tecnologia em Análise e Desenvolvimento de Sistemas é ofertado nos Campi Teresina Central, Floriano, Picos, Corrente, Pedro II e Parnaíba.",0.28571428571428575,0.06060606060606061,0.17142857142857143,0.17142857142857143,0.0,0.816821277141571,0.9077346920967102,0.8598816394805908,0.3636363636363636,0.0,21.3481,4
7,49,bm25,CURSO_SUPERIOR_DE_TECNOLOGIA_EM_ANÁLISE_E_DESENVOLVIMENTO_DE_SISTEMAS.pdf,Qual é a carga horária total do Curso Superior de Tecnologia em Análise e Desenvolvimento de Sistemas?,A carga horária total do curso é de 2100 horas.,"O Curso Superior de Tecnologia em Análise e Desenvolvimento de Sistemas possui uma carga horária total de 400 horas no primeiro módulo, além de mais 600 horas no segundo módulo, conforme detalhado na estrutura curricular apresentada.",0.2745098039215686,0.12244897959183673,0.23529411764705882,0.23529411764705882,0.0,0.8147163987159729,0.9141398668289185,0.8615692853927612,0.3,0.0,25.8029,4
7,49,bm25,CURSO_SUPERIOR_DE_TECNOLOGIA_EM_ANÁLISE_E_DESENVOLVIMENTO_DE_SISTEMAS.pdf,Quantas vagas por ano são ofertadas no Curso Superior de Tecnologia em Análise e Desenvolvimento de Sistemas?,O curso oferta 40 vagas por ano.,"O Curso Superior de Tecnologia em Análise e Desenvolvimento de Sistemas oferece uma quantidade de 40 vagas por ano no Campus Teresina Central, conforme informações do documento.",0.33333333333333326,0.23529411764705882,0.33333333333333326,0.33333333333333326,0.08914609827874222,0.8250495195388794,0.9438191652297974,0.8804469704627991,0.375,0.0,20.4993,4
7,49,bm25,"RESOLUÇÃO Nº 14-2025-Aprova a Criação do Curso de Aperfeiçoamento Escola da Terra, no âmbito do Instituto Federal de Educação, Ciência e Tecnologia do Piauí (IFPI) e Anexo..pdf",Qual é a carga horária total do curso Escola da Terra?,A carga horária total do curso Escola da Terra é de 180 horas.,"O curso Escola da Terra possui uma carga horária total de 294 horas destinadas ao estudo das disciplinas, além de 66 horas para o Trabalho de Conclusão de Curso.",0.4444444444444445,0.27906976744186046,0.26666666666666666,0.26666666666666666,0.11871704290088221,0.8634258508682251,0.9381551742553711,0.8992406129837036,0.5,0.0,22.517,4
7,49,bm25,"RESOLUÇÃO Nº 14-2025-Aprova a Criação do Curso de Aperfeiçoamento Escola da Terra, no âmbito do Instituto Federal de Educação, Ciência e Tecnologia do Piauí (IFPI) e Anexo..pdf",Qual é a meta física do curso Escola da Terra em número de vagas?,A meta física do curso Escola da Terra é de 120 vagas.,A meta física do curso Escola da Terra é de 30 vagas.,0.9166666666666666,0.8181818181818182,0.9166666666666666,0.9166666666666666,0.7910665071754358,0.9954450726509094,0.9954450726509094,0.9954450726509094,0.9166666666666666,0.0,12.4125,4
7,49,bm25,"RESOLUÇÃO Nº 14-2025-Aprova a Criação do Curso de Aperfeiçoamento Escola da Terra, no âmbito do Instituto Federal de Educação, Ciência e Tecnologia do Piauí (IFPI) e Anexo..pdf",Quando está previsto o início do curso Escola da Terra?,O início do curso Escola da Terra está previsto para março de 2025.,Não encontrei essa informação no contexto fornecido.,0.16666666666666669,0.0,0.16666666666666669,0.16666666666666669,0.0,0.8219438791275024,0.8310289978981018,0.8264614343643188,0.0,0.0,12.1213,4
7,49,bm25,"RESOLUÇÃO Nº 14-2025-Aprova a Criação do Curso de Aperfeiçoamento Escola da Terra, no âmbito do Instituto Federal de Educação, Ciência e Tecnologia do Piauí (IFPI) e Anexo..pdf",Quem é o coordenador do curso Escola da Terra?,O coordenador do curso Escola da Terra é Gilson Mendes Araújo.,"O coordenador do curso de Licenciatura Intercultural Indígena é regulamentado pelo edital CAPES/PARFOR Equidade 023/2023, e a atuação do coordenador do curso e local do Parfor Equidade está estabelecida nesse mesmo edital.",0.17391304347826086,0.13636363636363635,0.17391304347826086,0.17391304347826086,0.06714082273626723,0.8106777667999268,0.8865677118301392,0.8469260931015015,0.2777777777777778,0.0,29.811,4
7,49,bm25,"RESOLUÇÃO NORMATIVA Nº 236-2025-Prorroga o Plano Diretor de Tecnologia da Informação e Comunicação (PDTIC-2022-2024), do Instituto Federal de Educação, Ciência e Tecnologia do Piauí (IFPI) e Anexo.pdf",Para qual exercício foi prorrogada a vigência do PDTIC-2022/2024 do IFPI?,A vigência do PDTIC-2022/2024 foi prorrogada para o exercício de 2025.,Não encontrei essa informação no contexto fornecido.,0.08333333333333334,0.0,0.08333333333333334,0.08333333333333334,0.0,0.8213146328926086,0.798200786113739,0.8095927238464355,0.0,0.0,12.5518,4
7,49,bm25,"RESOLUÇÃO NORMATIVA Nº 236-2025-Prorroga o Plano Diretor de Tecnologia da Informação e Comunicação (PDTIC-2022-2024), do Instituto Federal de Educação, Ciência e Tecnologia do Piauí (IFPI) e Anexo.pdf",Qual resolução foi revogada pela Resolução Normativa nº 236 de 2025?,"Foi revogada a Resolução Normativa nº 133/2022 - CONSELHO SUPERIOR, de 29 de abril de 2022.","A Resolução Normativa nº 236 de 2025 revogou a Resolução Normativa nº 43/2021 - CONSELHO SUPERIOR, de 10 de junho de 2021.",0.48780487804878053,0.30769230769230765,0.48780487804878053,0.48780487804878053,0.24835336815593248,0.9547911882400513,0.9592360854148865,0.9570085406303406,0.5185185185185186,0.0,27.4903,4
7,49,bm25,"RESOLUÇÃO NORMATIVA Nº 236-2025-Prorroga o Plano Diretor de Tecnologia da Informação e Comunicação (PDTIC-2022-2024), do Instituto Federal de Educação, Ciência e Tecnologia do Piauí (IFPI) e Anexo.pdf",Quais são as três fases da metodologia de elaboração do PDTIC descritas no documento?,"As três fases da metodologia de elaboração do PDTIC são Preparação, Diagnóstico e Planejamento.","As três fases da metodologia de elaboração do PDTIC são Preparação, Diagnóstico e Planejamento.",1.0,1.0,1.0,1.0,1.0,1.0,1.0,1.0,1.0,1.0,16.3003,4
7,49,bm25,"RESOLUÇÃO NORMATIVA Nº 236-2025-Prorroga o Plano Diretor de Tecnologia da Informação e Comunicação (PDTIC-2022-2024), do Instituto Federal de Educação, Ciência e Tecnologia do Piauí (IFPI) e Anexo.pdf",Em que guia se baseou a metodologia de elaboração do PDTIC do IFPI?,"A metodologia de elaboração do PDTIC do IFPI baseou-se no Guia de PDTIC do SISP, versão 2.0, adaptado à realidade do IFPI.","A metodologia de elaboração do PDTIC do IFPI baseou-se no Guia de PDTIC do SISP, versão 2.0, que foi adaptado à realidade da instituição.",0.8679245283018867,0.823529411764706,0.8679245283018867,0.8679245283018867,0.7488856162563027,0.9856879115104675,0.9934456944465637,0.9895516037940979,0.9,0.0,22.5801,4
7,49,bm25,"RESOLUÇÃO NORMATIVA Nº 223-2024-Atualiza a Regulamentação do planejamento e o registro das atividades acadêmicas dos docentes da Carreira do Magistério do Ensino Básico, Técnico e Tecnológico do IFPI.pdf",Quais são os regimes de trabalho previstos para os docentes do EBTT no IFPI?,"Os regimes de trabalho previstos são 40 horas com dedicação exclusiva, 40 horas e 20 horas semanais.",Os regimes de trabalho previstos para os docentes do EBTT no IFPI são o tempo integral de 40 horas semanais ou o tempo parcial de 20 horas semanais.,0.5416666666666666,0.34782608695652173,0.5416666666666666,0.5416666666666666,0.22419056820298167,0.8977761268615723,0.9364239573478699,0.916692852973938,0.5714285714285714,0.0,21.8468,4
7,49,bm25,"RESOLUÇÃO NORMATIVA Nº 223-2024-Atualiza a Regulamentação do planejamento e o registro das atividades acadêmicas dos docentes da Carreira do Magistério do Ensino Básico, Técnico e Tecnológico do IFPI.pdf","Para cada hora de regência de aulas, quantas horas adicionais o docente computará para atividades de organização e apoio ao ensino?","Para cada hora de regência de aulas, o docente computará uma hora adicional para atividades de organização e apoio ao ensino.","Para cada hora de regência de aula, o docente deverá registrar uma hora de organização e apoio ao ensino.",0.8181818181818182,0.6666666666666666,0.8181818181818182,0.8181818181818182,0.5382008965108557,0.9565843343734741,0.9403003454208374,0.9483724236488342,0.787878787878788,0.0,16.6688,4
7,49,bm25,"RESOLUÇÃO NORMATIVA Nº 218-2024-Estab. normas, critérios e proc. para a participação de docentes (DE) em atividades remuneradas.pdf","Qual é o limite anual de horas para a participação esporádica remunerada em palestras, conferências e atividades artísticas e culturais de docentes em dedicação exclusiva?",O limite anual é de 30 horas.,"O limite anual de horas para a participação esporádica remunerada em palestras, conferências e atividades artísticas e culturais de docentes em dedicação exclusiva é de 30 horas.",0.3243243243243243,0.2857142857142857,0.3243243243243243,0.3243243243243243,0.16110518603734317,0.8159329891204834,0.9581412076950073,0.8813374042510986,0.4827586206896552,0.0,22.45,4
7,49,bm25,"RESOLUÇÃO NORMATIVA Nº 218-2024-Estab. normas, critérios e proc. para a participação de docentes (DE) em atividades remuneradas.pdf",Qual é o limite de carga horária para atividades remuneradas eventuais previstas no artigo 7º da Resolução Normativa nº 218 de 2024?,As atividades remuneradas eventuais não podem exceder 8 horas semanais ou 416 horas anuais.,Não encontrei essa informação no contexto fornecido.,0.16666666666666669,0.09090909090909091,0.16666666666666669,0.16666666666666669,0.0,0.8233992457389832,0.8057843446731567,0.814496636390686,0.1,0.0,12.1933,4
7,49,bm25,"RESOLUÇÃO NORMATIVA Nº 217-2024-Atualiza o Regimento Interno da Comissão Permanente de Pessoal Docente (CPPD), no âmbito do Instituto Federal de Educação, Ciência e Tecnologia do Piauí (IFPI)..pdf",Como é composta a CPPD do IFPI em número de membros titulares e suplentes?,"A CPPD do IFPI é composta por 10 docentes, sendo 5 representantes titulares e 5 representantes suplentes.","A composição da Comissão Permanente de Pessoal Docente do IFPI é feita por chapas registradas, compostas por dois docentes, com indicação do titular e suplente.",0.27906976744186046,0.04878048780487805,0.27906976744186046,0.27906976744186046,0.0,0.8804346919059753,0.9170075058937073,0.8983490467071533,0.3684210526315789,0.0,21.4548,4
7,49,bm25,"RESOLUÇÃO NORMATIVA Nº 217-2024-Atualiza o Regimento Interno da Comissão Permanente de Pessoal Docente (CPPD), no âmbito do Instituto Federal de Educação, Ciência e Tecnologia do Piauí (IFPI)..pdf",Qual é o mandato dos integrantes da CPPD do IFPI?,"O mandato dos integrantes da CPPD é de 4 anos, com possibilidade de uma única recondução por igual período.","Os membros da CPPD são designados pelo Reitor, após escolha pelos seus pares, para cumprirem um mandato de quatro anos, admitindo-se uma única reeleição para período subsequente, sem limite para mandatos alternados.",0.38596491228070173,0.1090909090909091,0.3157894736842105,0.3157894736842105,0.0,0.8508672118186951,0.9019008278846741,0.8756410479545593,0.32653061224489793,0.0,26.3692,4
7,49,bm25,"RESOLUÇÃO Nº 27-2024-Aprova  a criação do curso de Qualificação Profissional, de Formação Inicial e Continuada (FIC) em Aquicultor, no âmbito do IFPI e Anexo.pdf",Quantas vagas são ofertadas no curso FIC em Aquicultor?,O curso FIC em Aquicultor oferta 40 vagas.,Não encontrei essa informação no contexto fornecido.,0.11764705882352941,0.0,0.11764705882352941,0.11764705882352941,0.0,0.8231986165046692,0.8388471603393555,0.8309492468833923,0.0,0.0,12.1316,4
7,49,bm25,"RESOLUÇÃO Nº 27-2024-Aprova  a criação do curso de Qualificação Profissional, de Formação Inicial e Continuada (FIC) em Aquicultor, no âmbito do IFPI e Anexo.pdf",Qual é a forma de acesso ao curso FIC em Aquicultor?,A forma de acesso ao curso FIC em Aquicultor é por meio de sorteio.,"O acesso ao curso FIC em Aquicultor será por meio de edital de seleção, com processo seletivo realizado através de prova escrita específica.",0.5128205128205128,0.3783783783783784,0.46153846153846156,0.46153846153846156,0.24835336815593242,0.9104467034339905,0.9522331357002258,0.9308712482452393,0.5294117647058824,0.0,20.5646,4
7,49,tfidf,CURSO_SUPERIOR_DE_TECNOLOGIA_EM_ANÁLISE_E_DESENVOLVIMENTO_DE_SISTEMAS.pdf,Em que ano o Curso Superior de Tecnologia em Análise e Desenvolvimento de Sistemas foi criado no Campus de Picos?,O Curso Superior de Tecnologia em Análise e Desenvolvimento de Sistemas foi criado no Campus de Picos em 2013.,O Curso Superior de Tecnologia em Análise e Desenvolvimento de Sistemas foi criado no Campus de Picos em 2013.,1.0,1.0,1.0,1.0,1.0,0.9999999403953552,0.9999999403953552,0.9999999403953552,1.0,1.0,17.6393,4
7,49,tfidf,CURSO_SUPERIOR_DE_TECNOLOGIA_EM_ANÁLISE_E_DESENVOLVIMENTO_DE_SISTEMAS.pdf,Qual é a unidade de oferta do Curso Superior de Tecnologia em Análise e Desenvolvimento de Sistemas descrita no PPC?,A unidade de oferta do curso é o Campus Teresina Central.,"O Curso Superior de Tecnologia em Análise e Desenvolvimento de Sistemas é ofertado nos Campi Teresina Central, Floriano, Picos, Corrente, Pedro II e Parnaíba.",0.28571428571428575,0.06060606060606061,0.17142857142857143,0.17142857142857143,0.0,0.816821277141571,0.9077346920967102,0.8598816394805908,0.3636363636363636,0.0,23.5536,4
7,49,tfidf,CURSO_SUPERIOR_DE_TECNOLOGIA_EM_ANÁLISE_E_DESENVOLVIMENTO_DE_SISTEMAS.pdf,Qual é a carga horária total do Curso Superior de Tecnologia em Análise e Desenvolvimento de Sistemas?,A carga horária total do curso é de 2100 horas.,Não encontrei essa informação no contexto fornecido.,0.0,0.0,0.0,0.0,0.0,0.8249529004096985,0.8356121182441711,0.8302482962608337,0.0,0.0,12.806,4
7,49,tfidf,CURSO_SUPERIOR_DE_TECNOLOGIA_EM_ANÁLISE_E_DESENVOLVIMENTO_DE_SISTEMAS.pdf,Quantas vagas por ano são ofertadas no Curso Superior de Tecnologia em Análise e Desenvolvimento de Sistemas?,O curso oferta 40 vagas por ano.,"No Campus de Floriano, o Curso Superior de Tecnologia em Análise e Desenvolvimento de Sistemas oferece 35 vagas no turno da tarde, enquanto no Campus de Picos são ofertadas 40 vagas no turno da noite para o ano de 2025.2.",0.2,0.08333333333333333,0.2,0.2,0.0,0.8188979625701904,0.9087571501731873,0.8614906072616577,0.2777777777777778,0.0,27.2338,4
7,49,tfidf,"RESOLUÇÃO Nº 14-2025-Aprova a Criação do Curso de Aperfeiçoamento Escola da Terra, no âmbito do Instituto Federal de Educação, Ciência e Tecnologia do Piauí (IFPI) e Anexo..pdf",Qual é a carga horária total do curso Escola da Terra?,A carga horária total do curso Escola da Terra é de 180 horas.,"O curso de Especialização Escola da Terra possui uma carga horária total de 495 horas, sendo 257 horas em Tempo-Universidade e 103 horas em Tempo-Escola/Comunidade.",0.4651162790697674,0.2439024390243903,0.27906976744186046,0.27906976744186046,0.0,0.8809854984283447,0.9372314810752869,0.9082384705543518,0.5142857142857142,0.0,27.0534,4
7,49,tfidf,"RESOLUÇÃO Nº 14-2025-Aprova a Criação do Curso de Aperfeiçoamento Escola da Terra, no âmbito do Instituto Federal de Educação, Ciência e Tecnologia do Piauí (IFPI) e Anexo..pdf",Qual é a meta física do curso Escola da Terra em número de vagas?,A meta física do curso Escola da Terra é de 120 vagas.,A meta física do curso Escola da Terra é de 60 vagas para professores da educação básica que atuam em escolas do campo e possuem certificação em curso de aperfeiçoamento.,0.4782608695652174,0.4090909090909091,0.4782608695652174,0.4782608695652174,0.2991528889155785,0.8609741926193237,0.9757529497146606,0.9147772192955017,0.5945945945945945,0.0,21.984,4
7,49,tfidf,"RESOLUÇÃO Nº 14-2025-Aprova a Criação do Curso de Aperfeiçoamento Escola da Terra, no âmbito do Instituto Federal de Educação, Ciência e Tecnologia do Piauí (IFPI) e Anexo..pdf",Quando está previsto o início do curso Escola da Terra?,O início do curso Escola da Terra está previsto para março de 2025.,O início do Curso Aperfeiçoamento Escola da Terra está previsto para o primeiro semestre de 2024.,0.7878787878787877,0.5806451612903226,0.7878787878787877,0.7878787878787877,0.37709297891717664,0.8994907736778259,0.9575713872909546,0.9276228547096252,0.7857142857142856,0.0,17.1291,4
7,49,tfidf,"RESOLUÇÃO Nº 14-2025-Aprova a Criação do Curso de Aperfeiçoamento Escola da Terra, no âmbito do Instituto Federal de Educação, Ciência e Tecnologia do Piauí (IFPI) e Anexo..pdf",Quem é o coordenador do curso Escola da Terra?,O coordenador do curso Escola da Terra é Gilson Mendes Araújo.,Não encontrei essa informação no contexto fornecido.,0.09999999999999999,0.0,0.09999999999999999,0.09999999999999999,0.0,0.8250470161437988,0.8430057168006897,0.833929717540741,0.0,0.0,12.5919,4
7,49,tfidf,"RESOLUÇÃO NORMATIVA Nº 236-2025-Prorroga o Plano Diretor de Tecnologia da Informação e Comunicação (PDTIC-2022-2024), do Instituto Federal de Educação, Ciência e Tecnologia do Piauí (IFPI) e Anexo.pdf",Para qual exercício foi prorrogada a vigência do PDTIC-2022/2024 do IFPI?,A vigência do PDTIC-2022/2024 foi prorrogada para o exercício de 2025.,"O Plano Diretor de Tecnologia da Informação e Comunicação (PDTIC-2022/2024) do IFPI teve a vigência prorrogada para o exercício de 2025, conforme estabelecido na Resolução Normativa nº 236.",0.5599999999999999,0.4166666666666667,0.4,0.4,0.1834283688193615,0.8566336035728455,0.9619570970535278,0.9062454700469971,0.5853658536585366,0.0,29.8108,4
7,49,tfidf,"RESOLUÇÃO NORMATIVA Nº 236-2025-Prorroga o Plano Diretor de Tecnologia da Informação e Comunicação (PDTIC-2022-2024), do Instituto Federal de Educação, Ciência e Tecnologia do Piauí (IFPI) e Anexo.pdf",Qual resolução foi revogada pela Resolução Normativa nº 236 de 2025?,"Foi revogada a Resolução Normativa nº 133/2022 - CONSELHO SUPERIOR, de 29 de abril de 2022.",Não encontrei essa informação no contexto fornecido.,0.15384615384615383,0.0,0.07692307692307691,0.07692307692307691,0.0,0.8195531368255615,0.7702820301055908,0.7941540479660034,0.0,0.0,8.8618,4
7,49,tfidf,"RESOLUÇÃO NORMATIVA Nº 236-2025-Prorroga o Plano Diretor de Tecnologia da Informação e Comunicação (PDTIC-2022-2024), do Instituto Federal de Educação, Ciência e Tecnologia do Piauí (IFPI) e Anexo.pdf",Quais são as três fases da metodologia de elaboração do PDTIC descritas no documento?,"As três fases da metodologia de elaboração do PDTIC são Preparação, Diagnóstico e Planejamento.","As três fases da metodologia de elaboração do PDTIC são Preparação, Diagnóstico e a fase de execução de processos específicos em harmonia com os instrumentos de planejamento da instituição.",0.6785714285714285,0.6296296296296297,0.6785714285714285,0.6785714285714285,0.42967728103447583,0.9086821675300598,0.9674482345581055,0.9371448755264282,0.717948717948718,0.0,21.3444,4
7,49,tfidf,"RESOLUÇÃO NORMATIVA Nº 236-2025-Prorroga o Plano Diretor de Tecnologia da Informação e Comunicação (PDTIC-2022-2024), do Instituto Federal de Educação, Ciência e Tecnologia do Piauí (IFPI) e Anexo.pdf",Em que guia se baseou a metodologia de elaboração do PDTIC do IFPI?,"A metodologia de elaboração do PDTIC do IFPI baseou-se no Guia de PDTIC do SISP, versão 2.0, adaptado à realidade do IFPI.","A metodologia de elaboração do PDTIC do IFPI baseou-se em instrumentos de planejamento da instituição, como o Plano de Desenvolvimento Institucional, a Estratégia de Governança Digital e a Instrução Normativa SGD/ME nº 31/2021.",0.3939393939393939,0.3125,0.3939393939393939,0.3939393939393939,0.2112482780971751,0.8373352885246277,0.90305095911026,0.8689524531364441,0.37499999999999994,0.0,29.4783,4
7,49,tfidf,"RESOLUÇÃO NORMATIVA Nº 223-2024-Atualiza a Regulamentação do planejamento e o registro das atividades acadêmicas dos docentes da Carreira do Magistério do Ensino Básico, Técnico e Tecnológico do IFPI.pdf",Quais são os regimes de trabalho previstos para os docentes do EBTT no IFPI?,"Os regimes de trabalho previstos são 40 horas com dedicação exclusiva, 40 horas e 20 horas semanais.",Os regimes de trabalho previstos para os docentes do EBTT no IFPI são o tempo integral de 40 horas semanais e o tempo parcial de 20 horas semanais.,0.5833333333333334,0.34782608695652173,0.5833333333333334,0.5833333333333334,0.22872196013470597,0.8990827202796936,0.938060998916626,0.9181584119796753,0.6285714285714286,0.0,22.0754,4
7,49,tfidf,"RESOLUÇÃO NORMATIVA Nº 223-2024-Atualiza a Regulamentação do planejamento e o registro das atividades acadêmicas dos docentes da Carreira do Magistério do Ensino Básico, Técnico e Tecnológico do IFPI.pdf","Para cada hora de regência de aulas, quantas horas adicionais o docente computará para atividades de organização e apoio ao ensino?","Para cada hora de regência de aulas, o docente computará uma hora adicional para atividades de organização e apoio ao ensino.","Para cada hora de regência de aulas, o docente computará uma hora de organização e apoio ao ensino.",0.9302325581395349,0.8780487804878049,0.9302325581395349,0.9302325581395349,0.7854475723304021,0.992283821105957,0.9769299030303955,0.9845470190048218,0.9375,0.0,16.6099,4
7,49,tfidf,"RESOLUÇÃO NORMATIVA Nº 218-2024-Estab. normas, critérios e proc. para a participação de docentes (DE) em atividades remuneradas.pdf","Qual é o limite anual de horas para a participação esporádica remunerada em palestras, conferências e atividades artísticas e culturais de docentes em dedicação exclusiva?",O limite anual é de 30 horas.,"O limite anual de horas para a participação esporádica remunerada em palestras, conferências e atividades artísticas e culturais de docentes em dedicação exclusiva é de 30 horas.",0.3243243243243243,0.2857142857142857,0.3243243243243243,0.3243243243243243,0.16110518603734317,0.8159329891204834,0.9581412076950073,0.8813374042510986,0.4827586206896552,0.0,22.216,4
7,49,tfidf,"RESOLUÇÃO NORMATIVA Nº 218-2024-Estab. normas, critérios e proc. para a participação de docentes (DE) em atividades remuneradas.pdf",Qual é o limite de carga horária para atividades remuneradas eventuais previstas no artigo 7º da Resolução Normativa nº 218 de 2024?,As atividades remuneradas eventuais não podem exceder 8 horas semanais ou 416 horas anuais.,Não encontrei essa informação no contexto fornecido.,0.16666666666666669,0.09090909090909091,0.16666666666666669,0.16666666666666669,0.0,0.8233992457389832,0.8057843446731567,0.814496636390686,0.1,0.0,13.5452,4
7,49,tfidf,"RESOLUÇÃO NORMATIVA Nº 217-2024-Atualiza o Regimento Interno da Comissão Permanente de Pessoal Docente (CPPD), no âmbito do Instituto Federal de Educação, Ciência e Tecnologia do Piauí (IFPI)..pdf",Como é composta a CPPD do IFPI em número de membros titulares e suplentes?,"A CPPD do IFPI é composta por 10 docentes, sendo 5 representantes titulares e 5 representantes suplentes.","A composição da Comissão Permanente de Pessoal Docente do IFPI é feita por membros titulares e suplentes, sendo que cada chapa no processo eleitoral é composta por dois docentes, com indicação do titular e do suplente.",0.3773584905660377,0.11764705882352941,0.2641509433962264,0.2641509433962264,0.0,0.8747634887695312,0.9236804842948914,0.898556649684906,0.47826086956521735,0.0,25.3241,4
7,49,tfidf,"RESOLUÇÃO NORMATIVA Nº 217-2024-Atualiza o Regimento Interno da Comissão Permanente de Pessoal Docente (CPPD), no âmbito do Instituto Federal de Educação, Ciência e Tecnologia do Piauí (IFPI)..pdf",Qual é o mandato dos integrantes da CPPD do IFPI?,"O mandato dos integrantes da CPPD é de 4 anos, com possibilidade de uma única recondução por igual período.",O contexto recuperado não apresenta informações sobre o tempo de duração do mandato dos integrantes da CPPD do IFPI.,0.380952380952381,0.2,0.28571428571428564,0.28571428571428564,0.1917495384724017,0.8765426278114319,0.8683575987815857,0.8724309206008911,0.39999999999999997,0.0,16.749,4
7,49,tfidf,"RESOLUÇÃO Nº 27-2024-Aprova  a criação do curso de Qualificação Profissional, de Formação Inicial e Continuada (FIC) em Aquicultor, no âmbito do IFPI e Anexo.pdf",Quantas vagas são ofertadas no curso FIC em Aquicultor?,O curso FIC em Aquicultor oferta 40 vagas.,O curso FIC em Aquicultor oferece um total de 40 vagas.,0.7368421052631579,0.588235294117647,0.7368421052631579,0.7368421052631579,0.4240125351805037,0.9459167718887329,0.9871349334716797,0.9660863876342773,0.7368421052631579,0.0,14.7021,4
7,49,tfidf,"RESOLUÇÃO Nº 27-2024-Aprova  a criação do curso de Qualificação Profissional, de Formação Inicial e Continuada (FIC) em Aquicultor, no âmbito do IFPI e Anexo.pdf",Qual é a forma de acesso ao curso FIC em Aquicultor?,A forma de acesso ao curso FIC em Aquicultor é por meio de sorteio.,"O curso FIC em Aquicultor tem como requisito de acesso o Ensino Fundamental I incompleto, do 1º ao 5º ano.",0.4242424242424242,0.2580645161290323,0.30303030303030304,0.30303030303030304,0.13817790393734294,0.868803858757019,0.9238361120223999,0.8954752683639526,0.4375,0.0,19.5375,4
8,50,dense_no_rerank,CURSO_SUPERIOR_DE_TECNOLOGIA_EM_ANÁLISE_E_DESENVOLVIMENTO_DE_SISTEMAS.pdf,Em que ano o Curso Superior de Tecnologia em Análise e Desenvolvimento de Sistemas foi criado no Campus de Picos?,O Curso Superior de Tecnologia em Análise e Desenvolvimento de Sistemas foi criado no Campus de Picos em 2013.,O Curso Superior de Tecnologia em Análise e Desenvolvimento de Sistemas foi criado no Campus de Picos em 2013.,1.0,1.0,1.0,1.0,1.0,0.9999999403953552,0.9999999403953552,0.9999999403953552,1.0,1.0,20.0386,4
8,50,dense_no_rerank,CURSO_SUPERIOR_DE_TECNOLOGIA_EM_ANÁLISE_E_DESENVOLVIMENTO_DE_SISTEMAS.pdf,Qual é a unidade de oferta do Curso Superior de Tecnologia em Análise e Desenvolvimento de Sistemas descrita no PPC?,A unidade de oferta do curso é o Campus Teresina Central.,A unidade de oferta do Curso Superior de Tecnologia em Análise e Desenvolvimento de Sistemas é o Campus Teresina Central.,0.6666666666666666,0.5714285714285714,0.6666666666666666,0.6666666666666666,0.394100477098606,0.8748151063919067,0.9795048236846924,0.9242047071456909,0.7586206896551725,0.0,17.0863,4
8,50,dense_no_rerank,CURSO_SUPERIOR_DE_TECNOLOGIA_EM_ANÁLISE_E_DESENVOLVIMENTO_DE_SISTEMAS.pdf,Qual é a carga horária total do Curso Superior de Tecnologia em Análise e Desenvolvimento de Sistemas?,A carga horária total do curso é de 2100 horas.,A carga horária total do Curso Superior de Tecnologia em Sistemas para Internet é de 2.100 horas.,0.6428571428571429,0.46153846153846156,0.6428571428571429,0.6428571428571429,0.25772294506990867,0.8713124394416809,0.9634993672370911,0.915090024471283,0.6666666666666667,0.0,17.2495,4
8,50,dense_no_rerank,CURSO_SUPERIOR_DE_TECNOLOGIA_EM_ANÁLISE_E_DESENVOLVIMENTO_DE_SISTEMAS.pdf,Quantas vagas por ano são ofertadas no Curso Superior de Tecnologia em Análise e Desenvolvimento de Sistemas?,O curso oferta 40 vagas por ano.,"O Curso Superior de Tecnologia em Análise e Desenvolvimento de Sistemas oferece uma quantidade de 40 vagas por ano no turno vespertino, no Campus Teresina Central.",0.35294117647058826,0.25,0.35294117647058826,0.35294117647058826,0.09251599780696446,0.822972297668457,0.9461147785186768,0.8802577257156372,0.4,0.0,20.8548,4
8,50,dense_no_rerank,"RESOLUÇÃO Nº 14-2025-Aprova a Criação do Curso de Aperfeiçoamento Escola da Terra, no âmbito do Instituto Federal de Educação, Ciência e Tecnologia do Piauí (IFPI) e Anexo..pdf",Qual é a carga horária total do curso Escola da Terra?,A carga horária total do curso Escola da Terra é de 180 horas.,A carga horária total do curso Escola da Terra é de 180 horas.,1.0,1.0,1.0,1.0,1.0,1.0,1.0,1.0,1.0,1.0,16.5891,4
8,50,dense_no_rerank,"RESOLUÇÃO Nº 14-2025-Aprova a Criação do Curso de Aperfeiçoamento Escola da Terra, no âmbito do Instituto Federal de Educação, Ciência e Tecnologia do Piauí (IFPI) e Anexo..pdf",Qual é a meta física do curso Escola da Terra em número de vagas?,A meta física do curso Escola da Terra é de 120 vagas.,A meta física do curso Escola da Terra é de 120 vagas para professoras e coordenadoras pedagógicas de turmas multisseriadas.,0.7272727272727273,0.7096774193548387,0.7272727272727273,0.7272727272727273,0.5471114295717522,0.8801493048667908,0.9877628684043884,0.9308561682701111,0.7741935483870968,0.0,21.0948,4
8,50,dense_no_rerank,"RESOLUÇÃO Nº 14-2025-Aprova a Criação do Curso de Aperfeiçoamento Escola da Terra, no âmbito do Instituto Federal de Educação, Ciência e Tecnologia do Piauí (IFPI) e Anexo..pdf",Quando está previsto o início do curso Escola da Terra?,O início do curso Escola da Terra está previsto para março de 2025.,"O curso de Especialização Escola da Terra está previsto para iniciar no primeiro semestre de 2025 nos campi do Instituto Federal de Educação, Ciência e Tecnologia do Piauí.",0.5217391304347827,0.27272727272727276,0.4347826086956521,0.4347826086956521,0.19037861963633804,0.8779458403587341,0.94632488489151,0.9108538031578064,0.5789473684210525,0.0,23.2575,4
8,50,dense_no_rerank,"RESOLUÇÃO Nº 14-2025-Aprova a Criação do Curso de Aperfeiçoamento Escola da Terra, no âmbito do Instituto Federal de Educação, Ciência e Tecnologia do Piauí (IFPI) e Anexo..pdf",Quem é o coordenador do curso Escola da Terra?,O coordenador do curso Escola da Terra é Gilson Mendes Araújo.,O coordenador do curso Escola da Terra é o Prof. Me. Emanuel Alcântara da Silva.,0.5384615384615385,0.5,0.5384615384615385,0.5384615384615385,0.40052744847255717,0.892876148223877,0.956995964050293,0.9238248467445374,0.6666666666666667,0.0,16.1719,4
8,50,dense_no_rerank,"RESOLUÇÃO NORMATIVA Nº 236-2025-Prorroga o Plano Diretor de Tecnologia da Informação e Comunicação (PDTIC-2022-2024), do Instituto Federal de Educação, Ciência e Tecnologia do Piauí (IFPI) e Anexo.pdf",Para qual exercício foi prorrogada a vigência do PDTIC-2022/2024 do IFPI?,A vigência do PDTIC-2022/2024 foi prorrogada para o exercício de 2025.,A vigência do Plano Diretor de Tecnologia da Informação e Comunicação (PDTIC-2022/2024) do IFPI foi prorrogada para o exercício de 2025.,0.7142857142857143,0.6,0.7142857142857143,0.7142857142857143,0.3619779110707069,0.8878629803657532,0.9830116033554077,0.9330177307128906,0.7647058823529412,0.0,24.7606,4
8,50,dense_no_rerank,"RESOLUÇÃO NORMATIVA Nº 236-2025-Prorroga o Plano Diretor de Tecnologia da Informação e Comunicação (PDTIC-2022-2024), do Instituto Federal de Educação, Ciência e Tecnologia do Piauí (IFPI) e Anexo.pdf",Qual resolução foi revogada pela Resolução Normativa nº 236 de 2025?,"Foi revogada a Resolução Normativa nº 133/2022 - CONSELHO SUPERIOR, de 29 de abril de 2022.","A Resolução Normativa nº 236 de 2025 revogou a Resolução nº 15/2021 - CONSELHO SUPERIOR, de 19 de maio de 2021, e a Resolução NormaAva nº 206/2024- CONSELHO SUPERIOR, de 13 de maio de 2024.",0.35714285714285715,0.22222222222222218,0.35714285714285715,0.35714285714285715,0.1222627823979477,0.910374641418457,0.9322649240493774,0.9211897850036621,0.4375,0.0,41.5165,4
8,50,dense_no_rerank,"RESOLUÇÃO NORMATIVA Nº 236-2025-Prorroga o Plano Diretor de Tecnologia da Informação e Comunicação (PDTIC-2022-2024), do Instituto Federal de Educação, Ciência e Tecnologia do Piauí (IFPI) e Anexo.pdf",Quais são as três fases da metodologia de elaboração do PDTIC descritas no documento?,"As três fases da metodologia de elaboração do PDTIC são Preparação, Diagnóstico e Planejamento.","As três fases da metodologia de elaboração do PDTIC, descritas no documento, são Preparação, Diagnóstico e Planejamento.",0.9268292682926829,0.8717948717948718,0.9268292682926829,0.9268292682926829,0.6577160909911662,0.9655930995941162,0.9953510165214539,0.9802462458610535,0.9032258064516129,0.0,18.5546,4
8,50,dense_no_rerank,"RESOLUÇÃO NORMATIVA Nº 236-2025-Prorroga o Plano Diretor de Tecnologia da Informação e Comunicação (PDTIC-2022-2024), do Instituto Federal de Educação, Ciência e Tecnologia do Piauí (IFPI) e Anexo.pdf",Em que guia se baseou a metodologia de elaboração do PDTIC do IFPI?,"A metodologia de elaboração do PDTIC do IFPI baseou-se no Guia de PDTIC do SISP, versão 2.0, adaptado à realidade do IFPI.","A metodologia de elaboração do PDTIC do IFPI baseou-se no Guia de PDTIC do SISP, versão 2.0, adaptado à realidade da instituição.",0.9019607843137256,0.8979591836734694,0.9019607843137256,0.9019607843137256,0.8817739004515716,0.9951040148735046,0.9970126748085022,0.996057391166687,0.9473684210526316,0.0,21.849,4
8,50,dense_no_rerank,"RESOLUÇÃO NORMATIVA Nº 223-2024-Atualiza a Regulamentação do planejamento e o registro das atividades acadêmicas dos docentes da Carreira do Magistério do Ensino Básico, Técnico e Tecnológico do IFPI.pdf",Quais são os regimes de trabalho previstos para os docentes do EBTT no IFPI?,"Os regimes de trabalho previstos são 40 horas com dedicação exclusiva, 40 horas e 20 horas semanais.","De acordo com a resolução, as horas despendidas nas atividades docentes dos docentes do EBTT totalizarão a quantidade de horas semanais previstas nos seus respectivos regimes de trabalho, e deverão ser cumpridas de acordo com as necessidades dos campi.",0.3278688524590164,0.1016949152542373,0.19672131147540983,0.19672131147540983,0.0,0.8354827761650085,0.8810862302780151,0.8576787710189819,0.32558139534883723,0.0,26.2942,4
8,50,dense_no_rerank,"RESOLUÇÃO NORMATIVA Nº 223-2024-Atualiza a Regulamentação do planejamento e o registro das atividades acadêmicas dos docentes da Carreira do Magistério do Ensino Básico, Técnico e Tecnológico do IFPI.pdf","Para cada hora de regência de aulas, quantas horas adicionais o docente computará para atividades de organização e apoio ao ensino?","Para cada hora de regência de aulas, o docente computará uma hora adicional para atividades de organização e apoio ao ensino.","Para cada hora de regência de aulas, o docente computará uma hora de organização e apoio ao ensino.",0.9302325581395349,0.8780487804878049,0.9302325581395349,0.9302325581395349,0.7854475723304021,0.992283821105957,0.9769299030303955,0.9845470190048218,0.9375,0.0,16.4259,4
8,50,dense_no_rerank,"RESOLUÇÃO NORMATIVA Nº 218-2024-Estab. normas, critérios e proc. para a participação de docentes (DE) em atividades remuneradas.pdf","Qual é o limite anual de horas para a participação esporádica remunerada em palestras, conferências e atividades artísticas e culturais de docentes em dedicação exclusiva?",O limite anual é de 30 horas.,"O limite anual de horas para a participação esporádica remunerada em palestras, conferências e atividades artísticas e culturais de docentes em dedicação exclusiva é de 30 horas, conforme estabelecido na resolução normativa.",0.27906976744186046,0.24390243902439027,0.27906976744186046,0.27906976744186046,0.09885362316286796,0.808221161365509,0.947899341583252,0.8725054264068604,0.4117647058823529,0.0,25.0922,4
8,50,dense_no_rerank,"RESOLUÇÃO NORMATIVA Nº 218-2024-Estab. normas, critérios e proc. para a participação de docentes (DE) em atividades remuneradas.pdf",Qual é o limite de carga horária para atividades remuneradas eventuais previstas no artigo 7º da Resolução Normativa nº 218 de 2024?,As atividades remuneradas eventuais não podem exceder 8 horas semanais ou 416 horas anuais.,"A carga horária dedicada à prestação institucional de serviços por docente em regime de dedicação exclusiva, quando remunerada, não pode ultrapassar 8 horas semanais ou 416 horas anuais, em atendimento ao previsto no §4º do Art. 21 da Lei nº 12.772/2012.",0.29032258064516125,0.23333333333333334,0.29032258064516125,0.29032258064516125,0.12331859801673,0.8199409246444702,0.9187633395195007,0.8665437698364258,0.2641509433962264,0.0,33.987,4
8,50,dense_no_rerank,"RESOLUÇÃO NORMATIVA Nº 217-2024-Atualiza o Regimento Interno da Comissão Permanente de Pessoal Docente (CPPD), no âmbito do Instituto Federal de Educação, Ciência e Tecnologia do Piauí (IFPI)..pdf",Como é composta a CPPD do IFPI em número de membros titulares e suplentes?,"A CPPD do IFPI é composta por 10 docentes, sendo 5 representantes titulares e 5 representantes suplentes.","A Comissão Permanente de Pessoal Docente do IFPI é composta por 10 docentes da carreira de Ensino Básico, Técnico e Tecnológico, sendo 5 representantes titulares e 5 representantes suplentes.",0.625,0.5217391304347827,0.625,0.625,0.4599040342685214,0.8838053345680237,0.972201943397522,0.925898551940918,0.7000000000000001,0.0,24.1335,4
8,50,dense_no_rerank,"RESOLUÇÃO NORMATIVA Nº 217-2024-Atualiza o Regimento Interno da Comissão Permanente de Pessoal Docente (CPPD), no âmbito do Instituto Federal de Educação, Ciência e Tecnologia do Piauí (IFPI)..pdf",Qual é o mandato dos integrantes da CPPD do IFPI?,"O mandato dos integrantes da CPPD é de 4 anos, com possibilidade de uma única recondução por igual período.","Os integrantes da CPPD do IFPI têm mandato de quatro anos, com possibilidade de uma única recondução por igual período.",0.7906976744186046,0.6341463414634148,0.7441860465116279,0.7441860465116279,0.5941559820562806,0.9663041830062866,0.9723584651947021,0.9693218469619751,0.7567567567567567,0.0,18.132,4
8,50,dense_no_rerank,"RESOLUÇÃO Nº 27-2024-Aprova  a criação do curso de Qualificação Profissional, de Formação Inicial e Continuada (FIC) em Aquicultor, no âmbito do IFPI e Anexo.pdf",Quantas vagas são ofertadas no curso FIC em Aquicultor?,O curso FIC em Aquicultor oferta 40 vagas.,O curso FIC em Aquicultor oferece um total de 40 vagas.,0.7368421052631579,0.588235294117647,0.7368421052631579,0.7368421052631579,0.4240125351805037,0.9459167718887329,0.9871349334716797,0.9660863876342773,0.7368421052631579,0.0,14.3938,4
8,50,dense_no_rerank,"RESOLUÇÃO Nº 27-2024-Aprova  a criação do curso de Qualificação Profissional, de Formação Inicial e Continuada (FIC) em Aquicultor, no âmbito do IFPI e Anexo.pdf",Qual é a forma de acesso ao curso FIC em Aquicultor?,A forma de acesso ao curso FIC em Aquicultor é por meio de sorteio.,"O curso FIC em Aquicultor tem como requisito de acesso o ensino fundamental I incompleto, do 1º ao 5º ano.",0.4242424242424242,0.2580645161290323,0.30303030303030304,0.30303030303030304,0.13817790393734294,0.8766475915908813,0.9233978986740112,0.8994156718254089,0.4375,0.0,19.0138,4
8,50,dense_rerank,CURSO_SUPERIOR_DE_TECNOLOGIA_EM_ANÁLISE_E_DESENVOLVIMENTO_DE_SISTEMAS.pdf,Em que ano o Curso Superior de Tecnologia em Análise e Desenvolvimento de Sistemas foi criado no Campus de Picos?,O Curso Superior de Tecnologia em Análise e Desenvolvimento de Sistemas foi criado no Campus de Picos em 2013.,O Curso Superior de Tecnologia em Análise e Desenvolvimento de Sistemas foi criado no Campus de Picos em 2013.,1.0,1.0,1.0,1.0,1.0,0.9999999403953552,0.9999999403953552,0.9999999403953552,1.0,1.0,17.9902,4
8,50,dense_rerank,CURSO_SUPERIOR_DE_TECNOLOGIA_EM_ANÁLISE_E_DESENVOLVIMENTO_DE_SISTEMAS.pdf,Qual é a unidade de oferta do Curso Superior de Tecnologia em Análise e Desenvolvimento de Sistemas descrita no PPC?,A unidade de oferta do curso é o Campus Teresina Central.,"O Curso Superior de Tecnologia em Análise e Desenvolvimento de Sistemas é ofertado nos Campi Teresina Central, Floriano, Picos, Corrente, Pedro II e Parnaíba.",0.28571428571428575,0.06060606060606061,0.17142857142857143,0.17142857142857143,0.0,0.816821277141571,0.9077346920967102,0.8598816394805908,0.3636363636363636,0.0,21.2979,4
8,50,dense_rerank,CURSO_SUPERIOR_DE_TECNOLOGIA_EM_ANÁLISE_E_DESENVOLVIMENTO_DE_SISTEMAS.pdf,Qual é a carga horária total do Curso Superior de Tecnologia em Análise e Desenvolvimento de Sistemas?,A carga horária total do curso é de 2100 horas.,"A carga horária total do Curso Superior de Tecnologia em Análise e Desenvolvimento de Sistemas é de 400 horas por módulo/semana, conforme apresentado na estrutura curricular do curso.",0.4390243902439024,0.30769230769230765,0.4390243902439024,0.4390243902439024,0.14291173574075158,0.8303691148757935,0.9654767513275146,0.8928406238555908,0.5142857142857143,0.0,22.0828,4
8,50,dense_rerank,CURSO_SUPERIOR_DE_TECNOLOGIA_EM_ANÁLISE_E_DESENVOLVIMENTO_DE_SISTEMAS.pdf,Quantas vagas por ano são ofertadas no Curso Superior de Tecnologia em Análise e Desenvolvimento de Sistemas?,O curso oferta 40 vagas por ano.,"No ano de 2025, o Curso Superior de Tecnologia em Análise e Desenvolvimento de Sistemas terá uma oferta de 40 vagas por turno, tanto no turno noite quanto no turno tarde, em alguns campi do IFPI.",0.3181818181818182,0.14285714285714285,0.27272727272727276,0.27272727272727276,0.0,0.8228514194488525,0.927708625793457,0.872139573097229,0.4,0.0,25.2608,4
8,50,dense_rerank,"RESOLUÇÃO Nº 14-2025-Aprova a Criação do Curso de Aperfeiçoamento Escola da Terra, no âmbito do Instituto Federal de Educação, Ciência e Tecnologia do Piauí (IFPI) e Anexo..pdf",Qual é a carga horária total do curso Escola da Terra?,A carga horária total do curso Escola da Terra é de 180 horas.,"O curso Escola da Terra, no nível de aperfeiçoamento, possui carga horária total de 180 horas, sendo 126 horas presenciais no tempo-universidade e 54 horas no tempo-escola/comunidade.",0.47826086956521735,0.36363636363636365,0.30434782608695654,0.30434782608695654,0.13307637507950731,0.8621993660926819,0.9464261531829834,0.9023516178131104,0.5555555555555555,0.0,30.45,4
8,50,dense_rerank,"RESOLUÇÃO Nº 14-2025-Aprova a Criação do Curso de Aperfeiçoamento Escola da Terra, no âmbito do Instituto Federal de Educação, Ciência e Tecnologia do Piauí (IFPI) e Anexo..pdf",Qual é a meta física do curso Escola da Terra em número de vagas?,A meta física do curso Escola da Terra é de 120 vagas.,A meta física do curso Escola da Terra é de 120 vagas para professoras e coordenadoras pedagógicas de turmas multisseriadas.,0.7272727272727273,0.7096774193548387,0.7272727272727273,0.7272727272727273,0.5471114295717522,0.8801493048667908,0.9877628684043884,0.9308561682701111,0.7741935483870968,0.0,21.4593,4
8,50,dense_rerank,"RESOLUÇÃO Nº 14-2025-Aprova a Criação do Curso de Aperfeiçoamento Escola da Terra, no âmbito do Instituto Federal de Educação, Ciência e Tecnologia do Piauí (IFPI) e Anexo..pdf",Quando está previsto o início do curso Escola da Terra?,O início do curso Escola da Terra está previsto para março de 2025.,"O curso Escola da Terra está previsto para iniciar no primeiro semestre de 2024, conforme autorizado pelo Conselho Superior do Instituto Federal de Educação, Ciência e Tecnologia do Piauí.",0.47826086956521735,0.27272727272727276,0.3913043478260869,0.3913043478260869,0.19775876971405587,0.8714114427566528,0.9419988393783569,0.9053313136100769,0.5,0.0,25.3832,4
8,50,dense_rerank,"RESOLUÇÃO Nº 14-2025-Aprova a Criação do Curso de Aperfeiçoamento Escola da Terra, no âmbito do Instituto Federal de Educação, Ciência e Tecnologia do Piauí (IFPI) e Anexo..pdf",Quem é o coordenador do curso Escola da Terra?,O coordenador do curso Escola da Terra é Gilson Mendes Araújo.,O coordenador do curso Escola da Terra é o Prof. Me. Emanuel Alcântara da Silva.,0.5384615384615385,0.5,0.5384615384615385,0.5384615384615385,0.40052744847255717,0.892876148223877,0.956995964050293,0.9238248467445374,0.6666666666666667,0.0,16.171,4
8,50,dense_rerank,"RESOLUÇÃO NORMATIVA Nº 236-2025-Prorroga o Plano Diretor de Tecnologia da Informação e Comunicação (PDTIC-2022-2024), do Instituto Federal de Educação, Ciência e Tecnologia do Piauí (IFPI) e Anexo.pdf",Para qual exercício foi prorrogada a vigência do PDTIC-2022/2024 do IFPI?,A vigência do PDTIC-2022/2024 foi prorrogada para o exercício de 2025.,A vigência do Plano Diretor de Tecnologia da Informação e Comunicação (PDTIC-2022/2024) do IFPI foi prorrogada para o exercício de 2025.,0.7142857142857143,0.6,0.7142857142857143,0.7142857142857143,0.3619779110707069,0.8878629803657532,0.9830116033554077,0.9330177307128906,0.7647058823529412,0.0,24.9353,4
8,50,dense_rerank,"RESOLUÇÃO NORMATIVA Nº 236-2025-Prorroga o Plano Diretor de Tecnologia da Informação e Comunicação (PDTIC-2022-2024), do Instituto Federal de Educação, Ciência e Tecnologia do Piauí (IFPI) e Anexo.pdf",Qual resolução foi revogada pela Resolução Normativa nº 236 de 2025?,"Foi revogada a Resolução Normativa nº 133/2022 - CONSELHO SUPERIOR, de 29 de abril de 2022.","A Resolução Normativa nº 236 de 2025 revogou a Resolução nº 15/2021 - CONSELHO SUPERIOR, de 19 de maio de 2021, e a Resolução NormaAva nº 206/2024- CONSELHO SUPERIOR, de 13 de maio de 2024.",0.35714285714285715,0.22222222222222218,0.35714285714285715,0.35714285714285715,0.1222627823979477,0.910374641418457,0.9322649240493774,0.9211897850036621,0.4375,0.0,43.0608,4
8,50,dense_rerank,"RESOLUÇÃO NORMATIVA Nº 236-2025-Prorroga o Plano Diretor de Tecnologia da Informação e Comunicação (PDTIC-2022-2024), do Instituto Federal de Educação, Ciência e Tecnologia do Piauí (IFPI) e Anexo.pdf",Quais são as três fases da metodologia de elaboração do PDTIC descritas no documento?,"As três fases da metodologia de elaboração do PDTIC são Preparação, Diagnóstico e Planejamento.","As três fases da metodologia de elaboração do PDTIC são Preparação, Diagnóstico e Planejamento.",1.0,1.0,1.0,1.0,1.0,1.0,1.0,1.0,1.0,1.0,16.4389,4
8,50,dense_rerank,"RESOLUÇÃO NORMATIVA Nº 236-2025-Prorroga o Plano Diretor de Tecnologia da Informação e Comunicação (PDTIC-2022-2024), do Instituto Federal de Educação, Ciência e Tecnologia do Piauí (IFPI) e Anexo.pdf",Em que guia se baseou a metodologia de elaboração do PDTIC do IFPI?,"A metodologia de elaboração do PDTIC do IFPI baseou-se no Guia de PDTIC do SISP, versão 2.0, adaptado à realidade do IFPI.","A metodologia de elaboração do PDTIC do IFPI baseou-se no Guia de PDTIC do SISP, versão 2.0, adaptado à realidade da instituição.",0.9019607843137256,0.8979591836734694,0.9019607843137256,0.9019607843137256,0.8817739004515716,0.9951040148735046,0.9970126748085022,0.996057391166687,0.9473684210526316,0.0,21.9215,4
8,50,dense_rerank,"RESOLUÇÃO NORMATIVA Nº 223-2024-Atualiza a Regulamentação do planejamento e o registro das atividades acadêmicas dos docentes da Carreira do Magistério do Ensino Básico, Técnico e Tecnológico do IFPI.pdf",Quais são os regimes de trabalho previstos para os docentes do EBTT no IFPI?,"Os regimes de trabalho previstos são 40 horas com dedicação exclusiva, 40 horas e 20 horas semanais.","Os regimes de trabalho previstos para os docentes do EBTT no IFPI são tempo integral de 40 horas semanais com dedicação exclusiva, tempo integral de 40 horas semanais ou tempo parcial de 20 horas semanais de trabalho.",0.6206896551724138,0.42857142857142855,0.6206896551724138,0.6206896551724138,0.20613242702593446,0.9090074300765991,0.9667177200317383,0.936974823474884,0.7027027027027025,0.0,27.3886,4
8,50,dense_rerank,"RESOLUÇÃO NORMATIVA Nº 223-2024-Atualiza a Regulamentação do planejamento e o registro das atividades acadêmicas dos docentes da Carreira do Magistério do Ensino Básico, Técnico e Tecnológico do IFPI.pdf","Para cada hora de regência de aulas, quantas horas adicionais o docente computará para atividades de organização e apoio ao ensino?","Para cada hora de regência de aulas, o docente computará uma hora adicional para atividades de organização e apoio ao ensino.",Não encontrei essa informação no contexto fornecido.,0.125,0.0,0.125,0.125,0.0,0.8275346755981445,0.8195750117301941,0.8235356211662292,0.0,0.0,12.1633,4
8,50,dense_rerank,"RESOLUÇÃO NORMATIVA Nº 218-2024-Estab. normas, critérios e proc. para a participação de docentes (DE) em atividades remuneradas.pdf","Qual é o limite anual de horas para a participação esporádica remunerada em palestras, conferências e atividades artísticas e culturais de docentes em dedicação exclusiva?",O limite anual é de 30 horas.,"O limite anual de horas para a participação esporádica remunerada em palestras, conferências e atividades artísticas e culturais de docentes em dedicação exclusiva é de 30 horas.",0.3243243243243243,0.2857142857142857,0.3243243243243243,0.3243243243243243,0.16110518603734317,0.8159329891204834,0.9581412076950073,0.8813374042510986,0.4827586206896552,0.0,22.7686,4
8,50,dense_rerank,"RESOLUÇÃO NORMATIVA Nº 218-2024-Estab. normas, critérios e proc. para a participação de docentes (DE) em atividades remuneradas.pdf",Qual é o limite de carga horária para atividades remuneradas eventuais previstas no artigo 7º da Resolução Normativa nº 218 de 2024?,As atividades remuneradas eventuais não podem exceder 8 horas semanais ou 416 horas anuais.,"O limite de carga horária para atividades remuneradas eventuais, no caso de servidores docentes com dedicação exclusiva ou com 20 ou 40 horas, é de 8 horas semanais ou 416 horas anuais, conforme previsto na Resolução Normativa nº 207 de 2024.",0.4137931034482758,0.2857142857142857,0.3793103448275862,0.3793103448275862,0.15589340552404063,0.8480509519577026,0.9276635646820068,0.88607257604599,0.391304347826087,0.0,32.6986,4
8,50,dense_rerank,"RESOLUÇÃO NORMATIVA Nº 217-2024-Atualiza o Regimento Interno da Comissão Permanente de Pessoal Docente (CPPD), no âmbito do Instituto Federal de Educação, Ciência e Tecnologia do Piauí (IFPI)..pdf",Como é composta a CPPD do IFPI em número de membros titulares e suplentes?,"A CPPD do IFPI é composta por 10 docentes, sendo 5 representantes titulares e 5 representantes suplentes.","A Comissão Permanente de Pessoal Docente do IFPI é composta por 10 docentes da carreira de Ensino Básico, Técnico e Tecnológico, sendo 5 representantes titulares e 5 representantes suplentes.",0.625,0.5217391304347827,0.625,0.625,0.4599040342685214,0.8838053345680237,0.972201943397522,0.925898551940918,0.7000000000000001,0.0,23.9038,4
8,50,dense_rerank,"RESOLUÇÃO NORMATIVA Nº 217-2024-Atualiza o Regimento Interno da Comissão Permanente de Pessoal Docente (CPPD), no âmbito do Instituto Federal de Educação, Ciência e Tecnologia do Piauí (IFPI)..pdf",Qual é o mandato dos integrantes da CPPD do IFPI?,"O mandato dos integrantes da CPPD é de 4 anos, com possibilidade de uma única recondução por igual período.","Os integrantes da Comissão Permanente de Pessoal Docente do IFPI têm um mandato de 4 anos, podendo ser reconduzidos por um único período igual.",0.5106382978723405,0.17777777777777778,0.3404255319148936,0.3404255319148936,0.12789533377801793,0.8666247129440308,0.9038090705871582,0.8848263621330261,0.45,0.0,20.443,4
8,50,dense_rerank,"RESOLUÇÃO Nº 27-2024-Aprova  a criação do curso de Qualificação Profissional, de Formação Inicial e Continuada (FIC) em Aquicultor, no âmbito do IFPI e Anexo.pdf",Quantas vagas são ofertadas no curso FIC em Aquicultor?,O curso FIC em Aquicultor oferta 40 vagas.,O curso FIC em Aquicultor oferece um total de 40 vagas.,0.7368421052631579,0.588235294117647,0.7368421052631579,0.7368421052631579,0.4240125351805037,0.9459167718887329,0.9871349334716797,0.9660863876342773,0.7368421052631579,0.0,14.6071,4
8,50,dense_rerank,"RESOLUÇÃO Nº 27-2024-Aprova  a criação do curso de Qualificação Profissional, de Formação Inicial e Continuada (FIC) em Aquicultor, no âmbito do IFPI e Anexo.pdf",Qual é a forma de acesso ao curso FIC em Aquicultor?,A forma de acesso ao curso FIC em Aquicultor é por meio de sorteio.,"O curso FIC em Aquicultor tem como requisito de acesso o ensino fundamental I incompleto, do 1º ao 5º ano.",0.4242424242424242,0.2580645161290323,0.30303030303030304,0.30303030303030304,0.13817790393734294,0.8766475915908813,0.9233978986740112,0.8994156718254089,0.4375,0.0,19.2679,4
8,50,bm25,CURSO_SUPERIOR_DE_TECNOLOGIA_EM_ANÁLISE_E_DESENVOLVIMENTO_DE_SISTEMAS.pdf,Em que ano o Curso Superior de Tecnologia em Análise e Desenvolvimento de Sistemas foi criado no Campus de Picos?,O Curso Superior de Tecnologia em Análise e Desenvolvimento de Sistemas foi criado no Campus de Picos em 2013.,O Curso Superior de Tecnologia em Análise e Desenvolvimento de Sistemas foi criado no Campus de Picos em 2013.,1.0,1.0,1.0,1.0,1.0,0.9999999403953552,0.9999999403953552,0.9999999403953552,1.0,1.0,17.7195,4
8,50,bm25,CURSO_SUPERIOR_DE_TECNOLOGIA_EM_ANÁLISE_E_DESENVOLVIMENTO_DE_SISTEMAS.pdf,Qual é a unidade de oferta do Curso Superior de Tecnologia em Análise e Desenvolvimento de Sistemas descrita no PPC?,A unidade de oferta do curso é o Campus Teresina Central.,"O Curso Superior de Tecnologia em Análise e Desenvolvimento de Sistemas é ofertado nos Campi Teresina Central, Floriano, Picos, Corrente, Pedro II e Parnaíba.",0.28571428571428575,0.06060606060606061,0.17142857142857143,0.17142857142857143,0.0,0.816821277141571,0.9077346920967102,0.8598816394805908,0.3636363636363636,0.0,21.4701,4
8,50,bm25,CURSO_SUPERIOR_DE_TECNOLOGIA_EM_ANÁLISE_E_DESENVOLVIMENTO_DE_SISTEMAS.pdf,Qual é a carga horária total do Curso Superior de Tecnologia em Análise e Desenvolvimento de Sistemas?,A carga horária total do curso é de 2100 horas.,"O Curso Superior de Tecnologia em Análise e Desenvolvimento de Sistemas possui uma carga horária total de 400 horas no primeiro módulo, além de mais 600 horas no segundo módulo, conforme detalhado na estrutura curricular apresentada.",0.2745098039215686,0.12244897959183673,0.23529411764705882,0.23529411764705882,0.0,0.8147163987159729,0.9141398668289185,0.8615692853927612,0.3,0.0,25.8304,4
8,50,bm25,CURSO_SUPERIOR_DE_TECNOLOGIA_EM_ANÁLISE_E_DESENVOLVIMENTO_DE_SISTEMAS.pdf,Quantas vagas por ano são ofertadas no Curso Superior de Tecnologia em Análise e Desenvolvimento de Sistemas?,O curso oferta 40 vagas por ano.,"O Curso Superior de Tecnologia em Análise e Desenvolvimento de Sistemas oferece uma quantidade de 40 vagas por ano no Campus Teresina Central, conforme informações do documento.",0.33333333333333326,0.23529411764705882,0.33333333333333326,0.33333333333333326,0.08914609827874222,0.8250495195388794,0.9438191652297974,0.8804469704627991,0.375,0.0,20.474,4
8,50,bm25,"RESOLUÇÃO Nº 14-2025-Aprova a Criação do Curso de Aperfeiçoamento Escola da Terra, no âmbito do Instituto Federal de Educação, Ciência e Tecnologia do Piauí (IFPI) e Anexo..pdf",Qual é a carga horária total do curso Escola da Terra?,A carga horária total do curso Escola da Terra é de 180 horas.,"O curso Escola da Terra possui uma carga horária total de 294 horas destinadas ao estudo das disciplinas, além de 66 horas para o Trabalho de Conclusão de Curso.",0.4444444444444445,0.27906976744186046,0.26666666666666666,0.26666666666666666,0.11871704290088221,0.8634258508682251,0.9381551742553711,0.8992406129837036,0.5,0.0,22.5122,4
8,50,bm25,"RESOLUÇÃO Nº 14-2025-Aprova a Criação do Curso de Aperfeiçoamento Escola da Terra, no âmbito do Instituto Federal de Educação, Ciência e Tecnologia do Piauí (IFPI) e Anexo..pdf",Qual é a meta física do curso Escola da Terra em número de vagas?,A meta física do curso Escola da Terra é de 120 vagas.,A meta física do curso Escola da Terra é de 30 vagas.,0.9166666666666666,0.8181818181818182,0.9166666666666666,0.9166666666666666,0.7910665071754358,0.9954450726509094,0.9954450726509094,0.9954450726509094,0.9166666666666666,0.0,12.3618,4
8,50,bm25,"RESOLUÇÃO Nº 14-2025-Aprova a Criação do Curso de Aperfeiçoamento Escola da Terra, no âmbito do Instituto Federal de Educação, Ciência e Tecnologia do Piauí (IFPI) e Anexo..pdf",Quando está previsto o início do curso Escola da Terra?,O início do curso Escola da Terra está previsto para março de 2025.,Não encontrei essa informação no contexto fornecido.,0.16666666666666669,0.0,0.16666666666666669,0.16666666666666669,0.0,0.8219438791275024,0.8310289978981018,0.8264614343643188,0.0,0.0,12.1401,4
8,50,bm25,"RESOLUÇÃO Nº 14-2025-Aprova a Criação do Curso de Aperfeiçoamento Escola da Terra, no âmbito do Instituto Federal de Educação, Ciência e Tecnologia do Piauí (IFPI) e Anexo..pdf",Quem é o coordenador do curso Escola da Terra?,O coordenador do curso Escola da Terra é Gilson Mendes Araújo.,"O coordenador do curso de Licenciatura Intercultural Indígena é regulamentado pelo edital CAPES/PARFOR Equidade 023/2023, e a atuação do coordenador do curso e local do Parfor Equidade está estabelecida nesse mesmo edital.",0.17391304347826086,0.13636363636363635,0.17391304347826086,0.17391304347826086,0.06714082273626723,0.8106777667999268,0.8865677118301392,0.8469260931015015,0.2777777777777778,0.0,29.8143,4
8,50,bm25,"RESOLUÇÃO NORMATIVA Nº 236-2025-Prorroga o Plano Diretor de Tecnologia da Informação e Comunicação (PDTIC-2022-2024), do Instituto Federal de Educação, Ciência e Tecnologia do Piauí (IFPI) e Anexo.pdf",Para qual exercício foi prorrogada a vigência do PDTIC-2022/2024 do IFPI?,A vigência do PDTIC-2022/2024 foi prorrogada para o exercício de 2025.,Não encontrei essa informação no contexto fornecido.,0.08333333333333334,0.0,0.08333333333333334,0.08333333333333334,0.0,0.8213146328926086,0.798200786113739,0.8095927238464355,0.0,0.0,12.4808,4
8,50,bm25,"RESOLUÇÃO NORMATIVA Nº 236-2025-Prorroga o Plano Diretor de Tecnologia da Informação e Comunicação (PDTIC-2022-2024), do Instituto Federal de Educação, Ciência e Tecnologia do Piauí (IFPI) e Anexo.pdf",Qual resolução foi revogada pela Resolução Normativa nº 236 de 2025?,"Foi revogada a Resolução Normativa nº 133/2022 - CONSELHO SUPERIOR, de 29 de abril de 2022.","A Resolução Normativa nº 236 de 2025 revogou a Resolução Normativa nº 43/2021 - CONSELHO SUPERIOR, de 10 de junho de 2021.",0.48780487804878053,0.30769230769230765,0.48780487804878053,0.48780487804878053,0.24835336815593248,0.9547911882400513,0.9592360854148865,0.9570085406303406,0.5185185185185186,0.0,27.4958,4
8,50,bm25,"RESOLUÇÃO NORMATIVA Nº 236-2025-Prorroga o Plano Diretor de Tecnologia da Informação e Comunicação (PDTIC-2022-2024), do Instituto Federal de Educação, Ciência e Tecnologia do Piauí (IFPI) e Anexo.pdf",Quais são as três fases da metodologia de elaboração do PDTIC descritas no documento?,"As três fases da metodologia de elaboração do PDTIC são Preparação, Diagnóstico e Planejamento.","As três fases da metodologia de elaboração do PDTIC são Preparação, Diagnóstico e Planejamento.",1.0,1.0,1.0,1.0,1.0,1.0,1.0,1.0,1.0,1.0,16.3155,4
8,50,bm25,"RESOLUÇÃO NORMATIVA Nº 236-2025-Prorroga o Plano Diretor de Tecnologia da Informação e Comunicação (PDTIC-2022-2024), do Instituto Federal de Educação, Ciência e Tecnologia do Piauí (IFPI) e Anexo.pdf",Em que guia se baseou a metodologia de elaboração do PDTIC do IFPI?,"A metodologia de elaboração do PDTIC do IFPI baseou-se no Guia de PDTIC do SISP, versão 2.0, adaptado à realidade do IFPI.","A metodologia de elaboração do PDTIC do IFPI baseou-se no Guia de PDTIC do SISP, versão 2.0, que foi adaptado à realidade da instituição.",0.8679245283018867,0.823529411764706,0.8679245283018867,0.8679245283018867,0.7488856162563027,0.9856879115104675,0.9934456944465637,0.9895516037940979,0.9,0.0,22.6044,4
8,50,bm25,"RESOLUÇÃO NORMATIVA Nº 223-2024-Atualiza a Regulamentação do planejamento e o registro das atividades acadêmicas dos docentes da Carreira do Magistério do Ensino Básico, Técnico e Tecnológico do IFPI.pdf",Quais são os regimes de trabalho previstos para os docentes do EBTT no IFPI?,"Os regimes de trabalho previstos são 40 horas com dedicação exclusiva, 40 horas e 20 horas semanais.",Os regimes de trabalho previstos para os docentes do EBTT no IFPI são o tempo integral de 40 horas semanais ou o tempo parcial de 20 horas semanais.,0.5416666666666666,0.34782608695652173,0.5416666666666666,0.5416666666666666,0.22419056820298167,0.8977761268615723,0.9364239573478699,0.916692852973938,0.5714285714285714,0.0,21.8954,4
8,50,bm25,"RESOLUÇÃO NORMATIVA Nº 223-2024-Atualiza a Regulamentação do planejamento e o registro das atividades acadêmicas dos docentes da Carreira do Magistério do Ensino Básico, Técnico e Tecnológico do IFPI.pdf","Para cada hora de regência de aulas, quantas horas adicionais o docente computará para atividades de organização e apoio ao ensino?","Para cada hora de regência de aulas, o docente computará uma hora adicional para atividades de organização e apoio ao ensino.","Para cada hora de regência de aula, o docente deverá registrar uma hora de organização e apoio ao ensino.",0.8181818181818182,0.6666666666666666,0.8181818181818182,0.8181818181818182,0.5382008965108557,0.9565843343734741,0.9403003454208374,0.9483724236488342,0.787878787878788,0.0,16.6472,4
8,50,bm25,"RESOLUÇÃO NORMATIVA Nº 218-2024-Estab. normas, critérios e proc. para a participação de docentes (DE) em atividades remuneradas.pdf","Qual é o limite anual de horas para a participação esporádica remunerada em palestras, conferências e atividades artísticas e culturais de docentes em dedicação exclusiva?",O limite anual é de 30 horas.,"O limite anual de horas para a participação esporádica remunerada em palestras, conferências e atividades artísticas e culturais de docentes em dedicação exclusiva é de 30 horas.",0.3243243243243243,0.2857142857142857,0.3243243243243243,0.3243243243243243,0.16110518603734317,0.8159329891204834,0.9581412076950073,0.8813374042510986,0.4827586206896552,0.0,22.386,4
8,50,bm25,"RESOLUÇÃO NORMATIVA Nº 218-2024-Estab. normas, critérios e proc. para a participação de docentes (DE) em atividades remuneradas.pdf",Qual é o limite de carga horária para atividades remuneradas eventuais previstas no artigo 7º da Resolução Normativa nº 218 de 2024?,As atividades remuneradas eventuais não podem exceder 8 horas semanais ou 416 horas anuais.,Não encontrei essa informação no contexto fornecido.,0.16666666666666669,0.09090909090909091,0.16666666666666669,0.16666666666666669,0.0,0.8233992457389832,0.8057843446731567,0.814496636390686,0.1,0.0,12.1439,4
8,50,bm25,"RESOLUÇÃO NORMATIVA Nº 217-2024-Atualiza o Regimento Interno da Comissão Permanente de Pessoal Docente (CPPD), no âmbito do Instituto Federal de Educação, Ciência e Tecnologia do Piauí (IFPI)..pdf",Como é composta a CPPD do IFPI em número de membros titulares e suplentes?,"A CPPD do IFPI é composta por 10 docentes, sendo 5 representantes titulares e 5 representantes suplentes.","A composição da Comissão Permanente de Pessoal Docente do IFPI é feita por chapas registradas, compostas por dois docentes, com indicação do titular e suplente.",0.27906976744186046,0.04878048780487805,0.27906976744186046,0.27906976744186046,0.0,0.8804346919059753,0.9170075058937073,0.8983490467071533,0.3684210526315789,0.0,21.4222,4
8,50,bm25,"RESOLUÇÃO NORMATIVA Nº 217-2024-Atualiza o Regimento Interno da Comissão Permanente de Pessoal Docente (CPPD), no âmbito do Instituto Federal de Educação, Ciência e Tecnologia do Piauí (IFPI)..pdf",Qual é o mandato dos integrantes da CPPD do IFPI?,"O mandato dos integrantes da CPPD é de 4 anos, com possibilidade de uma única recondução por igual período.","Os membros da CPPD são designados pelo Reitor, após escolha pelos seus pares, para cumprirem um mandato de quatro anos, admitindo-se uma única reeleição para período subsequente, sem limite para mandatos alternados.",0.38596491228070173,0.1090909090909091,0.3157894736842105,0.3157894736842105,0.0,0.8508672118186951,0.9019008278846741,0.8756410479545593,0.32653061224489793,0.0,26.3531,4
8,50,bm25,"RESOLUÇÃO Nº 27-2024-Aprova  a criação do curso de Qualificação Profissional, de Formação Inicial e Continuada (FIC) em Aquicultor, no âmbito do IFPI e Anexo.pdf",Quantas vagas são ofertadas no curso FIC em Aquicultor?,O curso FIC em Aquicultor oferta 40 vagas.,Não encontrei essa informação no contexto fornecido.,0.11764705882352941,0.0,0.11764705882352941,0.11764705882352941,0.0,0.8231986165046692,0.8388471603393555,0.8309492468833923,0.0,0.0,12.2241,4
8,50,bm25,"RESOLUÇÃO Nº 27-2024-Aprova  a criação do curso de Qualificação Profissional, de Formação Inicial e Continuada (FIC) em Aquicultor, no âmbito do IFPI e Anexo.pdf",Qual é a forma de acesso ao curso FIC em Aquicultor?,A forma de acesso ao curso FIC em Aquicultor é por meio de sorteio.,"O acesso ao curso FIC em Aquicultor será por meio de edital de seleção, com processo seletivo realizado através de prova escrita específica.",0.5128205128205128,0.3783783783783784,0.46153846153846156,0.46153846153846156,0.24835336815593242,0.9104467034339905,0.9522331357002258,0.9308712482452393,0.5294117647058824,0.0,20.5813,4
8,50,tfidf,CURSO_SUPERIOR_DE_TECNOLOGIA_EM_ANÁLISE_E_DESENVOLVIMENTO_DE_SISTEMAS.pdf,Em que ano o Curso Superior de Tecnologia em Análise e Desenvolvimento de Sistemas foi criado no Campus de Picos?,O Curso Superior de Tecnologia em Análise e Desenvolvimento de Sistemas foi criado no Campus de Picos em 2013.,O Curso Superior de Tecnologia em Análise e Desenvolvimento de Sistemas foi criado no Campus de Picos em 2013.,1.0,1.0,1.0,1.0,1.0,0.9999999403953552,0.9999999403953552,0.9999999403953552,1.0,1.0,17.5995,4
8,50,tfidf,CURSO_SUPERIOR_DE_TECNOLOGIA_EM_ANÁLISE_E_DESENVOLVIMENTO_DE_SISTEMAS.pdf,Qual é a unidade de oferta do Curso Superior de Tecnologia em Análise e Desenvolvimento de Sistemas descrita no PPC?,A unidade de oferta do curso é o Campus Teresina Central.,"O Curso Superior de Tecnologia em Análise e Desenvolvimento de Sistemas é ofertado nos Campi Teresina Central, Floriano, Picos, Corrente, Pedro II e Parnaíba.",0.28571428571428575,0.06060606060606061,0.17142857142857143,0.17142857142857143,0.0,0.816821277141571,0.9077346920967102,0.8598816394805908,0.3636363636363636,0.0,23.6176,4
8,50,tfidf,CURSO_SUPERIOR_DE_TECNOLOGIA_EM_ANÁLISE_E_DESENVOLVIMENTO_DE_SISTEMAS.pdf,Qual é a carga horária total do Curso Superior de Tecnologia em Análise e Desenvolvimento de Sistemas?,A carga horária total do curso é de 2100 horas.,Não encontrei essa informação no contexto fornecido.,0.0,0.0,0.0,0.0,0.0,0.8249529004096985,0.8356121182441711,0.8302482962608337,0.0,0.0,12.7769,4
8,50,tfidf,CURSO_SUPERIOR_DE_TECNOLOGIA_EM_ANÁLISE_E_DESENVOLVIMENTO_DE_SISTEMAS.pdf,Quantas vagas por ano são ofertadas no Curso Superior de Tecnologia em Análise e Desenvolvimento de Sistemas?,O curso oferta 40 vagas por ano.,"No Campus de Floriano, o Curso Superior de Tecnologia em Análise e Desenvolvimento de Sistemas oferece 35 vagas no turno da tarde, enquanto no Campus de Picos são ofertadas 40 vagas no turno da noite para o ano de 2025.2.",0.2,0.08333333333333333,0.2,0.2,0.0,0.8188979625701904,0.9087571501731873,0.8614906072616577,0.2777777777777778,0.0,27.2978,4
8,50,tfidf,"RESOLUÇÃO Nº 14-2025-Aprova a Criação do Curso de Aperfeiçoamento Escola da Terra, no âmbito do Instituto Federal de Educação, Ciência e Tecnologia do Piauí (IFPI) e Anexo..pdf",Qual é a carga horária total do curso Escola da Terra?,A carga horária total do curso Escola da Terra é de 180 horas.,"O curso de Especialização Escola da Terra possui uma carga horária total de 495 horas, sendo 257 horas em Tempo-Universidade e 103 horas em Tempo-Escola/Comunidade.",0.4651162790697674,0.2439024390243903,0.27906976744186046,0.27906976744186046,0.0,0.8809854984283447,0.9372314810752869,0.9082384705543518,0.5142857142857142,0.0,27.0647,4
8,50,tfidf,"RESOLUÇÃO Nº 14-2025-Aprova a Criação do Curso de Aperfeiçoamento Escola da Terra, no âmbito do Instituto Federal de Educação, Ciência e Tecnologia do Piauí (IFPI) e Anexo..pdf",Qual é a meta física do curso Escola da Terra em número de vagas?,A meta física do curso Escola da Terra é de 120 vagas.,A meta física do curso Escola da Terra é de 60 vagas para professores da educação básica que atuam em escolas do campo e possuem certificação em curso de aperfeiçoamento.,0.4782608695652174,0.4090909090909091,0.4782608695652174,0.4782608695652174,0.2991528889155785,0.8609741926193237,0.9757529497146606,0.9147772192955017,0.5945945945945945,0.0,22.0135,4
8,50,tfidf,"RESOLUÇÃO Nº 14-2025-Aprova a Criação do Curso de Aperfeiçoamento Escola da Terra, no âmbito do Instituto Federal de Educação, Ciência e Tecnologia do Piauí (IFPI) e Anexo..pdf",Quando está previsto o início do curso Escola da Terra?,O início do curso Escola da Terra está previsto para março de 2025.,O início do Curso Aperfeiçoamento Escola da Terra está previsto para o primeiro semestre de 2024.,0.7878787878787877,0.5806451612903226,0.7878787878787877,0.7878787878787877,0.37709297891717664,0.8994907736778259,0.9575713872909546,0.9276228547096252,0.7857142857142856,0.0,17.122,4
8,50,tfidf,"RESOLUÇÃO Nº 14-2025-Aprova a Criação do Curso de Aperfeiçoamento Escola da Terra, no âmbito do Instituto Federal de Educação, Ciência e Tecnologia do Piauí (IFPI) e Anexo..pdf",Quem é o coordenador do curso Escola da Terra?,O coordenador do curso Escola da Terra é Gilson Mendes Araújo.,Não encontrei essa informação no contexto fornecido.,0.09999999999999999,0.0,0.09999999999999999,0.09999999999999999,0.0,0.8250470161437988,0.8430057168006897,0.833929717540741,0.0,0.0,12.6088,4
8,50,tfidf,"RESOLUÇÃO NORMATIVA Nº 236-2025-Prorroga o Plano Diretor de Tecnologia da Informação e Comunicação (PDTIC-2022-2024), do Instituto Federal de Educação, Ciência e Tecnologia do Piauí (IFPI) e Anexo.pdf",Para qual exercício foi prorrogada a vigência do PDTIC-2022/2024 do IFPI?,A vigência do PDTIC-2022/2024 foi prorrogada para o exercício de 2025.,"O Plano Diretor de Tecnologia da Informação e Comunicação (PDTIC-2022/2024) do IFPI teve a vigência prorrogada para o exercício de 2025, conforme estabelecido na Resolução Normativa nº 236.",0.5599999999999999,0.4166666666666667,0.4,0.4,0.1834283688193615,0.8566336035728455,0.9619570970535278,0.9062454700469971,0.5853658536585366,0.0,29.801,4
8,50,tfidf,"RESOLUÇÃO NORMATIVA Nº 236-2025-Prorroga o Plano Diretor de Tecnologia da Informação e Comunicação (PDTIC-2022-2024), do Instituto Federal de Educação, Ciência e Tecnologia do Piauí (IFPI) e Anexo.pdf",Qual resolução foi revogada pela Resolução Normativa nº 236 de 2025?,"Foi revogada a Resolução Normativa nº 133/2022 - CONSELHO SUPERIOR, de 29 de abril de 2022.",Não encontrei essa informação no contexto fornecido.,0.15384615384615383,0.0,0.07692307692307691,0.07692307692307691,0.0,0.8195531368255615,0.7702820301055908,0.7941540479660034,0.0,0.0,8.8329,4
8,50,tfidf,"RESOLUÇÃO NORMATIVA Nº 236-2025-Prorroga o Plano Diretor de Tecnologia da Informação e Comunicação (PDTIC-2022-2024), do Instituto Federal de Educação, Ciência e Tecnologia do Piauí (IFPI) e Anexo.pdf",Quais são as três fases da metodologia de elaboração do PDTIC descritas no documento?,"As três fases da metodologia de elaboração do PDTIC são Preparação, Diagnóstico e Planejamento.","As três fases da metodologia de elaboração do PDTIC descritas no documento são Preparação, Diagnóstico e a fase de execução de processos específicos em harmonia com os instrumentos de planejamento da instituição.",0.6440677966101694,0.5614035087719298,0.6440677966101694,0.6440677966101694,0.33725973214458643,0.9000369906425476,0.9629424214363098,0.9304276704788208,0.6666666666666666,0.0,22.8336,4
8,50,tfidf,"RESOLUÇÃO NORMATIVA Nº 236-2025-Prorroga o Plano Diretor de Tecnologia da Informação e Comunicação (PDTIC-2022-2024), do Instituto Federal de Educação, Ciência e Tecnologia do Piauí (IFPI) e Anexo.pdf",Em que guia se baseou a metodologia de elaboração do PDTIC do IFPI?,"A metodologia de elaboração do PDTIC do IFPI baseou-se no Guia de PDTIC do SISP, versão 2.0, adaptado à realidade do IFPI.","A metodologia de elaboração do PDTIC do IFPI baseou-se em instrumentos de planejamento da instituição, como o Plano de Desenvolvimento Institucional, a Estratégia de Governança Digital e a Instrução Normativa SGD/ME nº 31/2021.",0.3939393939393939,0.3125,0.3939393939393939,0.3939393939393939,0.2112482780971751,0.8373352885246277,0.90305095911026,0.8689524531364441,0.37499999999999994,0.0,29.495,4
8,50,tfidf,"RESOLUÇÃO NORMATIVA Nº 223-2024-Atualiza a Regulamentação do planejamento e o registro das atividades acadêmicas dos docentes da Carreira do Magistério do Ensino Básico, Técnico e Tecnológico do IFPI.pdf",Quais são os regimes de trabalho previstos para os docentes do EBTT no IFPI?,"Os regimes de trabalho previstos são 40 horas com dedicação exclusiva, 40 horas e 20 horas semanais.",Os regimes de trabalho previstos para os docentes do EBTT no IFPI são o tempo integral de 40 horas semanais e o tempo parcial de 20 horas semanais.,0.5833333333333334,0.34782608695652173,0.5833333333333334,0.5833333333333334,0.22872196013470597,0.8990827202796936,0.938060998916626,0.9181584119796753,0.6285714285714286,0.0,22.0699,4
8,50,tfidf,"RESOLUÇÃO NORMATIVA Nº 223-2024-Atualiza a Regulamentação do planejamento e o registro das atividades acadêmicas dos docentes da Carreira do Magistério do Ensino Básico, Técnico e Tecnológico do IFPI.pdf","Para cada hora de regência de aulas, quantas horas adicionais o docente computará para atividades de organização e apoio ao ensino?","Para cada hora de regência de aulas, o docente computará uma hora adicional para atividades de organização e apoio ao ensino.","Para cada hora de regência de aulas, o docente computará uma hora de organização e apoio ao ensino.",0.9302325581395349,0.8780487804878049,0.9302325581395349,0.9302325581395349,0.7854475723304021,0.992283821105957,0.9769299030303955,0.9845470190048218,0.9375,0.0,16.6331,4
8,50,tfidf,"RESOLUÇÃO NORMATIVA Nº 218-2024-Estab. normas, critérios e proc. para a participação de docentes (DE) em atividades remuneradas.pdf","Qual é o limite anual de horas para a participação esporádica remunerada em palestras, conferências e atividades artísticas e culturais de docentes em dedicação exclusiva?",O limite anual é de 30 horas.,"O limite anual de horas para a participação esporádica remunerada em palestras, conferências e atividades artísticas e culturais de docentes em dedicação exclusiva é de 30 horas.",0.3243243243243243,0.2857142857142857,0.3243243243243243,0.3243243243243243,0.16110518603734317,0.8159329891204834,0.9581412076950073,0.8813374042510986,0.4827586206896552,0.0,22.2204,4
8,50,tfidf,"RESOLUÇÃO NORMATIVA Nº 218-2024-Estab. normas, critérios e proc. para a participação de docentes (DE) em atividades remuneradas.pdf",Qual é o limite de carga horária para atividades remuneradas eventuais previstas no artigo 7º da Resolução Normativa nº 218 de 2024?,As atividades remuneradas eventuais não podem exceder 8 horas semanais ou 416 horas anuais.,Não encontrei essa informação no contexto fornecido.,0.16666666666666669,0.09090909090909091,0.16666666666666669,0.16666666666666669,0.0,0.8233992457389832,0.8057843446731567,0.814496636390686,0.1,0.0,13.542,4
8,50,tfidf,"RESOLUÇÃO NORMATIVA Nº 217-2024-Atualiza o Regimento Interno da Comissão Permanente de Pessoal Docente (CPPD), no âmbito do Instituto Federal de Educação, Ciência e Tecnologia do Piauí (IFPI)..pdf",Como é composta a CPPD do IFPI em número de membros titulares e suplentes?,"A CPPD do IFPI é composta por 10 docentes, sendo 5 representantes titulares e 5 representantes suplentes.","A composição da Comissão Permanente de Pessoal Docente do IFPI é feita por membros titulares e suplentes, sendo que cada chapa no processo eleitoral é composta por dois docentes, com indicação do titular e do suplente.",0.3773584905660377,0.11764705882352941,0.2641509433962264,0.2641509433962264,0.0,0.8747634887695312,0.9236804842948914,0.898556649684906,0.47826086956521735,0.0,25.3138,4
8,50,tfidf,"RESOLUÇÃO NORMATIVA Nº 217-2024-Atualiza o Regimento Interno da Comissão Permanente de Pessoal Docente (CPPD), no âmbito do Instituto Federal de Educação, Ciência e Tecnologia do Piauí (IFPI)..pdf",Qual é o mandato dos integrantes da CPPD do IFPI?,"O mandato dos integrantes da CPPD é de 4 anos, com possibilidade de uma única recondução por igual período.",O contexto recuperado não apresenta informações sobre o período de mandato dos integrantes da CPPD do IFPI.,0.5,0.2631578947368421,0.3,0.3,0.19712779182815254,0.884350061416626,0.8682583570480347,0.8762302994728088,0.47058823529411764,0.0,16.0213,4
8,50,tfidf,"RESOLUÇÃO Nº 27-2024-Aprova  a criação do curso de Qualificação Profissional, de Formação Inicial e Continuada (FIC) em Aquicultor, no âmbito do IFPI e Anexo.pdf",Quantas vagas são ofertadas no curso FIC em Aquicultor?,O curso FIC em Aquicultor oferta 40 vagas.,O curso FIC em Aquicultor oferece um total de 40 vagas.,0.7368421052631579,0.588235294117647,0.7368421052631579,0.7368421052631579,0.4240125351805037,0.9459167718887329,0.9871349334716797,0.9660863876342773,0.7368421052631579,0.0,14.76,4
8,50,tfidf,"RESOLUÇÃO Nº 27-2024-Aprova  a criação do curso de Qualificação Profissional, de Formação Inicial e Continuada (FIC) em Aquicultor, no âmbito do IFPI e Anexo.pdf",Qual é a forma de acesso ao curso FIC em Aquicultor?,A forma de acesso ao curso FIC em Aquicultor é por meio de sorteio.,"O curso FIC em Aquicultor tem como requisito de acesso o Ensino Fundamental I incompleto, do 1º ao 5º ano.",0.4242424242424242,0.2580645161290323,0.30303030303030304,0.30303030303030304,0.13817790393734294,0.868803858757019,0.9238361120223999,0.8954752683639526,0.4375,0.0,19.5648,4
9,51,dense_no_rerank,CURSO_SUPERIOR_DE_TECNOLOGIA_EM_ANÁLISE_E_DESENVOLVIMENTO_DE_SISTEMAS.pdf,Em que ano o Curso Superior de Tecnologia em Análise e Desenvolvimento de Sistemas foi criado no Campus de Picos?,O Curso Superior de Tecnologia em Análise e Desenvolvimento de Sistemas foi criado no Campus de Picos em 2013.,O Curso Superior de Tecnologia em Análise e Desenvolvimento de Sistemas foi criado no Campus de Picos em 2013.,1.0,1.0,1.0,1.0,1.0,0.9999999403953552,0.9999999403953552,0.9999999403953552,1.0,1.0,20.0092,4
9,51,dense_no_rerank,CURSO_SUPERIOR_DE_TECNOLOGIA_EM_ANÁLISE_E_DESENVOLVIMENTO_DE_SISTEMAS.pdf,Qual é a unidade de oferta do Curso Superior de Tecnologia em Análise e Desenvolvimento de Sistemas descrita no PPC?,A unidade de oferta do curso é o Campus Teresina Central.,A unidade de oferta do Curso Superior de Tecnologia em Análise e Desenvolvimento de Sistemas é o Campus Teresina Central.,0.6666666666666666,0.5714285714285714,0.6666666666666666,0.6666666666666666,0.394100477098606,0.8748151063919067,0.9795048236846924,0.9242047071456909,0.7586206896551725,0.0,17.0347,4
9,51,dense_no_rerank,CURSO_SUPERIOR_DE_TECNOLOGIA_EM_ANÁLISE_E_DESENVOLVIMENTO_DE_SISTEMAS.pdf,Qual é a carga horária total do Curso Superior de Tecnologia em Análise e Desenvolvimento de Sistemas?,A carga horária total do curso é de 2100 horas.,A carga horária total do Curso Superior de Tecnologia em Sistemas para Internet é de 2.100 horas.,0.6428571428571429,0.46153846153846156,0.6428571428571429,0.6428571428571429,0.25772294506990867,0.8713124394416809,0.9634993672370911,0.915090024471283,0.6666666666666667,0.0,17.1928,4
9,51,dense_no_rerank,CURSO_SUPERIOR_DE_TECNOLOGIA_EM_ANÁLISE_E_DESENVOLVIMENTO_DE_SISTEMAS.pdf,Quantas vagas por ano são ofertadas no Curso Superior de Tecnologia em Análise e Desenvolvimento de Sistemas?,O curso oferta 40 vagas por ano.,"O Curso Superior de Tecnologia em Análise e Desenvolvimento de Sistemas oferece uma quantidade de 40 vagas por ano no turno vespertino, no Campus Teresina Central.",0.35294117647058826,0.25,0.35294117647058826,0.35294117647058826,0.09251599780696446,0.822972297668457,0.9461147785186768,0.8802577257156372,0.4,0.0,20.8421,4
9,51,dense_no_rerank,"RESOLUÇÃO Nº 14-2025-Aprova a Criação do Curso de Aperfeiçoamento Escola da Terra, no âmbito do Instituto Federal de Educação, Ciência e Tecnologia do Piauí (IFPI) e Anexo..pdf",Qual é a carga horária total do curso Escola da Terra?,A carga horária total do curso Escola da Terra é de 180 horas.,"A carga horária total do curso Escola da Terra é de 180 horas, sendo 126 horas presenciais no regime tempo-universidade e 54 horas no regime tempo-escola/comunidade.",0.6190476190476191,0.6,0.6190476190476191,0.6190476190476191,0.40941639479090397,0.9038668870925903,0.9882671236991882,0.9441846609115601,0.7222222222222222,0.0,27.2254,4
9,51,dense_no_rerank,"RESOLUÇÃO Nº 14-2025-Aprova a Criação do Curso de Aperfeiçoamento Escola da Terra, no âmbito do Instituto Federal de Educação, Ciência e Tecnologia do Piauí (IFPI) e Anexo..pdf",Qual é a meta física do curso Escola da Terra em número de vagas?,A meta física do curso Escola da Terra é de 120 vagas.,A meta física do curso Escola da Terra é de 120 vagas para professoras e coordenadoras pedagógicas de turmas multisseriadas.,0.7272727272727273,0.7096774193548387,0.7272727272727273,0.7272727272727273,0.5471114295717522,0.8801493048667908,0.9877628684043884,0.9308561682701111,0.7741935483870968,0.0,21.0053,4
9,51,dense_no_rerank,"RESOLUÇÃO Nº 14-2025-Aprova a Criação do Curso de Aperfeiçoamento Escola da Terra, no âmbito do Instituto Federal de Educação, Ciência e Tecnologia do Piauí (IFPI) e Anexo..pdf",Quando está previsto o início do curso Escola da Terra?,O início do curso Escola da Terra está previsto para março de 2025.,"O curso de Especialização Escola da Terra está previsto para iniciar no primeiro semestre de 2025 nos campi do Instituto Federal de Educação, Ciência e Tecnologia do Piauí.",0.5217391304347827,0.27272727272727276,0.4347826086956521,0.4347826086956521,0.19037861963633804,0.8779458403587341,0.94632488489151,0.9108538031578064,0.5789473684210525,0.0,23.2813,4
9,51,dense_no_rerank,"RESOLUÇÃO Nº 14-2025-Aprova a Criação do Curso de Aperfeiçoamento Escola da Terra, no âmbito do Instituto Federal de Educação, Ciência e Tecnologia do Piauí (IFPI) e Anexo..pdf",Quem é o coordenador do curso Escola da Terra?,O coordenador do curso Escola da Terra é Gilson Mendes Araújo.,O coordenador do curso Escola da Terra é o Prof. Me. Emanuel Alcântara da Silva.,0.5384615384615385,0.5,0.5384615384615385,0.5384615384615385,0.40052744847255717,0.892876148223877,0.956995964050293,0.9238248467445374,0.6666666666666667,0.0,16.1657,4
9,51,dense_no_rerank,"RESOLUÇÃO NORMATIVA Nº 236-2025-Prorroga o Plano Diretor de Tecnologia da Informação e Comunicação (PDTIC-2022-2024), do Instituto Federal de Educação, Ciência e Tecnologia do Piauí (IFPI) e Anexo.pdf",Para qual exercício foi prorrogada a vigência do PDTIC-2022/2024 do IFPI?,A vigência do PDTIC-2022/2024 foi prorrogada para o exercício de 2025.,A vigência do Plano Diretor de Tecnologia da Informação e Comunicação (PDTIC-2022/2024) do IFPI foi prorrogada para o exercício de 2025.,0.7142857142857143,0.6,0.7142857142857143,0.7142857142857143,0.3619779110707069,0.8878629803657532,0.9830116033554077,0.9330177307128906,0.7647058823529412,0.0,24.8399,4
9,51,dense_no_rerank,"RESOLUÇÃO NORMATIVA Nº 236-2025-Prorroga o Plano Diretor de Tecnologia da Informação e Comunicação (PDTIC-2022-2024), do Instituto Federal de Educação, Ciência e Tecnologia do Piauí (IFPI) e Anexo.pdf",Qual resolução foi revogada pela Resolução Normativa nº 236 de 2025?,"Foi revogada a Resolução Normativa nº 133/2022 - CONSELHO SUPERIOR, de 29 de abril de 2022.","A Resolução Normativa nº 236 de 2025 revogou a Resolução nº 15/2021 - CONSELHO SUPERIOR, de 19 de maio de 2021, e a Resolução NormaAva nº 206/2024- CONSELHO SUPERIOR, de 13 de maio de 2024.",0.35714285714285715,0.22222222222222218,0.35714285714285715,0.35714285714285715,0.1222627823979477,0.910374641418457,0.9322649240493774,0.9211897850036621,0.4375,0.0,41.4767,4
9,51,dense_no_rerank,"RESOLUÇÃO NORMATIVA Nº 236-2025-Prorroga o Plano Diretor de Tecnologia da Informação e Comunicação (PDTIC-2022-2024), do Instituto Federal de Educação, Ciência e Tecnologia do Piauí (IFPI) e Anexo.pdf",Quais são as três fases da metodologia de elaboração do PDTIC descritas no documento?,"As três fases da metodologia de elaboração do PDTIC são Preparação, Diagnóstico e Planejamento.","As três fases da metodologia de elaboração do PDTIC descritas no documento são Preparação, Diagnóstico e Planejamento.",0.9268292682926829,0.8717948717948718,0.9268292682926829,0.9268292682926829,0.7331765459202478,0.975016713142395,0.9960288405418396,0.9854108095169067,0.9032258064516129,0.0,17.8566,4
9,51,dense_no_rerank,"RESOLUÇÃO NORMATIVA Nº 236-2025-Prorroga o Plano Diretor de Tecnologia da Informação e Comunicação (PDTIC-2022-2024), do Instituto Federal de Educação, Ciência e Tecnologia do Piauí (IFPI) e Anexo.pdf",Em que guia se baseou a metodologia de elaboração do PDTIC do IFPI?,"A metodologia de elaboração do PDTIC do IFPI baseou-se no Guia de PDTIC do SISP, versão 2.0, adaptado à realidade do IFPI.","A metodologia de elaboração do PDTIC do IFPI baseou-se no Guia de PDTIC do SISP, versão 2.0, adaptado à realidade da instituição.",0.9019607843137256,0.8979591836734694,0.9019607843137256,0.9019607843137256,0.8817739004515716,0.9951040148735046,0.9970126748085022,0.996057391166687,0.9473684210526316,0.0,21.8868,4
9,51,dense_no_rerank,"RESOLUÇÃO NORMATIVA Nº 223-2024-Atualiza a Regulamentação do planejamento e o registro das atividades acadêmicas dos docentes da Carreira do Magistério do Ensino Básico, Técnico e Tecnológico do IFPI.pdf",Quais são os regimes de trabalho previstos para os docentes do EBTT no IFPI?,"Os regimes de trabalho previstos são 40 horas com dedicação exclusiva, 40 horas e 20 horas semanais.","De acordo com a resolução, os docentes do EBTT no IFPI devem cumprir as atividades planejadas e desenvolvidas de forma que totalizem a quantidade de horas semanais previstas em seus respectivos regimes de trabalho.",0.3333333333333333,0.11538461538461539,0.22222222222222224,0.22222222222222224,0.0,0.8347811102867126,0.8845716118812561,0.8589553833007812,0.36363636363636365,0.0,23.8192,4
9,51,dense_no_rerank,"RESOLUÇÃO NORMATIVA Nº 223-2024-Atualiza a Regulamentação do planejamento e o registro das atividades acadêmicas dos docentes da Carreira do Magistério do Ensino Básico, Técnico e Tecnológico do IFPI.pdf","Para cada hora de regência de aulas, quantas horas adicionais o docente computará para atividades de organização e apoio ao ensino?","Para cada hora de regência de aulas, o docente computará uma hora adicional para atividades de organização e apoio ao ensino.","Para cada hora de regência de aulas, o docente computará uma hora de organização e apoio ao ensino.",0.9302325581395349,0.8780487804878049,0.9302325581395349,0.9302325581395349,0.7854475723304021,0.992283821105957,0.9769299030303955,0.9845470190048218,0.9375,0.0,16.4697,4
9,51,dense_no_rerank,"RESOLUÇÃO NORMATIVA Nº 218-2024-Estab. normas, critérios e proc. para a participação de docentes (DE) em atividades remuneradas.pdf","Qual é o limite anual de horas para a participação esporádica remunerada em palestras, conferências e atividades artísticas e culturais de docentes em dedicação exclusiva?",O limite anual é de 30 horas.,"O limite anual de horas para a participação esporádica remunerada em palestras, conferências e atividades artísticas e culturais de docentes em dedicação exclusiva é de 30 horas, conforme estabelecido na Resolução Normativa.",0.27906976744186046,0.24390243902439027,0.27906976744186046,0.27906976744186046,0.09885362316286796,0.8051484823226929,0.9471978545188904,0.8704158067703247,0.4117647058823529,0.0,25.7138,4
9,51,dense_no_rerank,"RESOLUÇÃO NORMATIVA Nº 218-2024-Estab. normas, critérios e proc. para a participação de docentes (DE) em atividades remuneradas.pdf",Qual é o limite de carga horária para atividades remuneradas eventuais previstas no artigo 7º da Resolução Normativa nº 218 de 2024?,As atividades remuneradas eventuais não podem exceder 8 horas semanais ou 416 horas anuais.,"A carga horária dedicada à prestação institucional de serviços por docente em regime de dedicação exclusiva, quando remunerada, não pode ultrapassar 8 horas semanais ou 416 horas anuais, em atendimento ao previsto no §4º do Art. 21 da Lei nº 12.772/2012.",0.29032258064516125,0.23333333333333334,0.29032258064516125,0.29032258064516125,0.12331859801673,0.8199409246444702,0.9187633395195007,0.8665437698364258,0.2641509433962264,0.0,34.0157,4
9,51,dense_no_rerank,"RESOLUÇÃO NORMATIVA Nº 217-2024-Atualiza o Regimento Interno da Comissão Permanente de Pessoal Docente (CPPD), no âmbito do Instituto Federal de Educação, Ciência e Tecnologia do Piauí (IFPI)..pdf",Como é composta a CPPD do IFPI em número de membros titulares e suplentes?,"A CPPD do IFPI é composta por 10 docentes, sendo 5 representantes titulares e 5 representantes suplentes.","A Comissão Permanente de Pessoal Docente do IFPI é composta por 10 docentes da carreira de Ensino Básico, Técnico e Tecnológico, sendo 5 representantes titulares e 5 representantes suplentes.",0.625,0.5217391304347827,0.625,0.625,0.4599040342685214,0.8838053345680237,0.972201943397522,0.925898551940918,0.7000000000000001,0.0,24.184,4
9,51,dense_no_rerank,"RESOLUÇÃO NORMATIVA Nº 217-2024-Atualiza o Regimento Interno da Comissão Permanente de Pessoal Docente (CPPD), no âmbito do Instituto Federal de Educação, Ciência e Tecnologia do Piauí (IFPI)..pdf",Qual é o mandato dos integrantes da CPPD do IFPI?,"O mandato dos integrantes da CPPD é de 4 anos, com possibilidade de uma única recondução por igual período.","Os integrantes da CPPD do IFPI têm mandato de quatro anos, com possibilidade de uma única recondução por igual período.",0.7906976744186046,0.6341463414634148,0.7441860465116279,0.7441860465116279,0.5941559820562806,0.9663041830062866,0.9723584651947021,0.9693218469619751,0.7567567567567567,0.0,18.1282,4
9,51,dense_no_rerank,"RESOLUÇÃO Nº 27-2024-Aprova  a criação do curso de Qualificação Profissional, de Formação Inicial e Continuada (FIC) em Aquicultor, no âmbito do IFPI e Anexo.pdf",Quantas vagas são ofertadas no curso FIC em Aquicultor?,O curso FIC em Aquicultor oferta 40 vagas.,O curso FIC em Aquicultor oferece um total de 40 vagas.,0.7368421052631579,0.588235294117647,0.7368421052631579,0.7368421052631579,0.4240125351805037,0.9459167718887329,0.9871349334716797,0.9660863876342773,0.7368421052631579,0.0,14.3974,4
9,51,dense_no_rerank,"RESOLUÇÃO Nº 27-2024-Aprova  a criação do curso de Qualificação Profissional, de Formação Inicial e Continuada (FIC) em Aquicultor, no âmbito do IFPI e Anexo.pdf",Qual é a forma de acesso ao curso FIC em Aquicultor?,A forma de acesso ao curso FIC em Aquicultor é por meio de sorteio.,"O curso FIC em Aquicultor tem como requisito de acesso o Ensino Fundamental I incompleto, do 1º ao 5º ano.",0.4242424242424242,0.2580645161290323,0.30303030303030304,0.30303030303030304,0.13817790393734294,0.868803858757019,0.9238361120223999,0.8954752683639526,0.4375,0.0,19.3814,4
9,51,dense_rerank,CURSO_SUPERIOR_DE_TECNOLOGIA_EM_ANÁLISE_E_DESENVOLVIMENTO_DE_SISTEMAS.pdf,Em que ano o Curso Superior de Tecnologia em Análise e Desenvolvimento de Sistemas foi criado no Campus de Picos?,O Curso Superior de Tecnologia em Análise e Desenvolvimento de Sistemas foi criado no Campus de Picos em 2013.,O Curso Superior de Tecnologia em Análise e Desenvolvimento de Sistemas foi criado no Campus de Picos em 2013.,1.0,1.0,1.0,1.0,1.0,0.9999999403953552,0.9999999403953552,0.9999999403953552,1.0,1.0,17.963,4
9,51,dense_rerank,CURSO_SUPERIOR_DE_TECNOLOGIA_EM_ANÁLISE_E_DESENVOLVIMENTO_DE_SISTEMAS.pdf,Qual é a unidade de oferta do Curso Superior de Tecnologia em Análise e Desenvolvimento de Sistemas descrita no PPC?,A unidade de oferta do curso é o Campus Teresina Central.,"O Curso Superior de Tecnologia em Análise e Desenvolvimento de Sistemas é ofertado nos Campi Teresina Central, Floriano, Picos, Corrente, Pedro II e Parnaíba.",0.28571428571428575,0.06060606060606061,0.17142857142857143,0.17142857142857143,0.0,0.816821277141571,0.9077346920967102,0.8598816394805908,0.3636363636363636,0.0,21.3426,4
9,51,dense_rerank,CURSO_SUPERIOR_DE_TECNOLOGIA_EM_ANÁLISE_E_DESENVOLVIMENTO_DE_SISTEMAS.pdf,Qual é a carga horária total do Curso Superior de Tecnologia em Análise e Desenvolvimento de Sistemas?,A carga horária total do curso é de 2100 horas.,"A carga horária total do Curso Superior de Tecnologia em Análise e Desenvolvimento de Sistemas é de 400 horas por módulo/semana, conforme apresentado na estrutura curricular do curso.",0.4390243902439024,0.30769230769230765,0.4390243902439024,0.4390243902439024,0.14291173574075158,0.8303691148757935,0.9654767513275146,0.8928406238555908,0.5142857142857143,0.0,21.9748,4
9,51,dense_rerank,CURSO_SUPERIOR_DE_TECNOLOGIA_EM_ANÁLISE_E_DESENVOLVIMENTO_DE_SISTEMAS.pdf,Quantas vagas por ano são ofertadas no Curso Superior de Tecnologia em Análise e Desenvolvimento de Sistemas?,O curso oferta 40 vagas por ano.,"No ano de 2025, o Curso Superior de Tecnologia em Análise e Desenvolvimento de Sistemas terá uma oferta de 40 vagas por turno, tanto no turno noite quanto no turno tarde, em alguns campi do IFPI.",0.3181818181818182,0.14285714285714285,0.27272727272727276,0.27272727272727276,0.0,0.8228514194488525,0.927708625793457,0.872139573097229,0.4,0.0,25.3008,4
9,51,dense_rerank,"RESOLUÇÃO Nº 14-2025-Aprova a Criação do Curso de Aperfeiçoamento Escola da Terra, no âmbito do Instituto Federal de Educação, Ciência e Tecnologia do Piauí (IFPI) e Anexo..pdf",Qual é a carga horária total do curso Escola da Terra?,A carga horária total do curso Escola da Terra é de 180 horas.,"O curso Escola da Terra, no nível de aperfeiçoamento, possui carga horária total de 180 horas, sendo 126 horas presenciais no tempo-universidade e 54 horas no tempo-escola/comunidade.",0.47826086956521735,0.36363636363636365,0.30434782608695654,0.30434782608695654,0.13307637507950731,0.8621993660926819,0.9464261531829834,0.9023516178131104,0.5555555555555555,0.0,30.4036,4
9,51,dense_rerank,"RESOLUÇÃO Nº 14-2025-Aprova a Criação do Curso de Aperfeiçoamento Escola da Terra, no âmbito do Instituto Federal de Educação, Ciência e Tecnologia do Piauí (IFPI) e Anexo..pdf",Qual é a meta física do curso Escola da Terra em número de vagas?,A meta física do curso Escola da Terra é de 120 vagas.,A meta física do curso Escola da Terra é de 120 vagas para professoras e coordenadoras pedagógicas de turmas multisseriadas.,0.7272727272727273,0.7096774193548387,0.7272727272727273,0.7272727272727273,0.5471114295717522,0.8801493048667908,0.9877628684043884,0.9308561682701111,0.7741935483870968,0.0,21.4501,4
9,51,dense_rerank,"RESOLUÇÃO Nº 14-2025-Aprova a Criação do Curso de Aperfeiçoamento Escola da Terra, no âmbito do Instituto Federal de Educação, Ciência e Tecnologia do Piauí (IFPI) e Anexo..pdf",Quando está previsto o início do curso Escola da Terra?,O início do curso Escola da Terra está previsto para março de 2025.,"O curso Escola da Terra está previsto para iniciar no primeiro semestre de 2024, conforme autorizado pela Resolução nº 78/2024 e Resolução nº 79/2024, com atividades no sul do Piauí entre outubro de 2024 e novembro de 2025.",0.4210526315789473,0.2545454545454546,0.38596491228070173,0.38596491228070173,0.1593216826999276,0.8359376192092896,0.9485840797424316,0.8887054920196533,0.5,0.0,36.9514,4
9,51,dense_rerank,"RESOLUÇÃO Nº 14-2025-Aprova a Criação do Curso de Aperfeiçoamento Escola da Terra, no âmbito do Instituto Federal de Educação, Ciência e Tecnologia do Piauí (IFPI) e Anexo..pdf",Quem é o coordenador do curso Escola da Terra?,O coordenador do curso Escola da Terra é Gilson Mendes Araújo.,O coordenador do curso Escola da Terra é o Prof. Me. Emanuel Alcântara da Silva.,0.5384615384615385,0.5,0.5384615384615385,0.5384615384615385,0.40052744847255717,0.892876148223877,0.956995964050293,0.9238248467445374,0.6666666666666667,0.0,16.1704,4
9,51,dense_rerank,"RESOLUÇÃO NORMATIVA Nº 236-2025-Prorroga o Plano Diretor de Tecnologia da Informação e Comunicação (PDTIC-2022-2024), do Instituto Federal de Educação, Ciência e Tecnologia do Piauí (IFPI) e Anexo.pdf",Para qual exercício foi prorrogada a vigência do PDTIC-2022/2024 do IFPI?,A vigência do PDTIC-2022/2024 foi prorrogada para o exercício de 2025.,A vigência do Plano Diretor de Tecnologia da Informação e Comunicação (PDTIC-2022/2024) do IFPI foi prorrogada para o exercício de 2025.,0.7142857142857143,0.6,0.7142857142857143,0.7142857142857143,0.3619779110707069,0.8878629803657532,0.9830116033554077,0.9330177307128906,0.7647058823529412,0.0,24.9481,4
9,51,dense_rerank,"RESOLUÇÃO NORMATIVA Nº 236-2025-Prorroga o Plano Diretor de Tecnologia da Informação e Comunicação (PDTIC-2022-2024), do Instituto Federal de Educação, Ciência e Tecnologia do Piauí (IFPI) e Anexo.pdf",Qual resolução foi revogada pela Resolução Normativa nº 236 de 2025?,"Foi revogada a Resolução Normativa nº 133/2022 - CONSELHO SUPERIOR, de 29 de abril de 2022.","A Resolução Normativa nº 236 de 2025 revogou a Resolução nº 15/2021 - CONSELHO SUPERIOR, de 19 de maio de 2021, e a Resolução NormaAva nº 206/2024- CONSELHO SUPERIOR, de 13 de maio de 2024.",0.35714285714285715,0.22222222222222218,0.35714285714285715,0.35714285714285715,0.1222627823979477,0.910374641418457,0.9322649240493774,0.9211897850036621,0.4375,0.0,43.0181,4
9,51,dense_rerank,"RESOLUÇÃO NORMATIVA Nº 236-2025-Prorroga o Plano Diretor de Tecnologia da Informação e Comunicação (PDTIC-2022-2024), do Instituto Federal de Educação, Ciência e Tecnologia do Piauí (IFPI) e Anexo.pdf",Quais são as três fases da metodologia de elaboração do PDTIC descritas no documento?,"As três fases da metodologia de elaboração do PDTIC são Preparação, Diagnóstico e Planejamento.","As três fases da metodologia de elaboração do PDTIC, de acordo com o documento, são Preparação, Diagnóstico e Planejamento.",0.8837209302325582,0.8292682926829269,0.8837209302325582,0.8837209302325582,0.5963584321358336,0.9599119424819946,0.9954190850257874,0.9773430824279785,0.8750000000000001,0.0,18.8484,4
9,51,dense_rerank,"RESOLUÇÃO NORMATIVA Nº 236-2025-Prorroga o Plano Diretor de Tecnologia da Informação e Comunicação (PDTIC-2022-2024), do Instituto Federal de Educação, Ciência e Tecnologia do Piauí (IFPI) e Anexo.pdf",Em que guia se baseou a metodologia de elaboração do PDTIC do IFPI?,"A metodologia de elaboração do PDTIC do IFPI baseou-se no Guia de PDTIC do SISP, versão 2.0, adaptado à realidade do IFPI.","A metodologia de elaboração do PDTIC do IFPI baseou-se no Guia de PDTIC do SISP, versão 2.0, adaptado à realidade da instituição.",0.9019607843137256,0.8979591836734694,0.9019607843137256,0.9019607843137256,0.8817739004515716,0.9951040148735046,0.9970126748085022,0.996057391166687,0.9473684210526316,0.0,21.8312,4
9,51,dense_rerank,"RESOLUÇÃO NORMATIVA Nº 223-2024-Atualiza a Regulamentação do planejamento e o registro das atividades acadêmicas dos docentes da Carreira do Magistério do Ensino Básico, Técnico e Tecnológico do IFPI.pdf",Quais são os regimes de trabalho previstos para os docentes do EBTT no IFPI?,"Os regimes de trabalho previstos são 40 horas com dedicação exclusiva, 40 horas e 20 horas semanais.","Os regimes de trabalho previstos para os docentes do EBTT no IFPI são tempo integral de 40 horas semanais com dedicação exclusiva, tempo integral de 40 horas semanais ou tempo parcial de 20 horas semanais de trabalho.",0.6206896551724138,0.42857142857142855,0.6206896551724138,0.6206896551724138,0.20613242702593446,0.9090074300765991,0.9667177200317383,0.936974823474884,0.7027027027027025,0.0,27.3049,4
9,51,dense_rerank,"RESOLUÇÃO NORMATIVA Nº 223-2024-Atualiza a Regulamentação do planejamento e o registro das atividades acadêmicas dos docentes da Carreira do Magistério do Ensino Básico, Técnico e Tecnológico do IFPI.pdf","Para cada hora de regência de aulas, quantas horas adicionais o docente computará para atividades de organização e apoio ao ensino?","Para cada hora de regência de aulas, o docente computará uma hora adicional para atividades de organização e apoio ao ensino.",Não encontrei essa informação no contexto fornecido.,0.125,0.0,0.125,0.125,0.0,0.8275346755981445,0.8195750117301941,0.8235356211662292,0.0,0.0,12.2017,4
9,51,dense_rerank,"RESOLUÇÃO NORMATIVA Nº 218-2024-Estab. normas, critérios e proc. para a participação de docentes (DE) em atividades remuneradas.pdf","Qual é o limite anual de horas para a participação esporádica remunerada em palestras, conferências e atividades artísticas e culturais de docentes em dedicação exclusiva?",O limite anual é de 30 horas.,"O limite anual de horas para a participação esporádica remunerada em palestras, conferências e atividades artísticas e culturais de docentes em dedicação exclusiva é de 30 horas.",0.3243243243243243,0.2857142857142857,0.3243243243243243,0.3243243243243243,0.16110518603734317,0.8159329891204834,0.9581412076950073,0.8813374042510986,0.4827586206896552,0.0,22.7581,4
9,51,dense_rerank,"RESOLUÇÃO NORMATIVA Nº 218-2024-Estab. normas, critérios e proc. para a participação de docentes (DE) em atividades remuneradas.pdf",Qual é o limite de carga horária para atividades remuneradas eventuais previstas no artigo 7º da Resolução Normativa nº 218 de 2024?,As atividades remuneradas eventuais não podem exceder 8 horas semanais ou 416 horas anuais.,"O limite de carga horária para atividades remuneradas eventuais, no caso de servidores docentes com dedicação exclusiva ou com 20 ou 40 horas, é de 8 horas semanais ou 416 horas anuais, conforme previsto na Resolução Normativa nº 207 de 2024.",0.4137931034482758,0.2857142857142857,0.3793103448275862,0.3793103448275862,0.15589340552404063,0.8480509519577026,0.9276635646820068,0.88607257604599,0.391304347826087,0.0,32.6299,4
9,51,dense_rerank,"RESOLUÇÃO NORMATIVA Nº 217-2024-Atualiza o Regimento Interno da Comissão Permanente de Pessoal Docente (CPPD), no âmbito do Instituto Federal de Educação, Ciência e Tecnologia do Piauí (IFPI)..pdf",Como é composta a CPPD do IFPI em número de membros titulares e suplentes?,"A CPPD do IFPI é composta por 10 docentes, sendo 5 representantes titulares e 5 representantes suplentes.","A Comissão Permanente de Pessoal Docente do IFPI é composta por 10 docentes da carreira de Ensino Básico, Técnico e Tecnológico, sendo 5 representantes titulares e 5 representantes suplentes.",0.625,0.5217391304347827,0.625,0.625,0.4599040342685214,0.8838053345680237,0.972201943397522,0.925898551940918,0.7000000000000001,0.0,23.9043,4
9,51,dense_rerank,"RESOLUÇÃO NORMATIVA Nº 217-2024-Atualiza o Regimento Interno da Comissão Permanente de Pessoal Docente (CPPD), no âmbito do Instituto Federal de Educação, Ciência e Tecnologia do Piauí (IFPI)..pdf",Qual é o mandato dos integrantes da CPPD do IFPI?,"O mandato dos integrantes da CPPD é de 4 anos, com possibilidade de uma única recondução por igual período.","Os integrantes da Comissão Permanente de Pessoal Docente do IFPI têm um mandato de 4 anos, podendo ser reconduzidos por um único período igual.",0.5106382978723405,0.17777777777777778,0.3404255319148936,0.3404255319148936,0.12789533377801793,0.8666247129440308,0.9038090705871582,0.8848263621330261,0.45,0.0,20.37,4
9,51,dense_rerank,"RESOLUÇÃO Nº 27-2024-Aprova  a criação do curso de Qualificação Profissional, de Formação Inicial e Continuada (FIC) em Aquicultor, no âmbito do IFPI e Anexo.pdf",Quantas vagas são ofertadas no curso FIC em Aquicultor?,O curso FIC em Aquicultor oferta 40 vagas.,O curso FIC em Aquicultor oferece um total de 40 vagas.,0.7368421052631579,0.588235294117647,0.7368421052631579,0.7368421052631579,0.4240125351805037,0.9459167718887329,0.9871349334716797,0.9660863876342773,0.7368421052631579,0.0,14.6045,4
9,51,dense_rerank,"RESOLUÇÃO Nº 27-2024-Aprova  a criação do curso de Qualificação Profissional, de Formação Inicial e Continuada (FIC) em Aquicultor, no âmbito do IFPI e Anexo.pdf",Qual é a forma de acesso ao curso FIC em Aquicultor?,A forma de acesso ao curso FIC em Aquicultor é por meio de sorteio.,"O curso FIC em Aquicultor tem como requisito de acesso o ensino fundamental I incompleto, do 1º ao 5º ano.",0.4242424242424242,0.2580645161290323,0.30303030303030304,0.30303030303030304,0.13817790393734294,0.8766475915908813,0.9233978986740112,0.8994156718254089,0.4375,0.0,19.1887,4
9,51,bm25,CURSO_SUPERIOR_DE_TECNOLOGIA_EM_ANÁLISE_E_DESENVOLVIMENTO_DE_SISTEMAS.pdf,Em que ano o Curso Superior de Tecnologia em Análise e Desenvolvimento de Sistemas foi criado no Campus de Picos?,O Curso Superior de Tecnologia em Análise e Desenvolvimento de Sistemas foi criado no Campus de Picos em 2013.,O Curso Superior de Tecnologia em Análise e Desenvolvimento de Sistemas foi criado no Campus de Picos em 2013.,1.0,1.0,1.0,1.0,1.0,0.9999999403953552,0.9999999403953552,0.9999999403953552,1.0,1.0,17.7113,4
9,51,bm25,CURSO_SUPERIOR_DE_TECNOLOGIA_EM_ANÁLISE_E_DESENVOLVIMENTO_DE_SISTEMAS.pdf,Qual é a unidade de oferta do Curso Superior de Tecnologia em Análise e Desenvolvimento de Sistemas descrita no PPC?,A unidade de oferta do curso é o Campus Teresina Central.,"O Curso Superior de Tecnologia em Análise e Desenvolvimento de Sistemas é ofertado nos Campi Teresina Central, Floriano, Picos, Corrente, Pedro II e Parnaíba.",0.28571428571428575,0.06060606060606061,0.17142857142857143,0.17142857142857143,0.0,0.816821277141571,0.9077346920967102,0.8598816394805908,0.3636363636363636,0.0,21.3888,4
9,51,bm25,CURSO_SUPERIOR_DE_TECNOLOGIA_EM_ANÁLISE_E_DESENVOLVIMENTO_DE_SISTEMAS.pdf,Qual é a carga horária total do Curso Superior de Tecnologia em Análise e Desenvolvimento de Sistemas?,A carga horária total do curso é de 2100 horas.,"O Curso Superior de Tecnologia em Análise e Desenvolvimento de Sistemas possui uma carga horária total de 400 horas no primeiro módulo, além de mais 600 horas no segundo módulo, conforme detalhado na estrutura curricular apresentada.",0.2745098039215686,0.12244897959183673,0.23529411764705882,0.23529411764705882,0.0,0.8147163987159729,0.9141398668289185,0.8615692853927612,0.3,0.0,25.868,4
9,51,bm25,CURSO_SUPERIOR_DE_TECNOLOGIA_EM_ANÁLISE_E_DESENVOLVIMENTO_DE_SISTEMAS.pdf,Quantas vagas por ano são ofertadas no Curso Superior de Tecnologia em Análise e Desenvolvimento de Sistemas?,O curso oferta 40 vagas por ano.,"O Curso Superior de Tecnologia em Análise e Desenvolvimento de Sistemas oferece uma quantidade de 40 vagas por ano no Campus Teresina Central, conforme indicado no documento.",0.34285714285714286,0.24242424242424243,0.34285714285714286,0.34285714285714286,0.08914609827874222,0.8240004181861877,0.9440893530845642,0.879966676235199,0.3870967741935483,0.0,20.4755,4
9,51,bm25,"RESOLUÇÃO Nº 14-2025-Aprova a Criação do Curso de Aperfeiçoamento Escola da Terra, no âmbito do Instituto Federal de Educação, Ciência e Tecnologia do Piauí (IFPI) e Anexo..pdf",Qual é a carga horária total do curso Escola da Terra?,A carga horária total do curso Escola da Terra é de 180 horas.,"O curso Escola da Terra possui uma carga horária total de 294 horas destinadas ao estudo das disciplinas, além de 66 horas para o Trabalho de Conclusão de Curso.",0.4444444444444445,0.27906976744186046,0.26666666666666666,0.26666666666666666,0.11871704290088221,0.8634258508682251,0.9381551742553711,0.8992406129837036,0.5,0.0,22.5184,4
9,51,bm25,"RESOLUÇÃO Nº 14-2025-Aprova a Criação do Curso de Aperfeiçoamento Escola da Terra, no âmbito do Instituto Federal de Educação, Ciência e Tecnologia do Piauí (IFPI) e Anexo..pdf",Qual é a meta física do curso Escola da Terra em número de vagas?,A meta física do curso Escola da Terra é de 120 vagas.,A meta física do curso Escola da Terra é de 30 vagas.,0.9166666666666666,0.8181818181818182,0.9166666666666666,0.9166666666666666,0.7910665071754358,0.9954450726509094,0.9954450726509094,0.9954450726509094,0.9166666666666666,0.0,12.3775,4
9,51,bm25,"RESOLUÇÃO Nº 14-2025-Aprova a Criação do Curso de Aperfeiçoamento Escola da Terra, no âmbito do Instituto Federal de Educação, Ciência e Tecnologia do Piauí (IFPI) e Anexo..pdf",Quando está previsto o início do curso Escola da Terra?,O início do curso Escola da Terra está previsto para março de 2025.,Não encontrei essa informação no contexto fornecido.,0.16666666666666669,0.0,0.16666666666666669,0.16666666666666669,0.0,0.8219438791275024,0.8310289978981018,0.8264614343643188,0.0,0.0,12.0815,4
9,51,bm25,"RESOLUÇÃO Nº 14-2025-Aprova a Criação do Curso de Aperfeiçoamento Escola da Terra, no âmbito do Instituto Federal de Educação, Ciência e Tecnologia do Piauí (IFPI) e Anexo..pdf",Quem é o coordenador do curso Escola da Terra?,O coordenador do curso Escola da Terra é Gilson Mendes Araújo.,"O coordenador do curso de Licenciatura Intercultural Indígena é regulamentado pelo edital CAPES/PARFOR Equidade 023/2023, e a atuação do coordenador do curso e local do Parfor Equidade está estabelecida nesse mesmo edital.",0.17391304347826086,0.13636363636363635,0.17391304347826086,0.17391304347826086,0.06714082273626723,0.8106777667999268,0.8865677118301392,0.8469260931015015,0.2777777777777778,0.0,29.7607,4
9,51,bm25,"RESOLUÇÃO NORMATIVA Nº 236-2025-Prorroga o Plano Diretor de Tecnologia da Informação e Comunicação (PDTIC-2022-2024), do Instituto Federal de Educação, Ciência e Tecnologia do Piauí (IFPI) e Anexo.pdf",Para qual exercício foi prorrogada a vigência do PDTIC-2022/2024 do IFPI?,A vigência do PDTIC-2022/2024 foi prorrogada para o exercício de 2025.,Não encontrei essa informação no contexto fornecido.,0.08333333333333334,0.0,0.08333333333333334,0.08333333333333334,0.0,0.8213146328926086,0.798200786113739,0.8095927238464355,0.0,0.0,12.5469,4
9,51,bm25,"RESOLUÇÃO NORMATIVA Nº 236-2025-Prorroga o Plano Diretor de Tecnologia da Informação e Comunicação (PDTIC-2022-2024), do Instituto Federal de Educação, Ciência e Tecnologia do Piauí (IFPI) e Anexo.pdf",Qual resolução foi revogada pela Resolução Normativa nº 236 de 2025?,"Foi revogada a Resolução Normativa nº 133/2022 - CONSELHO SUPERIOR, de 29 de abril de 2022.","A Resolução Normativa nº 236 de 2025 revogou a Resolução Normativa nº 43/2021 - CONSELHO SUPERIOR, de 10 de junho de 2021.",0.48780487804878053,0.30769230769230765,0.48780487804878053,0.48780487804878053,0.24835336815593248,0.9547911882400513,0.9592360854148865,0.9570085406303406,0.5185185185185186,0.0,27.6125,4
9,51,bm25,"RESOLUÇÃO NORMATIVA Nº 236-2025-Prorroga o Plano Diretor de Tecnologia da Informação e Comunicação (PDTIC-2022-2024), do Instituto Federal de Educação, Ciência e Tecnologia do Piauí (IFPI) e Anexo.pdf",Quais são as três fases da metodologia de elaboração do PDTIC descritas no documento?,"As três fases da metodologia de elaboração do PDTIC são Preparação, Diagnóstico e Planejamento.","As três fases da metodologia de elaboração do PDTIC são Preparação, Diagnóstico e Planejamento.",1.0,1.0,1.0,1.0,1.0,1.0,1.0,1.0,1.0,1.0,16.3335,4
9,51,bm25,"RESOLUÇÃO NORMATIVA Nº 236-2025-Prorroga o Plano Diretor de Tecnologia da Informação e Comunicação (PDTIC-2022-2024), do Instituto Federal de Educação, Ciência e Tecnologia do Piauí (IFPI) e Anexo.pdf",Em que guia se baseou a metodologia de elaboração do PDTIC do IFPI?,"A metodologia de elaboração do PDTIC do IFPI baseou-se no Guia de PDTIC do SISP, versão 2.0, adaptado à realidade do IFPI.","A metodologia de elaboração do PDTIC do IFPI baseou-se no Guia de PDTIC do SISP, versão 2.0, que foi adaptado à realidade da instituição.",0.8679245283018867,0.823529411764706,0.8679245283018867,0.8679245283018867,0.7488856162563027,0.9856879115104675,0.9934456944465637,0.9895516037940979,0.9,0.0,22.5215,4
9,51,bm25,"RESOLUÇÃO NORMATIVA Nº 223-2024-Atualiza a Regulamentação do planejamento e o registro das atividades acadêmicas dos docentes da Carreira do Magistério do Ensino Básico, Técnico e Tecnológico do IFPI.pdf",Quais são os regimes de trabalho previstos para os docentes do EBTT no IFPI?,"Os regimes de trabalho previstos são 40 horas com dedicação exclusiva, 40 horas e 20 horas semanais.","Os regimes de trabalho previstos para os docentes do EBTT no IFPI são o tempo integral de 40 horas semanais e o tempo parcial de 20 horas semanais, sendo que o regime de 40 horas com dedicação exclusiva impede o exercício de outra atividade remunerada, salvo as exceções previstas em lei.",0.5135135135135135,0.3611111111111111,0.37837837837837834,0.37837837837837834,0.16663464172843773,0.8569475412368774,0.951302707195282,0.9016634225845337,0.5384615384615384,0.0,32.3904,4
9,51,bm25,"RESOLUÇÃO NORMATIVA Nº 223-2024-Atualiza a Regulamentação do planejamento e o registro das atividades acadêmicas dos docentes da Carreira do Magistério do Ensino Básico, Técnico e Tecnológico do IFPI.pdf","Para cada hora de regência de aulas, quantas horas adicionais o docente computará para atividades de organização e apoio ao ensino?","Para cada hora de regência de aulas, o docente computará uma hora adicional para atividades de organização e apoio ao ensino.","Para cada hora de regência de aula, o docente deverá registrar uma hora de organização e apoio ao ensino.",0.8181818181818182,0.6666666666666666,0.8181818181818182,0.8181818181818182,0.5382008965108557,0.9565843343734741,0.9403003454208374,0.9483724236488342,0.787878787878788,0.0,16.6766,4
9,51,bm25,"RESOLUÇÃO NORMATIVA Nº 218-2024-Estab. normas, critérios e proc. para a participação de docentes (DE) em atividades remuneradas.pdf","Qual é o limite anual de horas para a participação esporádica remunerada em palestras, conferências e atividades artísticas e culturais de docentes em dedicação exclusiva?",O limite anual é de 30 horas.,"O limite anual de horas para a participação esporádica remunerada em palestras, conferências e atividades artísticas e culturais de docentes em dedicação exclusiva é de 30 horas.",0.3243243243243243,0.2857142857142857,0.3243243243243243,0.3243243243243243,0.16110518603734317,0.8159329891204834,0.9581412076950073,0.8813374042510986,0.4827586206896552,0.0,22.33,4
9,51,bm25,"RESOLUÇÃO NORMATIVA Nº 218-2024-Estab. normas, critérios e proc. para a participação de docentes (DE) em atividades remuneradas.pdf",Qual é o limite de carga horária para atividades remuneradas eventuais previstas no artigo 7º da Resolução Normativa nº 218 de 2024?,As atividades remuneradas eventuais não podem exceder 8 horas semanais ou 416 horas anuais.,Não encontrei essa informação no contexto fornecido.,0.16666666666666669,0.09090909090909091,0.16666666666666669,0.16666666666666669,0.0,0.8233992457389832,0.8057843446731567,0.814496636390686,0.1,0.0,12.2221,4
9,51,bm25,"RESOLUÇÃO NORMATIVA Nº 217-2024-Atualiza o Regimento Interno da Comissão Permanente de Pessoal Docente (CPPD), no âmbito do Instituto Federal de Educação, Ciência e Tecnologia do Piauí (IFPI)..pdf",Como é composta a CPPD do IFPI em número de membros titulares e suplentes?,"A CPPD do IFPI é composta por 10 docentes, sendo 5 representantes titulares e 5 representantes suplentes.","A composição da Comissão Permanente de Pessoal Docente do IFPI é feita por chapas registradas, compostas por dois docentes, com indicação do titular e suplente.",0.27906976744186046,0.04878048780487805,0.27906976744186046,0.27906976744186046,0.0,0.8804346919059753,0.9170075058937073,0.8983490467071533,0.3684210526315789,0.0,21.3568,4
9,51,bm25,"RESOLUÇÃO NORMATIVA Nº 217-2024-Atualiza o Regimento Interno da Comissão Permanente de Pessoal Docente (CPPD), no âmbito do Instituto Federal de Educação, Ciência e Tecnologia do Piauí (IFPI)..pdf",Qual é o mandato dos integrantes da CPPD do IFPI?,"O mandato dos integrantes da CPPD é de 4 anos, com possibilidade de uma única recondução por igual período.","Os membros da CPPD são designados pelo Reitor, após escolha pelos seus pares, para cumprirem um mandato de quatro anos, admitindo-se uma única reeleição para período subsequente, sem limite para mandatos alternados.",0.38596491228070173,0.1090909090909091,0.3157894736842105,0.3157894736842105,0.0,0.8508672118186951,0.9019008278846741,0.8756410479545593,0.32653061224489793,0.0,26.2986,4
9,51,bm25,"RESOLUÇÃO Nº 27-2024-Aprova  a criação do curso de Qualificação Profissional, de Formação Inicial e Continuada (FIC) em Aquicultor, no âmbito do IFPI e Anexo.pdf",Quantas vagas são ofertadas no curso FIC em Aquicultor?,O curso FIC em Aquicultor oferta 40 vagas.,Não encontrei essa informação no contexto fornecido.,0.11764705882352941,0.0,0.11764705882352941,0.11764705882352941,0.0,0.8231986165046692,0.8388471603393555,0.8309492468833923,0.0,0.0,12.1522,4
9,51,bm25,"RESOLUÇÃO Nº 27-2024-Aprova  a criação do curso de Qualificação Profissional, de Formação Inicial e Continuada (FIC) em Aquicultor, no âmbito do IFPI e Anexo.pdf",Qual é a forma de acesso ao curso FIC em Aquicultor?,A forma de acesso ao curso FIC em Aquicultor é por meio de sorteio.,"O acesso ao curso FIC em Aquicultor será por meio de edital de seleção, com processo seletivo realizado através de prova escrita específica.",0.5128205128205128,0.3783783783783784,0.46153846153846156,0.46153846153846156,0.24835336815593242,0.9104467034339905,0.9522331357002258,0.9308712482452393,0.5294117647058824,0.0,20.5797,4
9,51,tfidf,CURSO_SUPERIOR_DE_TECNOLOGIA_EM_ANÁLISE_E_DESENVOLVIMENTO_DE_SISTEMAS.pdf,Em que ano o Curso Superior de Tecnologia em Análise e Desenvolvimento de Sistemas foi criado no Campus de Picos?,O Curso Superior de Tecnologia em Análise e Desenvolvimento de Sistemas foi criado no Campus de Picos em 2013.,O Curso Superior de Tecnologia em Análise e Desenvolvimento de Sistemas foi criado no Campus de Picos em 2013.,1.0,1.0,1.0,1.0,1.0,0.9999999403953552,0.9999999403953552,0.9999999403953552,1.0,1.0,17.5614,4
9,51,tfidf,CURSO_SUPERIOR_DE_TECNOLOGIA_EM_ANÁLISE_E_DESENVOLVIMENTO_DE_SISTEMAS.pdf,Qual é a unidade de oferta do Curso Superior de Tecnologia em Análise e Desenvolvimento de Sistemas descrita no PPC?,A unidade de oferta do curso é o Campus Teresina Central.,"O Curso Superior de Tecnologia em Análise e Desenvolvimento de Sistemas é ofertado nos Campi Teresina Central, Floriano, Picos, Corrente, Pedro II e Parnaíba.",0.28571428571428575,0.06060606060606061,0.17142857142857143,0.17142857142857143,0.0,0.816821277141571,0.9077346920967102,0.8598816394805908,0.3636363636363636,0.0,23.5396,4
9,51,tfidf,CURSO_SUPERIOR_DE_TECNOLOGIA_EM_ANÁLISE_E_DESENVOLVIMENTO_DE_SISTEMAS.pdf,Qual é a carga horária total do Curso Superior de Tecnologia em Análise e Desenvolvimento de Sistemas?,A carga horária total do curso é de 2100 horas.,Não encontrei essa informação no contexto fornecido.,0.0,0.0,0.0,0.0,0.0,0.8249529004096985,0.8356121182441711,0.8302482962608337,0.0,0.0,12.807,4
9,51,tfidf,CURSO_SUPERIOR_DE_TECNOLOGIA_EM_ANÁLISE_E_DESENVOLVIMENTO_DE_SISTEMAS.pdf,Quantas vagas por ano são ofertadas no Curso Superior de Tecnologia em Análise e Desenvolvimento de Sistemas?,O curso oferta 40 vagas por ano.,"No Campus de Floriano, o Curso Superior de Tecnologia em Análise e Desenvolvimento de Sistemas oferece 35 vagas no turno da tarde, enquanto no Campus de Picos são ofertadas 40 vagas no turno da noite para o ano de 2025.2.",0.2,0.08333333333333333,0.2,0.2,0.0,0.8188979625701904,0.9087571501731873,0.8614906072616577,0.2777777777777778,0.0,27.2725,4
9,51,tfidf,"RESOLUÇÃO Nº 14-2025-Aprova a Criação do Curso de Aperfeiçoamento Escola da Terra, no âmbito do Instituto Federal de Educação, Ciência e Tecnologia do Piauí (IFPI) e Anexo..pdf",Qual é a carga horária total do curso Escola da Terra?,A carga horária total do curso Escola da Terra é de 180 horas.,"O curso de Especialização Escola da Terra possui uma carga horária total de 495 horas, sendo 257 horas em Tempo-Universidade e 103 horas em Tempo-Escola/Comunidade.",0.4651162790697674,0.2439024390243903,0.27906976744186046,0.27906976744186046,0.0,0.8809854984283447,0.9372314810752869,0.9082384705543518,0.5142857142857142,0.0,27.0527,4
9,51,tfidf,"RESOLUÇÃO Nº 14-2025-Aprova a Criação do Curso de Aperfeiçoamento Escola da Terra, no âmbito do Instituto Federal de Educação, Ciência e Tecnologia do Piauí (IFPI) e Anexo..pdf",Qual é a meta física do curso Escola da Terra em número de vagas?,A meta física do curso Escola da Terra é de 120 vagas.,A meta física do curso Escola da Terra é de 60 vagas para professores da educação básica que atuam em escolas do campo e possuem certificação em curso de aperfeiçoamento.,0.4782608695652174,0.4090909090909091,0.4782608695652174,0.4782608695652174,0.2991528889155785,0.8609741926193237,0.9757529497146606,0.9147772192955017,0.5945945945945945,0.0,22.0132,4
9,51,tfidf,"RESOLUÇÃO Nº 14-2025-Aprova a Criação do Curso de Aperfeiçoamento Escola da Terra, no âmbito do Instituto Federal de Educação, Ciência e Tecnologia do Piauí (IFPI) e Anexo..pdf",Quando está previsto o início do curso Escola da Terra?,O início do curso Escola da Terra está previsto para março de 2025.,O início do Curso Aperfeiçoamento Escola da Terra está previsto para o primeiro semestre de 2024.,0.7878787878787877,0.5806451612903226,0.7878787878787877,0.7878787878787877,0.37709297891717664,0.8994907736778259,0.9575713872909546,0.9276228547096252,0.7857142857142856,0.0,17.1222,4
9,51,tfidf,"RESOLUÇÃO Nº 14-2025-Aprova a Criação do Curso de Aperfeiçoamento Escola da Terra, no âmbito do Instituto Federal de Educação, Ciência e Tecnologia do Piauí (IFPI) e Anexo..pdf",Quem é o coordenador do curso Escola da Terra?,O coordenador do curso Escola da Terra é Gilson Mendes Araújo.,Não encontrei essa informação no contexto fornecido.,0.09999999999999999,0.0,0.09999999999999999,0.09999999999999999,0.0,0.8250470161437988,0.8430057168006897,0.833929717540741,0.0,0.0,12.5911,4
9,51,tfidf,"RESOLUÇÃO NORMATIVA Nº 236-2025-Prorroga o Plano Diretor de Tecnologia da Informação e Comunicação (PDTIC-2022-2024), do Instituto Federal de Educação, Ciência e Tecnologia do Piauí (IFPI) e Anexo.pdf",Para qual exercício foi prorrogada a vigência do PDTIC-2022/2024 do IFPI?,A vigência do PDTIC-2022/2024 foi prorrogada para o exercício de 2025.,"O Plano Diretor de Tecnologia da Informação e Comunicação (PDTIC-2022/2024) do IFPI teve a vigência prorrogada para o exercício de 2025, conforme estabelecido na Resolução Normativa nº 236.",0.5599999999999999,0.4166666666666667,0.4,0.4,0.1834283688193615,0.8566336035728455,0.9619570970535278,0.9062454700469971,0.5853658536585366,0.0,29.8327,4
9,51,tfidf,"RESOLUÇÃO NORMATIVA Nº 236-2025-Prorroga o Plano Diretor de Tecnologia da Informação e Comunicação (PDTIC-2022-2024), do Instituto Federal de Educação, Ciência e Tecnologia do Piauí (IFPI) e Anexo.pdf",Qual resolução foi revogada pela Resolução Normativa nº 236 de 2025?,"Foi revogada a Resolução Normativa nº 133/2022 - CONSELHO SUPERIOR, de 29 de abril de 2022.",Não encontrei essa informação no contexto fornecido.,0.15384615384615383,0.0,0.07692307692307691,0.07692307692307691,0.0,0.8195531368255615,0.7702820301055908,0.7941540479660034,0.0,0.0,8.8137,4
9,51,tfidf,"RESOLUÇÃO NORMATIVA Nº 236-2025-Prorroga o Plano Diretor de Tecnologia da Informação e Comunicação (PDTIC-2022-2024), do Instituto Federal de Educação, Ciência e Tecnologia do Piauí (IFPI) e Anexo.pdf",Quais são as três fases da metodologia de elaboração do PDTIC descritas no documento?,"As três fases da metodologia de elaboração do PDTIC são Preparação, Diagnóstico e Planejamento.","As três fases da metodologia de elaboração do PDTIC são Preparação, Diagnóstico e a fase de execução de processos específicos em harmonia com os instrumentos de planejamento da instituição.",0.6785714285714285,0.6296296296296297,0.6785714285714285,0.6785714285714285,0.42967728103447583,0.9086821675300598,0.9674482345581055,0.9371448755264282,0.717948717948718,0.0,21.337,4
9,51,tfidf,"RESOLUÇÃO NORMATIVA Nº 236-2025-Prorroga o Plano Diretor de Tecnologia da Informação e Comunicação (PDTIC-2022-2024), do Instituto Federal de Educação, Ciência e Tecnologia do Piauí (IFPI) e Anexo.pdf",Em que guia se baseou a metodologia de elaboração do PDTIC do IFPI?,"A metodologia de elaboração do PDTIC do IFPI baseou-se no Guia de PDTIC do SISP, versão 2.0, adaptado à realidade do IFPI.","A metodologia de elaboração do PDTIC do IFPI baseou-se em instrumentos de planejamento da instituição, como o Plano de Desenvolvimento Institucional, a Estratégia de Governança Digital e a Instrução Normativa SGD/ME nº 31/2021.",0.3939393939393939,0.3125,0.3939393939393939,0.3939393939393939,0.2112482780971751,0.8373352885246277,0.90305095911026,0.8689524531364441,0.37499999999999994,0.0,29.4662,4
9,51,tfidf,"RESOLUÇÃO NORMATIVA Nº 223-2024-Atualiza a Regulamentação do planejamento e o registro das atividades acadêmicas dos docentes da Carreira do Magistério do Ensino Básico, Técnico e Tecnológico do IFPI.pdf",Quais são os regimes de trabalho previstos para os docentes do EBTT no IFPI?,"Os regimes de trabalho previstos são 40 horas com dedicação exclusiva, 40 horas e 20 horas semanais.",Os regimes de trabalho previstos para os docentes do EBTT no IFPI são o tempo integral de 40 horas semanais e o tempo parcial de 20 horas semanais.,0.5833333333333334,0.34782608695652173,0.5833333333333334,0.5833333333333334,0.22872196013470597,0.8990827202796936,0.938060998916626,0.9181584119796753,0.6285714285714286,0.0,22.0915,4
9,51,tfidf,"RESOLUÇÃO NORMATIVA Nº 223-2024-Atualiza a Regulamentação do planejamento e o registro das atividades acadêmicas dos docentes da Carreira do Magistério do Ensino Básico, Técnico e Tecnológico do IFPI.pdf","Para cada hora de regência de aulas, quantas horas adicionais o docente computará para atividades de organização e apoio ao ensino?","Para cada hora de regência de aulas, o docente computará uma hora adicional para atividades de organização e apoio ao ensino.","Para cada hora de regência de aulas, o docente computará uma hora de organização e apoio ao ensino.",0.9302325581395349,0.8780487804878049,0.9302325581395349,0.9302325581395349,0.7854475723304021,0.992283821105957,0.9769299030303955,0.9845470190048218,0.9375,0.0,16.6176,4
9,51,tfidf,"RESOLUÇÃO NORMATIVA Nº 218-2024-Estab. normas, critérios e proc. para a participação de docentes (DE) em atividades remuneradas.pdf","Qual é o limite anual de horas para a participação esporádica remunerada em palestras, conferências e atividades artísticas e culturais de docentes em dedicação exclusiva?",O limite anual é de 30 horas.,"O limite anual de horas para a participação esporádica remunerada em palestras, conferências e atividades artísticas e culturais de docentes em dedicação exclusiva é de 30 horas.",0.3243243243243243,0.2857142857142857,0.3243243243243243,0.3243243243243243,0.16110518603734317,0.8159329891204834,0.9581412076950073,0.8813374042510986,0.4827586206896552,0.0,22.2134,4
9,51,tfidf,"RESOLUÇÃO NORMATIVA Nº 218-2024-Estab. normas, critérios e proc. para a participação de docentes (DE) em atividades remuneradas.pdf",Qual é o limite de carga horária para atividades remuneradas eventuais previstas no artigo 7º da Resolução Normativa nº 218 de 2024?,As atividades remuneradas eventuais não podem exceder 8 horas semanais ou 416 horas anuais.,Não encontrei essa informação no contexto fornecido.,0.16666666666666669,0.09090909090909091,0.16666666666666669,0.16666666666666669,0.0,0.8233992457389832,0.8057843446731567,0.814496636390686,0.1,0.0,13.5402,4
9,51,tfidf,"RESOLUÇÃO NORMATIVA Nº 217-2024-Atualiza o Regimento Interno da Comissão Permanente de Pessoal Docente (CPPD), no âmbito do Instituto Federal de Educação, Ciência e Tecnologia do Piauí (IFPI)..pdf",Como é composta a CPPD do IFPI em número de membros titulares e suplentes?,"A CPPD do IFPI é composta por 10 docentes, sendo 5 representantes titulares e 5 representantes suplentes.","A composição da Comissão Permanente de Pessoal Docente do IFPI é feita por membros titulares e suplentes, sendo que cada chapa no processo eleitoral é composta por dois docentes, com indicação do titular e do suplente.",0.3773584905660377,0.11764705882352941,0.2641509433962264,0.2641509433962264,0.0,0.8747634887695312,0.9236804842948914,0.898556649684906,0.47826086956521735,0.0,25.3411,4
9,51,tfidf,"RESOLUÇÃO NORMATIVA Nº 217-2024-Atualiza o Regimento Interno da Comissão Permanente de Pessoal Docente (CPPD), no âmbito do Instituto Federal de Educação, Ciência e Tecnologia do Piauí (IFPI)..pdf",Qual é o mandato dos integrantes da CPPD do IFPI?,"O mandato dos integrantes da CPPD é de 4 anos, com possibilidade de uma única recondução por igual período.",O contexto recuperado não apresenta informações sobre o mandato dos integrantes da CPPD do IFPI.,0.37837837837837834,0.2857142857142857,0.3243243243243243,0.3243243243243243,0.1821963353393716,0.8904653787612915,0.8659502863883972,0.8780367374420166,0.375,0.0,15.3304,4
9,51,tfidf,"RESOLUÇÃO Nº 27-2024-Aprova  a criação do curso de Qualificação Profissional, de Formação Inicial e Continuada (FIC) em Aquicultor, no âmbito do IFPI e Anexo.pdf",Quantas vagas são ofertadas no curso FIC em Aquicultor?,O curso FIC em Aquicultor oferta 40 vagas.,O curso FIC em Aquicultor oferece um total de 40 vagas.,0.7368421052631579,0.588235294117647,0.7368421052631579,0.7368421052631579,0.4240125351805037,0.9459167718887329,0.9871349334716797,0.9660863876342773,0.7368421052631579,0.0,14.7416,4
9,51,tfidf,"RESOLUÇÃO Nº 27-2024-Aprova  a criação do curso de Qualificação Profissional, de Formação Inicial e Continuada (FIC) em Aquicultor, no âmbito do IFPI e Anexo.pdf",Qual é a forma de acesso ao curso FIC em Aquicultor?,A forma de acesso ao curso FIC em Aquicultor é por meio de sorteio.,"O curso FIC em Aquicultor tem como requisito de acesso o Ensino Fundamental I incompleto, do 1º ao 5º ano.",0.4242424242424242,0.2580645161290323,0.30303030303030304,0.30303030303030304,0.13817790393734294,0.868803858757019,0.9238361120223999,0.8954752683639526,0.4375,0.0,19.5858,4
10,52,dense_no_rerank,CURSO_SUPERIOR_DE_TECNOLOGIA_EM_ANÁLISE_E_DESENVOLVIMENTO_DE_SISTEMAS.pdf,Em que ano o Curso Superior de Tecnologia em Análise e Desenvolvimento de Sistemas foi criado no Campus de Picos?,O Curso Superior de Tecnologia em Análise e Desenvolvimento de Sistemas foi criado no Campus de Picos em 2013.,O Curso Superior de Tecnologia em Análise e Desenvolvimento de Sistemas foi criado no Campus de Picos em 2013.,1.0,1.0,1.0,1.0,1.0,0.9999999403953552,0.9999999403953552,0.9999999403953552,1.0,1.0,20.0291,4
10,52,dense_no_rerank,CURSO_SUPERIOR_DE_TECNOLOGIA_EM_ANÁLISE_E_DESENVOLVIMENTO_DE_SISTEMAS.pdf,Qual é a unidade de oferta do Curso Superior de Tecnologia em Análise e Desenvolvimento de Sistemas descrita no PPC?,A unidade de oferta do curso é o Campus Teresina Central.,A unidade de oferta do Curso Superior de Tecnologia em Análise e Desenvolvimento de Sistemas é o Campus Teresina Central.,0.6666666666666666,0.5714285714285714,0.6666666666666666,0.6666666666666666,0.394100477098606,0.8748151063919067,0.9795048236846924,0.9242047071456909,0.7586206896551725,0.0,17.1037,4
10,52,dense_no_rerank,CURSO_SUPERIOR_DE_TECNOLOGIA_EM_ANÁLISE_E_DESENVOLVIMENTO_DE_SISTEMAS.pdf,Qual é a carga horária total do Curso Superior de Tecnologia em Análise e Desenvolvimento de Sistemas?,A carga horária total do curso é de 2100 horas.,A carga horária total do Curso Superior de Tecnologia em Sistemas para Internet é de 2.100 horas.,0.6428571428571429,0.46153846153846156,0.6428571428571429,0.6428571428571429,0.25772294506990867,0.8713124394416809,0.9634993672370911,0.915090024471283,0.6666666666666667,0.0,17.1957,4
10,52,dense_no_rerank,CURSO_SUPERIOR_DE_TECNOLOGIA_EM_ANÁLISE_E_DESENVOLVIMENTO_DE_SISTEMAS.pdf,Quantas vagas por ano são ofertadas no Curso Superior de Tecnologia em Análise e Desenvolvimento de Sistemas?,O curso oferta 40 vagas por ano.,"O Curso Superior de Tecnologia em Análise e Desenvolvimento de Sistemas oferece uma quantidade de 40 vagas por ano no turno vespertino, no Campus Teresina Central.",0.35294117647058826,0.25,0.35294117647058826,0.35294117647058826,0.09251599780696446,0.822972297668457,0.9461147785186768,0.8802577257156372,0.4,0.0,20.8447,4
10,52,dense_no_rerank,"RESOLUÇÃO Nº 14-2025-Aprova a Criação do Curso de Aperfeiçoamento Escola da Terra, no âmbito do Instituto Federal de Educação, Ciência e Tecnologia do Piauí (IFPI) e Anexo..pdf",Qual é a carga horária total do curso Escola da Terra?,A carga horária total do curso Escola da Terra é de 180 horas.,"A carga horária total do curso Escola da Terra é de 180 horas, sendo 126 horas presenciais no regime Tempo-Universidade e 54 horas no regime Tempo-Escola/Comunidade.",0.6190476190476191,0.6,0.6190476190476191,0.6190476190476191,0.40941639479090397,0.9061586260795593,0.9875494837760925,0.9451049566268921,0.7222222222222222,0.0,27.1814,4
10,52,dense_no_rerank,"RESOLUÇÃO Nº 14-2025-Aprova a Criação do Curso de Aperfeiçoamento Escola da Terra, no âmbito do Instituto Federal de Educação, Ciência e Tecnologia do Piauí (IFPI) e Anexo..pdf",Qual é a meta física do curso Escola da Terra em número de vagas?,A meta física do curso Escola da Terra é de 120 vagas.,A meta física do curso Escola da Terra é de 120 vagas para professoras e coordenadoras pedagógicas de turmas multisseriadas.,0.7272727272727273,0.7096774193548387,0.7272727272727273,0.7272727272727273,0.5471114295717522,0.8801493048667908,0.9877628684043884,0.9308561682701111,0.7741935483870968,0.0,21.0732,4
10,52,dense_no_rerank,"RESOLUÇÃO Nº 14-2025-Aprova a Criação do Curso de Aperfeiçoamento Escola da Terra, no âmbito do Instituto Federal de Educação, Ciência e Tecnologia do Piauí (IFPI) e Anexo..pdf",Quando está previsto o início do curso Escola da Terra?,O início do curso Escola da Terra está previsto para março de 2025.,"O curso de Especialização Escola da Terra está previsto para iniciar no primeiro semestre de 2025 nos campi do Instituto Federal de Educação, Ciência e Tecnologia do Piauí.",0.5217391304347827,0.27272727272727276,0.4347826086956521,0.4347826086956521,0.19037861963633804,0.8779458403587341,0.94632488489151,0.9108538031578064,0.5789473684210525,0.0,23.3609,4
10,52,dense_no_rerank,"RESOLUÇÃO Nº 14-2025-Aprova a Criação do Curso de Aperfeiçoamento Escola da Terra, no âmbito do Instituto Federal de Educação, Ciência e Tecnologia do Piauí (IFPI) e Anexo..pdf",Quem é o coordenador do curso Escola da Terra?,O coordenador do curso Escola da Terra é Gilson Mendes Araújo.,O coordenador do curso Escola da Terra é o Prof. Me. Emanuel Alcântara da Silva.,0.5384615384615385,0.5,0.5384615384615385,0.5384615384615385,0.40052744847255717,0.892876148223877,0.956995964050293,0.9238248467445374,0.6666666666666667,0.0,16.1469,4
10,52,dense_no_rerank,"RESOLUÇÃO NORMATIVA Nº 236-2025-Prorroga o Plano Diretor de Tecnologia da Informação e Comunicação (PDTIC-2022-2024), do Instituto Federal de Educação, Ciência e Tecnologia do Piauí (IFPI) e Anexo.pdf",Para qual exercício foi prorrogada a vigência do PDTIC-2022/2024 do IFPI?,A vigência do PDTIC-2022/2024 foi prorrogada para o exercício de 2025.,A vigência do Plano Diretor de Tecnologia da Informação e Comunicação (PDTIC-2022/2024) do IFPI foi prorrogada para o exercício de 2025.,0.7142857142857143,0.6,0.7142857142857143,0.7142857142857143,0.3619779110707069,0.8878629803657532,0.9830116033554077,0.9330177307128906,0.7647058823529412,0.0,24.8331,4
10,52,dense_no_rerank,"RESOLUÇÃO NORMATIVA Nº 236-2025-Prorroga o Plano Diretor de Tecnologia da Informação e Comunicação (PDTIC-2022-2024), do Instituto Federal de Educação, Ciência e Tecnologia do Piauí (IFPI) e Anexo.pdf",Qual resolução foi revogada pela Resolução Normativa nº 236 de 2025?,"Foi revogada a Resolução Normativa nº 133/2022 - CONSELHO SUPERIOR, de 29 de abril de 2022.","A Resolução Normativa nº 236 de 2025 revogou a Resolução nº 15/2021 - CONSELHO SUPERIOR, de 19 de maio de 2021, e a Resolução NormaAva nº 206/2024- CONSELHO SUPERIOR, de 13 de maio de 2024.",0.35714285714285715,0.22222222222222218,0.35714285714285715,0.35714285714285715,0.1222627823979477,0.910374641418457,0.9322649240493774,0.9211897850036621,0.4375,0.0,41.4886,4
10,52,dense_no_rerank,"RESOLUÇÃO NORMATIVA Nº 236-2025-Prorroga o Plano Diretor de Tecnologia da Informação e Comunicação (PDTIC-2022-2024), do Instituto Federal de Educação, Ciência e Tecnologia do Piauí (IFPI) e Anexo.pdf",Quais são as três fases da metodologia de elaboração do PDTIC descritas no documento?,"As três fases da metodologia de elaboração do PDTIC são Preparação, Diagnóstico e Planejamento.","As três fases da metodologia de elaboração do PDTIC descritas no documento são Preparação, Diagnóstico e Planejamento.",0.9268292682926829,0.8717948717948718,0.9268292682926829,0.9268292682926829,0.7331765459202478,0.975016713142395,0.9960288405418396,0.9854108095169067,0.9032258064516129,0.0,17.7357,4
10,52,dense_no_rerank,"RESOLUÇÃO NORMATIVA Nº 236-2025-Prorroga o Plano Diretor de Tecnologia da Informação e Comunicação (PDTIC-2022-2024), do Instituto Federal de Educação, Ciência e Tecnologia do Piauí (IFPI) e Anexo.pdf",Em que guia se baseou a metodologia de elaboração do PDTIC do IFPI?,"A metodologia de elaboração do PDTIC do IFPI baseou-se no Guia de PDTIC do SISP, versão 2.0, adaptado à realidade do IFPI.","A metodologia de elaboração do PDTIC do IFPI baseou-se no Guia de PDTIC do SISP, versão 2.0, adaptado à realidade da instituição.",0.9019607843137256,0.8979591836734694,0.9019607843137256,0.9019607843137256,0.8817739004515716,0.9951040148735046,0.9970126748085022,0.996057391166687,0.9473684210526316,0.0,21.9666,4
10,52,dense_no_rerank,"RESOLUÇÃO NORMATIVA Nº 223-2024-Atualiza a Regulamentação do planejamento e o registro das atividades acadêmicas dos docentes da Carreira do Magistério do Ensino Básico, Técnico e Tecnológico do IFPI.pdf",Quais são os regimes de trabalho previstos para os docentes do EBTT no IFPI?,"Os regimes de trabalho previstos são 40 horas com dedicação exclusiva, 40 horas e 20 horas semanais.","De acordo com a resolução, os docentes do EBTT no IFPI devem cumprir as atividades planejadas e desenvolvidas de forma que totalizem a quantidade de horas semanais previstas em seus respectivos regimes de trabalho.",0.3333333333333333,0.11538461538461539,0.22222222222222224,0.22222222222222224,0.0,0.8347811102867126,0.8845716118812561,0.8589553833007812,0.36363636363636365,0.0,23.8154,4
10,52,dense_no_rerank,"RESOLUÇÃO NORMATIVA Nº 223-2024-Atualiza a Regulamentação do planejamento e o registro das atividades acadêmicas dos docentes da Carreira do Magistério do Ensino Básico, Técnico e Tecnológico do IFPI.pdf","Para cada hora de regência de aulas, quantas horas adicionais o docente computará para atividades de organização e apoio ao ensino?","Para cada hora de regência de aulas, o docente computará uma hora adicional para atividades de organização e apoio ao ensino.","Para cada hora de regência de aulas, o docente computará uma hora de organização e apoio ao ensino.",0.9302325581395349,0.8780487804878049,0.9302325581395349,0.9302325581395349,0.7854475723304021,0.992283821105957,0.9769299030303955,0.9845470190048218,0.9375,0.0,16.4215,4
10,52,dense_no_rerank,"RESOLUÇÃO NORMATIVA Nº 218-2024-Estab. normas, critérios e proc. para a participação de docentes (DE) em atividades remuneradas.pdf","Qual é o limite anual de horas para a participação esporádica remunerada em palestras, conferências e atividades artísticas e culturais de docentes em dedicação exclusiva?",O limite anual é de 30 horas.,"O limite anual de horas para a participação esporádica remunerada em palestras, conferências e atividades artísticas e culturais de docentes em dedicação exclusiva é de 30 horas, conforme estabelecido na resolução normativa.",0.27906976744186046,0.24390243902439027,0.27906976744186046,0.27906976744186046,0.09885362316286796,0.808221161365509,0.947899341583252,0.8725054264068604,0.4117647058823529,0.0,25.1281,4
10,52,dense_no_rerank,"RESOLUÇÃO NORMATIVA Nº 218-2024-Estab. normas, critérios e proc. para a participação de docentes (DE) em atividades remuneradas.pdf",Qual é o limite de carga horária para atividades remuneradas eventuais previstas no artigo 7º da Resolução Normativa nº 218 de 2024?,As atividades remuneradas eventuais não podem exceder 8 horas semanais ou 416 horas anuais.,"A carga horária dedicada à prestação institucional de serviços por docente em regime de dedicação exclusiva, quando remunerada, não pode ultrapassar 8 horas semanais ou 416 horas anuais, em atendimento ao previsto no §4º do Art. 21 da Lei nº 12.772/2012.",0.29032258064516125,0.23333333333333334,0.29032258064516125,0.29032258064516125,0.12331859801673,0.8199409246444702,0.9187633395195007,0.8665437698364258,0.2641509433962264,0.0,34.067,4
10,52,dense_no_rerank,"RESOLUÇÃO NORMATIVA Nº 217-2024-Atualiza o Regimento Interno da Comissão Permanente de Pessoal Docente (CPPD), no âmbito do Instituto Federal de Educação, Ciência e Tecnologia do Piauí (IFPI)..pdf",Como é composta a CPPD do IFPI em número de membros titulares e suplentes?,"A CPPD do IFPI é composta por 10 docentes, sendo 5 representantes titulares e 5 representantes suplentes.","A Comissão Permanente de Pessoal Docente do IFPI é composta por 10 docentes da carreira de Ensino Básico, Técnico e Tecnológico, sendo 5 representantes titulares e 5 representantes suplentes.",0.625,0.5217391304347827,0.625,0.625,0.4599040342685214,0.8838053345680237,0.972201943397522,0.925898551940918,0.7000000000000001,0.0,24.0949,4
10,52,dense_no_rerank,"RESOLUÇÃO NORMATIVA Nº 217-2024-Atualiza o Regimento Interno da Comissão Permanente de Pessoal Docente (CPPD), no âmbito do Instituto Federal de Educação, Ciência e Tecnologia do Piauí (IFPI)..pdf",Qual é o mandato dos integrantes da CPPD do IFPI?,"O mandato dos integrantes da CPPD é de 4 anos, com possibilidade de uma única recondução por igual período.","Os integrantes da CPPD do IFPI têm mandato de quatro anos, com possibilidade de uma única recondução por igual período.",0.7906976744186046,0.6341463414634148,0.7441860465116279,0.7441860465116279,0.5941559820562806,0.9663041830062866,0.9723584651947021,0.9693218469619751,0.7567567567567567,0.0,18.1664,4
10,52,dense_no_rerank,"RESOLUÇÃO Nº 27-2024-Aprova  a criação do curso de Qualificação Profissional, de Formação Inicial e Continuada (FIC) em Aquicultor, no âmbito do IFPI e Anexo.pdf",Quantas vagas são ofertadas no curso FIC em Aquicultor?,O curso FIC em Aquicultor oferta 40 vagas.,O curso FIC em Aquicultor oferece um total de 40 vagas.,0.7368421052631579,0.588235294117647,0.7368421052631579,0.7368421052631579,0.4240125351805037,0.9459167718887329,0.9871349334716797,0.9660863876342773,0.7368421052631579,0.0,14.4604,4
10,52,dense_no_rerank,"RESOLUÇÃO Nº 27-2024-Aprova  a criação do curso de Qualificação Profissional, de Formação Inicial e Continuada (FIC) em Aquicultor, no âmbito do IFPI e Anexo.pdf",Qual é a forma de acesso ao curso FIC em Aquicultor?,A forma de acesso ao curso FIC em Aquicultor é por meio de sorteio.,"O curso FIC em Aquicultor tem como requisito de acesso o Ensino Fundamental I incompleto, do 1º ao 5º ano.",0.4242424242424242,0.2580645161290323,0.30303030303030304,0.30303030303030304,0.13817790393734294,0.868803858757019,0.9238361120223999,0.8954752683639526,0.4375,0.0,19.3583,4
10,52,dense_rerank,CURSO_SUPERIOR_DE_TECNOLOGIA_EM_ANÁLISE_E_DESENVOLVIMENTO_DE_SISTEMAS.pdf,Em que ano o Curso Superior de Tecnologia em Análise e Desenvolvimento de Sistemas foi criado no Campus de Picos?,O Curso Superior de Tecnologia em Análise e Desenvolvimento de Sistemas foi criado no Campus de Picos em 2013.,O Curso Superior de Tecnologia em Análise e Desenvolvimento de Sistemas foi criado no Campus de Picos em 2013.,1.0,1.0,1.0,1.0,1.0,0.9999999403953552,0.9999999403953552,0.9999999403953552,1.0,1.0,17.9694,4
10,52,dense_rerank,CURSO_SUPERIOR_DE_TECNOLOGIA_EM_ANÁLISE_E_DESENVOLVIMENTO_DE_SISTEMAS.pdf,Qual é a unidade de oferta do Curso Superior de Tecnologia em Análise e Desenvolvimento de Sistemas descrita no PPC?,A unidade de oferta do curso é o Campus Teresina Central.,"O Curso Superior de Tecnologia em Análise e Desenvolvimento de Sistemas é ofertado nos Campi Teresina Central, Floriano, Picos, Corrente, Pedro II e Parnaíba.",0.28571428571428575,0.06060606060606061,0.17142857142857143,0.17142857142857143,0.0,0.816821277141571,0.9077346920967102,0.8598816394805908,0.3636363636363636,0.0,21.2958,4
10,52,dense_rerank,CURSO_SUPERIOR_DE_TECNOLOGIA_EM_ANÁLISE_E_DESENVOLVIMENTO_DE_SISTEMAS.pdf,Qual é a carga horária total do Curso Superior de Tecnologia em Análise e Desenvolvimento de Sistemas?,A carga horária total do curso é de 2100 horas.,"A carga horária total do Curso Superior de Tecnologia em Análise e Desenvolvimento de Sistemas é de 400 horas por módulo/semana, conforme apresentado na estrutura curricular do curso.",0.4390243902439024,0.30769230769230765,0.4390243902439024,0.4390243902439024,0.14291173574075158,0.8303691148757935,0.9654767513275146,0.8928406238555908,0.5142857142857143,0.0,21.9706,4
10,52,dense_rerank,CURSO_SUPERIOR_DE_TECNOLOGIA_EM_ANÁLISE_E_DESENVOLVIMENTO_DE_SISTEMAS.pdf,Quantas vagas por ano são ofertadas no Curso Superior de Tecnologia em Análise e Desenvolvimento de Sistemas?,O curso oferta 40 vagas por ano.,"No ano de 2025, o Curso Superior de Tecnologia em Análise e Desenvolvimento de Sistemas terá uma oferta de 40 vagas por turno, tanto no turno noite quanto no turno tarde, em alguns campi do IFPI.",0.3181818181818182,0.14285714285714285,0.27272727272727276,0.27272727272727276,0.0,0.8228514194488525,0.927708625793457,0.872139573097229,0.4,0.0,25.309,4
10,52,dense_rerank,"RESOLUÇÃO Nº 14-2025-Aprova a Criação do Curso de Aperfeiçoamento Escola da Terra, no âmbito do Instituto Federal de Educação, Ciência e Tecnologia do Piauí (IFPI) e Anexo..pdf",Qual é a carga horária total do curso Escola da Terra?,A carga horária total do curso Escola da Terra é de 180 horas.,"O curso Escola da Terra, no nível de aperfeiçoamento, possui carga horária total de 180 horas, sendo 126 horas presenciais no tempo-universidade e 54 horas no tempo-escola/comunidade.",0.47826086956521735,0.36363636363636365,0.30434782608695654,0.30434782608695654,0.13307637507950731,0.8621993660926819,0.9464261531829834,0.9023516178131104,0.5555555555555555,0.0,30.4512,4
10,52,dense_rerank,"RESOLUÇÃO Nº 14-2025-Aprova a Criação do Curso de Aperfeiçoamento Escola da Terra, no âmbito do Instituto Federal de Educação, Ciência e Tecnologia do Piauí (IFPI) e Anexo..pdf",Qual é a meta física do curso Escola da Terra em número de vagas?,A meta física do curso Escola da Terra é de 120 vagas.,A meta física do curso Escola da Terra é de 120 vagas para professoras e coordenadoras pedagógicas de turmas multisseriadas.,0.7272727272727273,0.7096774193548387,0.7272727272727273,0.7272727272727273,0.5471114295717522,0.8801493048667908,0.9877628684043884,0.9308561682701111,0.7741935483870968,0.0,21.4916,4
10,52,dense_rerank,"RESOLUÇÃO Nº 14-2025-Aprova a Criação do Curso de Aperfeiçoamento Escola da Terra, no âmbito do Instituto Federal de Educação, Ciência e Tecnologia do Piauí (IFPI) e Anexo..pdf",Quando está previsto o início do curso Escola da Terra?,O início do curso Escola da Terra está previsto para março de 2025.,"O curso Escola da Terra está previsto para iniciar no primeiro semestre de 2024, conforme autorizado pela Resolução nº 78/2024 e Resolução nº 79/2024, com atividades no sul do Piauí entre outubro de 2024 e novembro de 2025.",0.4210526315789473,0.2545454545454546,0.38596491228070173,0.38596491228070173,0.1593216826999276,0.8359376192092896,0.9485840797424316,0.8887054920196533,0.5,0.0,37.0029,4
10,52,dense_rerank,"RESOLUÇÃO Nº 14-2025-Aprova a Criação do Curso de Aperfeiçoamento Escola da Terra, no âmbito do Instituto Federal de Educação, Ciência e Tecnologia do Piauí (IFPI) e Anexo..pdf",Quem é o coordenador do curso Escola da Terra?,O coordenador do curso Escola da Terra é Gilson Mendes Araújo.,O coordenador do curso Escola da Terra é o Prof. Me. Emanuel Alcântara da Silva.,0.5384615384615385,0.5,0.5384615384615385,0.5384615384615385,0.40052744847255717,0.892876148223877,0.956995964050293,0.9238248467445374,0.6666666666666667,0.0,16.1968,4
10,52,dense_rerank,"RESOLUÇÃO NORMATIVA Nº 236-2025-Prorroga o Plano Diretor de Tecnologia da Informação e Comunicação (PDTIC-2022-2024), do Instituto Federal de Educação, Ciência e Tecnologia do Piauí (IFPI) e Anexo.pdf",Para qual exercício foi prorrogada a vigência do PDTIC-2022/2024 do IFPI?,A vigência do PDTIC-2022/2024 foi prorrogada para o exercício de 2025.,A vigência do Plano Diretor de Tecnologia da Informação e Comunicação (PDTIC-2022/2024) do IFPI foi prorrogada para o exercício de 2025.,0.7142857142857143,0.6,0.7142857142857143,0.7142857142857143,0.3619779110707069,0.8878629803657532,0.9830116033554077,0.9330177307128906,0.7647058823529412,0.0,24.9017,4
10,52,dense_rerank,"RESOLUÇÃO NORMATIVA Nº 236-2025-Prorroga o Plano Diretor de Tecnologia da Informação e Comunicação (PDTIC-2022-2024), do Instituto Federal de Educação, Ciência e Tecnologia do Piauí (IFPI) e Anexo.pdf",Qual resolução foi revogada pela Resolução Normativa nº 236 de 2025?,"Foi revogada a Resolução Normativa nº 133/2022 - CONSELHO SUPERIOR, de 29 de abril de 2022.","A Resolução Normativa nº 236 de 2025 revogou a Resolução nº 15/2021 - CONSELHO SUPERIOR, de 19 de maio de 2021, e a Resolução NormaAva nº 206/2024- CONSELHO SUPERIOR, de 13 de maio de 2024.",0.35714285714285715,0.22222222222222218,0.35714285714285715,0.35714285714285715,0.1222627823979477,0.910374641418457,0.9322649240493774,0.9211897850036621,0.4375,0.0,43.0228,4
10,52,dense_rerank,"RESOLUÇÃO NORMATIVA Nº 236-2025-Prorroga o Plano Diretor de Tecnologia da Informação e Comunicação (PDTIC-2022-2024), do Instituto Federal de Educação, Ciência e Tecnologia do Piauí (IFPI) e Anexo.pdf",Quais são as três fases da metodologia de elaboração do PDTIC descritas no documento?,"As três fases da metodologia de elaboração do PDTIC são Preparação, Diagnóstico e Planejamento.","As três fases da metodologia de elaboração do PDTIC, de acordo com o documento, são Preparação, Diagnóstico e Planejamento.",0.8837209302325582,0.8292682926829269,0.8837209302325582,0.8837209302325582,0.5963584321358336,0.9599119424819946,0.9954190850257874,0.9773430824279785,0.8750000000000001,0.0,18.9367,4
10,52,dense_rerank,"RESOLUÇÃO NORMATIVA Nº 236-2025-Prorroga o Plano Diretor de Tecnologia da Informação e Comunicação (PDTIC-2022-2024), do Instituto Federal de Educação, Ciência e Tecnologia do Piauí (IFPI) e Anexo.pdf",Em que guia se baseou a metodologia de elaboração do PDTIC do IFPI?,"A metodologia de elaboração do PDTIC do IFPI baseou-se no Guia de PDTIC do SISP, versão 2.0, adaptado à realidade do IFPI.","A metodologia de elaboração do PDTIC do IFPI baseou-se no Guia de PDTIC do SISP, versão 2.0, adaptado à realidade da instituição.",0.9019607843137256,0.8979591836734694,0.9019607843137256,0.9019607843137256,0.8817739004515716,0.9951040148735046,0.9970126748085022,0.996057391166687,0.9473684210526316,0.0,21.9048,4
10,52,dense_rerank,"RESOLUÇÃO NORMATIVA Nº 223-2024-Atualiza a Regulamentação do planejamento e o registro das atividades acadêmicas dos docentes da Carreira do Magistério do Ensino Básico, Técnico e Tecnológico do IFPI.pdf",Quais são os regimes de trabalho previstos para os docentes do EBTT no IFPI?,"Os regimes de trabalho previstos são 40 horas com dedicação exclusiva, 40 horas e 20 horas semanais.","Os regimes de trabalho previstos para os docentes do EBTT no IFPI são tempo integral de 40 horas semanais com dedicação exclusiva, tempo integral de 40 horas semanais ou tempo parcial de 20 horas semanais de trabalho.",0.6206896551724138,0.42857142857142855,0.6206896551724138,0.6206896551724138,0.20613242702593446,0.9090074300765991,0.9667177200317383,0.936974823474884,0.7027027027027025,0.0,27.3523,4
10,52,dense_rerank,"RESOLUÇÃO NORMATIVA Nº 223-2024-Atualiza a Regulamentação do planejamento e o registro das atividades acadêmicas dos docentes da Carreira do Magistério do Ensino Básico, Técnico e Tecnológico do IFPI.pdf","Para cada hora de regência de aulas, quantas horas adicionais o docente computará para atividades de organização e apoio ao ensino?","Para cada hora de regência de aulas, o docente computará uma hora adicional para atividades de organização e apoio ao ensino.",Não encontrei essa informação no contexto fornecido.,0.125,0.0,0.125,0.125,0.0,0.8275346755981445,0.8195750117301941,0.8235356211662292,0.0,0.0,12.2245,4
10,52,dense_rerank,"RESOLUÇÃO NORMATIVA Nº 218-2024-Estab. normas, critérios e proc. para a participação de docentes (DE) em atividades remuneradas.pdf","Qual é o limite anual de horas para a participação esporádica remunerada em palestras, conferências e atividades artísticas e culturais de docentes em dedicação exclusiva?",O limite anual é de 30 horas.,"O limite anual de horas para a participação esporádica remunerada em palestras, conferências e atividades artísticas e culturais de docentes em dedicação exclusiva é de 30 horas.",0.3243243243243243,0.2857142857142857,0.3243243243243243,0.3243243243243243,0.16110518603734317,0.8159329891204834,0.9581412076950073,0.8813374042510986,0.4827586206896552,0.0,22.8027,4
10,52,dense_rerank,"RESOLUÇÃO NORMATIVA Nº 218-2024-Estab. normas, critérios e proc. para a participação de docentes (DE) em atividades remuneradas.pdf",Qual é o limite de carga horária para atividades remuneradas eventuais previstas no artigo 7º da Resolução Normativa nº 218 de 2024?,As atividades remuneradas eventuais não podem exceder 8 horas semanais ou 416 horas anuais.,"O limite de carga horária para atividades remuneradas eventuais, no caso de servidores docentes com dedicação exclusiva ou com 20 ou 40 horas, é de 8 horas semanais ou 416 horas anuais, conforme previsto na Resolução Normativa nº 207 de 2024.",0.4137931034482758,0.2857142857142857,0.3793103448275862,0.3793103448275862,0.15589340552404063,0.8480509519577026,0.9276635646820068,0.88607257604599,0.391304347826087,0.0,32.654,4
10,52,dense_rerank,"RESOLUÇÃO NORMATIVA Nº 217-2024-Atualiza o Regimento Interno da Comissão Permanente de Pessoal Docente (CPPD), no âmbito do Instituto Federal de Educação, Ciência e Tecnologia do Piauí (IFPI)..pdf",Como é composta a CPPD do IFPI em número de membros titulares e suplentes?,"A CPPD do IFPI é composta por 10 docentes, sendo 5 representantes titulares e 5 representantes suplentes.","A Comissão Permanente de Pessoal Docente do IFPI é composta por 10 docentes da carreira de Ensino Básico, Técnico e Tecnológico, sendo 5 representantes titulares e 5 representantes suplentes.",0.625,0.5217391304347827,0.625,0.625,0.4599040342685214,0.8838053345680237,0.972201943397522,0.925898551940918,0.7000000000000001,0.0,23.9446,4
10,52,dense_rerank,"RESOLUÇÃO NORMATIVA Nº 217-2024-Atualiza o Regimento Interno da Comissão Permanente de Pessoal Docente (CPPD), no âmbito do Instituto Federal de Educação, Ciência e Tecnologia do Piauí (IFPI)..pdf",Qual é o mandato dos integrantes da CPPD do IFPI?,"O mandato dos integrantes da CPPD é de 4 anos, com possibilidade de uma única recondução por igual período.","Os integrantes da Comissão Permanente de Pessoal Docente do IFPI têm um mandato de quatro anos, podendo ser reconduzidos por um único período adicional de igual duração.",0.47058823529411764,0.0816326530612245,0.2745098039215686,0.2745098039215686,0.0,0.8620685935020447,0.9006109237670898,0.8809183835983276,0.380952380952381,0.0,21.146,4
10,52,dense_rerank,"RESOLUÇÃO Nº 27-2024-Aprova  a criação do curso de Qualificação Profissional, de Formação Inicial e Continuada (FIC) em Aquicultor, no âmbito do IFPI e Anexo.pdf",Quantas vagas são ofertadas no curso FIC em Aquicultor?,O curso FIC em Aquicultor oferta 40 vagas.,O curso FIC em Aquicultor oferece um total de 40 vagas.,0.7368421052631579,0.588235294117647,0.7368421052631579,0.7368421052631579,0.4240125351805037,0.9459167718887329,0.9871349334716797,0.9660863876342773,0.7368421052631579,0.0,14.6172,4
10,52,dense_rerank,"RESOLUÇÃO Nº 27-2024-Aprova  a criação do curso de Qualificação Profissional, de Formação Inicial e Continuada (FIC) em Aquicultor, no âmbito do IFPI e Anexo.pdf",Qual é a forma de acesso ao curso FIC em Aquicultor?,A forma de acesso ao curso FIC em Aquicultor é por meio de sorteio.,"O curso FIC em Aquicultor tem como requisito de acesso o ensino fundamental I incompleto, do 1º ao 5º ano.",0.4242424242424242,0.2580645161290323,0.30303030303030304,0.30303030303030304,0.13817790393734294,0.8766475915908813,0.9233978986740112,0.8994156718254089,0.4375,0.0,19.1639,4
10,52,bm25,CURSO_SUPERIOR_DE_TECNOLOGIA_EM_ANÁLISE_E_DESENVOLVIMENTO_DE_SISTEMAS.pdf,Em que ano o Curso Superior de Tecnologia em Análise e Desenvolvimento de Sistemas foi criado no Campus de Picos?,O Curso Superior de Tecnologia em Análise e Desenvolvimento de Sistemas foi criado no Campus de Picos em 2013.,O Curso Superior de Tecnologia em Análise e Desenvolvimento de Sistemas foi criado no Campus de Picos em 2013.,1.0,1.0,1.0,1.0,1.0,0.9999999403953552,0.9999999403953552,0.9999999403953552,1.0,1.0,17.7458,4
10,52,bm25,CURSO_SUPERIOR_DE_TECNOLOGIA_EM_ANÁLISE_E_DESENVOLVIMENTO_DE_SISTEMAS.pdf,Qual é a unidade de oferta do Curso Superior de Tecnologia em Análise e Desenvolvimento de Sistemas descrita no PPC?,A unidade de oferta do curso é o Campus Teresina Central.,"O Curso Superior de Tecnologia em Análise e Desenvolvimento de Sistemas é ofertado nos Campi Teresina Central, Floriano, Picos, Corrente, Pedro II e Parnaíba.",0.28571428571428575,0.06060606060606061,0.17142857142857143,0.17142857142857143,0.0,0.816821277141571,0.9077346920967102,0.8598816394805908,0.3636363636363636,0.0,21.3644,4
10,52,bm25,CURSO_SUPERIOR_DE_TECNOLOGIA_EM_ANÁLISE_E_DESENVOLVIMENTO_DE_SISTEMAS.pdf,Qual é a carga horária total do Curso Superior de Tecnologia em Análise e Desenvolvimento de Sistemas?,A carga horária total do curso é de 2100 horas.,"O Curso Superior de Tecnologia em Análise e Desenvolvimento de Sistemas possui uma carga horária total de 400 horas no primeiro módulo, além de mais 600 horas no segundo módulo, conforme detalhado na estrutura curricular apresentada.",0.2745098039215686,0.12244897959183673,0.23529411764705882,0.23529411764705882,0.0,0.8147163987159729,0.9141398668289185,0.8615692853927612,0.3,0.0,25.8677,4
10,52,bm25,CURSO_SUPERIOR_DE_TECNOLOGIA_EM_ANÁLISE_E_DESENVOLVIMENTO_DE_SISTEMAS.pdf,Quantas vagas por ano são ofertadas no Curso Superior de Tecnologia em Análise e Desenvolvimento de Sistemas?,O curso oferta 40 vagas por ano.,"O Curso Superior de Tecnologia em Análise e Desenvolvimento de Sistemas oferece uma quantidade de 40 vagas por ano no Campus Teresina Central, conforme indicado no documento.",0.34285714285714286,0.24242424242424243,0.34285714285714286,0.34285714285714286,0.08914609827874222,0.8240004181861877,0.9440893530845642,0.879966676235199,0.3870967741935483,0.0,20.5195,4
10,52,bm25,"RESOLUÇÃO Nº 14-2025-Aprova a Criação do Curso de Aperfeiçoamento Escola da Terra, no âmbito do Instituto Federal de Educação, Ciência e Tecnologia do Piauí (IFPI) e Anexo..pdf",Qual é a carga horária total do curso Escola da Terra?,A carga horária total do curso Escola da Terra é de 180 horas.,"O curso Escola da Terra possui uma carga horária total de 294 horas destinadas ao estudo das disciplinas, além de 66 horas para o Trabalho de Conclusão de Curso.",0.4444444444444445,0.27906976744186046,0.26666666666666666,0.26666666666666666,0.11871704290088221,0.8634258508682251,0.9381551742553711,0.8992406129837036,0.5,0.0,22.5934,4
10,52,bm25,"RESOLUÇÃO Nº 14-2025-Aprova a Criação do Curso de Aperfeiçoamento Escola da Terra, no âmbito do Instituto Federal de Educação, Ciência e Tecnologia do Piauí (IFPI) e Anexo..pdf",Qual é a meta física do curso Escola da Terra em número de vagas?,A meta física do curso Escola da Terra é de 120 vagas.,A meta física do curso Escola da Terra é de 30 vagas.,0.9166666666666666,0.8181818181818182,0.9166666666666666,0.9166666666666666,0.7910665071754358,0.9954450726509094,0.9954450726509094,0.9954450726509094,0.9166666666666666,0.0,12.4091,4
10,52,bm25,"RESOLUÇÃO Nº 14-2025-Aprova a Criação do Curso de Aperfeiçoamento Escola da Terra, no âmbito do Instituto Federal de Educação, Ciência e Tecnologia do Piauí (IFPI) e Anexo..pdf",Quando está previsto o início do curso Escola da Terra?,O início do curso Escola da Terra está previsto para março de 2025.,Não encontrei essa informação no contexto fornecido.,0.16666666666666669,0.0,0.16666666666666669,0.16666666666666669,0.0,0.8219438791275024,0.8310289978981018,0.8264614343643188,0.0,0.0,12.0263,4
10,52,bm25,"RESOLUÇÃO Nº 14-2025-Aprova a Criação do Curso de Aperfeiçoamento Escola da Terra, no âmbito do Instituto Federal de Educação, Ciência e Tecnologia do Piauí (IFPI) e Anexo..pdf",Quem é o coordenador do curso Escola da Terra?,O coordenador do curso Escola da Terra é Gilson Mendes Araújo.,"O coordenador do curso de Licenciatura Intercultural Indígena é regulamentado pelo edital CAPES/PARFOR Equidade 023/2023, e a atuação do coordenador do curso e local do Parfor Equidade está estabelecida nesse mesmo edital.",0.17391304347826086,0.13636363636363635,0.17391304347826086,0.17391304347826086,0.06714082273626723,0.8106777667999268,0.8865677118301392,0.8469260931015015,0.2777777777777778,0.0,29.8187,4
10,52,bm25,"RESOLUÇÃO NORMATIVA Nº 236-2025-Prorroga o Plano Diretor de Tecnologia da Informação e Comunicação (PDTIC-2022-2024), do Instituto Federal de Educação, Ciência e Tecnologia do Piauí (IFPI) e Anexo.pdf",Para qual exercício foi prorrogada a vigência do PDTIC-2022/2024 do IFPI?,A vigência do PDTIC-2022/2024 foi prorrogada para o exercício de 2025.,Não encontrei essa informação no contexto fornecido.,0.08333333333333334,0.0,0.08333333333333334,0.08333333333333334,0.0,0.8213146328926086,0.798200786113739,0.8095927238464355,0.0,0.0,12.5387,4
10,52,bm25,"RESOLUÇÃO NORMATIVA Nº 236-2025-Prorroga o Plano Diretor de Tecnologia da Informação e Comunicação (PDTIC-2022-2024), do Instituto Federal de Educação, Ciência e Tecnologia do Piauí (IFPI) e Anexo.pdf",Qual resolução foi revogada pela Resolução Normativa nº 236 de 2025?,"Foi revogada a Resolução Normativa nº 133/2022 - CONSELHO SUPERIOR, de 29 de abril de 2022.","A Resolução Normativa nº 236 de 2025 revogou a Resolução Normativa nº 43/2021 - CONSELHO SUPERIOR, de 10 de junho de 2021.",0.48780487804878053,0.30769230769230765,0.48780487804878053,0.48780487804878053,0.24835336815593248,0.9547911882400513,0.9592360854148865,0.9570085406303406,0.5185185185185186,0.0,27.561,4
10,52,bm25,"RESOLUÇÃO NORMATIVA Nº 236-2025-Prorroga o Plano Diretor de Tecnologia da Informação e Comunicação (PDTIC-2022-2024), do Instituto Federal de Educação, Ciência e Tecnologia do Piauí (IFPI) e Anexo.pdf",Quais são as três fases da metodologia de elaboração do PDTIC descritas no documento?,"As três fases da metodologia de elaboração do PDTIC são Preparação, Diagnóstico e Planejamento.","As três fases da metodologia de elaboração do PDTIC são Preparação, Diagnóstico e Planejamento.",1.0,1.0,1.0,1.0,1.0,1.0,1.0,1.0,1.0,1.0,16.2435,4
10,52,bm25,"RESOLUÇÃO NORMATIVA Nº 236-2025-Prorroga o Plano Diretor de Tecnologia da Informação e Comunicação (PDTIC-2022-2024), do Instituto Federal de Educação, Ciência e Tecnologia do Piauí (IFPI) e Anexo.pdf",Em que guia se baseou a metodologia de elaboração do PDTIC do IFPI?,"A metodologia de elaboração do PDTIC do IFPI baseou-se no Guia de PDTIC do SISP, versão 2.0, adaptado à realidade do IFPI.","A metodologia de elaboração do PDTIC do IFPI baseou-se no Guia de PDTIC do SISP, versão 2.0, que foi adaptado à realidade da instituição.",0.8679245283018867,0.823529411764706,0.8679245283018867,0.8679245283018867,0.7488856162563027,0.9856879115104675,0.9934456944465637,0.9895516037940979,0.9,0.0,22.523,4
10,52,bm25,"RESOLUÇÃO NORMATIVA Nº 223-2024-Atualiza a Regulamentação do planejamento e o registro das atividades acadêmicas dos docentes da Carreira do Magistério do Ensino Básico, Técnico e Tecnológico do IFPI.pdf",Quais são os regimes de trabalho previstos para os docentes do EBTT no IFPI?,"Os regimes de trabalho previstos são 40 horas com dedicação exclusiva, 40 horas e 20 horas semanais.",Os regimes de trabalho previstos para os docentes do EBTT no IFPI são o tempo integral de 40 horas semanais ou o tempo parcial de 20 horas semanais.,0.5416666666666666,0.34782608695652173,0.5416666666666666,0.5416666666666666,0.22419056820298167,0.8977761268615723,0.9364239573478699,0.916692852973938,0.5714285714285714,0.0,21.8197,4
10,52,bm25,"RESOLUÇÃO NORMATIVA Nº 223-2024-Atualiza a Regulamentação do planejamento e o registro das atividades acadêmicas dos docentes da Carreira do Magistério do Ensino Básico, Técnico e Tecnológico do IFPI.pdf","Para cada hora de regência de aulas, quantas horas adicionais o docente computará para atividades de organização e apoio ao ensino?","Para cada hora de regência de aulas, o docente computará uma hora adicional para atividades de organização e apoio ao ensino.","Para cada hora de regência de aula, o docente deverá registrar uma hora de organização e apoio ao ensino.",0.8181818181818182,0.6666666666666666,0.8181818181818182,0.8181818181818182,0.5382008965108557,0.9565843343734741,0.9403003454208374,0.9483724236488342,0.787878787878788,0.0,16.6453,4
10,52,bm25,"RESOLUÇÃO NORMATIVA Nº 218-2024-Estab. normas, critérios e proc. para a participação de docentes (DE) em atividades remuneradas.pdf","Qual é o limite anual de horas para a participação esporádica remunerada em palestras, conferências e atividades artísticas e culturais de docentes em dedicação exclusiva?",O limite anual é de 30 horas.,"O limite anual de horas para a participação esporádica remunerada em palestras, conferências e atividades artísticas e culturais de docentes em dedicação exclusiva é de 30 horas.",0.3243243243243243,0.2857142857142857,0.3243243243243243,0.3243243243243243,0.16110518603734317,0.8159329891204834,0.9581412076950073,0.8813374042510986,0.4827586206896552,0.0,22.3311,4
10,52,bm25,"RESOLUÇÃO NORMATIVA Nº 218-2024-Estab. normas, critérios e proc. para a participação de docentes (DE) em atividades remuneradas.pdf",Qual é o limite de carga horária para atividades remuneradas eventuais previstas no artigo 7º da Resolução Normativa nº 218 de 2024?,As atividades remuneradas eventuais não podem exceder 8 horas semanais ou 416 horas anuais.,Não encontrei essa informação no contexto fornecido.,0.16666666666666669,0.09090909090909091,0.16666666666666669,0.16666666666666669,0.0,0.8233992457389832,0.8057843446731567,0.814496636390686,0.1,0.0,12.1348,4
10,52,bm25,"RESOLUÇÃO NORMATIVA Nº 217-2024-Atualiza o Regimento Interno da Comissão Permanente de Pessoal Docente (CPPD), no âmbito do Instituto Federal de Educação, Ciência e Tecnologia do Piauí (IFPI)..pdf",Como é composta a CPPD do IFPI em número de membros titulares e suplentes?,"A CPPD do IFPI é composta por 10 docentes, sendo 5 representantes titulares e 5 representantes suplentes.","A composição da Comissão Permanente de Pessoal Docente do IFPI é feita por chapas registradas, compostas por dois docentes, com indicação do titular e suplente.",0.27906976744186046,0.04878048780487805,0.27906976744186046,0.27906976744186046,0.0,0.8804346919059753,0.9170075058937073,0.8983490467071533,0.3684210526315789,0.0,21.404,4
10,52,bm25,"RESOLUÇÃO NORMATIVA Nº 217-2024-Atualiza o Regimento Interno da Comissão Permanente de Pessoal Docente (CPPD), no âmbito do Instituto Federal de Educação, Ciência e Tecnologia do Piauí (IFPI)..pdf",Qual é o mandato dos integrantes da CPPD do IFPI?,"O mandato dos integrantes da CPPD é de 4 anos, com possibilidade de uma única recondução por igual período.","Os membros da CPPD são designados pelo Reitor, após escolha pelos seus pares, para cumprirem um mandato de quatro anos, admitindo-se uma única reeleição para período subsequente, sem limite para mandatos alternados.",0.38596491228070173,0.1090909090909091,0.3157894736842105,0.3157894736842105,0.0,0.8508672118186951,0.9019008278846741,0.8756410479545593,0.32653061224489793,0.0,26.2534,4
10,52,bm25,"RESOLUÇÃO Nº 27-2024-Aprova  a criação do curso de Qualificação Profissional, de Formação Inicial e Continuada (FIC) em Aquicultor, no âmbito do IFPI e Anexo.pdf",Quantas vagas são ofertadas no curso FIC em Aquicultor?,O curso FIC em Aquicultor oferta 40 vagas.,Não encontrei essa informação no contexto fornecido.,0.11764705882352941,0.0,0.11764705882352941,0.11764705882352941,0.0,0.8231986165046692,0.8388471603393555,0.8309492468833923,0.0,0.0,12.1514,4
10,52,bm25,"RESOLUÇÃO Nº 27-2024-Aprova  a criação do curso de Qualificação Profissional, de Formação Inicial e Continuada (FIC) em Aquicultor, no âmbito do IFPI e Anexo.pdf",Qual é a forma de acesso ao curso FIC em Aquicultor?,A forma de acesso ao curso FIC em Aquicultor é por meio de sorteio.,"O acesso ao curso FIC em Aquicultor será por meio de edital de seleção, com processo seletivo realizado através de prova escrita específica.",0.5128205128205128,0.3783783783783784,0.46153846153846156,0.46153846153846156,0.24835336815593242,0.9104467034339905,0.9522331357002258,0.9308712482452393,0.5294117647058824,0.0,20.6915,4
10,52,tfidf,CURSO_SUPERIOR_DE_TECNOLOGIA_EM_ANÁLISE_E_DESENVOLVIMENTO_DE_SISTEMAS.pdf,Em que ano o Curso Superior de Tecnologia em Análise e Desenvolvimento de Sistemas foi criado no Campus de Picos?,O Curso Superior de Tecnologia em Análise e Desenvolvimento de Sistemas foi criado no Campus de Picos em 2013.,O Curso Superior de Tecnologia em Análise e Desenvolvimento de Sistemas foi criado no Campus de Picos em 2013.,1.0,1.0,1.0,1.0,1.0,0.9999999403953552,0.9999999403953552,0.9999999403953552,1.0,1.0,17.5953,4
10,52,tfidf,CURSO_SUPERIOR_DE_TECNOLOGIA_EM_ANÁLISE_E_DESENVOLVIMENTO_DE_SISTEMAS.pdf,Qual é a unidade de oferta do Curso Superior de Tecnologia em Análise e Desenvolvimento de Sistemas descrita no PPC?,A unidade de oferta do curso é o Campus Teresina Central.,"O Curso Superior de Tecnologia em Análise e Desenvolvimento de Sistemas é ofertado nos Campi Teresina Central, Floriano, Picos, Corrente, Pedro II e Parnaíba.",0.28571428571428575,0.06060606060606061,0.17142857142857143,0.17142857142857143,0.0,0.816821277141571,0.9077346920967102,0.8598816394805908,0.3636363636363636,0.0,23.5812,4
10,52,tfidf,CURSO_SUPERIOR_DE_TECNOLOGIA_EM_ANÁLISE_E_DESENVOLVIMENTO_DE_SISTEMAS.pdf,Qual é a carga horária total do Curso Superior de Tecnologia em Análise e Desenvolvimento de Sistemas?,A carga horária total do curso é de 2100 horas.,Não encontrei essa informação no contexto fornecido.,0.0,0.0,0.0,0.0,0.0,0.8249529004096985,0.8356121182441711,0.8302482962608337,0.0,0.0,12.8074,4
10,52,tfidf,CURSO_SUPERIOR_DE_TECNOLOGIA_EM_ANÁLISE_E_DESENVOLVIMENTO_DE_SISTEMAS.pdf,Quantas vagas por ano são ofertadas no Curso Superior de Tecnologia em Análise e Desenvolvimento de Sistemas?,O curso oferta 40 vagas por ano.,"No Campus de Floriano, o Curso Superior de Tecnologia em Análise e Desenvolvimento de Sistemas oferece 35 vagas no turno da tarde, enquanto no Campus de Picos são ofertadas 40 vagas no turno da noite para o ano de 2025.2.",0.2,0.08333333333333333,0.2,0.2,0.0,0.8188979625701904,0.9087571501731873,0.8614906072616577,0.2777777777777778,0.0,27.2353,4
10,52,tfidf,"RESOLUÇÃO Nº 14-2025-Aprova a Criação do Curso de Aperfeiçoamento Escola da Terra, no âmbito do Instituto Federal de Educação, Ciência e Tecnologia do Piauí (IFPI) e Anexo..pdf",Qual é a carga horária total do curso Escola da Terra?,A carga horária total do curso Escola da Terra é de 180 horas.,"O curso de Especialização Escola da Terra possui uma carga horária total de 495 horas, sendo 257 horas em Tempo-Universidade e 103 horas em Tempo-Escola/Comunidade.",0.4651162790697674,0.2439024390243903,0.27906976744186046,0.27906976744186046,0.0,0.8809854984283447,0.9372314810752869,0.9082384705543518,0.5142857142857142,0.0,27.0285,4
10,52,tfidf,"RESOLUÇÃO Nº 14-2025-Aprova a Criação do Curso de Aperfeiçoamento Escola da Terra, no âmbito do Instituto Federal de Educação, Ciência e Tecnologia do Piauí (IFPI) e Anexo..pdf",Qual é a meta física do curso Escola da Terra em número de vagas?,A meta física do curso Escola da Terra é de 120 vagas.,A meta física do curso Escola da Terra é de 60 vagas para professores da educação básica que atuam em escolas do campo e possuem certificação em curso de aperfeiçoamento.,0.4782608695652174,0.4090909090909091,0.4782608695652174,0.4782608695652174,0.2991528889155785,0.8609741926193237,0.9757529497146606,0.9147772192955017,0.5945945945945945,0.0,21.9461,4
10,52,tfidf,"RESOLUÇÃO Nº 14-2025-Aprova a Criação do Curso de Aperfeiçoamento Escola da Terra, no âmbito do Instituto Federal de Educação, Ciência e Tecnologia do Piauí (IFPI) e Anexo..pdf",Quando está previsto o início do curso Escola da Terra?,O início do curso Escola da Terra está previsto para março de 2025.,O início do Curso Aperfeiçoamento Escola da Terra está previsto para o primeiro semestre de 2024.,0.7878787878787877,0.5806451612903226,0.7878787878787877,0.7878787878787877,0.37709297891717664,0.8994907736778259,0.9575713872909546,0.9276228547096252,0.7857142857142856,0.0,17.1337,4
10,52,tfidf,"RESOLUÇÃO Nº 14-2025-Aprova a Criação do Curso de Aperfeiçoamento Escola da Terra, no âmbito do Instituto Federal de Educação, Ciência e Tecnologia do Piauí (IFPI) e Anexo..pdf",Quem é o coordenador do curso Escola da Terra?,O coordenador do curso Escola da Terra é Gilson Mendes Araújo.,Não encontrei essa informação no contexto fornecido.,0.09999999999999999,0.0,0.09999999999999999,0.09999999999999999,0.0,0.8250470161437988,0.8430057168006897,0.833929717540741,0.0,0.0,12.607,4
10,52,tfidf,"RESOLUÇÃO NORMATIVA Nº 236-2025-Prorroga o Plano Diretor de Tecnologia da Informação e Comunicação (PDTIC-2022-2024), do Instituto Federal de Educação, Ciência e Tecnologia do Piauí (IFPI) e Anexo.pdf",Para qual exercício foi prorrogada a vigência do PDTIC-2022/2024 do IFPI?,A vigência do PDTIC-2022/2024 foi prorrogada para o exercício de 2025.,"O Plano Diretor de Tecnologia da Informação e Comunicação (PDTIC-2022/2024) do IFPI teve a vigência prorrogada para o exercício de 2025, conforme estabelecido na Resolução Normativa nº 236.",0.5599999999999999,0.4166666666666667,0.4,0.4,0.1834283688193615,0.8566336035728455,0.9619570970535278,0.9062454700469971,0.5853658536585366,0.0,29.8034,4
10,52,tfidf,"RESOLUÇÃO NORMATIVA Nº 236-2025-Prorroga o Plano Diretor de Tecnologia da Informação e Comunicação (PDTIC-2022-2024), do Instituto Federal de Educação, Ciência e Tecnologia do Piauí (IFPI) e Anexo.pdf",Qual resolução foi revogada pela Resolução Normativa nº 236 de 2025?,"Foi revogada a Resolução Normativa nº 133/2022 - CONSELHO SUPERIOR, de 29 de abril de 2022.",Não encontrei essa informação no contexto fornecido.,0.15384615384615383,0.0,0.07692307692307691,0.07692307692307691,0.0,0.8195531368255615,0.7702820301055908,0.7941540479660034,0.0,0.0,8.8126,4
10,52,tfidf,"RESOLUÇÃO NORMATIVA Nº 236-2025-Prorroga o Plano Diretor de Tecnologia da Informação e Comunicação (PDTIC-2022-2024), do Instituto Federal de Educação, Ciência e Tecnologia do Piauí (IFPI) e Anexo.pdf",Quais são as três fases da metodologia de elaboração do PDTIC descritas no documento?,"As três fases da metodologia de elaboração do PDTIC são Preparação, Diagnóstico e Planejamento.","As três fases da metodologia de elaboração do PDTIC são Preparação, Diagnóstico e a fase de execução de processos específicos em harmonia com os instrumentos de planejamento da instituição.",0.6785714285714285,0.6296296296296297,0.6785714285714285,0.6785714285714285,0.42967728103447583,0.9086821675300598,0.9674482345581055,0.9371448755264282,0.717948717948718,0.0,21.318,4
10,52,tfidf,"RESOLUÇÃO NORMATIVA Nº 236-2025-Prorroga o Plano Diretor de Tecnologia da Informação e Comunicação (PDTIC-2022-2024), do Instituto Federal de Educação, Ciência e Tecnologia do Piauí (IFPI) e Anexo.pdf",Em que guia se baseou a metodologia de elaboração do PDTIC do IFPI?,"A metodologia de elaboração do PDTIC do IFPI baseou-se no Guia de PDTIC do SISP, versão 2.0, adaptado à realidade do IFPI.","A metodologia de elaboração do PDTIC do IFPI baseou-se em instrumentos de planejamento da instituição, como o Plano de Desenvolvimento Institucional, a Estratégia de Governança Digital e a Instrução Normativa SGD/ME nº 31/2021.",0.3939393939393939,0.3125,0.3939393939393939,0.3939393939393939,0.2112482780971751,0.8373352885246277,0.90305095911026,0.8689524531364441,0.37499999999999994,0.0,29.4037,4
10,52,tfidf,"RESOLUÇÃO NORMATIVA Nº 223-2024-Atualiza a Regulamentação do planejamento e o registro das atividades acadêmicas dos docentes da Carreira do Magistério do Ensino Básico, Técnico e Tecnológico do IFPI.pdf",Quais são os regimes de trabalho previstos para os docentes do EBTT no IFPI?,"Os regimes de trabalho previstos são 40 horas com dedicação exclusiva, 40 horas e 20 horas semanais.",Os regimes de trabalho previstos para os docentes do EBTT no IFPI são o tempo integral de 40 horas semanais e o tempo parcial de 20 horas semanais.,0.5833333333333334,0.34782608695652173,0.5833333333333334,0.5833333333333334,0.22872196013470597,0.8990827202796936,0.938060998916626,0.9181584119796753,0.6285714285714286,0.0,22.0655,4
10,52,tfidf,"RESOLUÇÃO NORMATIVA Nº 223-2024-Atualiza a Regulamentação do planejamento e o registro das atividades acadêmicas dos docentes da Carreira do Magistério do Ensino Básico, Técnico e Tecnológico do IFPI.pdf","Para cada hora de regência de aulas, quantas horas adicionais o docente computará para atividades de organização e apoio ao ensino?","Para cada hora de regência de aulas, o docente computará uma hora adicional para atividades de organização e apoio ao ensino.","Para cada hora de regência de aulas, o docente computará uma hora de organização e apoio ao ensino.",0.9302325581395349,0.8780487804878049,0.9302325581395349,0.9302325581395349,0.7854475723304021,0.992283821105957,0.9769299030303955,0.9845470190048218,0.9375,0.0,16.6119,4
10,52,tfidf,"RESOLUÇÃO NORMATIVA Nº 218-2024-Estab. normas, critérios e proc. para a participação de docentes (DE) em atividades remuneradas.pdf","Qual é o limite anual de horas para a participação esporádica remunerada em palestras, conferências e atividades artísticas e culturais de docentes em dedicação exclusiva?",O limite anual é de 30 horas.,"O limite anual de horas para a participação esporádica remunerada em palestras, conferências e atividades artísticas e culturais de docentes em dedicação exclusiva é de 30 horas.",0.3243243243243243,0.2857142857142857,0.3243243243243243,0.3243243243243243,0.16110518603734317,0.8159329891204834,0.9581412076950073,0.8813374042510986,0.4827586206896552,0.0,22.2193,4
10,52,tfidf,"RESOLUÇÃO NORMATIVA Nº 218-2024-Estab. normas, critérios e proc. para a participação de docentes (DE) em atividades remuneradas.pdf",Qual é o limite de carga horária para atividades remuneradas eventuais previstas no artigo 7º da Resolução Normativa nº 218 de 2024?,As atividades remuneradas eventuais não podem exceder 8 horas semanais ou 416 horas anuais.,Não encontrei essa informação no contexto fornecido.,0.16666666666666669,0.09090909090909091,0.16666666666666669,0.16666666666666669,0.0,0.8233992457389832,0.8057843446731567,0.814496636390686,0.1,0.0,13.5492,4
10,52,tfidf,"RESOLUÇÃO NORMATIVA Nº 217-2024-Atualiza o Regimento Interno da Comissão Permanente de Pessoal Docente (CPPD), no âmbito do Instituto Federal de Educação, Ciência e Tecnologia do Piauí (IFPI)..pdf",Como é composta a CPPD do IFPI em número de membros titulares e suplentes?,"A CPPD do IFPI é composta por 10 docentes, sendo 5 representantes titulares e 5 representantes suplentes.","A composição da Comissão Permanente de Pessoal Docente do IFPI é feita por membros titulares e suplentes, sendo que cada chapa no processo eleitoral é composta por dois docentes, com indicação do titular e do suplente.",0.3773584905660377,0.11764705882352941,0.2641509433962264,0.2641509433962264,0.0,0.8747634887695312,0.9236804842948914,0.898556649684906,0.47826086956521735,0.0,25.3044,4
10,52,tfidf,"RESOLUÇÃO NORMATIVA Nº 217-2024-Atualiza o Regimento Interno da Comissão Permanente de Pessoal Docente (CPPD), no âmbito do Instituto Federal de Educação, Ciência e Tecnologia do Piauí (IFPI)..pdf",Qual é o mandato dos integrantes da CPPD do IFPI?,"O mandato dos integrantes da CPPD é de 4 anos, com possibilidade de uma única recondução por igual período.",O contexto recuperado não apresenta informações sobre o período de mandato dos integrantes da CPPD do IFPI.,0.5,0.2631578947368421,0.3,0.3,0.19712779182815254,0.884350061416626,0.8682583570480347,0.8762302994728088,0.47058823529411764,0.0,16.0506,4
10,52,tfidf,"RESOLUÇÃO Nº 27-2024-Aprova  a criação do curso de Qualificação Profissional, de Formação Inicial e Continuada (FIC) em Aquicultor, no âmbito do IFPI e Anexo.pdf",Quantas vagas são ofertadas no curso FIC em Aquicultor?,O curso FIC em Aquicultor oferta 40 vagas.,O curso FIC em Aquicultor oferece um total de 40 vagas.,0.7368421052631579,0.588235294117647,0.7368421052631579,0.7368421052631579,0.4240125351805037,0.9459167718887329,0.9871349334716797,0.9660863876342773,0.7368421052631579,0.0,14.6929,4
10,52,tfidf,"RESOLUÇÃO Nº 27-2024-Aprova  a criação do curso de Qualificação Profissional, de Formação Inicial e Continuada (FIC) em Aquicultor, no âmbito do IFPI e Anexo.pdf",Qual é a forma de acesso ao curso FIC em Aquicultor?,A forma de acesso ao curso FIC em Aquicultor é por meio de sorteio.,"O curso FIC em Aquicultor tem como requisito de acesso o Ensino Fundamental I incompleto, do 1º ao 5º ano.",0.4242424242424242,0.2580645161290323,0.30303030303030304,0.30303030303030304,0.13817790393734294,0.868803858757019,0.9238361120223999,0.8954752683639526,0.4375,0.0,19.4938,4
