rodada,seed,metodo,documento,pergunta,resposta_esperada,resposta_gerada,contexto_recuperado,fontes_recuperadas,ranked_sources_initial,ranked_sources_final,rank_initial,rank_final,rr_initial,rr_final,hit@1,hit@3,hit@5,hit@10,recall@1,recall@3,recall@5,recall@10,source_in_final_context,n_retrieved_initial,n_retrieved_final,n_fontes,latencia_segundos
1,43,dense_no_rerank,CURSO_SUPERIOR_DE_TECNOLOGIA_EM_ANÁLISE_E_DESENVOLVIMENTO_DE_SISTEMAS.pdf,Em que ano o Curso Superior de Tecnologia em Análise e Desenvolvimento de Sistemas foi criado no Campus de Picos?,O Curso Superior de Tecnologia em Análise e Desenvolvimento de Sistemas foi criado no Campus de Picos em 2013.,O Curso Superior de Tecnologia em Análise e Desenvolvimento de Sistemas foi criado no Campus de Picos em 2013.,"[Trecho 1 | Fonte: CURSO_SUPERIOR_DE_TECNOLOGIA_EM_ANÁLISE_E_DESENVOLVIMENTO_DE_SISTEMAS.pdf]
do ano referido, com uma oferta de 64 vagas, distribuídas igualmente entres os turnos tarde e noite. Os cursos de Tecnologia da Informação foram aperfeiçoados e receberam outra denominação: Análise e Desenvolvimento de Sistemas. Em 2002 foi autorizado a criação do Curso Superior de Tecnologia em Análise e Desenvolvimento de Sistemas no Campus Teresina Central, em 2006 no Campus de Floriano, em 2013 no Campus de Picos, 2018 no Campus de Corrente, 2020 no Campus de Pedro II e o mais recente em Parnaíba que iniciou em 2022. 1.7 Justificativa de Oferta do Curso e demandas sociais no mundo do trabalho A identificação das necessidades de conhecimento, habilidades e atitudes apresenta-se como uma preocupação permanente das áreas/instituições envolvidas com a oferta de produtos/serviços de sistemas e processos de gestão empresarial. Independente do seu porte, não importando a área de atuação, as empresas necessitam de sistemas de informação para controlar e automatizar o fluxo de informação entre os seus setores internos, prestadores de serviços, fornecedores e apoio à decisão. Nesse sentido, o Curso Superior de Tecnologia em Análise e Desenvolvimento de Sistemas (ADS) contribuirá com essa demanda de profissionais para atuar no projeto e implementação de Sistemas de Informação de acordo com as necessidades institucionais, que coordenam as infraestruturas de tecnologia da informação, elaborando políticas e diretrizes a partir da análise de necessidades e, que, atuem na forma de

[Trecho 2 | Fonte: RESOLUÇÃO Nº 123-2025-Autoriza o Funcionamento do Curso Técnico Integrado ao Ensino Médio no Instituto Federal de Educação, Ciência e Tecnologia do Piauí (IFPI), no campus Picos..pdf]
Ministério da Educação Instituto Federal de Educação, Ciência e Tecnologia do Piauí IFPI Av. Jânio Quadros, 330, Santa Isabel, TERESINA / PI, CEP 64053-390 Fone: (86) 3131-1443 Site: www.ifpi.edu.br RESOLUÇÃO 123/2025 - CONSUP/OSUPCOL/REI/IFPI, de 18 de dezembro de 2025. Autoriza o funcionamento dos Cursos Técnicos Integrados ao Ensino Médio, no Ins>tuto Federal de Educação, Ciência e Tecnologia do Piauí (IFPI), Campus Picos. O Presidente do Conselho Superior do Ins>tuto Federal de Educação, Ciência e Tecnologia do Piauí, no uso de suas atribuições conferidas no Estatuto deste Ins>tuto Federal, aprovado pela Resolução Norma>va nº 59, de 20 de agosto de 2021, publicada no Diário Oﬁcial da União de 23 de agosto de 2021, considerando o processo nº 23172.003247/2025-78 e deliberação em reunião do dia 17 de dezembro de 2025, RESOLVE: RESOLVE: Art. 1º Autorizar o funcionamento dos Cursos Técnicos, articulados ao Ensino Médio, na forma integrada, no IFPI, Campus Picos, a par>r do primeiro semestre de 2026, conforme descrição abaixo: CAMPUS CAMPUS ENDEREÇO ENDEREÇO CURSO CURSO VAGAS VAGAS EIXO EIXO TECNOLÓGICO TECNOLÓGICO CARGA CARGA HORÁRIA HORÁRIA ATO DE ATO DE CRIAÇÃO/REFORMULAÇÃO CRIAÇÃO/REFORMULAÇÃO Gestão e Negócios 3312 h Resolução nº 112/2025 Av. Pedro Marques de Medeiros, S/N, bairro Pantanal, Picos - PI, CEP: 64605- 500 Administração Eletrotécnica Controle e Processos Industriais 3492 h Resolução nº 102/2025 40 Picos Informática Informação e Comunicação 3492 h Resolução nº

[Trecho 3 | Fonte: RESOLUÇÃO Nº 128-2024-Aprova a Criação do Curso Superior de Tecnologia em Sistemas para Internet, no âmbito do Instituto Federal de Educação, Ciência e Tecnologia do Piauí (IFPI) e Anexo.pdf]
base na maior nota obtida pelo candidato na Prova de Redação do Exame Nacional do Ensino Médio (ENEM) em um dos últimos quatro anos Médio, conforme dispõe o Art. 51 da Lei nº. 9394/96, respeitando-se a quantidade de vagas oferecidas em cada processo seletivo e as cotas previstas na Lei nº 12.711/2012, de 29 de agosto de 2012 (Lei de Cotas) - alterada pela Lei nº 13.409, de 28 de dezembro de 2016. CAPÍTULO 2 ORGANIZAÇÃO DIDÁTICO-PEDAGÓGICA E CERTIFICAÇÃO 2.1 POLÍTICAS INSTITUCIONAIS NO ÂMBITO DO CURSO O Curso Superior de Tecnologia em Sistemas para Internet foi criado com o objetivo de preparar proﬁssionais capacitados para atender às demandas crescentes do mercado, alinhando-se ao avanço tecnológico e ao contexto social e regional. Além disso, busca desenvolver fundamentos de empreendedorismo e oferecer a possibilidade de continuidade dos estudos em programas de pós-graduação. Além disso, e em atendimento aos princípios norteadores da educação profissional tecnológica, o curso privilegia o desenvolvimento do espírito científico, para que haja compreensão do processo tecnológico no qual o aluno está envolvido e não a simples repetição de procedimentos; e principalmente, incentiva a produção e inovação científico-tecnológica, e suas aplicações no mundo do trabalho, direcionando o currículo para a formação de umperfil profissional que atenda às demandas dos cidadãos, do mercado de trabalho e da sociedade. A partir dessas diretrizes, a concepção do curso ora proposto, envereda

[Trecho 4 | Fonte: RESOLUÇÃO NORMATIVA Nº 196-2024 - Atualiza a Estrutura Organizacional do Instituto Federal de Educação, Ciência e Tecnologia do Piauí (IFPI) e Anexo -  REVOGADA PELA RESOLUÇÃO NORMATIVA Nº 224_2024 .pdf]
do Curso de Bacharelado em Administração Coordenador 01 FCC 3.6.2.8. Coordenadoria do Curso de Bacharelado em Zootecnia Coordenador 01 FCC 3.6.2.9. Coordenadoria Geral de Apoio ao Ensino Coordenador 01 FG-1 3.6.2.10. Coordenadoria Pedagógica Coordenador 01 FG-2 3.6.2.11. Coordenadoria de Biblioteca Coordenador 01 FG-2 3.6.2.12. Coordenadoria de Controle Acadêmico Coordenador 01 FG-2 3.6.2.13. Coordenadoria do NAPNE Coordenador 01 FG-1 3.6.3. Departamento de Administração e Planejamento Chefe de Departamento 01 CD-4 3.6.3.1. Coordenadoria de Orçamento, Contabilidade e Finanças Coordenador 01 FG-2 3.6.3.2. Coordenadoria de Compras e Licitação Coordenador 01 FG-1 3.6.3.3. Coordenadoria de Patrimônio e Almoxarifado Coordenador 01 FG-2 3.6.4. Coordenadoria de Extensão Coordenador 01 FG-1 3.6.5. Coordenadoria de Pesquisa, Pós-Graduação e Inovação Coordenador 01 FG-2 3.6.6. Coordenadoria de Gestão de Pessoas Coordenador 01 FG-2 3.6.7. Coordenadoria de Tecnologia da Informação Coordenador 01 FG-2 Campus Picos 3.7. Diretoria-Geral do Campus Picos Diretor-Geral 01 CD-2 3.7.1. Gabinete da Diretoria-Geral Chefe de Gabinete 01 FG-2 3.7.2. Diretoria de Ensino Diretor 01 CD-3 3.7.2.1. Coordenadoria do Curso Técnico em Administração Coordenador 01 FCC 3.7.2.2. Coordenadoria do Curso Técnico Desenvolvimento de Sistemas Coordenador 01 FCC 3.7.2.3. Coordenadoria do Curso Técnico em Eletrotécnica Coordenador 01 FCC 3.7.2.4. Coordenadoria do Curso Técnico em Informática em Coordenador 01 FCC","[""CURSO_SUPERIOR_DE_TECNOLOGIA_EM_ANÁLISE_E_DESENVOLVIMENTO_DE_SISTEMAS.pdf"", ""RESOLUÇÃO Nº 123-2025-Autoriza o Funcionamento do Curso Técnico Integrado ao Ensino Médio no Instituto Federal de Educação, Ciência e Tecnologia do Piauí (IFPI), no campus Picos..pdf"", ""RESOLUÇÃO Nº 128-2024-Aprova a Criação do Curso Superior de Tecnologia em Sistemas para Internet, no âmbito do Instituto Federal de Educação, Ciência e Tecnologia do Piauí (IFPI) e Anexo.pdf"", ""RESOLUÇÃO NORMATIVA Nº 196-2024 - Atualiza a Estrutura Organizacional do Instituto Federal de Educação, Ciência e Tecnologia do Piauí (IFPI) e Anexo -  REVOGADA PELA RESOLUÇÃO NORMATIVA Nº 224_2024 .pdf""]","[""CURSO_SUPERIOR_DE_TECNOLOGIA_EM_ANÁLISE_E_DESENVOLVIMENTO_DE_SISTEMAS.pdf"", ""RESOLUÇÃO Nº 123-2025-Autoriza o Funcionamento do Curso Técnico Integrado ao Ensino Médio no Instituto Federal de Educação, Ciência e Tecnologia do Piauí (IFPI), no campus Picos..pdf"", ""RESOLUÇÃO Nº 128-2024-Aprova a Criação do Curso Superior de Tecnologia em Sistemas para Internet, no âmbito do Instituto Federal de Educação, Ciência e Tecnologia do Piauí (IFPI) e Anexo.pdf"", ""RESOLUÇÃO NORMATIVA Nº 196-2024 - Atualiza a Estrutura Organizacional do Instituto Federal de Educação, Ciência e Tecnologia do Piauí (IFPI) e Anexo -  REVOGADA PELA RESOLUÇÃO NORMATIVA Nº 224_2024 .pdf"", ""RESOLUÇÃO Nº 37-2024-Aprova a criação do curso de Especialização em Gestão Escolar, modalidade de Educação a Distância (EaD), no âmbito do IFPI e Anexo.pdf"", ""CURSO_SUPERIOR_DE_TECNOLOGIA_EM_ANÁLISE_E_DESENVOLVIMENTO_DE_SISTEMAS.pdf"", ""RESOLUÇÃO Nº 59-2025- Aprova a Criação do Curso de Licenciatura em  Pedagogia,  no âmbito do Instituto Federal de Educação, Ciência e Tecnologia do Piauí (IFPI) e Anexo.pdf""]","[""CURSO_SUPERIOR_DE_TECNOLOGIA_EM_ANÁLISE_E_DESENVOLVIMENTO_DE_SISTEMAS.pdf"", ""RESOLUÇÃO Nº 123-2025-Autoriza o Funcionamento do Curso Técnico Integrado ao Ensino Médio no Instituto Federal de Educação, Ciência e Tecnologia do Piauí (IFPI), no campus Picos..pdf"", ""RESOLUÇÃO Nº 128-2024-Aprova a Criação do Curso Superior de Tecnologia em Sistemas para Internet, no âmbito do Instituto Federal de Educação, Ciência e Tecnologia do Piauí (IFPI) e Anexo.pdf"", ""RESOLUÇÃO NORMATIVA Nº 196-2024 - Atualiza a Estrutura Organizacional do Instituto Federal de Educação, Ciência e Tecnologia do Piauí (IFPI) e Anexo -  REVOGADA PELA RESOLUÇÃO NORMATIVA Nº 224_2024 .pdf"", ""RESOLUÇÃO Nº 37-2024-Aprova a criação do curso de Especialização em Gestão Escolar, modalidade de Educação a Distância (EaD), no âmbito do IFPI e Anexo.pdf"", ""CURSO_SUPERIOR_DE_TECNOLOGIA_EM_ANÁLISE_E_DESENVOLVIMENTO_DE_SISTEMAS.pdf"", ""RESOLUÇÃO Nº 59-2025- Aprova a Criação do Curso de Licenciatura em  Pedagogia,  no âmbito do Instituto Federal de Educação, Ciência e Tecnologia do Piauí (IFPI) e Anexo.pdf""]",1.0,1.0,1.0,1.0,1.0,1.0,1.0,1.0,1.0,1.0,1.0,1.0,1.0,7,7,4,3.7981
1,43,dense_no_rerank,CURSO_SUPERIOR_DE_TECNOLOGIA_EM_ANÁLISE_E_DESENVOLVIMENTO_DE_SISTEMAS.pdf,Qual é a unidade de oferta do Curso Superior de Tecnologia em Análise e Desenvolvimento de Sistemas descrita no PPC?,A unidade de oferta do curso é o Campus Teresina Central.,A unidade da oferta do Curso Superior de Tecnologia em Análise e Desenvolvimento de Sistemas é o Campus Teresina Central.,"[Trecho 1 | Fonte: CURSO_SUPERIOR_DE_TECNOLOGIA_EM_ANÁLISE_E_DESENVOLVIMENTO_DE_SISTEMAS.pdf]
Cursos Superiores de Tecnologia, com vistas a instituir um referencial sobre os referidos cursos capaz de balizar os processos administrativos de regulação e as políticas e procedimentos de avaliação desses cursos) e com a legislação vigente. O projeto pedagógico do curso constitui-se num instrumento de gestão em prol da formação profissional e tecnológica , e como tal encontra-se explicitado em suas dimensões didático-pedagógica e administrativa. A organização curricular fundamenta-se no compromisso ético do IFPI em relação à concretização do perfil do egresso, que é definido pela explicitação dos conhecimentos e saberes que compõem a correspondente formação. Nesse sentido, o presente documento apresenta o Projeto Pedagógico do Curso Superior de Tecnologia em Análise e Desenvolvimento de Sistemas do Instituto Federal do Piauí. O PPC aqui construído é fruto de um processo de reflexão, discussão coletiva, democrática, que contou com a participação dos professores e da comunidade acadêmica, numa afirmação de identidade e legitimidade. A proposta aqui apresentada vem responder às necessidades de formação profissional e tecnológica no eixo de Tecnologia da Informação. Este documento foi construído nos termos das Diretrizes Curriculares Nacionais Gerais para a Educação Profissional e Tecnológica e demais regulamentações definidas pelo Conselho Nacional de Educação, órgão normativo do Ministério da Educação. O presente Projeto Pedagógico de Curso apresenta, portanto, a organização

[Trecho 2 | Fonte: CURSO_SUPERIOR_DE_TECNOLOGIA_EM_ANÁLISE_E_DESENVOLVIMENTO_DE_SISTEMAS.pdf]
será realizado processo de Chamada Pública, com a seleção de candidatos para provimento das vagas remanescentes com base na maior nota obtida pelo candidato na Prova de Redação do Exame Nacional do Ensino Médio (ENEM) em um dos últimos quatro anos Médio, conforme dispõe o Art. 51 da Lei nº. 9394/96, respeitando-se a quantidade de vagas oferecidas em cada processo seletivo e as cotas previstas na Lei nº 12.711/2012, de 29 de agosto de 2012 (Lei de Cotas) - alterada pela Lei nº 13.409, de 28 de dezembro de 2016. 1.9 Informações do Curso Denominação: Curso Superior de Tecnologia em Análise e Desenvolvimento de Sistemas Modalidade: Tecnologia Documentos Legais Autorização: Portaria Nº 198, de 15 de Setembro de 2002. Reconhecimento: Portaria Nº 209, de 28 de Fevereiro de 2011 (publicado no DOU 03/03/2011). Renovação de Reconhecimento: Portaria Nº 1095, de 24 de dezembro de 2015 (publicado no DOU 30/12/2015). Oferta de Vagas Quantidade por ano: 40 vagas Turno: Vespertino Regime de matrícula: Semestral Carga Horária Disciplina obrigatórias: 2000 horas Atividades complementares: 100 horas Total: 2100 horas Integralização: 5 (cinco) semestres Unidade da oferta: Campus Teresina Central Endereço da oferta: Rua Álvaro Mendes no 1597, Centro, Cep: 64000-040, Teresina-PI Capítulo 2. Organização Didático-Pedagógica e Certificação 2.1 Políticas Institucionais no Âmbito do Curso O Instituto Federal do Piauí (IFPI) atua no desenvolvimento de programas e projetos de ensino, pesquisa e na

[Trecho 3 | Fonte: RESOLUÇÃO Nº 86-2024-Aprova a Criação do Curso Técnico em Administração EaD, concomitante-subsequente, no âmbito do IFPI e Anexo.pdf]
as demandas do mercado de trabalho. O aluno deve desenvolver competências e habilidades que o preparem para atuar em diferentes funções administrativas. O conteúdo programático do curso Técnico de Administração na modalidade a distância deve contemplar os principais temas da Administração, como planejamento, organização, direção e controle. O conteúdo deve ser atualizado de acordo com as tendências do mercado e as necessidades das organizações. As metodologias de ensino utilizadas no curso Técnico de Administração na modalidade a distância devem ser adequadas à modalidade. As metodologias devem promover a aprendizagem ativa e o desenvolvimento de competências e habilidades. Com base na justificativa apresentada, é possível concluir que o PPC de Técnico Concomitante Subsequente de Administração na modalidade a distância é uma proposta de educação de qualidade, acessível e inovadora. O curso oferece uma formação sólida em Administração, preparando os alunos para atuarem em diferentes áreas do mercado de trabalho, com a possibilidade de exercer funções de gestão e supervisão, bem como a criação e gestão do próprio negócio, conduzindo ao desenvolvimento econômico e social da região onde atua. 2.2 Objetivos 2.2.1 Objetivo Geral O Curso Técnico em Administração na forma concomitante/subsequente na modalidade a distância tem como objetivo oferecer a preparação básica para o trabalho e a cidadania do educando para que o mesmo possa continuar aprendendo, de modo a ser capaz de se

[Trecho 4 | Fonte: RESOLUÇÃO Nº 1-2024 - Aprova a Criação do  Curso Técnico em Analises Clinicas - Integrado ao Médio, no IFPI.pdf]
Acesso em: 19 set. 2022. UFDPAR. Comissão conclui projeto do Hospital Universitário do Delta do Parnaíba. Disponível em: <https://ufpi.br/ultimas-noticias-parnaiba/44578-comissao-conclui-projeto-do- hospital-universitario-do-delta-do-parnaiba>. Acesso em: 19 set. 2022. ZPE. Parnaíba e região: uma terra cheia de oportunidades. Disponível em: <https://zpeparnaiba.com/pagina/zpe-parnaiba>. Acesso em: 19 set. 2022. ZPE. Parnaíba polo regional - ZPE. Disponível em: <https://zpeparnaiba.com/pagina/parnaiba-polo-regional>. Acesso em: 19 set. 2022. PPC Análises Clínicas - INTEGRADO - Com as Correções da Pedagogia Assunto: PPC Análises Clínicas - INTEGRADO - Com as Correções da Pedagogia Assinado por: Nalva Sousa Tipo do Documento: Projeto Situação: Finalizado Nível de Acesso: Público Tipo do Conferência: Documento Original Documento assinado eletronicamente por: Nalva Maria Rodrigues de Sousa, DIRETOR(A) - CD4 - DIETEC-IFPI, em 02/01/2024 08:01:35. Este documento foi armazenado no SUAP em 02/01/2024. Para comprovar sua integridade, faça a leitura do QRCode ao lado ou acesse https://suap.ifpi.edu.br/verificar-documento-externo/ e forneça os dados abaixo: Código Verificador: 443569 Código de Autenticação: 1278282a6b PPC do Curso Técnico em Análises Clínicas Integrado Assunto: PPC do Curso Técnico em Análises Clínicas Integrado Assinado por: Nalva Sousa Tipo do Documento: Projeto Situação: Finalizado Nível de Acesso: Público Tipo do Conferência: Documento Original Documento assinado","[""CURSO_SUPERIOR_DE_TECNOLOGIA_EM_ANÁLISE_E_DESENVOLVIMENTO_DE_SISTEMAS.pdf"", ""CURSO_SUPERIOR_DE_TECNOLOGIA_EM_ANÁLISE_E_DESENVOLVIMENTO_DE_SISTEMAS.pdf"", ""RESOLUÇÃO Nº 86-2024-Aprova a Criação do Curso Técnico em Administração EaD, concomitante-subsequente, no âmbito do IFPI e Anexo.pdf"", ""RESOLUÇÃO Nº 1-2024 - Aprova a Criação do  Curso Técnico em Analises Clinicas - Integrado ao Médio, no IFPI.pdf""]","[""CURSO_SUPERIOR_DE_TECNOLOGIA_EM_ANÁLISE_E_DESENVOLVIMENTO_DE_SISTEMAS.pdf"", ""CURSO_SUPERIOR_DE_TECNOLOGIA_EM_ANÁLISE_E_DESENVOLVIMENTO_DE_SISTEMAS.pdf"", ""RESOLUÇÃO Nº 86-2024-Aprova a Criação do Curso Técnico em Administração EaD, concomitante-subsequente, no âmbito do IFPI e Anexo.pdf"", ""RESOLUÇÃO Nº 1-2024 - Aprova a Criação do  Curso Técnico em Analises Clinicas - Integrado ao Médio, no IFPI.pdf"", ""CURSO_SUPERIOR_DE_TECNOLOGIA_EM_ANÁLISE_E_DESENVOLVIMENTO_DE_SISTEMAS.pdf"", ""RESOLUÇÃO Nº 128-2024-Aprova a Criação do Curso Superior de Tecnologia em Sistemas para Internet, no âmbito do Instituto Federal de Educação, Ciência e Tecnologia do Piauí (IFPI) e Anexo.pdf"", ""CURSO_SUPERIOR_DE_TECNOLOGIA_EM_ANÁLISE_E_DESENVOLVIMENTO_DE_SISTEMAS.pdf"", ""RESOLUÇÃO Nº 16-2025-Atualiza  a Reformulação do Curso Técnico de Nível Médio em Cuidados de Idosos, no âmbito do Instituto Federal de Educação, Ciência e Tecnologia do Piauí (IFPI) e Anexo..pdf"", ""RESOLUÇÃO Nº 1-2024 - Aprova a Criação do  Curso Técnico em Analises Clinicas - Integrado ao Médio, no IFPI.pdf"", ""RESOLUÇÃO Nº 43-2025-Aprova a Criação do Curso de Especialização em Educação a Distância, na Educação Profissional e Tecnológica, no IFPI e Anexo.pdf""]","[""CURSO_SUPERIOR_DE_TECNOLOGIA_EM_ANÁLISE_E_DESENVOLVIMENTO_DE_SISTEMAS.pdf"", ""CURSO_SUPERIOR_DE_TECNOLOGIA_EM_ANÁLISE_E_DESENVOLVIMENTO_DE_SISTEMAS.pdf"", ""RESOLUÇÃO Nº 86-2024-Aprova a Criação do Curso Técnico em Administração EaD, concomitante-subsequente, no âmbito do IFPI e Anexo.pdf"", ""RESOLUÇÃO Nº 1-2024 - Aprova a Criação do  Curso Técnico em Analises Clinicas - Integrado ao Médio, no IFPI.pdf"", ""CURSO_SUPERIOR_DE_TECNOLOGIA_EM_ANÁLISE_E_DESENVOLVIMENTO_DE_SISTEMAS.pdf"", ""RESOLUÇÃO Nº 128-2024-Aprova a Criação do Curso Superior de Tecnologia em Sistemas para Internet, no âmbito do Instituto Federal de Educação, Ciência e Tecnologia do Piauí (IFPI) e Anexo.pdf"", ""CURSO_SUPERIOR_DE_TECNOLOGIA_EM_ANÁLISE_E_DESENVOLVIMENTO_DE_SISTEMAS.pdf"", ""RESOLUÇÃO Nº 16-2025-Atualiza  a Reformulação do Curso Técnico de Nível Médio em Cuidados de Idosos, no âmbito do Instituto Federal de Educação, Ciência e Tecnologia do Piauí (IFPI) e Anexo..pdf"", ""RESOLUÇÃO Nº 1-2024 - Aprova a Criação do  Curso Técnico em Analises Clinicas - Integrado ao Médio, no IFPI.pdf"", ""RESOLUÇÃO Nº 43-2025-Aprova a Criação do Curso de Especialização em Educação a Distância, na Educação Profissional e Tecnológica, no IFPI e Anexo.pdf""]",1.0,1.0,1.0,1.0,1.0,1.0,1.0,1.0,1.0,1.0,1.0,1.0,1.0,10,10,4,3.4666
1,43,dense_no_rerank,CURSO_SUPERIOR_DE_TECNOLOGIA_EM_ANÁLISE_E_DESENVOLVIMENTO_DE_SISTEMAS.pdf,Qual é a carga horária total do Curso Superior de Tecnologia em Análise e Desenvolvimento de Sistemas?,A carga horária total do curso é de 2100 horas.,A carga horária total do Curso Superior de Tecnologia em Sistemas para Internet é de 2.100 horas.,"[Trecho 1 | Fonte: RESOLUÇÃO Nº 9-2024-Aprova a Reformulação do  Curso Técnico de Nível Médio em Informática, Concomitante-Subsequente, do IFPI e Anexo.pdf]
Elaini Simoni. Banco de dados. Curitiba: LT, 2010. ● SADALAGE, Pramod J.; FOWLER, Martin. NoSQL Essencial: um guia conciso para mundo emergente da persistência poliglota. São Paulo: Novatec, 2013 Bibliografia Complementar: ● ANGELOTTI, Elaini Simoni. Banco de dados. Curitiba: LT, 2010. ● PANIZ, David. NoSQL: Como armazenar os dados de uma aplicação moderna.Casa do Código, 2016. ● HOWS, David, MEMBREY, Peter, PLUGGE, Eelco. Introdução ao Mongodb.Novatec, 2015. ● HEUSER, C. A. Projeto de Bancos de Dados. 6 ed. Porto Alegre: Sagra Luzzatto,2017. ● SILBERSCHATZ, A. KORTH, H. F. e SUDARSHAN, S. Sistemas de Bancos de Dados. 6 ed. São Paulo: Makron Books, 2016. Módulo 03: Tópicos Especiais em Desenvolvimento 4 aulas semanais, carga horária: [Teórica: 40h, Prática: 40h, TOTAL: 80h] Objetivo Geral: Manter-se atualizado com o estado da arte em Desenvolvimento de Sistemas. Estudar de tecnologias emergentes para o desenvolvimento de aplicações e/ou sistemas da informação. Ementa: Abordagem de conceitos envolvendo tecnologias inovadoras que proporcionem estudo, análise e desenvolvimento de aplicações e/ou produto contextualizando práticas de ensino, pesquisa e extensão, com propósito de manter o corpo discente contextualizado com as novas tendências tecnológicas como por exemplo, arquitetura web moderna, computação gráfica, computação móvel, realidade virtual ou conteúdos que abordam outros conceitos atuais. Bibliografia Básica: ● ALVES William Pereira. Desenvolvimento de Aplicações Web

[Trecho 2 | Fonte: RESOLUÇÃO Nº 128-2024-Aprova a Criação do Curso Superior de Tecnologia em Sistemas para Internet, no âmbito do Instituto Federal de Educação, Ciência e Tecnologia do Piauí (IFPI) e Anexo.pdf]
criativas. 2.4 ORGANIZAÇÃO E CONSTRUÇÃO DAS DISCIPLINAS A organização curricular do curso de Tecnologia em Sistemas para Internet observa as determinações legais, do Catálogo Nacional de Cursos Superiores de Tecnologia – 4ª edição (4ª edição 06/06/2024); bem como as diretrizes definidas no Projeto Pedagógico Institucional do IFPI. Os componentes curriculares estão organizados de forma a atender os requisitos legais e o perﬁl do egresso, e serão desenvolvidos através de aulas teóricas e/ou práticas, Atividades Complementares, Atividades de Extensão (Curricularização da Extensão) e Trabalho de Conclusão de Curso (TCC). Distribuem-se em 05 (cinco) módulos semestrais, perfazendo, no total, uma carga horária de 2.100 (duas mil e cem) horas, que se apresenta distribuída da seguinte forma: a) Disciplinas obrigatórias de caráter teórico e/ou prático (2.000 horas): apresentadas numa sequência recomendada, considerando os pré-requisitos de conhecimento. Foram construídas a partir dos referenciais curriculares de formação geral e específica para a Área Tecnológica de Desenvolvimento de Sistemas (Sistemas para a Internet), do perfil profissional pretendido para o egresso do curso e nas descrições constantes do eixo tecnológico de “Informação e Comunicação”, do Catálogo Nacional de Cursos Superiores de Tecnologia. b) Disciplinas da Curricularização da Extensão (200 horas): É entendido como fundamental na formação do aluno e viabiliza a permanente ligação do curso com o meio produtivo e

[Trecho 3 | Fonte: RESOLUÇÃO Nº 15-2025-Aprova  a Reformulação do Curso Técnico de Nível Médio em Informática para Internet, no âmbito do Instituto Federal de Educação, Ciência e Tecnologia do Piauí (IFPI) e Anexo..pdf]
Horária Total (Semana/Módulo) 17 340 Programação Orientada a Objetos 3 60 Banco de Dados 3 60 Engenharia de Software 2 40 Segurança da Informação 2 40 Programação Avançada para Web 4 80 Interface Humano-Computador 2 40 Leitura e Produção Textual 1 20 Carga Horária Total (Semana/Módulo) 17 340 Ética 1 20 Tópicos Especiais em Informática 3 60 Projeto de Banco de Dados 3 60 Sistemas Distribuídos e Infraestrutura de Rede 3 60 Empreendedorismo 2 40 Desenvolvimento para dispositivos 4 80 Carga Horária Total (Semana/Módulo) 16 320 CARGA HORÁRIA TOTAL DO CURSO 1000 OBS: Hora-aula de 60 minutos. AS = Aulas semanais. CHP = Carga Horária Presencial. CH EAD = Carga Horária Ensino a Distância CHT = Carga Horária Total da Disciplina. Concomitante/Subsequente aqui proposto observa as determinações legais presentes na Lei de Diretrizes e Bases da Educação Nacional (LDBEN) Nº 9.394/96 e atualizada pela Lei Nº 11.741/08, bem como, nas Resoluções nº 6, de 20 de setembro de 2012, que define as Diretrizes Curriculares Nacionais para a Educação Profissional Técnica de Nível Médio, Resolução Nº 2, de 30 de janeiro de 2012, que define as Diretrizes Curriculares Nacionais para o Ensino Médio. O Curso Técnico de Nível Médio em Informática para Internet Concomitante/Subsequente está organizado em 3 semestres que se compõem em disciplinas técnicas específicas da área. 5.2 Ementas e Bibliografia Básica e Complementar O quadro a seguir contém as ementas, cargas horárias e as bibliografias de todas as

[Trecho 4 | Fonte: RESOLUÇÃO Nº 107-2025-Aprova a reformulação do Curso Técnico em Análises Clínicas Integrado ao Ensino Médio, no âmbito do IFPI e Anexo-.pdf]
que instrumentalizam: domínios intelectuais das tecnologias pertinentes ao eixo tecnológico do curso; fundamentos instrumentais de cada habilitação; e fundamentos que contemplam as atribuições funcionais previstas nas legislações específicas referentes à formação técnica profissional, em particular o Catálogo Nacional de Cursos Técnicos. NÚCLEO INTEGRADOR: trata-se de um espaço da organização curricular ao qual se destinam as unidades curriculares para o aprofundamento e integração de estudos de conteúdos do Núcleo Básico diretamente relacionados ao Núcleo Tecnológico, ou seja, conhecimentos e habilidades inerentes à educação básica e profissional técnica e que possuem maior área de integração com as demais unidades curriculares do curso em relação ao perfil do egresso. Corresponde ao Eixo Tecnológico em que se situa o curso e compreende os fundamentos científicos, sociais, organizacionais, econômicos, políticos, culturais, ambientais, estéticos e éticos que alicerçam as tecnologias e a contextualização de tal eixo no sistema de produção social, de modo a promover a integração dos conhecimentos por meio da superação da mera justaposição de saberes. 7.2 ESTRUTURA CURRICULAR DO CURSO Quanto à estrutura curricular, o Curso Técnico em Análises Clínicas Integrado ao Ensino Médioestá organizado em 3 (três) séries anuais, com carga horária total máxima de 3492horas. A carga horária mínima anual é de 1.000 (mil) horas, distribuídas por, no mínimo, 200 (duzentos) dias letivos de","[""RESOLUÇÃO Nº 9-2024-Aprova a Reformulação do  Curso Técnico de Nível Médio em Informática, Concomitante-Subsequente, do IFPI e Anexo.pdf"", ""RESOLUÇÃO Nº 128-2024-Aprova a Criação do Curso Superior de Tecnologia em Sistemas para Internet, no âmbito do Instituto Federal de Educação, Ciência e Tecnologia do Piauí (IFPI) e Anexo.pdf"", ""RESOLUÇÃO Nº 15-2025-Aprova  a Reformulação do Curso Técnico de Nível Médio em Informática para Internet, no âmbito do Instituto Federal de Educação, Ciência e Tecnologia do Piauí (IFPI) e Anexo..pdf"", ""RESOLUÇÃO Nº 107-2025-Aprova a reformulação do Curso Técnico em Análises Clínicas Integrado ao Ensino Médio, no âmbito do IFPI e Anexo-.pdf""]","[""RESOLUÇÃO Nº 9-2024-Aprova a Reformulação do  Curso Técnico de Nível Médio em Informática, Concomitante-Subsequente, do IFPI e Anexo.pdf"", ""RESOLUÇÃO Nº 128-2024-Aprova a Criação do Curso Superior de Tecnologia em Sistemas para Internet, no âmbito do Instituto Federal de Educação, Ciência e Tecnologia do Piauí (IFPI) e Anexo.pdf"", ""RESOLUÇÃO Nº 15-2025-Aprova  a Reformulação do Curso Técnico de Nível Médio em Informática para Internet, no âmbito do Instituto Federal de Educação, Ciência e Tecnologia do Piauí (IFPI) e Anexo..pdf"", ""RESOLUÇÃO Nº 107-2025-Aprova a reformulação do Curso Técnico em Análises Clínicas Integrado ao Ensino Médio, no âmbito do IFPI e Anexo-.pdf"", ""RESOLUÇÃO Nº 112-2025- Aprova a reformulação do Curso Técnico em Administração Integrado ao Ensino Médio, no âmbiro do IFPI e Anexo-.pdf"", ""RESOLUÇÃO Nº 128-2024-Aprova a Criação do Curso Superior de Tecnologia em Sistemas para Internet, no âmbito do Instituto Federal de Educação, Ciência e Tecnologia do Piauí (IFPI) e Anexo.pdf"", ""RESOLUÇÃO Nº 103-2025-Aprova a reformulação do Curso Técnico em Eletrônica Integrado ao Ensino Médio, no âmbito do IFPI e Anexo.pdf"", ""RESOLUÇÃO Nº 112-2025- Aprova a reformulação do Curso Técnico em Administração Integrado ao Ensino Médio, no âmbiro do IFPI e Anexo-.pdf"", ""CURSO_SUPERIOR_DE_TECNOLOGIA_EM_ANÁLISE_E_DESENVOLVIMENTO_DE_SISTEMAS.pdf""]","[""RESOLUÇÃO Nº 9-2024-Aprova a Reformulação do  Curso Técnico de Nível Médio em Informática, Concomitante-Subsequente, do IFPI e Anexo.pdf"", ""RESOLUÇÃO Nº 128-2024-Aprova a Criação do Curso Superior de Tecnologia em Sistemas para Internet, no âmbito do Instituto Federal de Educação, Ciência e Tecnologia do Piauí (IFPI) e Anexo.pdf"", ""RESOLUÇÃO Nº 15-2025-Aprova  a Reformulação do Curso Técnico de Nível Médio em Informática para Internet, no âmbito do Instituto Federal de Educação, Ciência e Tecnologia do Piauí (IFPI) e Anexo..pdf"", ""RESOLUÇÃO Nº 107-2025-Aprova a reformulação do Curso Técnico em Análises Clínicas Integrado ao Ensino Médio, no âmbito do IFPI e Anexo-.pdf"", ""RESOLUÇÃO Nº 112-2025- Aprova a reformulação do Curso Técnico em Administração Integrado ao Ensino Médio, no âmbiro do IFPI e Anexo-.pdf"", ""RESOLUÇÃO Nº 128-2024-Aprova a Criação do Curso Superior de Tecnologia em Sistemas para Internet, no âmbito do Instituto Federal de Educação, Ciência e Tecnologia do Piauí (IFPI) e Anexo.pdf"", ""RESOLUÇÃO Nº 103-2025-Aprova a reformulação do Curso Técnico em Eletrônica Integrado ao Ensino Médio, no âmbito do IFPI e Anexo.pdf"", ""RESOLUÇÃO Nº 112-2025- Aprova a reformulação do Curso Técnico em Administração Integrado ao Ensino Médio, no âmbiro do IFPI e Anexo-.pdf"", ""CURSO_SUPERIOR_DE_TECNOLOGIA_EM_ANÁLISE_E_DESENVOLVIMENTO_DE_SISTEMAS.pdf""]",9.0,9.0,0.1111111111111111,0.1111111111111111,0.0,0.0,0.0,1.0,0.0,0.0,0.0,1.0,0.0,9,9,4,3.5462
1,43,dense_no_rerank,CURSO_SUPERIOR_DE_TECNOLOGIA_EM_ANÁLISE_E_DESENVOLVIMENTO_DE_SISTEMAS.pdf,Quantas vagas por ano são ofertadas no Curso Superior de Tecnologia em Análise e Desenvolvimento de Sistemas?,O curso oferta 40 vagas por ano.,O Curso Superior de Tecnologia em Análise e Desenvolvimento de Sistemas oferece 40 vagas por ano no turno vespertino.,"[Trecho 1 | Fonte: CURSO_SUPERIOR_DE_TECNOLOGIA_EM_ANÁLISE_E_DESENVOLVIMENTO_DE_SISTEMAS.pdf]
do ano referido, com uma oferta de 64 vagas, distribuídas igualmente entres os turnos tarde e noite. Os cursos de Tecnologia da Informação foram aperfeiçoados e receberam outra denominação: Análise e Desenvolvimento de Sistemas. Em 2002 foi autorizado a criação do Curso Superior de Tecnologia em Análise e Desenvolvimento de Sistemas no Campus Teresina Central, em 2006 no Campus de Floriano, em 2013 no Campus de Picos, 2018 no Campus de Corrente, 2020 no Campus de Pedro II e o mais recente em Parnaíba que iniciou em 2022. 1.7 Justificativa de Oferta do Curso e demandas sociais no mundo do trabalho A identificação das necessidades de conhecimento, habilidades e atitudes apresenta-se como uma preocupação permanente das áreas/instituições envolvidas com a oferta de produtos/serviços de sistemas e processos de gestão empresarial. Independente do seu porte, não importando a área de atuação, as empresas necessitam de sistemas de informação para controlar e automatizar o fluxo de informação entre os seus setores internos, prestadores de serviços, fornecedores e apoio à decisão. Nesse sentido, o Curso Superior de Tecnologia em Análise e Desenvolvimento de Sistemas (ADS) contribuirá com essa demanda de profissionais para atuar no projeto e implementação de Sistemas de Informação de acordo com as necessidades institucionais, que coordenam as infraestruturas de tecnologia da informação, elaborando políticas e diretrizes a partir da análise de necessidades e, que, atuem na forma de

[Trecho 2 | Fonte: RESOLUÇÃO Nº 83-2024-Aprova a oferta de vagas dos cursos técnicos e dos cursos superiores, para o primeiro semestre de 2025, no âmbito do Instituto Federal de Educação, Ciência e Tecnologia do  Piauí (IFPI) e Anexo.pdf]
Tecnologia em Análise e Desenvolvimento de Sistemas Tecnologia Noite 40 TOTAL 150 2025.1 Eixo Curso Nível/Modalidade Turno Vagas Gestão e Negócios Bacharelado em Administração Bacharelado Noite 40 Informação e Comunicação Tecnologia em Análise e Desenvolvimento de Sistemas Tecnologia Noite 40 Pedro II Formação de professores Licenciatura em Ciências Biológicas Licenciatura Tarde 40 TOTAL 120 2025.1 TOTAL 200 TOTAL 200 TOTAL Formação de professores Licenciatura em Química Licenciatura Noite 40 Picos Formação de professores Licenciatura em Física Licenciatura Noite 40 Informação e Comunicação Tecnologia em Análise e Desenvolvimento de Sistemas Tecnologia Tarde 40 TOTAL 120 2025.1 Eixo Curso Nível/Modalidade Turno Vagas Produção Cultural e Design Tecnologia em Design de Moda Tecnologia Noite 30 Gestão e Negócios Bacharelado em Administração Bacharelado Noite 40 Formação de professores Licenciatura em Matemática Licenciatura Noite 40 Piripiri Informação e Comunicação Tecnologia em Análise e Desenvolvimento de Sistemas Tecnologia Tarde 40 TOTAL 150 Eixo Curso Nível/Modalidade Turno Vagas Formação de professores Licenciatura em Ciências Biológicas Licenciatura Noite 40 São João do Piauí Gestão e Negócios Bacharelado em Administração Bacharelado Noite 40 Recursos Naturais Bacharelado em Engenharia Agronômica Bacharelado Tarde 40 TOTAL 120 2025.1 Eixo Curso Nível/Modalidade Turno Vagas Formação de professores Licenciatura em Matemática Licenciatura Noite 40 Formação de professores

[Trecho 3 | Fonte: CURSO_SUPERIOR_DE_TECNOLOGIA_EM_ANÁLISE_E_DESENVOLVIMENTO_DE_SISTEMAS.pdf]
será realizado processo de Chamada Pública, com a seleção de candidatos para provimento das vagas remanescentes com base na maior nota obtida pelo candidato na Prova de Redação do Exame Nacional do Ensino Médio (ENEM) em um dos últimos quatro anos Médio, conforme dispõe o Art. 51 da Lei nº. 9394/96, respeitando-se a quantidade de vagas oferecidas em cada processo seletivo e as cotas previstas na Lei nº 12.711/2012, de 29 de agosto de 2012 (Lei de Cotas) - alterada pela Lei nº 13.409, de 28 de dezembro de 2016. 1.9 Informações do Curso Denominação: Curso Superior de Tecnologia em Análise e Desenvolvimento de Sistemas Modalidade: Tecnologia Documentos Legais Autorização: Portaria Nº 198, de 15 de Setembro de 2002. Reconhecimento: Portaria Nº 209, de 28 de Fevereiro de 2011 (publicado no DOU 03/03/2011). Renovação de Reconhecimento: Portaria Nº 1095, de 24 de dezembro de 2015 (publicado no DOU 30/12/2015). Oferta de Vagas Quantidade por ano: 40 vagas Turno: Vespertino Regime de matrícula: Semestral Carga Horária Disciplina obrigatórias: 2000 horas Atividades complementares: 100 horas Total: 2100 horas Integralização: 5 (cinco) semestres Unidade da oferta: Campus Teresina Central Endereço da oferta: Rua Álvaro Mendes no 1597, Centro, Cep: 64000-040, Teresina-PI Capítulo 2. Organização Didático-Pedagógica e Certificação 2.1 Políticas Institucionais no Âmbito do Curso O Instituto Federal do Piauí (IFPI) atua no desenvolvimento de programas e projetos de ensino, pesquisa e na

[Trecho 4 | Fonte: RESOLUÇÃO Nº 17-2025-Aprova  a Criação do Curso Técnico em Serviços Jurídicos, integrado ao Ensino Médio,  no âmbito do Instituto Federal de Educação, Ciência e Tecnologia do Piauí (IFPI) e Anexo.pdf]
cursos superiores de tecnologia, licenciaturas e bacharelados, além de cursos de formação inicial e continuada, cursos a distância, especializações e mestrados em Engenharia de Materiais, Análise e Planejamento Espacial, Educação Profissional e Tecnológica e Matemática. Serão mais de 4 mil vagas para o Exame Classificatório 2025.1. Com 112 anos de existência, a Instituição continua firme no propósito de oferecer aos piauienses uma educação profissional focada na tecnologia, no empreendedorismo, na pesquisa e na extensão. 2. Identificação do Curso Denominação: Técnico Integrado em Serviços Jurídicos. Eixo tecnológico: Gestão e Negócios. Modalidade de oferta: presencial. Instituição proponente: CNPJ: 10.806.496/0001-49 Razão Social: Instituto Federal de Educação, Ciência e Tecnologia do Piauí Campus: Teresina Central Esfera Administrativa: Federal Endereço: Praça da Liberdade, 1597 - Centro | Teresina - PI Telefone: (86) 3131-9430 E-mail de Contato: tsj.catce@ifpi.edu.br Vagas: 40 (quarenta). Turno: diurno. Periodicidade da oferta: anual. Carga horária total do curso: 3.200 horas. Estágio profissional supervisionado: 200 horas (Não obrigatório). Duração: Mínimo de 36 meses (correspondente a 6 módulos semestrais), com Máximo de 72 meses (correspondente a 12 módulos semestrais). Título conferido: Técnico em Serviços Jurídicos. Autorização do curso: Resolução CONSUP Nº Periodicidade de atualização e revisão do Projeto Pedagógico: A cada 3 anos. Legislação: Plano de","[""CURSO_SUPERIOR_DE_TECNOLOGIA_EM_ANÁLISE_E_DESENVOLVIMENTO_DE_SISTEMAS.pdf"", ""RESOLUÇÃO Nº 83-2024-Aprova a oferta de vagas dos cursos técnicos e dos cursos superiores, para o primeiro semestre de 2025, no âmbito do Instituto Federal de Educação, Ciência e Tecnologia do  Piauí (IFPI) e Anexo.pdf"", ""CURSO_SUPERIOR_DE_TECNOLOGIA_EM_ANÁLISE_E_DESENVOLVIMENTO_DE_SISTEMAS.pdf"", ""RESOLUÇÃO Nº 17-2025-Aprova  a Criação do Curso Técnico em Serviços Jurídicos, integrado ao Ensino Médio,  no âmbito do Instituto Federal de Educação, Ciência e Tecnologia do Piauí (IFPI) e Anexo.pdf""]","[""CURSO_SUPERIOR_DE_TECNOLOGIA_EM_ANÁLISE_E_DESENVOLVIMENTO_DE_SISTEMAS.pdf"", ""RESOLUÇÃO Nº 83-2024-Aprova a oferta de vagas dos cursos técnicos e dos cursos superiores, para o primeiro semestre de 2025, no âmbito do Instituto Federal de Educação, Ciência e Tecnologia do  Piauí (IFPI) e Anexo.pdf"", ""CURSO_SUPERIOR_DE_TECNOLOGIA_EM_ANÁLISE_E_DESENVOLVIMENTO_DE_SISTEMAS.pdf"", ""RESOLUÇÃO Nº 17-2025-Aprova  a Criação do Curso Técnico em Serviços Jurídicos, integrado ao Ensino Médio,  no âmbito do Instituto Federal de Educação, Ciência e Tecnologia do Piauí (IFPI) e Anexo.pdf"", ""RESOLUÇÃO NORMATIVA Nº 203-2024 -Aprova a Prestação de Contas Ordinária Anual -IFPI - Relatóio de Gestão -2023 e Anexo.pdf"", ""RESOLUÇÃO Nº 107-2025-Aprova a reformulação do Curso Técnico em Análises Clínicas Integrado ao Ensino Médio, no âmbito do IFPI e Anexo-.pdf"", ""RESOLUÇÃO Nº 102-2025-Aprova a reformulação do Curso Técnico em Eletrotécnica Integrado ao Ensino Médio, no âmbito do IFPI e Anexo-.pdf"", ""RESOLUÇÃO Nº 98-2025-Aprova a reformulação do Curso Técnico em Informática para Internet Integrado ao Ensino Médio, no âmbito do IFPI e Anexo.pdf"", ""RESOLUÇÃO Nº 112-2025- Aprova a reformulação do Curso Técnico em Administração Integrado ao Ensino Médio, no âmbiro do IFPI e Anexo-.pdf""]","[""CURSO_SUPERIOR_DE_TECNOLOGIA_EM_ANÁLISE_E_DESENVOLVIMENTO_DE_SISTEMAS.pdf"", ""RESOLUÇÃO Nº 83-2024-Aprova a oferta de vagas dos cursos técnicos e dos cursos superiores, para o primeiro semestre de 2025, no âmbito do Instituto Federal de Educação, Ciência e Tecnologia do  Piauí (IFPI) e Anexo.pdf"", ""CURSO_SUPERIOR_DE_TECNOLOGIA_EM_ANÁLISE_E_DESENVOLVIMENTO_DE_SISTEMAS.pdf"", ""RESOLUÇÃO Nº 17-2025-Aprova  a Criação do Curso Técnico em Serviços Jurídicos, integrado ao Ensino Médio,  no âmbito do Instituto Federal de Educação, Ciência e Tecnologia do Piauí (IFPI) e Anexo.pdf"", ""RESOLUÇÃO NORMATIVA Nº 203-2024 -Aprova a Prestação de Contas Ordinária Anual -IFPI - Relatóio de Gestão -2023 e Anexo.pdf"", ""RESOLUÇÃO Nº 107-2025-Aprova a reformulação do Curso Técnico em Análises Clínicas Integrado ao Ensino Médio, no âmbito do IFPI e Anexo-.pdf"", ""RESOLUÇÃO Nº 102-2025-Aprova a reformulação do Curso Técnico em Eletrotécnica Integrado ao Ensino Médio, no âmbito do IFPI e Anexo-.pdf"", ""RESOLUÇÃO Nº 98-2025-Aprova a reformulação do Curso Técnico em Informática para Internet Integrado ao Ensino Médio, no âmbito do IFPI e Anexo.pdf"", ""RESOLUÇÃO Nº 112-2025- Aprova a reformulação do Curso Técnico em Administração Integrado ao Ensino Médio, no âmbiro do IFPI e Anexo-.pdf""]",1.0,1.0,1.0,1.0,1.0,1.0,1.0,1.0,1.0,1.0,1.0,1.0,1.0,9,9,4,3.5638
1,43,dense_no_rerank,"RESOLUÇÃO Nº 14-2025-Aprova a Criação do Curso de Aperfeiçoamento Escola da Terra, no âmbito do Instituto Federal de Educação, Ciência e Tecnologia do Piauí (IFPI) e Anexo..pdf",Qual é a carga horária total do curso Escola da Terra?,A carga horária total do curso Escola da Terra é de 180 horas.,A carga horária total do curso Escola da Terra é de 180 horas.,"[Trecho 1 | Fonte: RESOLUÇÃO Nº 14-2025-Aprova a Criação do Curso de Aperfeiçoamento Escola da Terra, no âmbito do Instituto Federal de Educação, Ciência e Tecnologia do Piauí (IFPI) e Anexo..pdf]
MINISTÉRIO DA EDUCAÇÃO SECRETARIA DE EDUCAÇÃO PROFISSIONAL E TECNOLÓGIA -SETEC INSTITUTO FEDERAL DE EDUCAÇÃO, CIÊNCIA E TECNOLOGIA DO PIAUÍ PROGRAMA ESCOLA DA TERRA -PROJETO DE CURSO 2025-2026 I. IDENTIFICAÇÃO 1.1 Instituição: Instituto Federal de Educação, Ciência e Tecnologia do Piauí 1.2 CNPJ: 10.806.496/0001-49 Av. Pres. Jânio Quadros, 330 - Santa Isabel, Teresina - PI, 64053-390 1.4 Contatos: Telefone: (86) ----- 1.5 Curso: ESCOLA DA TERRA 1.6 Nível: APERFEIÇOAMENTO 1.7 Modalidade: Presencial: Pedagogia/Regime da Alternância 1.8 Carga Horária: Total: 180 horas Presencial (Tempo-Universidade): 126 h/a Tempo-Escola/Comunidade: 54 h/a 1.9 Meta Física: 120 vagas para professoras e coordenadoras pedagógicas de turmas multisseriadas. 1.10 Custeio: R$ 144.000,00 1.11 Local de Realização: 1.3 Endereço: Território da Chapada Valo do Rio Itain e Vale do Rio Guaribas Paulistana -PI, Jacobina do Piauí-PI, Caridade do Piauí - PI, Patos do Piauí - PI, PIO IX -PI, Fronteiras -PI, Padre Marcos -PI, Caldeirão Grande do Piauí -PI, Alagoinha -PI São Julião -PI. 1.13 Início do curso: Março/2025 1.14 Término do curso: 1.12 Municípios de abrangência Janeiro /2026 1.15 VIGÊNCIA PROJETO/TED MARÇO DE 2025 ATÉ 31 DE JANEIRO DE 2026 Gilson Mendes Araújo - CPF: 889,824,911-04 - Categoria: Professor Dr. Do Ensino Básico e Tecnológico - EBTT (89) 994014780 / E-mail: gilson.mendes@ifpi.edu.br Informações Sobre a Oferta Nova oferta/2025 1.16 Coordenador do Curso: II. OBJETO E JUSTIFICATIVA Trata-se de

[Trecho 2 | Fonte: RESOLUÇÃO Nº 81-2025-Aprova a Reformulação do Curso de Aperfeiçoamento Escola da Terra, no âmbito do Instituto Federal de Educação, Ciência e Tecnologia do Piauí (IFPI)  e Anexo.pdf]
MINISTÉRIO DA EDUCAÇÃO SECRETARIA DE EDUCAÇÃO PROFISSIONAL E TECNOLÓGIA -SETEC INSTITUTO FEDERAL DE EDUCAÇÃO, CIÊNCIA E TECNOLOGIA DO PIAUÍ PROGRAMA ESCOLA DA TERRA -PROJETO DE CURSO 2025-2026 I. IDENTIFICAÇÃO 1.1 Instituição: Instituto Federal de Educação, Ciência e Tecnologia do Piauí 1.2 CNPJ: 10.806.496/0001-49 Av. Pres. Jânio Quadros, 330 - Santa Isabel, Teresina - PI, 64053-390 1.4 Contatos: Telefone: (86) ----- 1.5 Curso: ESCOLA DA TERRA 1.6 Nível: APERFEIÇOAMENTO 1.7 Modalidade: Presencial: Pedagogia/Regime da Alternância 1.8 Carga Horária: Total: 180 horas Presencial (Tempo-Universidade): 126 h/a Tempo-Escola/Comunidade: 54 h/a 1.9 Meta Física: 120 vagas para professoras e coordenadoras pedagógicas de turmas multisseriadas. 1.10 Custeio: R$ 144.000,00 1.11 Local de Realização: 1.3 Endereço: Território da Chapada Valo do Rio Itain e Vale do Rio Guaribas Paulistana -PI, Jacobina do Piauí-PI, Caridade do Piauí - PI, Patos do Piauí - PI, PIO IX -PI, Fronteiras -PI, Padre Marcos -PI, Caldeirão Grande do Piauí -PI, Alagoinha -PI São Julião -PI. 1.13 Início do curso: Março/2025 1.14 Término do curso: 1.12 Municípios de abrangência Janeiro /2026 1.15 VIGÊNCIA PROJETO/TED MARÇO DE 2025 ATÉ 31 DE JANEIRO DE 2026 Gilson Mendes Araújo - CPF: 889,824,911-04 - Categoria: Professor Dr. Do Ensino Básico e Tecnológico - EBTT (89) 994014780 / E-mail: gilson.mendes@ifpi.edu.br Informações Sobre a Oferta Nova oferta/2025 1.16 Coordenador do Curso: II. OBJETO E JUSTIFICATIVA Trata-se de

[Trecho 3 | Fonte: RESOLUÇÃO Nº 14-2025-Aprova a Criação do Curso de Aperfeiçoamento Escola da Terra, no âmbito do Instituto Federal de Educação, Ciência e Tecnologia do Piauí (IFPI) e Anexo..pdf]
aderirem à ação Escola da Terra, do Ministério da Educação. V. DESENVOLVIMENTO Metodologia O curso, definido como de Aperfeiçoamento, terá duração de 180 horas/aula presenciais, divididas em cinco módulos (componentes curriculares), sendo cada módulo ministrado em 30 horas/aula, divididas em 20 horas/aula (cada), nos dias de sexta-feira e sábado, para o tempo- universidade e 10 horas/aula para o tempo- comunidade/alternância. As 20 horas/aulas presenciais restantes serão complementadas por dois Seminários Temáticos, a serem realizados no início e final do Curso, com carga horária de 10 horas/aulas, cada um. O material didático específico para cada módulo contemplará conhecimentos formativos em relação à organização do trabalho pedagógico em classes multisseriadas, com temáticas voltadas à avaliação, ao planejamento, à alfabetização e letramento, e às áreas do conhecimento. Os conteúdos dos cinco primeiros módulos, tanto no que diz respeito ao tempo- universidade (5 tempos de 20 h/a cada) quanto ao tempo-comunidade/alternância (5 tempos de 10 h/a cada) serão desenvolvidos de forma integrada e contextualizada ao semiárido. Antes do início do curso para os cursistas, os professores formadores e os Tutores serão reunidos para esclarecimentos acerca da metodologia do Curso e do material didático a ser utilizado nas formações. O primeiro Seminário Temático (Abertura) será desenvolvido com o intuito de acolher os participantes e inseri-los em discussões sobre aspectos históricos e

[Trecho 4 | Fonte: RESOLUÇÃO Nº 81-2025-Aprova a Reformulação do Curso de Aperfeiçoamento Escola da Terra, no âmbito do Instituto Federal de Educação, Ciência e Tecnologia do Piauí (IFPI)  e Anexo.pdf]
aderirem à ação Escola da Terra, do Ministério da Educação. V. DESENVOLVIMENTO Metodologia O curso, definido como de Aperfeiçoamento, terá duração de 180 horas/aula presenciais, divididas em cinco módulos (componentes curriculares), sendo cada módulo ministrado em 30 horas/aula, divididas em 20 horas/aula (cada), nos dias de sexta-feira e sábado, para o tempo- universidade e 10 horas/aula para o tempo- comunidade/alternância. As 20 horas/aulas presenciais restantes serão complementadas por dois Seminários Temáticos, a serem realizados no início e final do Curso, com carga horária de 10 horas/aulas, cada um. O material didático específico para cada módulo contemplará conhecimentos formativos em relação à organização do trabalho pedagógico em classes multisseriadas, com temáticas voltadas à avaliação, ao planejamento, à alfabetização e letramento, e às áreas do conhecimento. Os conteúdos dos cinco primeiros módulos, tanto no que diz respeito ao tempo- universidade (5 tempos de 20 h/a cada) quanto ao tempo-comunidade/alternância (5 tempos de 10 h/a cada) serão desenvolvidos de forma integrada e contextualizada ao semiárido. Antes do início do curso para os cursistas, os professores formadores e os Tutores serão reunidos para esclarecimentos acerca da metodologia do Curso e do material didático a ser utilizado nas formações. O primeiro Seminário Temático (Abertura) será desenvolvido com o intuito de acolher os participantes e inseri-los em discussões sobre aspectos históricos e","[""RESOLUÇÃO Nº 14-2025-Aprova a Criação do Curso de Aperfeiçoamento Escola da Terra, no âmbito do Instituto Federal de Educação, Ciência e Tecnologia do Piauí (IFPI) e Anexo..pdf"", ""RESOLUÇÃO Nº 81-2025-Aprova a Reformulação do Curso de Aperfeiçoamento Escola da Terra, no âmbito do Instituto Federal de Educação, Ciência e Tecnologia do Piauí (IFPI)  e Anexo.pdf"", ""RESOLUÇÃO Nº 14-2025-Aprova a Criação do Curso de Aperfeiçoamento Escola da Terra, no âmbito do Instituto Federal de Educação, Ciência e Tecnologia do Piauí (IFPI) e Anexo..pdf"", ""RESOLUÇÃO Nº 81-2025-Aprova a Reformulação do Curso de Aperfeiçoamento Escola da Terra, no âmbito do Instituto Federal de Educação, Ciência e Tecnologia do Piauí (IFPI)  e Anexo.pdf""]","[""RESOLUÇÃO Nº 14-2025-Aprova a Criação do Curso de Aperfeiçoamento Escola da Terra, no âmbito do Instituto Federal de Educação, Ciência e Tecnologia do Piauí (IFPI) e Anexo..pdf"", ""RESOLUÇÃO Nº 81-2025-Aprova a Reformulação do Curso de Aperfeiçoamento Escola da Terra, no âmbito do Instituto Federal de Educação, Ciência e Tecnologia do Piauí (IFPI)  e Anexo.pdf"", ""RESOLUÇÃO Nº 14-2025-Aprova a Criação do Curso de Aperfeiçoamento Escola da Terra, no âmbito do Instituto Federal de Educação, Ciência e Tecnologia do Piauí (IFPI) e Anexo..pdf"", ""RESOLUÇÃO Nº 81-2025-Aprova a Reformulação do Curso de Aperfeiçoamento Escola da Terra, no âmbito do Instituto Federal de Educação, Ciência e Tecnologia do Piauí (IFPI)  e Anexo.pdf"", ""RESOLUÇÃO Nº 19-2025-Aprova a Criação do Curso de Especialização Escola da Terra, no âmbito do Instituto Federal de Educação, Ciência e Tecnologia do Piauí (IFPI) e Anexo.pdf"", ""RESOLUÇÃO Nº 19-2025-Aprova a Criação do Curso de Especialização Escola da Terra, no âmbito do Instituto Federal de Educação, Ciência e Tecnologia do Piauí (IFPI) e Anexo.pdf"", ""RESOLUÇÃO Nº 14-2025-Aprova a Criação do Curso de Aperfeiçoamento Escola da Terra, no âmbito do Instituto Federal de Educação, Ciência e Tecnologia do Piauí (IFPI) e Anexo..pdf"", ""RESOLUÇÃO Nº 81-2025-Aprova a Reformulação do Curso de Aperfeiçoamento Escola da Terra, no âmbito do Instituto Federal de Educação, Ciência e Tecnologia do Piauí (IFPI)  e Anexo.pdf"", ""RESOLUÇÃO Nº 14-2025-Aprova a Criação do Curso de Aperfeiçoamento Escola da Terra, no âmbito do Instituto Federal de Educação, Ciência e Tecnologia do Piauí (IFPI) e Anexo..pdf"", ""RESOLUÇÃO Nº 81-2025-Aprova a Reformulação do Curso de Aperfeiçoamento Escola da Terra, no âmbito do Instituto Federal de Educação, Ciência e Tecnologia do Piauí (IFPI)  e Anexo.pdf""]","[""RESOLUÇÃO Nº 14-2025-Aprova a Criação do Curso de Aperfeiçoamento Escola da Terra, no âmbito do Instituto Federal de Educação, Ciência e Tecnologia do Piauí (IFPI) e Anexo..pdf"", ""RESOLUÇÃO Nº 81-2025-Aprova a Reformulação do Curso de Aperfeiçoamento Escola da Terra, no âmbito do Instituto Federal de Educação, Ciência e Tecnologia do Piauí (IFPI)  e Anexo.pdf"", ""RESOLUÇÃO Nº 14-2025-Aprova a Criação do Curso de Aperfeiçoamento Escola da Terra, no âmbito do Instituto Federal de Educação, Ciência e Tecnologia do Piauí (IFPI) e Anexo..pdf"", ""RESOLUÇÃO Nº 81-2025-Aprova a Reformulação do Curso de Aperfeiçoamento Escola da Terra, no âmbito do Instituto Federal de Educação, Ciência e Tecnologia do Piauí (IFPI)  e Anexo.pdf"", ""RESOLUÇÃO Nº 19-2025-Aprova a Criação do Curso de Especialização Escola da Terra, no âmbito do Instituto Federal de Educação, Ciência e Tecnologia do Piauí (IFPI) e Anexo.pdf"", ""RESOLUÇÃO Nº 19-2025-Aprova a Criação do Curso de Especialização Escola da Terra, no âmbito do Instituto Federal de Educação, Ciência e Tecnologia do Piauí (IFPI) e Anexo.pdf"", ""RESOLUÇÃO Nº 14-2025-Aprova a Criação do Curso de Aperfeiçoamento Escola da Terra, no âmbito do Instituto Federal de Educação, Ciência e Tecnologia do Piauí (IFPI) e Anexo..pdf"", ""RESOLUÇÃO Nº 81-2025-Aprova a Reformulação do Curso de Aperfeiçoamento Escola da Terra, no âmbito do Instituto Federal de Educação, Ciência e Tecnologia do Piauí (IFPI)  e Anexo.pdf"", ""RESOLUÇÃO Nº 14-2025-Aprova a Criação do Curso de Aperfeiçoamento Escola da Terra, no âmbito do Instituto Federal de Educação, Ciência e Tecnologia do Piauí (IFPI) e Anexo..pdf"", ""RESOLUÇÃO Nº 81-2025-Aprova a Reformulação do Curso de Aperfeiçoamento Escola da Terra, no âmbito do Instituto Federal de Educação, Ciência e Tecnologia do Piauí (IFPI)  e Anexo.pdf""]",1.0,1.0,1.0,1.0,1.0,1.0,1.0,1.0,1.0,1.0,1.0,1.0,1.0,10,10,4,3.5108
1,43,dense_no_rerank,"RESOLUÇÃO Nº 14-2025-Aprova a Criação do Curso de Aperfeiçoamento Escola da Terra, no âmbito do Instituto Federal de Educação, Ciência e Tecnologia do Piauí (IFPI) e Anexo..pdf",Qual é a meta física do curso Escola da Terra em número de vagas?,A meta física do curso Escola da Terra é de 120 vagas.,A meta física do curso Escola da Terra é de 120 vagas para professoras e coordenadoras pedagógicas de turmas multisseriadas.,"[Trecho 1 | Fonte: RESOLUÇÃO Nº 14-2025-Aprova a Criação do Curso de Aperfeiçoamento Escola da Terra, no âmbito do Instituto Federal de Educação, Ciência e Tecnologia do Piauí (IFPI) e Anexo..pdf]
MINISTÉRIO DA EDUCAÇÃO SECRETARIA DE EDUCAÇÃO PROFISSIONAL E TECNOLÓGIA -SETEC INSTITUTO FEDERAL DE EDUCAÇÃO, CIÊNCIA E TECNOLOGIA DO PIAUÍ PROGRAMA ESCOLA DA TERRA -PROJETO DE CURSO 2025-2026 I. IDENTIFICAÇÃO 1.1 Instituição: Instituto Federal de Educação, Ciência e Tecnologia do Piauí 1.2 CNPJ: 10.806.496/0001-49 Av. Pres. Jânio Quadros, 330 - Santa Isabel, Teresina - PI, 64053-390 1.4 Contatos: Telefone: (86) ----- 1.5 Curso: ESCOLA DA TERRA 1.6 Nível: APERFEIÇOAMENTO 1.7 Modalidade: Presencial: Pedagogia/Regime da Alternância 1.8 Carga Horária: Total: 180 horas Presencial (Tempo-Universidade): 126 h/a Tempo-Escola/Comunidade: 54 h/a 1.9 Meta Física: 120 vagas para professoras e coordenadoras pedagógicas de turmas multisseriadas. 1.10 Custeio: R$ 144.000,00 1.11 Local de Realização: 1.3 Endereço: Território da Chapada Valo do Rio Itain e Vale do Rio Guaribas Paulistana -PI, Jacobina do Piauí-PI, Caridade do Piauí - PI, Patos do Piauí - PI, PIO IX -PI, Fronteiras -PI, Padre Marcos -PI, Caldeirão Grande do Piauí -PI, Alagoinha -PI São Julião -PI. 1.13 Início do curso: Março/2025 1.14 Término do curso: 1.12 Municípios de abrangência Janeiro /2026 1.15 VIGÊNCIA PROJETO/TED MARÇO DE 2025 ATÉ 31 DE JANEIRO DE 2026 Gilson Mendes Araújo - CPF: 889,824,911-04 - Categoria: Professor Dr. Do Ensino Básico e Tecnológico - EBTT (89) 994014780 / E-mail: gilson.mendes@ifpi.edu.br Informações Sobre a Oferta Nova oferta/2025 1.16 Coordenador do Curso: II. OBJETO E JUSTIFICATIVA Trata-se de

[Trecho 2 | Fonte: RESOLUÇÃO Nº 81-2025-Aprova a Reformulação do Curso de Aperfeiçoamento Escola da Terra, no âmbito do Instituto Federal de Educação, Ciência e Tecnologia do Piauí (IFPI)  e Anexo.pdf]
MINISTÉRIO DA EDUCAÇÃO SECRETARIA DE EDUCAÇÃO PROFISSIONAL E TECNOLÓGIA -SETEC INSTITUTO FEDERAL DE EDUCAÇÃO, CIÊNCIA E TECNOLOGIA DO PIAUÍ PROGRAMA ESCOLA DA TERRA -PROJETO DE CURSO 2025-2026 I. IDENTIFICAÇÃO 1.1 Instituição: Instituto Federal de Educação, Ciência e Tecnologia do Piauí 1.2 CNPJ: 10.806.496/0001-49 Av. Pres. Jânio Quadros, 330 - Santa Isabel, Teresina - PI, 64053-390 1.4 Contatos: Telefone: (86) ----- 1.5 Curso: ESCOLA DA TERRA 1.6 Nível: APERFEIÇOAMENTO 1.7 Modalidade: Presencial: Pedagogia/Regime da Alternância 1.8 Carga Horária: Total: 180 horas Presencial (Tempo-Universidade): 126 h/a Tempo-Escola/Comunidade: 54 h/a 1.9 Meta Física: 120 vagas para professoras e coordenadoras pedagógicas de turmas multisseriadas. 1.10 Custeio: R$ 144.000,00 1.11 Local de Realização: 1.3 Endereço: Território da Chapada Valo do Rio Itain e Vale do Rio Guaribas Paulistana -PI, Jacobina do Piauí-PI, Caridade do Piauí - PI, Patos do Piauí - PI, PIO IX -PI, Fronteiras -PI, Padre Marcos -PI, Caldeirão Grande do Piauí -PI, Alagoinha -PI São Julião -PI. 1.13 Início do curso: Março/2025 1.14 Término do curso: 1.12 Municípios de abrangência Janeiro /2026 1.15 VIGÊNCIA PROJETO/TED MARÇO DE 2025 ATÉ 31 DE JANEIRO DE 2026 Gilson Mendes Araújo - CPF: 889,824,911-04 - Categoria: Professor Dr. Do Ensino Básico e Tecnológico - EBTT (89) 994014780 / E-mail: gilson.mendes@ifpi.edu.br Informações Sobre a Oferta Nova oferta/2025 1.16 Coordenador do Curso: II. OBJETO E JUSTIFICATIVA Trata-se de

[Trecho 3 | Fonte: RESOLUÇÃO Nº 14-2025-Aprova a Criação do Curso de Aperfeiçoamento Escola da Terra, no âmbito do Instituto Federal de Educação, Ciência e Tecnologia do Piauí (IFPI) e Anexo..pdf]
(P1+2): Desenvolvido pela Articulação no Semiárido Brasileiro (ASA), o programa promove a construção de cisternas e outras tecnologias sociais de captação de água, integrando práticas educativas que valorizam a convivência com o Semiárido. 2) Escolas Famílias Agrícolas (EFAs): Modelo de escola que alterna períodos de estudo na escola e na propriedade rural, integrando a educação formal com as práticas agrícolas familiares. 3) Projetos de agroecologia: Desenvolvimento de hortas comunitárias, sistemas agroflorestais e outras práticas sustentáveis que envolvem os estudantes e a comunidade. O Programa Escola da Terra, como ação dentro do PRONACAMPO, foi lançado pelo Governo Federal através da Portaria n. 86/2013, buscando promover o acesso, a permanência e a melhoria das condições de aprendizagem dos estudantes do campo e quilombolas em suas comunidades, dirigindo sua atuação às classes multisseriadas que atendem alunos dos anos iniciais do ensino fundamental. Como objetivos, o Programa Escola da Terra define: I - promover a formação continuada específica de professores para que atendam às necessidades de funcionamento das escolas do campo e das localizadas em comunidades quilombolas; II - oferecer recursos didáticos e pedagógicos que atendam às especificidades formativas das populações do campo e quilombolas, tendo, em seu bojo, quatro componentes: I - formação continuada de professores; II - materiais didáticos e pedagógicos; III - monitoramento e avaliação e IV - gestão,

[Trecho 4 | Fonte: RESOLUÇÃO Nº 81-2025-Aprova a Reformulação do Curso de Aperfeiçoamento Escola da Terra, no âmbito do Instituto Federal de Educação, Ciência e Tecnologia do Piauí (IFPI)  e Anexo.pdf]
(P1+2): Desenvolvido pela Articulação no Semiárido Brasileiro (ASA), o programa promove a construção de cisternas e outras tecnologias sociais de captação de água, integrando práticas educativas que valorizam a convivência com o Semiárido. 2) Escolas Famílias Agrícolas (EFAs): Modelo de escola que alterna períodos de estudo na escola e na propriedade rural, integrando a educação formal com as práticas agrícolas familiares. 3) Projetos de agroecologia: Desenvolvimento de hortas comunitárias, sistemas agroflorestais e outras práticas sustentáveis que envolvem os estudantes e a comunidade. O Programa Escola da Terra, como ação dentro do PRONACAMPO, foi lançado pelo Governo Federal através da Portaria n. 86/2013, buscando promover o acesso, a permanência e a melhoria das condições de aprendizagem dos estudantes do campo e quilombolas em suas comunidades, dirigindo sua atuação às classes multisseriadas que atendem alunos dos anos iniciais do ensino fundamental. Como objetivos, o Programa Escola da Terra define: I - promover a formação continuada específica de professores para que atendam às necessidades de funcionamento das escolas do campo e das localizadas em comunidades quilombolas; II - oferecer recursos didáticos e pedagógicos que atendam às especificidades formativas das populações do campo e quilombolas, tendo, em seu bojo, quatro componentes: I - formação continuada de professores; II - materiais didáticos e pedagógicos; III - monitoramento e avaliação e IV - gestão,","[""RESOLUÇÃO Nº 14-2025-Aprova a Criação do Curso de Aperfeiçoamento Escola da Terra, no âmbito do Instituto Federal de Educação, Ciência e Tecnologia do Piauí (IFPI) e Anexo..pdf"", ""RESOLUÇÃO Nº 81-2025-Aprova a Reformulação do Curso de Aperfeiçoamento Escola da Terra, no âmbito do Instituto Federal de Educação, Ciência e Tecnologia do Piauí (IFPI)  e Anexo.pdf"", ""RESOLUÇÃO Nº 14-2025-Aprova a Criação do Curso de Aperfeiçoamento Escola da Terra, no âmbito do Instituto Federal de Educação, Ciência e Tecnologia do Piauí (IFPI) e Anexo..pdf"", ""RESOLUÇÃO Nº 81-2025-Aprova a Reformulação do Curso de Aperfeiçoamento Escola da Terra, no âmbito do Instituto Federal de Educação, Ciência e Tecnologia do Piauí (IFPI)  e Anexo.pdf""]","[""RESOLUÇÃO Nº 14-2025-Aprova a Criação do Curso de Aperfeiçoamento Escola da Terra, no âmbito do Instituto Federal de Educação, Ciência e Tecnologia do Piauí (IFPI) e Anexo..pdf"", ""RESOLUÇÃO Nº 81-2025-Aprova a Reformulação do Curso de Aperfeiçoamento Escola da Terra, no âmbito do Instituto Federal de Educação, Ciência e Tecnologia do Piauí (IFPI)  e Anexo.pdf"", ""RESOLUÇÃO Nº 14-2025-Aprova a Criação do Curso de Aperfeiçoamento Escola da Terra, no âmbito do Instituto Federal de Educação, Ciência e Tecnologia do Piauí (IFPI) e Anexo..pdf"", ""RESOLUÇÃO Nº 81-2025-Aprova a Reformulação do Curso de Aperfeiçoamento Escola da Terra, no âmbito do Instituto Federal de Educação, Ciência e Tecnologia do Piauí (IFPI)  e Anexo.pdf"", ""RESOLUÇÃO Nº 19-2025-Aprova a Criação do Curso de Especialização Escola da Terra, no âmbito do Instituto Federal de Educação, Ciência e Tecnologia do Piauí (IFPI) e Anexo.pdf"", ""RESOLUÇÃO Nº 19-2025-Aprova a Criação do Curso de Especialização Escola da Terra, no âmbito do Instituto Federal de Educação, Ciência e Tecnologia do Piauí (IFPI) e Anexo.pdf"", ""RESOLUÇÃO NORMATIVA Nº 241-2025-Aprova a Prestação de Contas Ordinária Anual, através do Relatório de Gestão, exercício 2024, do IFPI e Anexo.pdf"", ""RESOLUÇÃO Nº 14-2025-Aprova a Criação do Curso de Aperfeiçoamento Escola da Terra, no âmbito do Instituto Federal de Educação, Ciência e Tecnologia do Piauí (IFPI) e Anexo..pdf"", ""RESOLUÇÃO Nº 81-2025-Aprova a Reformulação do Curso de Aperfeiçoamento Escola da Terra, no âmbito do Instituto Federal de Educação, Ciência e Tecnologia do Piauí (IFPI)  e Anexo.pdf"", ""RESOLUÇÃO Nº 19-2025-Aprova a Criação do Curso de Especialização Escola da Terra, no âmbito do Instituto Federal de Educação, Ciência e Tecnologia do Piauí (IFPI) e Anexo.pdf""]","[""RESOLUÇÃO Nº 14-2025-Aprova a Criação do Curso de Aperfeiçoamento Escola da Terra, no âmbito do Instituto Federal de Educação, Ciência e Tecnologia do Piauí (IFPI) e Anexo..pdf"", ""RESOLUÇÃO Nº 81-2025-Aprova a Reformulação do Curso de Aperfeiçoamento Escola da Terra, no âmbito do Instituto Federal de Educação, Ciência e Tecnologia do Piauí (IFPI)  e Anexo.pdf"", ""RESOLUÇÃO Nº 14-2025-Aprova a Criação do Curso de Aperfeiçoamento Escola da Terra, no âmbito do Instituto Federal de Educação, Ciência e Tecnologia do Piauí (IFPI) e Anexo..pdf"", ""RESOLUÇÃO Nº 81-2025-Aprova a Reformulação do Curso de Aperfeiçoamento Escola da Terra, no âmbito do Instituto Federal de Educação, Ciência e Tecnologia do Piauí (IFPI)  e Anexo.pdf"", ""RESOLUÇÃO Nº 19-2025-Aprova a Criação do Curso de Especialização Escola da Terra, no âmbito do Instituto Federal de Educação, Ciência e Tecnologia do Piauí (IFPI) e Anexo.pdf"", ""RESOLUÇÃO Nº 19-2025-Aprova a Criação do Curso de Especialização Escola da Terra, no âmbito do Instituto Federal de Educação, Ciência e Tecnologia do Piauí (IFPI) e Anexo.pdf"", ""RESOLUÇÃO NORMATIVA Nº 241-2025-Aprova a Prestação de Contas Ordinária Anual, através do Relatório de Gestão, exercício 2024, do IFPI e Anexo.pdf"", ""RESOLUÇÃO Nº 14-2025-Aprova a Criação do Curso de Aperfeiçoamento Escola da Terra, no âmbito do Instituto Federal de Educação, Ciência e Tecnologia do Piauí (IFPI) e Anexo..pdf"", ""RESOLUÇÃO Nº 81-2025-Aprova a Reformulação do Curso de Aperfeiçoamento Escola da Terra, no âmbito do Instituto Federal de Educação, Ciência e Tecnologia do Piauí (IFPI)  e Anexo.pdf"", ""RESOLUÇÃO Nº 19-2025-Aprova a Criação do Curso de Especialização Escola da Terra, no âmbito do Instituto Federal de Educação, Ciência e Tecnologia do Piauí (IFPI) e Anexo.pdf""]",1.0,1.0,1.0,1.0,1.0,1.0,1.0,1.0,1.0,1.0,1.0,1.0,1.0,10,10,4,4.131
1,43,dense_no_rerank,"RESOLUÇÃO Nº 14-2025-Aprova a Criação do Curso de Aperfeiçoamento Escola da Terra, no âmbito do Instituto Federal de Educação, Ciência e Tecnologia do Piauí (IFPI) e Anexo..pdf",Quando está previsto o início do curso Escola da Terra?,O início do curso Escola da Terra está previsto para março de 2025.,O Curso de Especialização Escola da Terra está previsto para iniciar no primeiro semestre de 2025.,"[Trecho 1 | Fonte: RESOLUÇÃO Nº 30-2025-Autoriza  o funcionamento do Curso de Especialização Escola da Terra, nos campi do Instituto Federal de Educação, Ciência e Tecnologia do Piauí (IFPI)..pdf]
Ministério da Educação Instituto Federal de Educação, Ciência e Tecnologia do Piauí IFPI Av. Jânio Quadros, 330, Santa Isabel, TERESINA / PI, CEP 64053-390 Fone: (86) 3131-1443 Site: www.ifpi.edu.br RESOLUÇÃO 30/2025 - CONSUP/OSUPCOL/REI/IFPI, de 18 de março de 2025. Autoriza o funcionamento do Curso de Especialização Escola da Terra, nos campi do Ins>tuto Federal de Educação, Ciência e Tecnologia do Piauí (IFPI). O Presidente do Conselho Superior do Ins>tuto Federal de Educação, Ciência e Tecnologia do Piauí, no uso de suas atribuições conferidas no Estatuto deste Ins>tuto Federal, aprovado pela Resolução Norma>va nº 59, de 20 de agosto de 2021, publicada no Diário Oﬁcial da União de 23 de agosto de 2021, considerando o processo nº 23172.000903/2025-81, RESOLVE: RESOLVE: Art. 1º Autorizar, ad referendum ad referendum, o funcionamento do Curso de Especialização Escola da Terra, nos campi do Ins>tuto Federal de Educação, Ciência e Tecnologia do Piauí (IFPI), a partir do primeiro semestre de 2025, conforme descrição abaixo: ATO DE ATO DE CRIAÇÃO CRIAÇÃO CAMPUS CAMPUS ENDEREÇO ENDEREÇO CURSO CURSO VAGAS VAGAS CARGA CARGA HORÁRIA HORÁRIA Oeiras Rua Projetada, s/n, Bairro Uberaba II, Oeiras (PI) - CEP: 64.500-000 Paulistana Rodovia BR 407, S/N, Centro - CEP: 64.750-000 Escola da Terra 60 495 h Resolução nº 19/2025 Travessa Sete de Setembro, S/N, Centro, São João do Piauí/ PI, CEP 64.760-000. São João do Piauí São Raimundo Nonato Rodovia BR 020, S/N, Bairro Primavera - CEP:

[Trecho 2 | Fonte: RESOLUÇÃO Nº 19-2025-Aprova a Criação do Curso de Especialização Escola da Terra, no âmbito do Instituto Federal de Educação, Ciência e Tecnologia do Piauí (IFPI) e Anexo.pdf]
científico, resultante de uma pesquisa intervenção realizada na escola com a produção de material didático-pedagógico a ser utilizado em escolas do/no campo. O TCC será orientado pelo corpo docente do curso. Contudo, tendo em vista a quantidade de alunos, serão selecionados outros especialistas da área para colaborar nessa atividade, conforme definição da Secadi/MEC. Esse trabalho, terá a carga-horária de 47 (quarenta e sete) horas de Tempo Universidade (TU) e 19 (dezenove) horas de Tempo Comunidade (TC). O artigo deve apresentar referencial teórico consistente, argumentação clara e explícita e correção de linguagem, além de descrever analiticamente o processo de intervenção na escola e de produção e aplicação do material didático-pedagógico. Caberá à equipe pedagógica do Curso elaborar documento específico para normatização do TCC, conforme definições constantes em seu projeto pedagógico. Após a produção, o artigo será defendido pelo aluno perante banca examinadora composta pelo professor orientador, que a preside, e por outros dois membros. A equipe pedagógica do curso organizará, ao final do curso, um seminário de defesas dos TCC, como forma de apresentação pública e avaliação dos trabalhos. VI. DESENVOLVIMENTO DO CURSO 6.1 Metodologia O curso será organizado conforme a orientação do Manual de Gestão da Escola da Terra, onde encontram-se reunidos os conceitos, as regras e os procedimentos para a ação “Escola da Terra” e seu funcionamento, assim como as etapas de criação,

[Trecho 3 | Fonte: RESOLUÇÃO Nº 79-2024-Autoriza  o funcionamento do Curso Aperfeiçoamento Escola da Terra, no IFPI - Tornada sem efeito pela Resolução nº 80_2024.pdf]
Ministério da Educação Instituto Federal de Educação, Ciência e Tecnologia do Piauí IFPI Av. Jânio Quadros, Santa Isabel, TERESINA / PI, CEP 64053-390 Fone: (86) 3131-1443 Site: www.ifpi.edu.br RESOLUÇÃO 79/2024 - CONSUP/OSUPCOL/REI/IFPI, de 6 de agosto de 2024. Autoriza o funcionamento do Curso Aperfeiçoamento Escola da Terra, no Ins?tuto Federal de Educação, Ciência e Tecnologia do Piauí (IFPI). O Presidente do Conselho Superior do Ins?tuto Federal de Educação, Ciência e Tecnologia do Piauí, no uso de suas atribuições conferidas no Estatuto deste Ins?tuto Federal, aprovado pela Resolução Norma?va nº 59, de 20 de agosto de 2021, publicada no Diário Oﬁcial da União de 23 de agosto de 2021, considerando o processo nº 23172.002191/2024-53, RESOLVE: RESOLVE: Art. 1º Autorizar, ad referendum, ad referendum, o funcionamento do Curso Aperfeiçoamento Escola da Terra, no Ins?tuto Federal de Educação, Ciência e Tecnologia do Piauí (IFPI), a par?r do primeiro semestre de 2024, conforme descrição abaixo: CAMPUS CAMPUS ENDEREÇO ENDEREÇO CURSO CURSO VAGAS VAGAS CARGA CARGA HORÁRIA HORÁRIA ATO DE CRIAÇÃO/ ATO DE CRIAÇÃO/ REFORMULAÇÃO REFORMULAÇÃO Rua Projetada, s/n, Bairro Uberaba II, Oeiras (PI) - CEP: 64.500-000 Oeiras Escola da Terra 30 180 h Paulistana Rodovia BR 407, S/N, Centro - CEP: 64.750-000 Escola da Terra 30 180 h Travessa Sete de Setembro, S/N, Centro, São João do Piauí/ PI, CEP 64.760-000. São João do Piauí Escola da Terra 30 180 h São Raimundo Nonato Rodovia BR 020, S/N,

[Trecho 4 | Fonte: RESOLUÇÃO Nº 80-2024-Autoriza  o funcionamento do Curso Aperfeiçoamento Escola da Terra, no Instituto Federal de Educação, Ciência e Tecnologia do Piauí (IFPI)..pdf]
Ministério da Educação Instituto Federal de Educação, Ciência e Tecnologia do Piauí IFPI Av. Jânio Quadros, Santa Isabel, TERESINA / PI, CEP 64053-390 Fone: (86) 3131-1443 Site: www.ifpi.edu.br RESOLUÇÃO 80/2024 - CONSUP/OSUPCOL/REI/IFPI, de 7 de agosto de 2024. Autoriza o funcionamento do Curso Aperfeiçoamento Escola da Terra, no Ins?tuto Federal de Educação, Ciência e Tecnologia do Piauí (IFPI). O Presidente do Conselho Superior do Ins?tuto Federal de Educação, Ciência e Tecnologia do Piauí, no uso de suas atribuições conferidas no Estatuto deste Ins?tuto Federal, aprovado pela Resolução Norma?va nº 59, de 20 de agosto de 2021, publicada no Diário Oﬁcial da União de 23 de agosto de 2021, considerando o processo nº 23172.002191/2024-53, RESOLVE: RESOLVE: Art. 1º Autorizar, ad referendum, ad referendum, o funcionamento do Curso Aperfeiçoamento Escola da Terra, no Ins?tuto Federal de Educação, Ciência e Tecnologia do Piauí (IFPI), a par?r do primeiro semestre de 2024, conforme descrição abaixo: ATO DE ATO DE CRIAÇÃO CRIAÇÃO CAMPUS CAMPUS ENDEREÇO ENDEREÇO CURSO CURSO VAGAS VAGAS CARGA CARGA HORÁRIA HORÁRIA Oeiras Rua Projetada, s/n, Bairro Uberaba II, Oeiras (PI) - CEP: 64.500-000 Escola da Terra 30 180 h Resolução nº 78/2024 Paulistana Rodovia BR 407, S/N, Centro - CEP: 64.750-000 Escola da Terra 30 180 h Resolução nº 78/2024 Travessa Sete de Setembro, S/N, Centro, São João do Piauí/ PI, CEP 64.760-000. Escola da Terra 30 180 h Resolução nº 78/2024 São João do Piauí São","[""RESOLUÇÃO Nº 30-2025-Autoriza  o funcionamento do Curso de Especialização Escola da Terra, nos campi do Instituto Federal de Educação, Ciência e Tecnologia do Piauí (IFPI)..pdf"", ""RESOLUÇÃO Nº 19-2025-Aprova a Criação do Curso de Especialização Escola da Terra, no âmbito do Instituto Federal de Educação, Ciência e Tecnologia do Piauí (IFPI) e Anexo.pdf"", ""RESOLUÇÃO Nº 79-2024-Autoriza  o funcionamento do Curso Aperfeiçoamento Escola da Terra, no IFPI - Tornada sem efeito pela Resolução nº 80_2024.pdf"", ""RESOLUÇÃO Nº 80-2024-Autoriza  o funcionamento do Curso Aperfeiçoamento Escola da Terra, no Instituto Federal de Educação, Ciência e Tecnologia do Piauí (IFPI)..pdf""]","[""RESOLUÇÃO Nº 30-2025-Autoriza  o funcionamento do Curso de Especialização Escola da Terra, nos campi do Instituto Federal de Educação, Ciência e Tecnologia do Piauí (IFPI)..pdf"", ""RESOLUÇÃO Nº 19-2025-Aprova a Criação do Curso de Especialização Escola da Terra, no âmbito do Instituto Federal de Educação, Ciência e Tecnologia do Piauí (IFPI) e Anexo.pdf"", ""RESOLUÇÃO Nº 79-2024-Autoriza  o funcionamento do Curso Aperfeiçoamento Escola da Terra, no IFPI - Tornada sem efeito pela Resolução nº 80_2024.pdf"", ""RESOLUÇÃO Nº 80-2024-Autoriza  o funcionamento do Curso Aperfeiçoamento Escola da Terra, no Instituto Federal de Educação, Ciência e Tecnologia do Piauí (IFPI)..pdf"", ""RESOLUÇÃO Nº 19-2025-Aprova a Criação do Curso de Especialização Escola da Terra, no âmbito do Instituto Federal de Educação, Ciência e Tecnologia do Piauí (IFPI) e Anexo.pdf"", ""RESOLUÇÃO Nº 14-2025-Aprova a Criação do Curso de Aperfeiçoamento Escola da Terra, no âmbito do Instituto Federal de Educação, Ciência e Tecnologia do Piauí (IFPI) e Anexo..pdf"", ""RESOLUÇÃO Nº 81-2025-Aprova a Reformulação do Curso de Aperfeiçoamento Escola da Terra, no âmbito do Instituto Federal de Educação, Ciência e Tecnologia do Piauí (IFPI)  e Anexo.pdf"", ""RESOLUÇÃO Nº 14-2025-Aprova a Criação do Curso de Aperfeiçoamento Escola da Terra, no âmbito do Instituto Federal de Educação, Ciência e Tecnologia do Piauí (IFPI) e Anexo..pdf"", ""RESOLUÇÃO Nº 19-2025-Aprova a Criação do Curso de Especialização Escola da Terra, no âmbito do Instituto Federal de Educação, Ciência e Tecnologia do Piauí (IFPI) e Anexo.pdf"", ""RESOLUÇÃO Nº 14-2025-Aprova a Criação do Curso de Aperfeiçoamento Escola da Terra, no âmbito do Instituto Federal de Educação, Ciência e Tecnologia do Piauí (IFPI) e Anexo..pdf""]","[""RESOLUÇÃO Nº 30-2025-Autoriza  o funcionamento do Curso de Especialização Escola da Terra, nos campi do Instituto Federal de Educação, Ciência e Tecnologia do Piauí (IFPI)..pdf"", ""RESOLUÇÃO Nº 19-2025-Aprova a Criação do Curso de Especialização Escola da Terra, no âmbito do Instituto Federal de Educação, Ciência e Tecnologia do Piauí (IFPI) e Anexo.pdf"", ""RESOLUÇÃO Nº 79-2024-Autoriza  o funcionamento do Curso Aperfeiçoamento Escola da Terra, no IFPI - Tornada sem efeito pela Resolução nº 80_2024.pdf"", ""RESOLUÇÃO Nº 80-2024-Autoriza  o funcionamento do Curso Aperfeiçoamento Escola da Terra, no Instituto Federal de Educação, Ciência e Tecnologia do Piauí (IFPI)..pdf"", ""RESOLUÇÃO Nº 19-2025-Aprova a Criação do Curso de Especialização Escola da Terra, no âmbito do Instituto Federal de Educação, Ciência e Tecnologia do Piauí (IFPI) e Anexo.pdf"", ""RESOLUÇÃO Nº 14-2025-Aprova a Criação do Curso de Aperfeiçoamento Escola da Terra, no âmbito do Instituto Federal de Educação, Ciência e Tecnologia do Piauí (IFPI) e Anexo..pdf"", ""RESOLUÇÃO Nº 81-2025-Aprova a Reformulação do Curso de Aperfeiçoamento Escola da Terra, no âmbito do Instituto Federal de Educação, Ciência e Tecnologia do Piauí (IFPI)  e Anexo.pdf"", ""RESOLUÇÃO Nº 14-2025-Aprova a Criação do Curso de Aperfeiçoamento Escola da Terra, no âmbito do Instituto Federal de Educação, Ciência e Tecnologia do Piauí (IFPI) e Anexo..pdf"", ""RESOLUÇÃO Nº 19-2025-Aprova a Criação do Curso de Especialização Escola da Terra, no âmbito do Instituto Federal de Educação, Ciência e Tecnologia do Piauí (IFPI) e Anexo.pdf"", ""RESOLUÇÃO Nº 14-2025-Aprova a Criação do Curso de Aperfeiçoamento Escola da Terra, no âmbito do Instituto Federal de Educação, Ciência e Tecnologia do Piauí (IFPI) e Anexo..pdf""]",6.0,6.0,0.16666666666666666,0.16666666666666666,0.0,0.0,0.0,1.0,0.0,0.0,0.0,1.0,0.0,10,10,4,3.727
1,43,dense_no_rerank,"RESOLUÇÃO Nº 14-2025-Aprova a Criação do Curso de Aperfeiçoamento Escola da Terra, no âmbito do Instituto Federal de Educação, Ciência e Tecnologia do Piauí (IFPI) e Anexo..pdf",Quem é o coordenador do curso Escola da Terra?,O coordenador do curso Escola da Terra é Gilson Mendes Araújo.,O coordenador do Curso Escola da Terra é Emanuel Alcântara da Silva.,"[Trecho 1 | Fonte: RESOLUÇÃO Nº 19-2025-Aprova a Criação do Curso de Especialização Escola da Terra, no âmbito do Instituto Federal de Educação, Ciência e Tecnologia do Piauí (IFPI) e Anexo.pdf]
pública. Prof. Me. Emanuel Alcântara da Silva Coordenador do Projeto Especialização Escola da Terra Assunto: Especialização Escola da Terra Assinado por: Nalva Sousa Tipo do Documento: Projeto Situação: Finalizado Nível de Acesso: Público Tipo do Conferência: Documento Original Documento assinado eletronicamente por: Nalva Maria Rodrigues de Sousa, DIRETOR(A) - CD4 - DIETEC-IFPI, em 17/03/2025 15:29:35. Este documento foi armazenado no SUAP em 17/03/2025. Para comprovar sua integridade, faça a leitura do QRCode ao lado ou acesse https://suap.ifpi.edu.br/verificar-documento-externo/ e forneça os dados abaixo: Código Verificador: 629967 Código de Autenticação: 8eeb9e0511

[Trecho 2 | Fonte: RESOLUÇÃO Nº 19-2025-Aprova a Criação do Curso de Especialização Escola da Terra, no âmbito do Instituto Federal de Educação, Ciência e Tecnologia do Piauí (IFPI) e Anexo.pdf]
científico, resultante de uma pesquisa intervenção realizada na escola com a produção de material didático-pedagógico a ser utilizado em escolas do/no campo. O TCC será orientado pelo corpo docente do curso. Contudo, tendo em vista a quantidade de alunos, serão selecionados outros especialistas da área para colaborar nessa atividade, conforme definição da Secadi/MEC. Esse trabalho, terá a carga-horária de 47 (quarenta e sete) horas de Tempo Universidade (TU) e 19 (dezenove) horas de Tempo Comunidade (TC). O artigo deve apresentar referencial teórico consistente, argumentação clara e explícita e correção de linguagem, além de descrever analiticamente o processo de intervenção na escola e de produção e aplicação do material didático-pedagógico. Caberá à equipe pedagógica do Curso elaborar documento específico para normatização do TCC, conforme definições constantes em seu projeto pedagógico. Após a produção, o artigo será defendido pelo aluno perante banca examinadora composta pelo professor orientador, que a preside, e por outros dois membros. A equipe pedagógica do curso organizará, ao final do curso, um seminário de defesas dos TCC, como forma de apresentação pública e avaliação dos trabalhos. VI. DESENVOLVIMENTO DO CURSO 6.1 Metodologia O curso será organizado conforme a orientação do Manual de Gestão da Escola da Terra, onde encontram-se reunidos os conceitos, as regras e os procedimentos para a ação “Escola da Terra” e seu funcionamento, assim como as etapas de criação,

[Trecho 3 | Fonte: RESOLUÇÃO Nº 19-2025-Aprova a Criação do Curso de Especialização Escola da Terra, no âmbito do Instituto Federal de Educação, Ciência e Tecnologia do Piauí (IFPI) e Anexo.pdf]
Escola da Terra (Aperfeiçoamento) no sul do Piauí Atividades com prof. Cursistas Out/2024 a Nov./2025 Vigência do projeto/TED Set./2024 a Dez./2025 Emanuel Alcântara da Silva - CPF: 013.686.243-83 (86) 98821-4863 / E-mail: emanuel.alcantara@ifpi.edu.br Vinculação do projeto na IES: Coordenador do Curso: Pró-reitoria de Pesquisa, Pós-graduação e Inovação (PROPI) (86) 3131-1409 /E-mail: propi@ifpi.edu.br Informações sobre Oferta Nova oferta - referência 2024 II. OBJETO E JUSTIFICATIVA Trata-se de um Termo de Execução Descentralizada (TED) para prover recursos/custeio para realização de curso de formação continuada de professores da educação básica do campo e de territórios quilombolas em nível de especialização lato sensu nos termos previstos neste projeto. O TED será vinculado à Coordenação Geral de Educação do Campo - CGEC/DIPECEI/SECADI/MEC (concedente) e Instituto Federal de Educação, Ciência e Tecnologia do Piauí - IFPI (proponente), em parceria com a Secretaria de Educação do Estado do Piauí - SEDUC e secretarias municipais, no âmbito do Programa Escola da Terra. A educação escolar quilombola é um tipo de educação voltada especificamente para as comunidades remanescentes de quilombos que frequentam escolas públicas. Esse tipo de educação busca promover a cultura, as tradições e a história dessas comunidades, oferecendo um currículo que inclui conteúdos e metodologias que consideram as particularidades dessas comunidades. A educação escolar quilombola é garantida pela

[Trecho 4 | Fonte: RESOLUÇÃO Nº 14-2025-Aprova a Criação do Curso de Aperfeiçoamento Escola da Terra, no âmbito do Instituto Federal de Educação, Ciência e Tecnologia do Piauí (IFPI) e Anexo..pdf]
MINISTÉRIO DA EDUCAÇÃO SECRETARIA DE EDUCAÇÃO PROFISSIONAL E TECNOLÓGIA -SETEC INSTITUTO FEDERAL DE EDUCAÇÃO, CIÊNCIA E TECNOLOGIA DO PIAUÍ PROGRAMA ESCOLA DA TERRA -PROJETO DE CURSO 2025-2026 I. IDENTIFICAÇÃO 1.1 Instituição: Instituto Federal de Educação, Ciência e Tecnologia do Piauí 1.2 CNPJ: 10.806.496/0001-49 Av. Pres. Jânio Quadros, 330 - Santa Isabel, Teresina - PI, 64053-390 1.4 Contatos: Telefone: (86) ----- 1.5 Curso: ESCOLA DA TERRA 1.6 Nível: APERFEIÇOAMENTO 1.7 Modalidade: Presencial: Pedagogia/Regime da Alternância 1.8 Carga Horária: Total: 180 horas Presencial (Tempo-Universidade): 126 h/a Tempo-Escola/Comunidade: 54 h/a 1.9 Meta Física: 120 vagas para professoras e coordenadoras pedagógicas de turmas multisseriadas. 1.10 Custeio: R$ 144.000,00 1.11 Local de Realização: 1.3 Endereço: Território da Chapada Valo do Rio Itain e Vale do Rio Guaribas Paulistana -PI, Jacobina do Piauí-PI, Caridade do Piauí - PI, Patos do Piauí - PI, PIO IX -PI, Fronteiras -PI, Padre Marcos -PI, Caldeirão Grande do Piauí -PI, Alagoinha -PI São Julião -PI. 1.13 Início do curso: Março/2025 1.14 Término do curso: 1.12 Municípios de abrangência Janeiro /2026 1.15 VIGÊNCIA PROJETO/TED MARÇO DE 2025 ATÉ 31 DE JANEIRO DE 2026 Gilson Mendes Araújo - CPF: 889,824,911-04 - Categoria: Professor Dr. Do Ensino Básico e Tecnológico - EBTT (89) 994014780 / E-mail: gilson.mendes@ifpi.edu.br Informações Sobre a Oferta Nova oferta/2025 1.16 Coordenador do Curso: II. OBJETO E JUSTIFICATIVA Trata-se de","[""RESOLUÇÃO Nº 19-2025-Aprova a Criação do Curso de Especialização Escola da Terra, no âmbito do Instituto Federal de Educação, Ciência e Tecnologia do Piauí (IFPI) e Anexo.pdf"", ""RESOLUÇÃO Nº 19-2025-Aprova a Criação do Curso de Especialização Escola da Terra, no âmbito do Instituto Federal de Educação, Ciência e Tecnologia do Piauí (IFPI) e Anexo.pdf"", ""RESOLUÇÃO Nº 19-2025-Aprova a Criação do Curso de Especialização Escola da Terra, no âmbito do Instituto Federal de Educação, Ciência e Tecnologia do Piauí (IFPI) e Anexo.pdf"", ""RESOLUÇÃO Nº 14-2025-Aprova a Criação do Curso de Aperfeiçoamento Escola da Terra, no âmbito do Instituto Federal de Educação, Ciência e Tecnologia do Piauí (IFPI) e Anexo..pdf""]","[""RESOLUÇÃO Nº 19-2025-Aprova a Criação do Curso de Especialização Escola da Terra, no âmbito do Instituto Federal de Educação, Ciência e Tecnologia do Piauí (IFPI) e Anexo.pdf"", ""RESOLUÇÃO Nº 19-2025-Aprova a Criação do Curso de Especialização Escola da Terra, no âmbito do Instituto Federal de Educação, Ciência e Tecnologia do Piauí (IFPI) e Anexo.pdf"", ""RESOLUÇÃO Nº 19-2025-Aprova a Criação do Curso de Especialização Escola da Terra, no âmbito do Instituto Federal de Educação, Ciência e Tecnologia do Piauí (IFPI) e Anexo.pdf"", ""RESOLUÇÃO Nº 14-2025-Aprova a Criação do Curso de Aperfeiçoamento Escola da Terra, no âmbito do Instituto Federal de Educação, Ciência e Tecnologia do Piauí (IFPI) e Anexo..pdf"", ""RESOLUÇÃO Nº 81-2025-Aprova a Reformulação do Curso de Aperfeiçoamento Escola da Terra, no âmbito do Instituto Federal de Educação, Ciência e Tecnologia do Piauí (IFPI)  e Anexo.pdf"", ""RESOLUÇÃO Nº 14-2025-Aprova a Criação do Curso de Aperfeiçoamento Escola da Terra, no âmbito do Instituto Federal de Educação, Ciência e Tecnologia do Piauí (IFPI) e Anexo..pdf"", ""RESOLUÇÃO Nº 81-2025-Aprova a Reformulação do Curso de Aperfeiçoamento Escola da Terra, no âmbito do Instituto Federal de Educação, Ciência e Tecnologia do Piauí (IFPI)  e Anexo.pdf"", ""RESOLUÇÃO Nº 44-2024 -Aprova a criação do Curso Superior de Tecnologia em Marketing, no IFPI e Anexo.pdf"", ""RESOLUÇÃO Nº 14-2025-Aprova a Criação do Curso de Aperfeiçoamento Escola da Terra, no âmbito do Instituto Federal de Educação, Ciência e Tecnologia do Piauí (IFPI) e Anexo..pdf"", ""RESOLUÇÃO Nº 81-2025-Aprova a Reformulação do Curso de Aperfeiçoamento Escola da Terra, no âmbito do Instituto Federal de Educação, Ciência e Tecnologia do Piauí (IFPI)  e Anexo.pdf""]","[""RESOLUÇÃO Nº 19-2025-Aprova a Criação do Curso de Especialização Escola da Terra, no âmbito do Instituto Federal de Educação, Ciência e Tecnologia do Piauí (IFPI) e Anexo.pdf"", ""RESOLUÇÃO Nº 19-2025-Aprova a Criação do Curso de Especialização Escola da Terra, no âmbito do Instituto Federal de Educação, Ciência e Tecnologia do Piauí (IFPI) e Anexo.pdf"", ""RESOLUÇÃO Nº 19-2025-Aprova a Criação do Curso de Especialização Escola da Terra, no âmbito do Instituto Federal de Educação, Ciência e Tecnologia do Piauí (IFPI) e Anexo.pdf"", ""RESOLUÇÃO Nº 14-2025-Aprova a Criação do Curso de Aperfeiçoamento Escola da Terra, no âmbito do Instituto Federal de Educação, Ciência e Tecnologia do Piauí (IFPI) e Anexo..pdf"", ""RESOLUÇÃO Nº 81-2025-Aprova a Reformulação do Curso de Aperfeiçoamento Escola da Terra, no âmbito do Instituto Federal de Educação, Ciência e Tecnologia do Piauí (IFPI)  e Anexo.pdf"", ""RESOLUÇÃO Nº 14-2025-Aprova a Criação do Curso de Aperfeiçoamento Escola da Terra, no âmbito do Instituto Federal de Educação, Ciência e Tecnologia do Piauí (IFPI) e Anexo..pdf"", ""RESOLUÇÃO Nº 81-2025-Aprova a Reformulação do Curso de Aperfeiçoamento Escola da Terra, no âmbito do Instituto Federal de Educação, Ciência e Tecnologia do Piauí (IFPI)  e Anexo.pdf"", ""RESOLUÇÃO Nº 44-2024 -Aprova a criação do Curso Superior de Tecnologia em Marketing, no IFPI e Anexo.pdf"", ""RESOLUÇÃO Nº 14-2025-Aprova a Criação do Curso de Aperfeiçoamento Escola da Terra, no âmbito do Instituto Federal de Educação, Ciência e Tecnologia do Piauí (IFPI) e Anexo..pdf"", ""RESOLUÇÃO Nº 81-2025-Aprova a Reformulação do Curso de Aperfeiçoamento Escola da Terra, no âmbito do Instituto Federal de Educação, Ciência e Tecnologia do Piauí (IFPI)  e Anexo.pdf""]",4.0,4.0,0.25,0.25,0.0,0.0,1.0,1.0,0.0,0.0,1.0,1.0,1.0,10,10,4,3.0922
1,43,dense_no_rerank,"RESOLUÇÃO NORMATIVA Nº 236-2025-Prorroga o Plano Diretor de Tecnologia da Informação e Comunicação (PDTIC-2022-2024), do Instituto Federal de Educação, Ciência e Tecnologia do Piauí (IFPI) e Anexo.pdf",Para qual exercício foi prorrogada a vigência do PDTIC-2022/2024 do IFPI?,A vigência do PDTIC-2022/2024 foi prorrogada para o exercício de 2025.,"O Plano Diretor de Tecnologia da Informação e Comunicação (PDTIC-2022/2024) do Instituto Federal de Educação, Ciência e Tecnologia do Piauí (IFPI) foi prorrogado para o exercício de 2025.","[Trecho 1 | Fonte: RESOLUÇÃO NORMATIVA Nº 236-2025-Prorroga o Plano Diretor de Tecnologia da Informação e Comunicação (PDTIC-2022-2024), do Instituto Federal de Educação, Ciência e Tecnologia do Piauí (IFPI) e Anexo.pdf]
Ministério da Educação Instituto Federal de Educação, Ciência e Tecnologia do Piauí IFPI Av. Jânio Quadros, 330, Santa Isabel, TERESINA / PI, CEP 64053-390 Fone: (86) 3131-1443 Site: www.ifpi.edu.br RESOLUÇÃO NORMATIVA CONSUP/OSUPCOL/REI/IFPI N° 236, de 16 de janeiro de 2025. Prorroga o Plano Diretor de Tecnologia da Informação e Comunicação (PDTIC-2022/2024), do InsAtuto Federal de Educação, Ciência e Tecnologia do Piauí (IFPI), e dá outras providências. A Presidente SubsAtuta do Conselho Superior do InsAtuto Federal de Educação, Ciência e Tecnologia do Piauí, no uso de suas atribuições conferidas no Estatuto deste InsAtuto Federal, aprovado pela Resolução NormaAva nº 59, de 20 de agosto de 2021, publicada no Diário Oﬁcial da União de 23 de agosto de 2021, e considerando deliberação em reunião ordinária do dia 18 de dezembro de 2024, ​RESOLVE: RESOLVE: Art. 1º Prorrogar a vigência do Plano Diretor de Tecnologia da Informação e Comunicação (PDTIC-2022/2024), do InsAtuto Federal de Educação, Ciência e Tecnologia do Piauí (IFPI), para o exercício de 2025, mantendo-se inalteradas as diretrizes, objeAvos e metas estabelecidas no documento original, salvo ajustes que se mostrem necessários durante o período prorrogado, mediante aprovação formal. Art. 2º O PDTIC está disponível na aba: https://www.ifpi.edu.br/a- instituicao/diretorias-sistemicas/tecnologia-da-informacao/pdtic. Art. 3º Fica revogada a Resolução NormaAva nº 133/2022 - CONSELHO SUPERIOR, de 29 de abril de 2022. Art.

[Trecho 2 | Fonte: RESOLUÇÃO NORMATIVA Nº 236-2025-Prorroga o Plano Diretor de Tecnologia da Informação e Comunicação (PDTIC-2022-2024), do Instituto Federal de Educação, Ciência e Tecnologia do Piauí (IFPI) e Anexo.pdf]
nas diretrizes estratégicas institucionais. CONCLUSÃO O Plano Diretor de TIC representa um importante instrumento de gestão, estabelecendo orientações táticas e estratégicas de TIC para o período de 2022 a 2024. É parte essencial para o estabelecimento de um processo de governança de TIC no âmbito do IFPI e para o efetivo cumprimento de determinações legais, cujo desafio maior é garantir que a estratégia da TIC esteja alinhada aos objetivos estratégicos do IFPI, bem como alinhada à EGD, de forma a “contribuir para aumentar a efetividade da geração de benefícios para a sociedade brasileira por meio da expansão do acesso às informações governamentais, da melhoria dos serviços públicos digitais e da ampliação da participação social”. A busca pela efetividade nos resultados conduziu à construção de um Planejamento de TI que consegue traduzir os objetivos estratégicos da organização em objetivos menores, para depois consolidar metas e ações de TI que melhor possam contribuir para o alcance desses objetivos. Uma vez concebido e formalizado, o PDTIC 2022-2024 deverá se consolidar como um importante instrumento de gestão e norteador das decisões cotidianas. Especial importância deve ser dada à atualização e ao monitoramento periódico deste PDTI, a fim de que, por meio do acompanhamento de indicadores, seja possível visualizar a evolução do cumprimento da missão institucional da área de TI. Diante desse contexto, para o período de 2022 a 2024, o PDTIC do IFPI visa ser mais do que um

[Trecho 3 | Fonte: RESOLUÇÃO NORMATIVA Nº 236-2025-Prorroga o Plano Diretor de Tecnologia da Informação e Comunicação (PDTIC-2022-2024), do Instituto Federal de Educação, Ciência e Tecnologia do Piauí (IFPI) e Anexo.pdf]
relacionadas. RESULTADOS DO PDTIC ANTERIOR Após a análise do PDTIC anterior, foi possível identificar quais ações foram concluídas, quais foram replanejadas ou não efetivadas. O PDTIC 2022-2024 é uma revisão do Plano Diretor de TIC atual do IFPI, previsto inicialmente para o horizonte temporal de 2019 a 2020, desta forma, os resultados apresentados neste item (Figura 04) são referentes ao último PDTIC vigente no âmbito do Instituto Federal do Piauí, o qual contemplava as ações de TIC para o período de vigência. O PDTIC 2019-2020 apresentou um plano de 79 necessidades a serem sanadas para o período de vigência. Algumas foram alcançadas com sucesso, tendo algumas necessidades atendidas total ou parcialmente. Desta forma, o propósito deste documento também é acompanhar o andamento das ações estabelecidas a fim de que eliminem as necessidades em relação à TIC para o IFPI. As necessidades não cumpridas serão avaliadas novamente e, caso ainda desejadas, serão inseridas novamente no PDTIC para que sejam contempladas em novos planos de ações e projetos. Figura 03 - Resultados do PDTIC anterior REFERENCIAL ESTRATÉGICO DE TIC O referencial estratégico de TIC é composto pela missão, visão, valores, objetivos estratégicos, análise do ambiente organizacional e princípios e diretrizes. O alinhamento estratégico corresponde ao alinhamento entre os instrumentos de planejamento de TIC adotados pelo IFPI. Os trabalhos realizados durante a execução do PDTIC seguiram as orientações do IFPI com

[Trecho 4 | Fonte: RESOLUÇÃO NORMATIVA Nº 236-2025-Prorroga o Plano Diretor de Tecnologia da Informação e Comunicação (PDTIC-2022-2024), do Instituto Federal de Educação, Ciência e Tecnologia do Piauí (IFPI) e Anexo.pdf]
de indicadores, seja possível visualizar a evolução do cumprimento da missão institucional da área de TI. Diante desse contexto, para o período de 2022 a 2024, o PDTIC do IFPI visa ser mais do que um atendimento às exigências dos órgãos de controle, e sim um instrumento efetivo de planejamento que oriente as ações de TIC e agregue valor à educação provida pela instituição. REFERÊNCIAS BRASIL. Constituição da República Federativa do Brasil. Diário Oficial da União, out 1988. BRASIL. SGD/ME. Instrução Normativa no 01, de 04 de abril de 2019 BRASIL. MP/STI. Estratégia de Governança Digital - EGD – 2020-2022. Disponível em: <https://www.gov.br/governodigital/pt-br/EGD2020>. BRASIL. MP/SISP. Guia de PDTIC do SISP v2.0. Disponível em: <https://www.gov.br/governodigital/pt-br/sisp/documentos/guia-de-pdtic-do-sisp-v2.0>.","[""RESOLUÇÃO NORMATIVA Nº 236-2025-Prorroga o Plano Diretor de Tecnologia da Informação e Comunicação (PDTIC-2022-2024), do Instituto Federal de Educação, Ciência e Tecnologia do Piauí (IFPI) e Anexo.pdf"", ""RESOLUÇÃO NORMATIVA Nº 236-2025-Prorroga o Plano Diretor de Tecnologia da Informação e Comunicação (PDTIC-2022-2024), do Instituto Federal de Educação, Ciência e Tecnologia do Piauí (IFPI) e Anexo.pdf"", ""RESOLUÇÃO NORMATIVA Nº 236-2025-Prorroga o Plano Diretor de Tecnologia da Informação e Comunicação (PDTIC-2022-2024), do Instituto Federal de Educação, Ciência e Tecnologia do Piauí (IFPI) e Anexo.pdf"", ""RESOLUÇÃO NORMATIVA Nº 236-2025-Prorroga o Plano Diretor de Tecnologia da Informação e Comunicação (PDTIC-2022-2024), do Instituto Federal de Educação, Ciência e Tecnologia do Piauí (IFPI) e Anexo.pdf""]","[""RESOLUÇÃO NORMATIVA Nº 236-2025-Prorroga o Plano Diretor de Tecnologia da Informação e Comunicação (PDTIC-2022-2024), do Instituto Federal de Educação, Ciência e Tecnologia do Piauí (IFPI) e Anexo.pdf"", ""RESOLUÇÃO NORMATIVA Nº 236-2025-Prorroga o Plano Diretor de Tecnologia da Informação e Comunicação (PDTIC-2022-2024), do Instituto Federal de Educação, Ciência e Tecnologia do Piauí (IFPI) e Anexo.pdf"", ""RESOLUÇÃO NORMATIVA Nº 236-2025-Prorroga o Plano Diretor de Tecnologia da Informação e Comunicação (PDTIC-2022-2024), do Instituto Federal de Educação, Ciência e Tecnologia do Piauí (IFPI) e Anexo.pdf"", ""RESOLUÇÃO NORMATIVA Nº 236-2025-Prorroga o Plano Diretor de Tecnologia da Informação e Comunicação (PDTIC-2022-2024), do Instituto Federal de Educação, Ciência e Tecnologia do Piauí (IFPI) e Anexo.pdf"", ""RESOLUÇÃO NORMATIVA Nº 236-2025-Prorroga o Plano Diretor de Tecnologia da Informação e Comunicação (PDTIC-2022-2024), do Instituto Federal de Educação, Ciência e Tecnologia do Piauí (IFPI) e Anexo.pdf"", ""RESOLUÇÃO NORMATIVA Nº 236-2025-Prorroga o Plano Diretor de Tecnologia da Informação e Comunicação (PDTIC-2022-2024), do Instituto Federal de Educação, Ciência e Tecnologia do Piauí (IFPI) e Anexo.pdf"", ""RESOLUÇÃO NORMATIVA Nº 236-2025-Prorroga o Plano Diretor de Tecnologia da Informação e Comunicação (PDTIC-2022-2024), do Instituto Federal de Educação, Ciência e Tecnologia do Piauí (IFPI) e Anexo.pdf"", ""RESOLUÇÃO NORMATIVA Nº 208-2024-Aprova a revisão do Plano de Desenvolvimento Institucional (PDI), 2020-2024, do IFPI e Anexo.pdf""]","[""RESOLUÇÃO NORMATIVA Nº 236-2025-Prorroga o Plano Diretor de Tecnologia da Informação e Comunicação (PDTIC-2022-2024), do Instituto Federal de Educação, Ciência e Tecnologia do Piauí (IFPI) e Anexo.pdf"", ""RESOLUÇÃO NORMATIVA Nº 236-2025-Prorroga o Plano Diretor de Tecnologia da Informação e Comunicação (PDTIC-2022-2024), do Instituto Federal de Educação, Ciência e Tecnologia do Piauí (IFPI) e Anexo.pdf"", ""RESOLUÇÃO NORMATIVA Nº 236-2025-Prorroga o Plano Diretor de Tecnologia da Informação e Comunicação (PDTIC-2022-2024), do Instituto Federal de Educação, Ciência e Tecnologia do Piauí (IFPI) e Anexo.pdf"", ""RESOLUÇÃO NORMATIVA Nº 236-2025-Prorroga o Plano Diretor de Tecnologia da Informação e Comunicação (PDTIC-2022-2024), do Instituto Federal de Educação, Ciência e Tecnologia do Piauí (IFPI) e Anexo.pdf"", ""RESOLUÇÃO NORMATIVA Nº 236-2025-Prorroga o Plano Diretor de Tecnologia da Informação e Comunicação (PDTIC-2022-2024), do Instituto Federal de Educação, Ciência e Tecnologia do Piauí (IFPI) e Anexo.pdf"", ""RESOLUÇÃO NORMATIVA Nº 236-2025-Prorroga o Plano Diretor de Tecnologia da Informação e Comunicação (PDTIC-2022-2024), do Instituto Federal de Educação, Ciência e Tecnologia do Piauí (IFPI) e Anexo.pdf"", ""RESOLUÇÃO NORMATIVA Nº 236-2025-Prorroga o Plano Diretor de Tecnologia da Informação e Comunicação (PDTIC-2022-2024), do Instituto Federal de Educação, Ciência e Tecnologia do Piauí (IFPI) e Anexo.pdf"", ""RESOLUÇÃO NORMATIVA Nº 208-2024-Aprova a revisão do Plano de Desenvolvimento Institucional (PDI), 2020-2024, do IFPI e Anexo.pdf""]",1.0,1.0,1.0,1.0,1.0,1.0,1.0,1.0,1.0,1.0,1.0,1.0,1.0,8,8,4,5.2692
1,43,dense_no_rerank,"RESOLUÇÃO NORMATIVA Nº 236-2025-Prorroga o Plano Diretor de Tecnologia da Informação e Comunicação (PDTIC-2022-2024), do Instituto Federal de Educação, Ciência e Tecnologia do Piauí (IFPI) e Anexo.pdf",Qual resolução foi revogada pela Resolução Normativa nº 236 de 2025?,"Foi revogada a Resolução Normativa nº 133/2022 - CONSELHO SUPERIOR, de 29 de abril de 2022.",A Resolução Normativa nº 236 de 2025 revogou a Resolução NormaAva nº 206/2024 do Conselho Superior.,"[Trecho 1 | Fonte: RESOLUÇÃO NORMATIVA Nº 226-2024-Atualiza as Normas que regulamentam a concessão de bolsas, no IFPI - TONRNADA SEM EFEITO PELA RN Nº 228_2024.pdf]
Art. 30. Ficam revogadas: I - a Resolução nº 15/2021 - CONSELHO SUPERIOR, de 19 de maio de 2021; e II - a Resolução NormaAva nº 206/2024- CONSELHO SUPERIOR, de 13 de maio de 2024. Anexo – Tabelas de Equivalência de Valores das Bolsas do IFPI TABELA 1 – A tabela utiliza como referência a carga horária de vinte horas semanais. Bolsa Institucional no País Bolsa do CNPq Equivalente à Bolsa Institucional Bolsa Prêmio Modalidade Sigla Modalidade Sigla Nível Teto Pesquisador – Doutor PEQ-A Produtividade em Pesquisa PQ 1A 3x Pesquisador – Mestre PEQ-B Produtividade em Pesquisa PQ 1B 3x Pesquisador – Especialista PEQ-C Produtividade em Pesquisa PQ 1C 3x Pesquisador – Graduado PEQ-D Produtividade em Pesquisa PQ 1D 3x Pesquisador – Técnico PEQ-E Apoio Técnico à Pesquisa AT NS 3x Pesquisador – Qualificado/Experiente PEQ-F Apoio Técnico à Pesquisa AT NM 3x Extensionista – Doutor EXT-A Produtividade em Desenvolvimento Tecnológico e Extensão Inovadora DT 1A 3x Extensionista – Mestre EXT-B Produtividade em Desenvolvimento Tecnológico e Extensão Inovadora DT 1B 3x Extensionista – Especialista EXT-C Produtividade em Desenvolvimento Tecnológico e Extensão Inovadora DT 1C 3x Extensionista – Graduado EXT-D Produtividade em Desenvolvimento Tecnológico e Extensão Inovadora DT 1D 3x Extensionista – Técnico EXT-E Apoio Técnico em Extensão no País ATP A 3x Extensionista – Qualificado/Experiente EXT-F Apoio Técnico em Extensão no País ATP B 3x Gestor de Programa GPA Desenvolvimento Tecnológico e

[Trecho 2 | Fonte: RESOLUÇÃO NORMATIVA Nº 197-2024-Dispõe sobre o regulamento para emissão e registro de Certificados e Diplomas Eletrônicos de Cursos do IFPI -REVOGADA PELA RN 198_2024.pdf]
que poderão ser atualizados em ato próprio da Pró-Reitoria de Ensino ou de outro setor responsável pelo armazenamento e compartilhamento dos dados. Art. 33. As informações sobre emissão e registro de cerBﬁcados e/ou diplomas eletrônicos poderão ser uBlizadas para auditorias, análises estaMsBcas, ciência de dados e estudos para lançamento de novos serviços públicos ou para a melhoria dos já existentes, bem como de processos e comunicações. CAPÍTULO X DAS DISPOSIÇÕES FINAIS Art. 34. Os casos omissos relaBvos a expedições de cerBﬁcado e diploma eletrônicos serão resolvidos, em ato próprio pela Pró-Reitoria de Ensino e, quando couber, encaminhados para regulamentação específica. Art. 35. Ficam revogadas: I - a Resolução NormaBva nº 117/2022 - CONSELHO SUPERIOR, de 30 de março de 2022; e II - a Resolução NormaBva nº 164/2023 - CONSELHO SUPERIOR, de 23 de março de 2023. Art. 36. Esta Resolução entra em vigor na data de sua publicação. PAULO BORGES DA CUNHA Presidente do CONSUP ANEXO I ANEXO I Coleta de dados pessoais Coleta de dados pessoais Tipos de dados Dados pessoais Finalidade IdenBﬁcar o usuário; gerar diploma e cerBﬁcado; realizar prevenção a fraudes; informar sobre a emissão dos diplomas; pesquisar sobre egressos; comunicação com o usuário ou representante legal. Nome completo, Nome Social, Matrícula, CPF, documento de idenBﬁcação, e-mail, telefone, endereço, Responsável Legal (quando menor de idade). Cadastrais Tipos de dados Dados Pessoais Finalidade Identificar o

[Trecho 3 | Fonte: RESOLUÇÃO Nº 110-2025-Aprova a reformulação do Curso Técnico em Agroindústria Integrado ao Ensino Médio, no âmbito do IFPI e Anexo-.pdf]
Federais de Educação, Ciência e Tecnologia e dá outras providências. Brasília/DF: 2008. Disponível em: <https://www.planalto.gov.br/ccivil_03/_ato2007-2010/2008/lei/l11892.htm>. Acesso em: 05 ago. 2025. providências. Brasília/DF: 1990. Disponível em: < https://www.planalto.gov.br/ccivil_03/leis/l8069.htm>. Acesso em: 05 ago. 2025. BRASIL. Lei no 9.394, de 20 de dezembro de 1996. Estabelece as Diretrizes e Bases da Educação Nacional. Brasília/DF: 1996. Disponível em: < https://www.planalto.gov.br/ccivil_03/leis/l9394.htm>. Acesso em: 05 ago. 2025. BRASIL. Lei no 9.795, de 27 de abril de 1999. Dispõe sobre a educação ambiental, institui a Política Nacional de Educação Ambiental e dá outras providências. Brasília/DF: 1999. Disponível em: < http://www.planalto.gov.br/ccivil_03/ leis/l9795.htm>. Acesso em: 05 ago. 2025. BRASIL. Resolução no 1, de 17 de junho de 2004. Institui as Diretrizes Curriculares Nacionais para a Educação das Relações Étnico-Raciais e para o Ensino de História e Cultura Afro-Brasileira e Africana. Brasília/DF: 2004. Disponível em: <http://www.prograd.ufu.br/legislacoes/resolucao-cnecp-no-1-de-17-de-junho-de-2004>. Acesso em: 05 ago. 2025. BRASIL. Resolução no 1, de 30 de maio de 2012. Estabelece as Diretrizes Nacionais para a Educação em Direitos Humanos. Brasília/DF: 2012. Disponível em: <http://portal.mec.gov.br/dmdocuments/rcp001_12.pdf>. Acesso em: 05 ago. 2025. RESOLUÇÃO NORMATIVA CONSUP/OSUPCOL/REI/IFPI N° 253, de 22 dedezembro de 2025 , que aprova a

[Trecho 4 | Fonte: RESOLUÇÃO Nº 90-2025-Aprova a reformulação do Curso Técnico em Vestuário, integrado ao Ensino Médio, no âmbito do IFPI e Anexo..pdf]
Federais de Educação, Ciência e Tecnologia e dá outras providências. Brasília/DF: 2008. Disponível em: <https://www.planalto.gov.br/ccivil_03/_ato2007-2010/2008/lei/l11892.htm>. Acesso em: 05 ago. 2025. providências. Brasília/DF: 1990. Disponível em: < https://www.planalto.gov.br/ccivil_03/leis/l8069.htm>. Acesso em: 05 ago. 2025. BRASIL. Lei no 9.394, de 20 de dezembro de 1996. Estabelece as Diretrizes e Bases da Educação Nacional. Brasília/DF: 1996. Disponível em: < https://www.planalto.gov.br/ccivil_03/leis/l9394.htm>. Acesso em: 05 ago. 2025. BRASIL. Lei no 9.795, de 27 de abril de 1999. Dispõe sobre a educação ambiental, institui a Política Nacional de Educação Ambiental e dá outras providências. Brasília/DF: 1999. Disponível em: < http://www.planalto.gov.br/ccivil_03/ leis/l9795.htm>. Acesso em: 05 ago. 2025. BRASIL. Resolução no 1, de 17 de junho de 2004. Institui as Diretrizes Curriculares Nacionais para a Educação das Relações Étnico-Raciais e para o Ensino de História e Cultura Afro-Brasileira e Africana. Brasília/DF: 2004. Disponível em: <http://www.prograd.ufu.br/legislacoes/resolucao-cnecp-no-1-de-17-de-junho-de-2004>. Acesso em: 05 ago. 2025. BRASIL. Resolução no 1, de 30 de maio de 2012. Estabelece as Diretrizes Nacionais para a Educação em Direitos Humanos. Brasília/DF: 2012. Disponível em: <http://portal.mec.gov.br/dmdocuments/rcp001_12.pdf>. Acesso em: 05 ago. 2025. RESOLUÇÃO NORMATIVA CONSUP/OSUPCOL/REI/IFPI N° 253, de 22 dedezembro de 2025 , que aprova a","[""RESOLUÇÃO NORMATIVA Nº 226-2024-Atualiza as Normas que regulamentam a concessão de bolsas, no IFPI - TONRNADA SEM EFEITO PELA RN Nº 228_2024.pdf"", ""RESOLUÇÃO NORMATIVA Nº 197-2024-Dispõe sobre o regulamento para emissão e registro de Certificados e Diplomas Eletrônicos de Cursos do IFPI -REVOGADA PELA RN 198_2024.pdf"", ""RESOLUÇÃO Nº 110-2025-Aprova a reformulação do Curso Técnico em Agroindústria Integrado ao Ensino Médio, no âmbito do IFPI e Anexo-.pdf"", ""RESOLUÇÃO Nº 90-2025-Aprova a reformulação do Curso Técnico em Vestuário, integrado ao Ensino Médio, no âmbito do IFPI e Anexo..pdf""]","[""RESOLUÇÃO NORMATIVA Nº 226-2024-Atualiza as Normas que regulamentam a concessão de bolsas, no IFPI - TONRNADA SEM EFEITO PELA RN Nº 228_2024.pdf"", ""RESOLUÇÃO NORMATIVA Nº 197-2024-Dispõe sobre o regulamento para emissão e registro de Certificados e Diplomas Eletrônicos de Cursos do IFPI -REVOGADA PELA RN 198_2024.pdf"", ""RESOLUÇÃO Nº 110-2025-Aprova a reformulação do Curso Técnico em Agroindústria Integrado ao Ensino Médio, no âmbito do IFPI e Anexo-.pdf"", ""RESOLUÇÃO Nº 90-2025-Aprova a reformulação do Curso Técnico em Vestuário, integrado ao Ensino Médio, no âmbito do IFPI e Anexo..pdf"", ""RESOLUÇÃO NORMATIVA Nº 248-2025-Aprova a atualização do Calendário Acadêmico para o Ano Letivo de 2025 do IFPI e Anexo.pdf"", ""RESOLUÇÃO NORMATIVA Nº 236-2025-Prorroga o Plano Diretor de Tecnologia da Informação e Comunicação (PDTIC-2022-2024), do Instituto Federal de Educação, Ciência e Tecnologia do Piauí (IFPI) e Anexo.pdf"", ""RESOLUÇÃO NORMATIVA Nº 222-2024-Institui o Regulamento Interno do Comitê Gestor de Proteção de Dados Pessoais (CGPDP), no âmbito do Instituto Federal de Educação, Ciência e Tecnologia do Piauí (IFPI)..pdf"", ""RESOLUÇÃO Nº 112-2025- Aprova a reformulação do Curso Técnico em Administração Integrado ao Ensino Médio, no âmbiro do IFPI e Anexo-.pdf"", ""RESOLUÇÃO NORMATIVA Nº 257-2025-Aprova o Regulamento de Estágio Curricular Supervisionado dos Cursos de Licenciatura do IFPI..pdf"", ""RESOLUÇÃO Nº 29-2024-Aprova a Reformulação do Projeto Pedagógico do Curso Técnico de Nível Médio em Mineração, modalidade de Ensino a Distância (EaD), do IFPI e Anexo.pdf""]","[""RESOLUÇÃO NORMATIVA Nº 226-2024-Atualiza as Normas que regulamentam a concessão de bolsas, no IFPI - TONRNADA SEM EFEITO PELA RN Nº 228_2024.pdf"", ""RESOLUÇÃO NORMATIVA Nº 197-2024-Dispõe sobre o regulamento para emissão e registro de Certificados e Diplomas Eletrônicos de Cursos do IFPI -REVOGADA PELA RN 198_2024.pdf"", ""RESOLUÇÃO Nº 110-2025-Aprova a reformulação do Curso Técnico em Agroindústria Integrado ao Ensino Médio, no âmbito do IFPI e Anexo-.pdf"", ""RESOLUÇÃO Nº 90-2025-Aprova a reformulação do Curso Técnico em Vestuário, integrado ao Ensino Médio, no âmbito do IFPI e Anexo..pdf"", ""RESOLUÇÃO NORMATIVA Nº 248-2025-Aprova a atualização do Calendário Acadêmico para o Ano Letivo de 2025 do IFPI e Anexo.pdf"", ""RESOLUÇÃO NORMATIVA Nº 236-2025-Prorroga o Plano Diretor de Tecnologia da Informação e Comunicação (PDTIC-2022-2024), do Instituto Federal de Educação, Ciência e Tecnologia do Piauí (IFPI) e Anexo.pdf"", ""RESOLUÇÃO NORMATIVA Nº 222-2024-Institui o Regulamento Interno do Comitê Gestor de Proteção de Dados Pessoais (CGPDP), no âmbito do Instituto Federal de Educação, Ciência e Tecnologia do Piauí (IFPI)..pdf"", ""RESOLUÇÃO Nº 112-2025- Aprova a reformulação do Curso Técnico em Administração Integrado ao Ensino Médio, no âmbiro do IFPI e Anexo-.pdf"", ""RESOLUÇÃO NORMATIVA Nº 257-2025-Aprova o Regulamento de Estágio Curricular Supervisionado dos Cursos de Licenciatura do IFPI..pdf"", ""RESOLUÇÃO Nº 29-2024-Aprova a Reformulação do Projeto Pedagógico do Curso Técnico de Nível Médio em Mineração, modalidade de Ensino a Distância (EaD), do IFPI e Anexo.pdf""]",6.0,6.0,0.16666666666666666,0.16666666666666666,0.0,0.0,0.0,1.0,0.0,0.0,0.0,1.0,0.0,10,10,4,4.7362
1,43,dense_no_rerank,"RESOLUÇÃO NORMATIVA Nº 236-2025-Prorroga o Plano Diretor de Tecnologia da Informação e Comunicação (PDTIC-2022-2024), do Instituto Federal de Educação, Ciência e Tecnologia do Piauí (IFPI) e Anexo.pdf",Quais são as três fases da metodologia de elaboração do PDTIC descritas no documento?,"As três fases da metodologia de elaboração do PDTIC são Preparação, Diagnóstico e Planejamento.","As três fases da metodologia de elaboração do PDTIC são Preparação, Diagnóstico e Planejamento.","[Trecho 1 | Fonte: RESOLUÇÃO NORMATIVA Nº 236-2025-Prorroga o Plano Diretor de Tecnologia da Informação e Comunicação (PDTIC-2022-2024), do Instituto Federal de Educação, Ciência e Tecnologia do Piauí (IFPI) e Anexo.pdf]
propostas que permitam a instauração de um processo de melhoria continuada em Tecnologia da Informação e Comunicação para os itens de hardware, software, organização administrativa, processos de trabalho, investimentos e recursos humanos, além de apontar soluções para os problemas atuais identificados em TIC. Para esses itens, o PDTIC também define metas que deverão ser perseguidas pelo IFPI, as quais possibilitam a verificação do alcance dos objetivos propostos, tudo alinhado com o Planejamento Estratégico de TIC do IFPI. O Planejamento Estratégico de TIC pode ser realizado em três níveis: estratégico, tático e operacional. No Planejamento Estratégico é estabelecida a direção a ser seguida, por meio da definição dos objetivos e planos da instituição. O Planejamento Tático traduz os objetivos gerais e as estratégias da instituição em objetivos e atividades mais específicas. E por fim, o Planejamento Operacional descreve os recursos necessários para a implementação dos objetivos e atividades definidos no planejamento tático. METODOLOGIA DE ELABORAÇÃO A metodologia utilizada para a elaboração deste documento baseou-se no Guia de PDTIC do SISP, versão 2.0, adaptado à realidade do IFPI, onde divide-se em 03 (três) fases: Preparação, Diagnóstico e Planejamento. Cada fase compreende a execução de processos específicos em harmonia com os instrumentos de planejamento da instituição, tais como: Plano de Desenvolvimento Institucional - PDI, Estratégia de Governança Digital (EGD), a

[Trecho 2 | Fonte: RESOLUÇÃO NORMATIVA Nº 236-2025-Prorroga o Plano Diretor de Tecnologia da Informação e Comunicação (PDTIC-2022-2024), do Instituto Federal de Educação, Ciência e Tecnologia do Piauí (IFPI) e Anexo.pdf]
a execução de processos específicos em harmonia com os instrumentos de planejamento da instituição, tais como: Plano de Desenvolvimento Institucional - PDI, Estratégia de Governança Digital (EGD), a Instrução Normativa SGD/ME Nº 31/2021, entre outros. Figura 01 - Macroprocesso de elaboração do PDTIC Registra-se que a elaboração do PDTIC 2022-2024, conduzida pela Diretoria de Tecnologia da Informação (DTI), foi executada pela Equipe de Elaboração (Portaria nº 1.231/2021 de 29 de junho de 2021), constituída por representantes da Reitoria e dos diversos campi do IFPI. 1ª FASE: PREPARAÇÃO É a fase inicial que reúne aspectos decisórios de caráter superior, como a aprovação de documentos e atividades diretamente voltadas ao processo de elaboração do PDTIC. Nesta etapa elabora-se o Plano de Trabalho a ser apreciado pelo Comitê de Governança Digital ou equivalente. As atividades que compõem a fase “Preparação” são: a) Definir abrangência e período do PDTIC; b) Definir a Equipe de Elaboração do PDTIC; c) Descrever a metodologia de elaboração; d) Consolidar documentos de referência; e) Identificar estratégias da organização; f) Identificar princípios e diretrizes; g) Elaborar o Plano de Trabalho do PDTIC; h) Aprovar o Plano de Trabalho do PDTIC. 2ª FASE: DIAGNÓSTICO Essa fase é caracterizada pela compreensão da situação atual da TIC na organização e tem como objetivo identificar necessidades, problemas ou oportunidades que se espera resolver/alcançar. É uma fase marcada pela interação

[Trecho 3 | Fonte: RESOLUÇÃO NORMATIVA Nº 236-2025-Prorroga o Plano Diretor de Tecnologia da Informação e Comunicação (PDTIC-2022-2024), do Instituto Federal de Educação, Ciência e Tecnologia do Piauí (IFPI) e Anexo.pdf]
estratégicos. Destaca-se nesta fase a priorização das demandas e a elaboração do planejamento de metas e ações. As atividades que compõem a fase de “Planejamento” são: a) Atualizar critérios de priorização; b) Priorizar as necessidades inventariadas; c) Definir metas e ações; d) Planejar ações de pessoal; e) Planejar orçamento das ações do PDTIC; f) Identificar os fatores críticos de sucesso; g) Planejar o gerenciamento de riscos; h) Consolidar a Minuta do PDTIC. DOCUMENTOS DE REFERÊNCIA O levantamento dos documentos de referência visa identificar leis e regulamentações pertinentes à TIC buscando o alinhamento das ações de TIC com as diretrizes de Governo, do SISP e do próprio IFPI, garantindo assim a conformidade. São eles: a) Estatuto do IFPI; b) Plano de Desenvolvimento Institucional; c) Planejamento Estratégico; d) Plano Diretor de TIC 2019-2020; e) Regimento Geral do IFPI; f) Termo de Acordos e Metas (TAM); g) Política de Gestão de Riscos; h) Estratégia de Governança Digital (disponível em: https://www.gov.br/governodigital/pt-br/EGD2020); i) Instrução Normativa 31/2021 SGD/ME. PRINCÍPIOS E DIRETRIZES Princípios são valores fundamentais adotados por uma organização. São as convicções que orientam e impõem limites à tomada de decisão, à comunicação dentro e fora da organização, bem como à sua gestão e administração. São princípios de TIC do IFPI: ID Princípios/Diretrizes Origem Promover a padronização de serviços, processos, controles, aplicações e infraestrutura,

[Trecho 4 | Fonte: RESOLUÇÃO NORMATIVA Nº 236-2025-Prorroga o Plano Diretor de Tecnologia da Informação e Comunicação (PDTIC-2022-2024), do Instituto Federal de Educação, Ciência e Tecnologia do Piauí (IFPI) e Anexo.pdf]
pedagógica. Criada nos termos da Lei N. 11.892, de 29 de dezembro de 2008, a instituição é vinculada ao Ministério da Educação, possui natureza jurídica de autarquia, sendo detentora de autonomia administrativa, patrimonial, financeira, didático-pedagógica e disciplinar. O Instituto Federal do Piauí (IFPI) tem por finalidade promover educação profissional e tecnológica de excelência, visando à formação integral e emancipatória do cidadão para o desenvolvimento da sociedade. Para alcançar esses objetivos, é necessário que haja um alinhamento entre as estratégias organizacionais e as estratégias da área de Tecnologia da Informação e Comunicação (TIC). Dessa maneira, o Plano Diretor de Tecnologia da Informação e Comunicação (PDTIC) tem como objetivo atender as necessidades de tecnologia da informação e comunicação das unidades, visando agregar valor ao negócio. Nesse sentido, ele auxiliará a priorização e otimização da aplicação dos recursos de TIC. O PDTIC compõe-se, em linhas gerais, por princípios e diretrizes, por referencial estratégico de TIC, resultados do PDTIC anterior, inventários de necessidades, plano de pessoal, de infraestrutura, de orçamento, de sistemas e de serviços com ações e metas. Este plano abrange as necessidades de TIC de todas as áreas do IFPI, tendo em vista as diferenças de maturidades e complexidades entre elas. Segundo o Regimento Interno do IFPI, instituído por meio da Resolução CONSUP 020/2011, de 06 de dezembro de 2011, compete à Diretoria de","[""RESOLUÇÃO NORMATIVA Nº 236-2025-Prorroga o Plano Diretor de Tecnologia da Informação e Comunicação (PDTIC-2022-2024), do Instituto Federal de Educação, Ciência e Tecnologia do Piauí (IFPI) e Anexo.pdf"", ""RESOLUÇÃO NORMATIVA Nº 236-2025-Prorroga o Plano Diretor de Tecnologia da Informação e Comunicação (PDTIC-2022-2024), do Instituto Federal de Educação, Ciência e Tecnologia do Piauí (IFPI) e Anexo.pdf"", ""RESOLUÇÃO NORMATIVA Nº 236-2025-Prorroga o Plano Diretor de Tecnologia da Informação e Comunicação (PDTIC-2022-2024), do Instituto Federal de Educação, Ciência e Tecnologia do Piauí (IFPI) e Anexo.pdf"", ""RESOLUÇÃO NORMATIVA Nº 236-2025-Prorroga o Plano Diretor de Tecnologia da Informação e Comunicação (PDTIC-2022-2024), do Instituto Federal de Educação, Ciência e Tecnologia do Piauí (IFPI) e Anexo.pdf""]","[""RESOLUÇÃO NORMATIVA Nº 236-2025-Prorroga o Plano Diretor de Tecnologia da Informação e Comunicação (PDTIC-2022-2024), do Instituto Federal de Educação, Ciência e Tecnologia do Piauí (IFPI) e Anexo.pdf"", ""RESOLUÇÃO NORMATIVA Nº 236-2025-Prorroga o Plano Diretor de Tecnologia da Informação e Comunicação (PDTIC-2022-2024), do Instituto Federal de Educação, Ciência e Tecnologia do Piauí (IFPI) e Anexo.pdf"", ""RESOLUÇÃO NORMATIVA Nº 236-2025-Prorroga o Plano Diretor de Tecnologia da Informação e Comunicação (PDTIC-2022-2024), do Instituto Federal de Educação, Ciência e Tecnologia do Piauí (IFPI) e Anexo.pdf"", ""RESOLUÇÃO NORMATIVA Nº 236-2025-Prorroga o Plano Diretor de Tecnologia da Informação e Comunicação (PDTIC-2022-2024), do Instituto Federal de Educação, Ciência e Tecnologia do Piauí (IFPI) e Anexo.pdf"", ""RESOLUÇÃO NORMATIVA Nº 236-2025-Prorroga o Plano Diretor de Tecnologia da Informação e Comunicação (PDTIC-2022-2024), do Instituto Federal de Educação, Ciência e Tecnologia do Piauí (IFPI) e Anexo.pdf"", ""RESOLUÇÃO Nº 84-2025-Aprova o Plano de Gestão de Riscos, no âmbito do Instituto Federal de Educação, Ciência e Tecnologia do Piauí (IFPI), biênio 2026-2028 e Anexo.pdf"", ""RESOLUÇÃO NORMATIVA Nº 236-2025-Prorroga o Plano Diretor de Tecnologia da Informação e Comunicação (PDTIC-2022-2024), do Instituto Federal de Educação, Ciência e Tecnologia do Piauí (IFPI) e Anexo.pdf"", ""RESOLUÇÃO NORMATIVA Nº 236-2025-Prorroga o Plano Diretor de Tecnologia da Informação e Comunicação (PDTIC-2022-2024), do Instituto Federal de Educação, Ciência e Tecnologia do Piauí (IFPI) e Anexo.pdf""]","[""RESOLUÇÃO NORMATIVA Nº 236-2025-Prorroga o Plano Diretor de Tecnologia da Informação e Comunicação (PDTIC-2022-2024), do Instituto Federal de Educação, Ciência e Tecnologia do Piauí (IFPI) e Anexo.pdf"", ""RESOLUÇÃO NORMATIVA Nº 236-2025-Prorroga o Plano Diretor de Tecnologia da Informação e Comunicação (PDTIC-2022-2024), do Instituto Federal de Educação, Ciência e Tecnologia do Piauí (IFPI) e Anexo.pdf"", ""RESOLUÇÃO NORMATIVA Nº 236-2025-Prorroga o Plano Diretor de Tecnologia da Informação e Comunicação (PDTIC-2022-2024), do Instituto Federal de Educação, Ciência e Tecnologia do Piauí (IFPI) e Anexo.pdf"", ""RESOLUÇÃO NORMATIVA Nº 236-2025-Prorroga o Plano Diretor de Tecnologia da Informação e Comunicação (PDTIC-2022-2024), do Instituto Federal de Educação, Ciência e Tecnologia do Piauí (IFPI) e Anexo.pdf"", ""RESOLUÇÃO NORMATIVA Nº 236-2025-Prorroga o Plano Diretor de Tecnologia da Informação e Comunicação (PDTIC-2022-2024), do Instituto Federal de Educação, Ciência e Tecnologia do Piauí (IFPI) e Anexo.pdf"", ""RESOLUÇÃO Nº 84-2025-Aprova o Plano de Gestão de Riscos, no âmbito do Instituto Federal de Educação, Ciência e Tecnologia do Piauí (IFPI), biênio 2026-2028 e Anexo.pdf"", ""RESOLUÇÃO NORMATIVA Nº 236-2025-Prorroga o Plano Diretor de Tecnologia da Informação e Comunicação (PDTIC-2022-2024), do Instituto Federal de Educação, Ciência e Tecnologia do Piauí (IFPI) e Anexo.pdf"", ""RESOLUÇÃO NORMATIVA Nº 236-2025-Prorroga o Plano Diretor de Tecnologia da Informação e Comunicação (PDTIC-2022-2024), do Instituto Federal de Educação, Ciência e Tecnologia do Piauí (IFPI) e Anexo.pdf""]",1.0,1.0,1.0,1.0,1.0,1.0,1.0,1.0,1.0,1.0,1.0,1.0,1.0,8,8,4,3.3705
1,43,dense_no_rerank,"RESOLUÇÃO NORMATIVA Nº 236-2025-Prorroga o Plano Diretor de Tecnologia da Informação e Comunicação (PDTIC-2022-2024), do Instituto Federal de Educação, Ciência e Tecnologia do Piauí (IFPI) e Anexo.pdf",Em que guia se baseou a metodologia de elaboração do PDTIC do IFPI?,"A metodologia de elaboração do PDTIC do IFPI baseou-se no Guia de PDTIC do SISP, versão 2.0, adaptado à realidade do IFPI.","A metodologia de elaboração do PDTIC do IFPI baseou-se no Guia de PDTIC do SISP, versão 2.0, adaptado à realidade do IFPI.","[Trecho 1 | Fonte: RESOLUÇÃO NORMATIVA Nº 236-2025-Prorroga o Plano Diretor de Tecnologia da Informação e Comunicação (PDTIC-2022-2024), do Instituto Federal de Educação, Ciência e Tecnologia do Piauí (IFPI) e Anexo.pdf]
propostas que permitam a instauração de um processo de melhoria continuada em Tecnologia da Informação e Comunicação para os itens de hardware, software, organização administrativa, processos de trabalho, investimentos e recursos humanos, além de apontar soluções para os problemas atuais identificados em TIC. Para esses itens, o PDTIC também define metas que deverão ser perseguidas pelo IFPI, as quais possibilitam a verificação do alcance dos objetivos propostos, tudo alinhado com o Planejamento Estratégico de TIC do IFPI. O Planejamento Estratégico de TIC pode ser realizado em três níveis: estratégico, tático e operacional. No Planejamento Estratégico é estabelecida a direção a ser seguida, por meio da definição dos objetivos e planos da instituição. O Planejamento Tático traduz os objetivos gerais e as estratégias da instituição em objetivos e atividades mais específicas. E por fim, o Planejamento Operacional descreve os recursos necessários para a implementação dos objetivos e atividades definidos no planejamento tático. METODOLOGIA DE ELABORAÇÃO A metodologia utilizada para a elaboração deste documento baseou-se no Guia de PDTIC do SISP, versão 2.0, adaptado à realidade do IFPI, onde divide-se em 03 (três) fases: Preparação, Diagnóstico e Planejamento. Cada fase compreende a execução de processos específicos em harmonia com os instrumentos de planejamento da instituição, tais como: Plano de Desenvolvimento Institucional - PDI, Estratégia de Governança Digital (EGD), a

[Trecho 2 | Fonte: RESOLUÇÃO NORMATIVA Nº 236-2025-Prorroga o Plano Diretor de Tecnologia da Informação e Comunicação (PDTIC-2022-2024), do Instituto Federal de Educação, Ciência e Tecnologia do Piauí (IFPI) e Anexo.pdf]
relacionadas. RESULTADOS DO PDTIC ANTERIOR Após a análise do PDTIC anterior, foi possível identificar quais ações foram concluídas, quais foram replanejadas ou não efetivadas. O PDTIC 2022-2024 é uma revisão do Plano Diretor de TIC atual do IFPI, previsto inicialmente para o horizonte temporal de 2019 a 2020, desta forma, os resultados apresentados neste item (Figura 04) são referentes ao último PDTIC vigente no âmbito do Instituto Federal do Piauí, o qual contemplava as ações de TIC para o período de vigência. O PDTIC 2019-2020 apresentou um plano de 79 necessidades a serem sanadas para o período de vigência. Algumas foram alcançadas com sucesso, tendo algumas necessidades atendidas total ou parcialmente. Desta forma, o propósito deste documento também é acompanhar o andamento das ações estabelecidas a fim de que eliminem as necessidades em relação à TIC para o IFPI. As necessidades não cumpridas serão avaliadas novamente e, caso ainda desejadas, serão inseridas novamente no PDTIC para que sejam contempladas em novos planos de ações e projetos. Figura 03 - Resultados do PDTIC anterior REFERENCIAL ESTRATÉGICO DE TIC O referencial estratégico de TIC é composto pela missão, visão, valores, objetivos estratégicos, análise do ambiente organizacional e princípios e diretrizes. O alinhamento estratégico corresponde ao alinhamento entre os instrumentos de planejamento de TIC adotados pelo IFPI. Os trabalhos realizados durante a execução do PDTIC seguiram as orientações do IFPI com

[Trecho 3 | Fonte: RESOLUÇÃO NORMATIVA Nº 236-2025-Prorroga o Plano Diretor de Tecnologia da Informação e Comunicação (PDTIC-2022-2024), do Instituto Federal de Educação, Ciência e Tecnologia do Piauí (IFPI) e Anexo.pdf]
de indicadores, seja possível visualizar a evolução do cumprimento da missão institucional da área de TI. Diante desse contexto, para o período de 2022 a 2024, o PDTIC do IFPI visa ser mais do que um atendimento às exigências dos órgãos de controle, e sim um instrumento efetivo de planejamento que oriente as ações de TIC e agregue valor à educação provida pela instituição. REFERÊNCIAS BRASIL. Constituição da República Federativa do Brasil. Diário Oficial da União, out 1988. BRASIL. SGD/ME. Instrução Normativa no 01, de 04 de abril de 2019 BRASIL. MP/STI. Estratégia de Governança Digital - EGD – 2020-2022. Disponível em: <https://www.gov.br/governodigital/pt-br/EGD2020>. BRASIL. MP/SISP. Guia de PDTIC do SISP v2.0. Disponível em: <https://www.gov.br/governodigital/pt-br/sisp/documentos/guia-de-pdtic-do-sisp-v2.0>.

[Trecho 4 | Fonte: RESOLUÇÃO NORMATIVA Nº 236-2025-Prorroga o Plano Diretor de Tecnologia da Informação e Comunicação (PDTIC-2022-2024), do Instituto Federal de Educação, Ciência e Tecnologia do Piauí (IFPI) e Anexo.pdf]
definidas no Regimento Interno do IFPI, há aquelas exercidas no Colégio de Dirigentes (COLDIR), No Comitê Gestor de Tecnologia da Informação (CGTIC) e no Comitê de Segurança da Informação e Comunicações (CSIC), desta forma, a DTI participa ativamente da alta gestão institucional alinhando suas ações às definidas para todos os setores da instituição. Colégio de Dirigentes O Colégio de Dirigentes (COLDIR) instituído pela Resolução No 015/2014 – CONSELHO SUPERIOR, de 08 de abril de 2014 (atualizada pela Resolução No 061/2021, de 23 de agosto de 2021), é o órgão superior consultivo e de apoio ao processo decisório da Reitoria, ocupa-se de matéria acadêmica, administrativa, econômica,orçamentária e financeira e das relações sociais, de trabalho e de vivência no âmbito da Instituição, em conformidade com a programação anual de trabalho e com suas diretrizes orçamentárias, e outras matérias e assuntos com abrangência para o IFPI. Comitê Gestor de Tecnologia da Informação e Comunicação O Comitê Gestor de Tecnologia da Informação e Comunicação (CGTIC) do IFPI, instituído por meio da Resolução No 032/2010 – CONSELHO SUPERIOR, de 15 de setembro de 2010 (atualizada pela Resolução No 108/2022, de 09 de março de 2022), de caráter deliberativo, tem a finalidade de homologar o Plano Diretor de Tecnologia da Informação e Comunicação (PDTIC) e deliberar no âmbito do IFPI sobre os princípios de Tecnologia de Informação (TI), a Arquitetura de TI inclusive os requisitos de segurança,integração e","[""RESOLUÇÃO NORMATIVA Nº 236-2025-Prorroga o Plano Diretor de Tecnologia da Informação e Comunicação (PDTIC-2022-2024), do Instituto Federal de Educação, Ciência e Tecnologia do Piauí (IFPI) e Anexo.pdf"", ""RESOLUÇÃO NORMATIVA Nº 236-2025-Prorroga o Plano Diretor de Tecnologia da Informação e Comunicação (PDTIC-2022-2024), do Instituto Federal de Educação, Ciência e Tecnologia do Piauí (IFPI) e Anexo.pdf"", ""RESOLUÇÃO NORMATIVA Nº 236-2025-Prorroga o Plano Diretor de Tecnologia da Informação e Comunicação (PDTIC-2022-2024), do Instituto Federal de Educação, Ciência e Tecnologia do Piauí (IFPI) e Anexo.pdf"", ""RESOLUÇÃO NORMATIVA Nº 236-2025-Prorroga o Plano Diretor de Tecnologia da Informação e Comunicação (PDTIC-2022-2024), do Instituto Federal de Educação, Ciência e Tecnologia do Piauí (IFPI) e Anexo.pdf""]","[""RESOLUÇÃO NORMATIVA Nº 236-2025-Prorroga o Plano Diretor de Tecnologia da Informação e Comunicação (PDTIC-2022-2024), do Instituto Federal de Educação, Ciência e Tecnologia do Piauí (IFPI) e Anexo.pdf"", ""RESOLUÇÃO NORMATIVA Nº 236-2025-Prorroga o Plano Diretor de Tecnologia da Informação e Comunicação (PDTIC-2022-2024), do Instituto Federal de Educação, Ciência e Tecnologia do Piauí (IFPI) e Anexo.pdf"", ""RESOLUÇÃO NORMATIVA Nº 236-2025-Prorroga o Plano Diretor de Tecnologia da Informação e Comunicação (PDTIC-2022-2024), do Instituto Federal de Educação, Ciência e Tecnologia do Piauí (IFPI) e Anexo.pdf"", ""RESOLUÇÃO NORMATIVA Nº 236-2025-Prorroga o Plano Diretor de Tecnologia da Informação e Comunicação (PDTIC-2022-2024), do Instituto Federal de Educação, Ciência e Tecnologia do Piauí (IFPI) e Anexo.pdf"", ""RESOLUÇÃO NORMATIVA Nº 236-2025-Prorroga o Plano Diretor de Tecnologia da Informação e Comunicação (PDTIC-2022-2024), do Instituto Federal de Educação, Ciência e Tecnologia do Piauí (IFPI) e Anexo.pdf"", ""RESOLUÇÃO NORMATIVA Nº 236-2025-Prorroga o Plano Diretor de Tecnologia da Informação e Comunicação (PDTIC-2022-2024), do Instituto Federal de Educação, Ciência e Tecnologia do Piauí (IFPI) e Anexo.pdf"", ""RESOLUÇÃO NORMATIVA Nº 236-2025-Prorroga o Plano Diretor de Tecnologia da Informação e Comunicação (PDTIC-2022-2024), do Instituto Federal de Educação, Ciência e Tecnologia do Piauí (IFPI) e Anexo.pdf"", ""RESOLUÇÃO NORMATIVA Nº 236-2025-Prorroga o Plano Diretor de Tecnologia da Informação e Comunicação (PDTIC-2022-2024), do Instituto Federal de Educação, Ciência e Tecnologia do Piauí (IFPI) e Anexo.pdf""]","[""RESOLUÇÃO NORMATIVA Nº 236-2025-Prorroga o Plano Diretor de Tecnologia da Informação e Comunicação (PDTIC-2022-2024), do Instituto Federal de Educação, Ciência e Tecnologia do Piauí (IFPI) e Anexo.pdf"", ""RESOLUÇÃO NORMATIVA Nº 236-2025-Prorroga o Plano Diretor de Tecnologia da Informação e Comunicação (PDTIC-2022-2024), do Instituto Federal de Educação, Ciência e Tecnologia do Piauí (IFPI) e Anexo.pdf"", ""RESOLUÇÃO NORMATIVA Nº 236-2025-Prorroga o Plano Diretor de Tecnologia da Informação e Comunicação (PDTIC-2022-2024), do Instituto Federal de Educação, Ciência e Tecnologia do Piauí (IFPI) e Anexo.pdf"", ""RESOLUÇÃO NORMATIVA Nº 236-2025-Prorroga o Plano Diretor de Tecnologia da Informação e Comunicação (PDTIC-2022-2024), do Instituto Federal de Educação, Ciência e Tecnologia do Piauí (IFPI) e Anexo.pdf"", ""RESOLUÇÃO NORMATIVA Nº 236-2025-Prorroga o Plano Diretor de Tecnologia da Informação e Comunicação (PDTIC-2022-2024), do Instituto Federal de Educação, Ciência e Tecnologia do Piauí (IFPI) e Anexo.pdf"", ""RESOLUÇÃO NORMATIVA Nº 236-2025-Prorroga o Plano Diretor de Tecnologia da Informação e Comunicação (PDTIC-2022-2024), do Instituto Federal de Educação, Ciência e Tecnologia do Piauí (IFPI) e Anexo.pdf"", ""RESOLUÇÃO NORMATIVA Nº 236-2025-Prorroga o Plano Diretor de Tecnologia da Informação e Comunicação (PDTIC-2022-2024), do Instituto Federal de Educação, Ciência e Tecnologia do Piauí (IFPI) e Anexo.pdf"", ""RESOLUÇÃO NORMATIVA Nº 236-2025-Prorroga o Plano Diretor de Tecnologia da Informação e Comunicação (PDTIC-2022-2024), do Instituto Federal de Educação, Ciência e Tecnologia do Piauí (IFPI) e Anexo.pdf""]",1.0,1.0,1.0,1.0,1.0,1.0,1.0,1.0,1.0,1.0,1.0,1.0,1.0,8,8,4,4.2106
1,43,dense_no_rerank,"RESOLUÇÃO NORMATIVA Nº 223-2024-Atualiza a Regulamentação do planejamento e o registro das atividades acadêmicas dos docentes da Carreira do Magistério do Ensino Básico, Técnico e Tecnológico do IFPI.pdf",Quais são os regimes de trabalho previstos para os docentes do EBTT no IFPI?,"Os regimes de trabalho previstos são 40 horas com dedicação exclusiva, 40 horas e 20 horas semanais.","Os regimes de trabalho dos docentes do EBTT do IFPI são definidos de acordo com a Tabela de Atividades, e o plano de trabalho deve totalizar a carga horária prevista para cada regime.","[Trecho 1 | Fonte: RESOLUÇÃO NORMATIVA Nº 223-2024-Atualiza a Regulamentação do planejamento e o registro das atividades acadêmicas dos docentes da Carreira do Magistério do Ensino Básico, Técnico e Tecnológico do IFPI.pdf]
Ciência e Tecnologia do Piauí (IFPI). CAPÍTULO I DAS DISPOSIÇÕES GERAIS Art. 2º O IFPI é componente da Rede Federal de Educação Proﬁssional, CienQﬁca e Tecnológica, vinculado ao Ministério da Educação e possui natureza jurídica de autarquia, sendo detentor de autonomia administraAva, patrimonial, ﬁnanceira, didáAco-pedagógica e disciplinar, nos termos da Lei nº 11.892/2008. Art. 3º As disposições deste regulamento aplicam-se aos docentes que atuam no IFPI nas seguintes situações funcionais e serão denominados Docentes do EBTT: I - professor do Ensino Básico, Técnico e Tecnológico que esAver em efeAvo exercício, após aprovação, nomeação e posse em concurso público de provas e títulos; II - professor subsAtuto ou temporário contratado nos termos da Lei nº 8.745, de 1993; III - professor cedido para exercício de cargo em comissão ou função de conﬁança junto ao IFPI, nos termos do inciso I do Art. 93 da Lei nº 8.112, de 1990; IV - professor cedido para composição da força de trabalho, junto ao IFPI nos termos do §7º do Art. 93 da Lei nº 8.112, de 1990; V - professor em exercício provisório no IFPI para ﬁns de acompanhamento de cônjuge nos termos do §2º, Art. 84 da Lei 8.112/90; e VI - professor em colaboração técnica no IFPI nos termos do inciso II do Art. 30 da Lei 12.772, de 2012. Art. 4º Para os fins de regulamentação das atividades docentes, entende-se por: I - mediação pedagógica: atuação docente no processo de ensino a distância, com a promoção de espaços de construção

[Trecho 2 | Fonte: RESOLUÇÃO NORMATIVA Nº 223-2024-Atualiza a Regulamentação do planejamento e o registro das atividades acadêmicas dos docentes da Carreira do Magistério do Ensino Básico, Técnico e Tecnológico do IFPI.pdf]
docentes totalizará a quanAdade de horas semanais previstas nos seus respecAvos regimes de trabalho e deverão ser cumpridas de acordo com as necessidades dos campi. § 1º O lançamento das horas despendidas nas aAvidades docentes não poderá ultrapassar o limite da carga horária semanal de cada regime de trabalho. § 2º O tempo desAnado às aAvidades docentes será mensurado em horas de 60 (sessenta) minutos. § 3º A mensuração das horas deve ser realizada conforme Tabela de AAvidades, no anexo, e de acordo com os limites de horas a serem lançados em cada uma das atividades. § 4º As aAvidades planejadas e desenvolvidas pelo docente serão declaradas em dois momentos em cada semestre, respecAvamente: na construção do plano de trabalho e, posteriormente, no relatório de trabalho, conforme inciso II, do art. 13, da Lei Nº 9.394/1996. § 5º Caberá à Direção-Geral do campus no qual o docente esAver em exercício deﬁnir as aAvidades docentes para ﬁns de complementação da carga horária semanal, caso as aAvidades planejadas pelo docente não totalizem a carga horária prevista em seu regime de trabalho, respeitando a área/disciplina de ingresso e atuação do docente. Art. 8º São atribuições gerais do Professor do EBTT: I - desenvolver as atividades de ensino, pesquisa e extensão, no âmbito do IFPI; II - participar da elaboração da proposta pedagógica do estabelecimento de ensino; III - elaborar e cumprir o plano de trabalho, segundo a proposta pedagógica do estabelecimento de ensino; IV -

[Trecho 3 | Fonte: RESOLUÇÃO NORMATIVA Nº 223-2024-Atualiza a Regulamentação do planejamento e o registro das atividades acadêmicas dos docentes da Carreira do Magistério do Ensino Básico, Técnico e Tecnológico do IFPI.pdf]
Art. 22. De acordo com a Portaria MEC Nº 750/2024, os Docentes do EBTT do IFPI que estejam desempenhando AAvidades de Gestão InsAtucional terão ﬁxados os limites de carga horária semanal destinados à Gestão e Regência de Aulas, conforme o anexo. Art. 23. O Docente do EBTT do IFPI, em processo de capacitação, qualiﬁcação ou responsáveis por programas e projetos InsAtucionais, poderá ter dispensada sua carga horária de trabalho, total ou parcialmente, mediante portaria do Reitor do IFPI. Art. 24. O Plano Semestral de AAvidades Docentes (PSAD) é o documento administraAvo-pedagógico de planejamento e orientação das aAvidades de Ensino, Pesquisa, Pós-Graduação e Inovação, Extensão e Gestão e Representação InsAtucional, previamente atribuídas e planejadas pelo campus e pelo docente do EBTT no IFPI, no início do semestre letivo, previsto no inciso II, do artigo 13, da Lei Nº 9.394/1996. § 1º O PSAD será elaborado a parAr da Tabela de AAvidades nos termos deste regulamento. § 2º O docente que passe a integrar o quadro de servidores do campus, após o início do período leAvo, deve preencher seu PSAD em até 30 (trinta) dias corridos após a entrada em exercício. § 3º Ao retornar do afastamento, o docente deve preencher o PSAD em até 30 (trinta) dias corridos após a data do retorno ao campus. Art. 25. Na elaboração do PSAD, cada docente deverá observar: I - as horas declaradas devem totalizar a carga horária de cada regime de trabalho; II - a correspondência entre as aAvidades atribuídas

[Trecho 4 | Fonte: RESOLUÇÃO NORMATIVA Nº 223-2024-Atualiza a Regulamentação do planejamento e o registro das atividades acadêmicas dos docentes da Carreira do Magistério do Ensino Básico, Técnico e Tecnológico do IFPI.pdf]
IFPI; II - participar da elaboração da proposta pedagógica do estabelecimento de ensino; III - elaborar e cumprir o plano de trabalho, segundo a proposta pedagógica do estabelecimento de ensino; IV - promover e zelar pela aprendizagem dos alunos; V - estabelecer estratégias de recuperação e aperfeiçoamento para os alunos de menor e maior rendimento, respectivamente; VI - ministrar os dias leAvos, carga horária, bem como as ementas, conteúdos programáticos das disciplinas sob sua responsabilidade e as horas-aula estabelecidas; VII - parAcipar integralmente dos períodos dedicados ao planejamento, à avaliação e ao desenvolvimento do aluno; VIII - cumprir as aAvidades de organização e apoio ao ensino, previstas nesta Regulamentação; IX - colaborar com as atividades de articulação entre seu campus de lotação, com as famílias e a comunidade; XI - outras atribuições previstas na legislação e normas institucionais vigentes. CAPÍTULO III DAS ATIVIDADES DO DOCENTE DO EBTT Art. 9º São consideradas atividades docentes no âmbito do IFPI: I - atividades de ensino; II - atividades de pesquisa, pós-graduação e inovação; III - atividades de extensão; e IV - atividades de gestão e representação Institucional. Seção I Seção I Das atividades de ensino Das atividades de ensino Art. 10. As AAvidades de Ensino compreendem as ações diretamente vinculadas aos cursos e programas de pós-graduação regulares, em todos os níveis e modalidades de ensino (presencial e a distância), no âmbito da educação","[""RESOLUÇÃO NORMATIVA Nº 223-2024-Atualiza a Regulamentação do planejamento e o registro das atividades acadêmicas dos docentes da Carreira do Magistério do Ensino Básico, Técnico e Tecnológico do IFPI.pdf"", ""RESOLUÇÃO NORMATIVA Nº 223-2024-Atualiza a Regulamentação do planejamento e o registro das atividades acadêmicas dos docentes da Carreira do Magistério do Ensino Básico, Técnico e Tecnológico do IFPI.pdf"", ""RESOLUÇÃO NORMATIVA Nº 223-2024-Atualiza a Regulamentação do planejamento e o registro das atividades acadêmicas dos docentes da Carreira do Magistério do Ensino Básico, Técnico e Tecnológico do IFPI.pdf"", ""RESOLUÇÃO NORMATIVA Nº 223-2024-Atualiza a Regulamentação do planejamento e o registro das atividades acadêmicas dos docentes da Carreira do Magistério do Ensino Básico, Técnico e Tecnológico do IFPI.pdf""]","[""RESOLUÇÃO NORMATIVA Nº 223-2024-Atualiza a Regulamentação do planejamento e o registro das atividades acadêmicas dos docentes da Carreira do Magistério do Ensino Básico, Técnico e Tecnológico do IFPI.pdf"", ""RESOLUÇÃO NORMATIVA Nº 223-2024-Atualiza a Regulamentação do planejamento e o registro das atividades acadêmicas dos docentes da Carreira do Magistério do Ensino Básico, Técnico e Tecnológico do IFPI.pdf"", ""RESOLUÇÃO NORMATIVA Nº 223-2024-Atualiza a Regulamentação do planejamento e o registro das atividades acadêmicas dos docentes da Carreira do Magistério do Ensino Básico, Técnico e Tecnológico do IFPI.pdf"", ""RESOLUÇÃO NORMATIVA Nº 223-2024-Atualiza a Regulamentação do planejamento e o registro das atividades acadêmicas dos docentes da Carreira do Magistério do Ensino Básico, Técnico e Tecnológico do IFPI.pdf"", ""RESOLUÇÃO NORMATIVA Nº 223-2024-Atualiza a Regulamentação do planejamento e o registro das atividades acadêmicas dos docentes da Carreira do Magistério do Ensino Básico, Técnico e Tecnológico do IFPI.pdf"", ""RESOLUÇÃO NORMATIVA Nº 253-2025-IFPI - Aprova a Atualização da Organização Didática do Instituto Federal de Educação, Ciência e Tecnologia do Piauí (IFPI).pdf"", ""RESOLUÇÃO NORMATIVA Nº 208-2024-Aprova a revisão do Plano de Desenvolvimento Institucional (PDI), 2020-2024, do IFPI e Anexo.pdf"", ""RESOLUÇÃO Nº 76-2024-Estabelece normas, critérios e procedimentos para a participação de docentes do IFPI, com Regime de DE, em atividades remuneradas -REVOGADA PELA RESOLUÇÃO Nº 77_2024..pdf"", ""RESOLUÇÃO NORMATIVA Nº 218-2024-Estab. normas, critérios e proc. para a participação de docentes (DE) em atividades remuneradas.pdf""]","[""RESOLUÇÃO NORMATIVA Nº 223-2024-Atualiza a Regulamentação do planejamento e o registro das atividades acadêmicas dos docentes da Carreira do Magistério do Ensino Básico, Técnico e Tecnológico do IFPI.pdf"", ""RESOLUÇÃO NORMATIVA Nº 223-2024-Atualiza a Regulamentação do planejamento e o registro das atividades acadêmicas dos docentes da Carreira do Magistério do Ensino Básico, Técnico e Tecnológico do IFPI.pdf"", ""RESOLUÇÃO NORMATIVA Nº 223-2024-Atualiza a Regulamentação do planejamento e o registro das atividades acadêmicas dos docentes da Carreira do Magistério do Ensino Básico, Técnico e Tecnológico do IFPI.pdf"", ""RESOLUÇÃO NORMATIVA Nº 223-2024-Atualiza a Regulamentação do planejamento e o registro das atividades acadêmicas dos docentes da Carreira do Magistério do Ensino Básico, Técnico e Tecnológico do IFPI.pdf"", ""RESOLUÇÃO NORMATIVA Nº 223-2024-Atualiza a Regulamentação do planejamento e o registro das atividades acadêmicas dos docentes da Carreira do Magistério do Ensino Básico, Técnico e Tecnológico do IFPI.pdf"", ""RESOLUÇÃO NORMATIVA Nº 253-2025-IFPI - Aprova a Atualização da Organização Didática do Instituto Federal de Educação, Ciência e Tecnologia do Piauí (IFPI).pdf"", ""RESOLUÇÃO NORMATIVA Nº 208-2024-Aprova a revisão do Plano de Desenvolvimento Institucional (PDI), 2020-2024, do IFPI e Anexo.pdf"", ""RESOLUÇÃO Nº 76-2024-Estabelece normas, critérios e procedimentos para a participação de docentes do IFPI, com Regime de DE, em atividades remuneradas -REVOGADA PELA RESOLUÇÃO Nº 77_2024..pdf"", ""RESOLUÇÃO NORMATIVA Nº 218-2024-Estab. normas, critérios e proc. para a participação de docentes (DE) em atividades remuneradas.pdf""]",1.0,1.0,1.0,1.0,1.0,1.0,1.0,1.0,1.0,1.0,1.0,1.0,1.0,9,9,4,4.4775
1,43,dense_no_rerank,"RESOLUÇÃO NORMATIVA Nº 223-2024-Atualiza a Regulamentação do planejamento e o registro das atividades acadêmicas dos docentes da Carreira do Magistério do Ensino Básico, Técnico e Tecnológico do IFPI.pdf","Para cada hora de regência de aulas, quantas horas adicionais o docente computará para atividades de organização e apoio ao ensino?","Para cada hora de regência de aulas, o docente computará uma hora adicional para atividades de organização e apoio ao ensino.","Para cada hora de Regência de Aula, o docente computará uma hora adicional para atividades de Organização e Apoio ao Ensino.","[Trecho 1 | Fonte: RESOLUÇÃO NORMATIVA Nº 223-2024-Atualiza a Regulamentação do planejamento e o registro das atividades acadêmicas dos docentes da Carreira do Magistério do Ensino Básico, Técnico e Tecnológico do IFPI.pdf]
Aulas ministradas em diferentes níveis e modalidades, presencial e/ou à distância, em cursos regulares técnicos, de graduação, de pós-graduação e cursos de formação inicial e continuada. Disciplinas registradas no sistema acadêmico Regime de 40 h: Mínimo: 10 h Máximo: 20 h Regime de 20 h: Mínimo: 8 h, Máximo: 10 h Para cada hora de Regência de Aula será registrada uma hora de Organização e Apoio ao Ensino 1.2 Organização e Apoio ao Ensino Carga horária de Regência de Aulas 1.3 Coordenador de Programas e Projetos de Ensino Por programa ou projeto, não cumulativo Até 8 horas 1.4 Membro de Programas e Projetos de Ensino Por programa ou projeto Até 4 horas 1.5 Orientação de Trabalho de Conclusão de Curso de graduação Por trabalho orientado Até 2 horas 1.6 Orientação de Trabalho de Conclusão de Curso de Pós- graduação Por trabalho orientado Até 3 horas ATIVIDADES REFERÊNCIA CARGA HORÁRIA SEMANAL 1.7 Coorientação de Trabalho de Conclusão de Curso de Graduação Por trabalho orientado 1 hora 1.8 Coorientação de Trabalho de Conclusão de Curso de Pós-graduação Por trabalho orientado 1 hora 1.9 Orientação de Estágio Curricular ou Aprendizagem Profissional Por discente orientado 1 hora 1.10 orientação profissional nas dependências de empresas que promovam o regime dual de curso, em parceria com a instituição de ensino Por discente orientado 1 hora 1.11 Orientação de monitoria Por discente monitor 1 hora 1.12 Programa de Acolhimento ao Estudante Ingressante (PRAEI) Por discente monitor 1

[Trecho 2 | Fonte: RESOLUÇÃO NORMATIVA Nº 223-2024-Atualiza a Regulamentação do planejamento e o registro das atividades acadêmicas dos docentes da Carreira do Magistério do Ensino Básico, Técnico e Tecnológico do IFPI.pdf]
Regência de Aulas quando deﬁnidas como componentes curriculares, quando assim forem previstas no Projeto Pedagógico de Curso (PPC) para essa ﬁnalidade, sendo ministradas em turma consAtuída, não sendo permiAda a duplicação de carga horária com orientação de Trabalho de Conclusão de Curso. § 9º A distribuição das aulas nas disciplinas dos currículos dos cursos dos diversos níveis e modalidades da educação básica e da educação proﬁssional, cienQﬁca e tecnológica, ofertadas pelo campus, são prioritárias em relação às demais atividades docentes. § 10. Quando o projeto integrador for considerado disciplina no Projeto Pedagógico do Curso, o docente responsável pela disciplina registrará a carga horária dela e os docentes orientadores poderão computar até 2 (duas) horas como Regência de Aulas, sendo que as áreas e a quantidade de docentes orientadores na disciplina de projeto integrador serão autorizadas pela Direção de Ensino do campus. § 11. Quando as disciplinas do Núcleo Integrador ou do Núcleo Complementar necessitarem de outros docentes para orientar os projetos integradores, o docente responsável pela disciplina registrará a carga horária da respecAva disciplina e os docentes orientadores poderão computar até 2 (duas) horas como Regência de Aulas, sendo que as áreas e a quanAdade de docentes orientadores na disciplina serão autorizadas pela Direção de Ensino do campus. § 12. Quando as aAvidades de extensão forem realizadas através de disciplinas extensionistas previstas no

[Trecho 3 | Fonte: RESOLUÇÃO NORMATIVA Nº 223-2024-Atualiza a Regulamentação do planejamento e o registro das atividades acadêmicas dos docentes da Carreira do Magistério do Ensino Básico, Técnico e Tecnológico do IFPI.pdf]
de docentes orientadores na disciplina serão autorizadas pela Direção de Ensino do campus. § 12. Quando as aAvidades de extensão forem realizadas através de disciplinas extensionistas previstas no Projeto Pedagógico do Curso (curricularização da extensão) e houver necessidade de outros docentes para orientar os projetos, o docente responsável pela disciplina registrará a carga horária da respecAva disciplina e os docentes orientadores poderão computar até 2 (duas) horas como Regência de Aulas, quando em conformidade com o planejamento das aAvidades extensionistas, e com o plano da disciplina extensionista, de § 13. As disciplinas de Progressão Parcial terão carga horária computada, observando a proporcionalidade com o período de duração de cada aAvidade em relação ao semestre, conforme a forma do programa de estudos: I - plano de estudos individual; II - dependência em outra turma do mesmo curso ou de outro curso; III - dependência em turma especial por disciplina; ou IV - programa de Estudos de Recuperação Prolongados. Seção II Seção II Das atividades de pesquisa, pós-graduação e inovação Das atividades de pesquisa, pós-graduação e inovação Art. 11. As aAvidades de pesquisa, pós-graduação e inovação consistem no trabalho criaAvo e sistemáAco, de natureza metodológica, teórica, teórico-práAca, que visam a construir e ampliar o conjunto de conhecimentos, bem como contribuir para a produção e divulgação de inovação. Parágrafo único. As aAvidades de pesquisa, pós-graduação e

[Trecho 4 | Fonte: RESOLUÇÃO NORMATIVA Nº 223-2024-Atualiza a Regulamentação do planejamento e o registro das atividades acadêmicas dos docentes da Carreira do Magistério do Ensino Básico, Técnico e Tecnológico do IFPI.pdf]
Convênio e/ou Cooperação Técnica sem remuneração extra ou bolsa Por projeto Até 4 horas 3.10 Consultor em Programas, Projetos e/ou Ações de Extensão (por iniciativa) Por programa, projeto ou ação Até 4 horas 4. Atividades de Gestão e Representação Institucional 4.1 Ocupante dos cargos de Reitor, Pró-reitor, Diretor-geral e Diretor de campus avançado Gestão: Até 40 horas por semana Regência de Aulas: mínimo de 0 horas 4.2 Ocupante de Cargo de Diretor de Ensino Gestão: mínimo de 30 horas Regência de Aulas: mínimo de 4 horas 4.3 Demais Ocupantes de Cargo de Diretoria Gestão: mínimo de 26 horas Regência de Aulas: mínimo de 6 horas ATIVIDADES REFERÊNCIA CARGA HORÁRIA SEMANAL 4.4 Ocupante de Cargo de Chefia de Departamento Gestão: mínimo de 24 horas Regência de Aulas: mínimo de 7 horas 4.5 Ocupante de Função de Coordenação Gestão: mínimo de 22 horas Regência de Aulas: mínimo de 8 horas 4.6 Presidente de comissões para elaboração, implantação e acompanhamento de projetos pedagógicos de cursos regulares, intercampi e interinstitucionais Por comissão Até 6 horas 4.7 Membro de comissões para elaboração, implantação e acompanhamento de projetos pedagógicos de cursos regulares, intercampi e interinstitucionais Por comissão Até 4 horas 4.8 Membro do Núcleo Docente Estruturante Por núcleo Até 2 horas 4.9 Membro de Colegiado de Curso ou Programa de Pós- graduação Por colegiado Até 2 horas 4.10 Presidente da Comissão Própria de Avaliação (CPA) Até 10 horas 4.11 Membro da Comissão Própria de","[""RESOLUÇÃO NORMATIVA Nº 223-2024-Atualiza a Regulamentação do planejamento e o registro das atividades acadêmicas dos docentes da Carreira do Magistério do Ensino Básico, Técnico e Tecnológico do IFPI.pdf"", ""RESOLUÇÃO NORMATIVA Nº 223-2024-Atualiza a Regulamentação do planejamento e o registro das atividades acadêmicas dos docentes da Carreira do Magistério do Ensino Básico, Técnico e Tecnológico do IFPI.pdf"", ""RESOLUÇÃO NORMATIVA Nº 223-2024-Atualiza a Regulamentação do planejamento e o registro das atividades acadêmicas dos docentes da Carreira do Magistério do Ensino Básico, Técnico e Tecnológico do IFPI.pdf"", ""RESOLUÇÃO NORMATIVA Nº 223-2024-Atualiza a Regulamentação do planejamento e o registro das atividades acadêmicas dos docentes da Carreira do Magistério do Ensino Básico, Técnico e Tecnológico do IFPI.pdf""]","[""RESOLUÇÃO NORMATIVA Nº 223-2024-Atualiza a Regulamentação do planejamento e o registro das atividades acadêmicas dos docentes da Carreira do Magistério do Ensino Básico, Técnico e Tecnológico do IFPI.pdf"", ""RESOLUÇÃO NORMATIVA Nº 223-2024-Atualiza a Regulamentação do planejamento e o registro das atividades acadêmicas dos docentes da Carreira do Magistério do Ensino Básico, Técnico e Tecnológico do IFPI.pdf"", ""RESOLUÇÃO NORMATIVA Nº 223-2024-Atualiza a Regulamentação do planejamento e o registro das atividades acadêmicas dos docentes da Carreira do Magistério do Ensino Básico, Técnico e Tecnológico do IFPI.pdf"", ""RESOLUÇÃO NORMATIVA Nº 223-2024-Atualiza a Regulamentação do planejamento e o registro das atividades acadêmicas dos docentes da Carreira do Magistério do Ensino Básico, Técnico e Tecnológico do IFPI.pdf"", ""RESOLUÇÃO NORMATIVA Nº 223-2024-Atualiza a Regulamentação do planejamento e o registro das atividades acadêmicas dos docentes da Carreira do Magistério do Ensino Básico, Técnico e Tecnológico do IFPI.pdf"", ""RESOLUÇÃO NORMATIVA Nº 223-2024-Atualiza a Regulamentação do planejamento e o registro das atividades acadêmicas dos docentes da Carreira do Magistério do Ensino Básico, Técnico e Tecnológico do IFPI.pdf"", ""RESOLUÇÃO NORMATIVA Nº 208-2024-Aprova a revisão do Plano de Desenvolvimento Institucional (PDI), 2020-2024, do IFPI e Anexo.pdf""]","[""RESOLUÇÃO NORMATIVA Nº 223-2024-Atualiza a Regulamentação do planejamento e o registro das atividades acadêmicas dos docentes da Carreira do Magistério do Ensino Básico, Técnico e Tecnológico do IFPI.pdf"", ""RESOLUÇÃO NORMATIVA Nº 223-2024-Atualiza a Regulamentação do planejamento e o registro das atividades acadêmicas dos docentes da Carreira do Magistério do Ensino Básico, Técnico e Tecnológico do IFPI.pdf"", ""RESOLUÇÃO NORMATIVA Nº 223-2024-Atualiza a Regulamentação do planejamento e o registro das atividades acadêmicas dos docentes da Carreira do Magistério do Ensino Básico, Técnico e Tecnológico do IFPI.pdf"", ""RESOLUÇÃO NORMATIVA Nº 223-2024-Atualiza a Regulamentação do planejamento e o registro das atividades acadêmicas dos docentes da Carreira do Magistério do Ensino Básico, Técnico e Tecnológico do IFPI.pdf"", ""RESOLUÇÃO NORMATIVA Nº 223-2024-Atualiza a Regulamentação do planejamento e o registro das atividades acadêmicas dos docentes da Carreira do Magistério do Ensino Básico, Técnico e Tecnológico do IFPI.pdf"", ""RESOLUÇÃO NORMATIVA Nº 223-2024-Atualiza a Regulamentação do planejamento e o registro das atividades acadêmicas dos docentes da Carreira do Magistério do Ensino Básico, Técnico e Tecnológico do IFPI.pdf"", ""RESOLUÇÃO NORMATIVA Nº 208-2024-Aprova a revisão do Plano de Desenvolvimento Institucional (PDI), 2020-2024, do IFPI e Anexo.pdf""]",1.0,1.0,1.0,1.0,1.0,1.0,1.0,1.0,1.0,1.0,1.0,1.0,1.0,7,7,4,3.7151
1,43,dense_no_rerank,"RESOLUÇÃO NORMATIVA Nº 218-2024-Estab. normas, critérios e proc. para a participação de docentes (DE) em atividades remuneradas.pdf","Qual é o limite anual de horas para a participação esporádica remunerada em palestras, conferências e atividades artísticas e culturais de docentes em dedicação exclusiva?",O limite anual é de 30 horas.,"O limite anual de horas para a participação esporádica remunerada em palestras, conferências, atividades artísticas e culturais de docentes em dedicação exclusiva não pode exceder a 30 horas anuais.","[Trecho 1 | Fonte: RESOLUÇÃO Nº 76-2024-Estabelece normas, critérios e procedimentos para a participação de docentes do IFPI, com Regime de DE, em atividades remuneradas -REVOGADA PELA RESOLUÇÃO Nº 77_2024..pdf]
autorizada pelo Reitor de acordo com esta Resolução Normativa. CAPÍTULO III DA RETRIBUIÇÃO PECUNIÁRIA PELA PARTICIPAÇÃO ESPORÁDICA EM PALESTRAS, CONFERÊNCIAS, ATIVIDADES ARTÍSTICAS E CULTURAIS Art. 5ºAo docente no Regime de Trabalho de Dedicação Exclusiva do IFPI, será admi@da a percepção de retribuição pecuniária, na forma de pró-labore ou cachê pago diretamente ao docente, por ente dis@nto do IFPI, pela par@cipação esporádica em palestras, conferências, a@vidades arQs@cas e culturais relacionadas à área de atuação do docente. Art. 6º Considera-se esporádica a par@cipação remunerada nas a@vidades descritas neste Capítulo, autorizada pelo Reitor, que, no total, não exceda a 30 (trinta) horas anuais e atenda aos requisitos: I - possua caráter eventual, contingencial e não regular; II - tenha duração determinada, com data de início e fim previamente definida; III - não gere contrato de trabalho ou vínculo empregaQcio de qualquer natureza com a pessoa ou en@dade pública ou privada à qual forem prestados os serviços; e IV - seja realizada sem prejuízo às atividades regulares docentes. Parágrafo único. A colaboração esporádica deverá ser prestada fora da carga horária regular de trabalho do docente, não podendo ser computada em seus planos e relatório de a@vidades, à exceção das a@vidades permi@das em atos norma@vos vigentes no âmbito do IFPI. CAPÍTULO IV DA RETRIBUIÇÃO PECUNIÁRIA EM CARÁTER EVENTUAL DE OUTRAS ATIVIDADES Art. 7º Ao docente no Regime de Trabalho de Dedicação

[Trecho 2 | Fonte: RESOLUÇÃO NORMATIVA Nº 218-2024-Estab. normas, critérios e proc. para a participação de docentes (DE) em atividades remuneradas.pdf]
autorizada pelo Reitor de acordo com esta Resolução Normativa. CAPÍTULO III DA RETRIBUIÇÃO PECUNIÁRIA PELA PARTICIPAÇÃO ESPORÁDICA EM PALESTRAS, CONFERÊNCIAS, ATIVIDADES ARTÍSTICAS E CULTURAIS Art. 5ºAo docente no Regime de Trabalho de Dedicação Exclusiva do IFPI, será admiAda a percepção de retribuição pecuniária, na forma de pró-labore ou cachê pago diretamente ao docente, por ente disAnto do IFPI, pela parAcipação esporádica em palestras, conferências, aAvidades arRsAcas e culturais relacionadas à área de atuação do docente. Art. 6º Considera-se esporádica a parAcipação remunerada nas aAvidades descritas neste Capítulo, autorizada pelo Reitor, que, no total, não exceda a 30 (trinta) horas anuais e atenda aos requisitos: I - possua caráter eventual, contingencial e não regular; II - tenha duração determinada, com data de início e fim previamente definida; III - não gere contrato de trabalho ou vínculo empregaRcio de qualquer natureza com a pessoa ou enAdade pública ou privada à qual forem prestados os serviços; e IV - seja realizada sem prejuízo às atividades regulares docentes. Parágrafo único. A colaboração esporádica deverá ser prestada fora da carga horária regular de trabalho do docente, não podendo ser computada em seus planos e relatório de aAvidades, à exceção das aAvidades permiAdas em atos normaAvos vigentes no âmbito do IFPI. CAPÍTULO IV DA RETRIBUIÇÃO PECUNIÁRIA EM CARÁTER EVENTUAL DE OUTRAS ATIVIDADES Art. 7º Ao docente no Regime de Trabalho de Dedicação

[Trecho 3 | Fonte: RESOLUÇÃO NORMATIVA Nº 207-2024-Regulamenta a parceria entre o Instituto Federal de Educação, Ciência e Tecnologia do Piauí (IFPI) e a Fundação de Amparo à Pesquisa, Inovação, Ensino e Extensão do IFPI.pdf]
de ensino; IV - no caso de servidor docente com dedicação exclusiva desenvolvendo a@vidades de prestação de serviços em projetos de ensino, pesquisa e extensão, a carga horária dedicada a essas a@vidades ﬁca limitada a 8 (oito) horas semanais ou 416 (quatrocentas e dezesseis) horas anuais, nos termos dos incisos XI e XII, e § 4o do art. 21 da Lei 12.772/12; V - no caso de servidor docente com 20 ou 40 horas desenvolvendo a@vidades de prestação de serviços em projetos de ensino, pesquisa e extensão, a carga horária dedicada a essas a@vidades ﬁca limitada a 8 (oito) horas semanais ou 416 (quatrocentas e dezesseis) horas anuais; e VI - no caso de servidores técnico-administra@vos desenvolvendo a@vidades em projetos, a carga horária des@nada a esses projetos não deverá exceder a 8 (oito) horas semanais ou 416 (quatrocentas e dezesseis) horas anuais. Art. 40. Os projetos devem ser realizados por, no mínimo, 2/3 (dois terços) de pessoas vinculadas ao IFPI, incluindo servidores docentes e técnico-administra@vos, estudantes regulares, pesquisadores e pós-doutores e bolsista com vínculo formal a programas de pesquisa do IFPI, nos moldes do art. 6º, § 3º do Decreto nº 7.423, de 2010. § 1º Em casos devidamente jus@ﬁcados e aprovados pelo CONSUP, poderão ser realizados projetos com a colaboração da fundação de apoio, com par@cipação de pessoas vinculadas ao IFPI, em proporção inferior à prevista no caput deste ar@go, atentando-se para as seguintes condições: I - observar a par@cipação

[Trecho 4 | Fonte: RESOLUÇÃO NORMATIVA Nº 238-2025-Regulamenta a prestação institucional de serviços à comunidade externa pelo Instituto Federal de Educação, Ciência e Tecnologia do Piauí (IFPI)._______.pdf]
ins?tucional de serviços, por parte dos servidores relacionados no inciso I do Art. 9º, pode ser realizada: I - dentro de sua jornada regular de trabalho, desde que não remunerada, com parecer da cheﬁa imediata e sem prejuízo ao cumprimento de suas atribuições profissionais no IFPI, sejam elas acadêmicas ou técnicas; II - fora de sua jornada regular de trabalho, quando envolver o recebimento de retribuição pecuniária, obedecidas as normas legais vigentes de cada carreira. § 1º A prestação ins?tucional de serviços, desde que não remunerada, quando realizada dentro da jornada regular de trabalho do docente deve constar em seu plano semestral de atividades docentes (PSAD) como atividade de extensão. § 2º A carga horária dedicada à prestação ins?tucional de serviços por docente em regime de dedicação exclusiva (DE), quando remunerada, não pode ultrapassar 8 (oito) horas semanais ou 416 (quatrocentas e dezesseis) horas anuais, em atendimento ao previsto no §4º do Art. 21 da Lei nº 12.772/2012. Art. 21. Os valores da retribuição pecuniária a ser recebida por servidor devem estar especiﬁcados no orçamento da proposta de prestação ins?tucional de serviços, observada a legislação vigente sobre o assunto. Art. 22. Quando a prestação ins?tucional de serviços, em função de seu obje?vo acadêmico, envolver estudante do IFPI, sua par?cipação e a respec?va carga horária devem estar explicitadas na ação. Art. 23. Em nenhuma hipótese, a prestação ins?tucional de serviços remunerada de","[""RESOLUÇÃO Nº 76-2024-Estabelece normas, critérios e procedimentos para a participação de docentes do IFPI, com Regime de DE, em atividades remuneradas -REVOGADA PELA RESOLUÇÃO Nº 77_2024..pdf"", ""RESOLUÇÃO NORMATIVA Nº 218-2024-Estab. normas, critérios e proc. para a participação de docentes (DE) em atividades remuneradas.pdf"", ""RESOLUÇÃO NORMATIVA Nº 207-2024-Regulamenta a parceria entre o Instituto Federal de Educação, Ciência e Tecnologia do Piauí (IFPI) e a Fundação de Amparo à Pesquisa, Inovação, Ensino e Extensão do IFPI.pdf"", ""RESOLUÇÃO NORMATIVA Nº 238-2025-Regulamenta a prestação institucional de serviços à comunidade externa pelo Instituto Federal de Educação, Ciência e Tecnologia do Piauí (IFPI)._______.pdf""]","[""RESOLUÇÃO Nº 76-2024-Estabelece normas, critérios e procedimentos para a participação de docentes do IFPI, com Regime de DE, em atividades remuneradas -REVOGADA PELA RESOLUÇÃO Nº 77_2024..pdf"", ""RESOLUÇÃO NORMATIVA Nº 218-2024-Estab. normas, critérios e proc. para a participação de docentes (DE) em atividades remuneradas.pdf"", ""RESOLUÇÃO NORMATIVA Nº 207-2024-Regulamenta a parceria entre o Instituto Federal de Educação, Ciência e Tecnologia do Piauí (IFPI) e a Fundação de Amparo à Pesquisa, Inovação, Ensino e Extensão do IFPI.pdf"", ""RESOLUÇÃO NORMATIVA Nº 238-2025-Regulamenta a prestação institucional de serviços à comunidade externa pelo Instituto Federal de Educação, Ciência e Tecnologia do Piauí (IFPI)._______.pdf"", ""RESOLUÇÃO NORMATIVA Nº 223-2024-Atualiza a Regulamentação do planejamento e o registro das atividades acadêmicas dos docentes da Carreira do Magistério do Ensino Básico, Técnico e Tecnológico do IFPI.pdf"", ""RESOLUÇÃO Nº 76-2024-Estabelece normas, critérios e procedimentos para a participação de docentes do IFPI, com Regime de DE, em atividades remuneradas -REVOGADA PELA RESOLUÇÃO Nº 77_2024..pdf"", ""RESOLUÇÃO Nº 12-2024-Aprova a Criação do Curso Técnico em Eventos, Integrado ao Ensino Médio, no âmbito do IFPI e Anexo..pdf"", ""RESOLUÇÃO NORMATIVA Nº 218-2024-Estab. normas, critérios e proc. para a participação de docentes (DE) em atividades remuneradas.pdf"", ""CURSO_SUPERIOR_DE_TECNOLOGIA_EM_ANÁLISE_E_DESENVOLVIMENTO_DE_SISTEMAS.pdf""]","[""RESOLUÇÃO Nº 76-2024-Estabelece normas, critérios e procedimentos para a participação de docentes do IFPI, com Regime de DE, em atividades remuneradas -REVOGADA PELA RESOLUÇÃO Nº 77_2024..pdf"", ""RESOLUÇÃO NORMATIVA Nº 218-2024-Estab. normas, critérios e proc. para a participação de docentes (DE) em atividades remuneradas.pdf"", ""RESOLUÇÃO NORMATIVA Nº 207-2024-Regulamenta a parceria entre o Instituto Federal de Educação, Ciência e Tecnologia do Piauí (IFPI) e a Fundação de Amparo à Pesquisa, Inovação, Ensino e Extensão do IFPI.pdf"", ""RESOLUÇÃO NORMATIVA Nº 238-2025-Regulamenta a prestação institucional de serviços à comunidade externa pelo Instituto Federal de Educação, Ciência e Tecnologia do Piauí (IFPI)._______.pdf"", ""RESOLUÇÃO NORMATIVA Nº 223-2024-Atualiza a Regulamentação do planejamento e o registro das atividades acadêmicas dos docentes da Carreira do Magistério do Ensino Básico, Técnico e Tecnológico do IFPI.pdf"", ""RESOLUÇÃO Nº 76-2024-Estabelece normas, critérios e procedimentos para a participação de docentes do IFPI, com Regime de DE, em atividades remuneradas -REVOGADA PELA RESOLUÇÃO Nº 77_2024..pdf"", ""RESOLUÇÃO Nº 12-2024-Aprova a Criação do Curso Técnico em Eventos, Integrado ao Ensino Médio, no âmbito do IFPI e Anexo..pdf"", ""RESOLUÇÃO NORMATIVA Nº 218-2024-Estab. normas, critérios e proc. para a participação de docentes (DE) em atividades remuneradas.pdf"", ""CURSO_SUPERIOR_DE_TECNOLOGIA_EM_ANÁLISE_E_DESENVOLVIMENTO_DE_SISTEMAS.pdf""]",2.0,2.0,0.5,0.5,0.0,1.0,1.0,1.0,0.0,1.0,1.0,1.0,1.0,9,9,4,4.6592
1,43,dense_no_rerank,"RESOLUÇÃO NORMATIVA Nº 218-2024-Estab. normas, critérios e proc. para a participação de docentes (DE) em atividades remuneradas.pdf",Qual é o limite de carga horária para atividades remuneradas eventuais previstas no artigo 7º da Resolução Normativa nº 218 de 2024?,As atividades remuneradas eventuais não podem exceder 8 horas semanais ou 416 horas anuais.,O limite de carga horária para a prestação institucional de serviços remunerada de um servidor não pode ultrapassar 8 (oito) horas semanais ou 416 (quatrocentas e dezesseis) horas anuais.,"[Trecho 1 | Fonte: RESOLUÇÃO Nº 3-2025-Aprova o Relatório de Gestão da Corregedoria do Instituto Federal de Educação, Ciência e Tecnologia do Piauí (IFPI), exercício 2024 e Anexo-1.pdf]
correição; X – manter sigilo sobre as investigações em curso e tratar as informações pessoais com respeito à intimi- dade, vida privada, honra e imagem das pessoas, bem como às liberdades e garantias individuais; XI – acompanhar e subsidiar o funcionamento das co- missões disciplinares; XII – orientar os membros das comissões disciplinares; XIII – solicitar aos setores competentes o treinamento e capacitação de servidores, designados ou voluntaria- dos, para comissões disciplinares; XIV – realizar controle estatístico dos processos disci- plinares; XV – organizar e fornecer informações sobre os proces- sos em curso; XVI – manter registro atualizado dos procedimentos em curso; XVII – administrar, monitorar e inserir informações nos sistemas e-PAD e CGU/PAD; XVIII – acompanhar os procedimentos disciplinares instaurados; É oportuno frisar que, a Corregedoria do IFPI não possui, dentre suas competências, a de instauração de Procedimentos Administrativos Disciplinares (PAD’s), o que proporciona um maior caráter de imparcialidade ao feito e evita, dada a deficiência de servidores no setor, incor- rer na prescrição da pretensão punitiva, conforme disposto no artigo 142 da Lei 8.112/90 c/c Pa- recer vinculante AGU nº GQ-55. DA ESTRUTURAÇÃO FÍSICA E ORGANIZACIONAL A Corregedoria do IFPI encontra-se vinculada à Controladoria Interna, nos termos da RE- SOLUÇÃO NORMATIVA 196/2024 - CONSUP/OSUPCOL/REI/IFPI, de 7 de fevereiro de 2024 e sua atuação está sujeita à orientação normativa e à

[Trecho 2 | Fonte: RESOLUÇÃO Nº 79-2025-Aprova a Reformulação do Curso de Licenciatura Intercultural Indígena, do PARFOR EQUIDADE, no âmbito do Instituto Federal de Educação, Ciência e Tecnologia do Piauí (IFPI) e Anexo.pdf]
Essa carga horária abrange todo o curso, desde o primeiro módulo até sua integralização. O núcleo de prática pedagógica tem como objetivo articular o processo formativo previsto nos componentes curriculares e no estágio supervisionado. A implementação do estágio supervisionado deve ocorrer mediante ajuste formal prévio entre o IFPI e a instituição associada ou conveniada, preferencialmente escolas e instituições públicas, conforme as normativas internas e externas que regulamentam a matéria. O Núcleo de Prática Extensionista (AEE) possui carga horária de 360 horas que são destinadas às atividades de extensão curricularizadas, em conformidade com a Resolução Normativa nº 131 - CONSUP/OSUPCOL/REI/IFPI, de 25 de abril de 2022, em atendimento ao disposto na meta 12.7 do Plano Nacional de Educação, Lei 13.005/2014, que determina que o mínimo de 10% (dez por cento) da carga horária curricular obrigatória dos cursos de graduação deve ser integralizado por meio de atividades de extensão e agora na reformulação seguimos a RESOLUÇÃO CNE/CP Nº 4, DE 29 DE MAIO DE 2024. Esta carga horária consta do currículo no formato de componentes curriculares específicos de extensão, que contemplam temas relacionados à fundamentação, planejamento e execução de projetos e/ou programas de extensão. A proposta curricular da Licenciatura Intercultural Indígena adota a interdisciplinaridade como princípio estruturante da formação docente, em consonância com as Diretrizes Curriculares Nacionais para a

[Trecho 3 | Fonte: RESOLUÇÃO NORMATIVA Nº 238-2025-Regulamenta a prestação institucional de serviços à comunidade externa pelo Instituto Federal de Educação, Ciência e Tecnologia do Piauí (IFPI)._______.pdf]
ins?tucional de serviços, por parte dos servidores relacionados no inciso I do Art. 9º, pode ser realizada: I - dentro de sua jornada regular de trabalho, desde que não remunerada, com parecer da cheﬁa imediata e sem prejuízo ao cumprimento de suas atribuições profissionais no IFPI, sejam elas acadêmicas ou técnicas; II - fora de sua jornada regular de trabalho, quando envolver o recebimento de retribuição pecuniária, obedecidas as normas legais vigentes de cada carreira. § 1º A prestação ins?tucional de serviços, desde que não remunerada, quando realizada dentro da jornada regular de trabalho do docente deve constar em seu plano semestral de atividades docentes (PSAD) como atividade de extensão. § 2º A carga horária dedicada à prestação ins?tucional de serviços por docente em regime de dedicação exclusiva (DE), quando remunerada, não pode ultrapassar 8 (oito) horas semanais ou 416 (quatrocentas e dezesseis) horas anuais, em atendimento ao previsto no §4º do Art. 21 da Lei nº 12.772/2012. Art. 21. Os valores da retribuição pecuniária a ser recebida por servidor devem estar especiﬁcados no orçamento da proposta de prestação ins?tucional de serviços, observada a legislação vigente sobre o assunto. Art. 22. Quando a prestação ins?tucional de serviços, em função de seu obje?vo acadêmico, envolver estudante do IFPI, sua par?cipação e a respec?va carga horária devem estar explicitadas na ação. Art. 23. Em nenhuma hipótese, a prestação ins?tucional de serviços remunerada de

[Trecho 4 | Fonte: RESOLUÇÃO Nº 45-2024-Aprova a Reformulação do Curso de Licenciatura Intercultural Indígena, do PARFOR EQUIDADE, no âmbito do Instituto Federal de Educação, Ciência e Tecnologia do Piauí (IFPI) e Anexo.pdf]
de Prática Pedagógica vinculada no semestre. As vivências e o aprendizado dessa prática, obrigatoriamente, deverão ser registradas em um portfólio elaborado pelo próprio discente. Este material possibilitará ao estudante a observância de toda sua trajetória ao longo do curso. Quadro IX: Distribuição da carga horária das práticas pedagógicas nos componentes curriculares Disciplinas CHT CHP CH Módulo Estágio Supervisionado no Ensino Fundamental-I 0 100 100 V Estágio Supervisionado no Ensino Fundamental- II 0 100 100 VI Estágio Supervisionado no Ensino Médio-I 0 100 100 VII Estágio Supervisionado no Ensino Médio-II 0 100 100 VIII TOTAL 400h O Núcleo de Prática Extensionista possui carga horária de 320 (trezentas e vinte) horas que são destinadas às atividades de extensão curricularizadas, em conformidade com a Resolução Normativa nº 131 - CONSUP/OSUPCOL/REI/IFPI, de 25 de abril de 2022, em atendimento ao disposto na meta 12.7 do Plano Nacional de Educação, Lei 13.005/2014, que determina que o mínimo de 10% (dez por cento) da carga horária curricular obrigatória dos cursos de graduação deve ser integralizado por meio de atividades de extensão. Esta carga horária consta do currículo no formato de componentes curriculares específicos de extensão, que contemplam temas relacionados à fundamentação, planejamento e execução de projetos e/ou programas de extensão. 2.8 METODOLOGIA Para o cumprimento dos itens que compõem o perfil do profissional que a Instituição deseja formar são","[""RESOLUÇÃO Nº 3-2025-Aprova o Relatório de Gestão da Corregedoria do Instituto Federal de Educação, Ciência e Tecnologia do Piauí (IFPI), exercício 2024 e Anexo-1.pdf"", ""RESOLUÇÃO Nº 79-2025-Aprova a Reformulação do Curso de Licenciatura Intercultural Indígena, do PARFOR EQUIDADE, no âmbito do Instituto Federal de Educação, Ciência e Tecnologia do Piauí (IFPI) e Anexo.pdf"", ""RESOLUÇÃO NORMATIVA Nº 238-2025-Regulamenta a prestação institucional de serviços à comunidade externa pelo Instituto Federal de Educação, Ciência e Tecnologia do Piauí (IFPI)._______.pdf"", ""RESOLUÇÃO Nº 45-2024-Aprova a Reformulação do Curso de Licenciatura Intercultural Indígena, do PARFOR EQUIDADE, no âmbito do Instituto Federal de Educação, Ciência e Tecnologia do Piauí (IFPI) e Anexo.pdf""]","[""RESOLUÇÃO Nº 3-2025-Aprova o Relatório de Gestão da Corregedoria do Instituto Federal de Educação, Ciência e Tecnologia do Piauí (IFPI), exercício 2024 e Anexo-1.pdf"", ""RESOLUÇÃO Nº 79-2025-Aprova a Reformulação do Curso de Licenciatura Intercultural Indígena, do PARFOR EQUIDADE, no âmbito do Instituto Federal de Educação, Ciência e Tecnologia do Piauí (IFPI) e Anexo.pdf"", ""RESOLUÇÃO NORMATIVA Nº 238-2025-Regulamenta a prestação institucional de serviços à comunidade externa pelo Instituto Federal de Educação, Ciência e Tecnologia do Piauí (IFPI)._______.pdf"", ""RESOLUÇÃO Nº 45-2024-Aprova a Reformulação do Curso de Licenciatura Intercultural Indígena, do PARFOR EQUIDADE, no âmbito do Instituto Federal de Educação, Ciência e Tecnologia do Piauí (IFPI) e Anexo.pdf"", ""RESOLUÇÃO Nº 106-2025-Aprova a reformulação do Curso Técnico em Contabilidade Integrado ao Ensino Médio, no âmbito do IFPI e Anexo-.pdf"", ""RESOLUÇÃO Nº 92-2025-Aprova a reformulação do Curso Técnico em Segurança do Trabalho Integrado ao Ensino Médio, no âmbito do IFPI e Anexo.pdf"", ""RESOLUÇÃO Nº 94-2025-Aprova a reformulação do Curso Técnico em Mineração Integrado ao Ensino Médio, no âmbito do IFPI e Anexo.pdf"", ""RESOLUÇÃO NORMATIVA Nº 207-2024-Regulamenta a parceria entre o Instituto Federal de Educação, Ciência e Tecnologia do Piauí (IFPI) e a Fundação de Amparo à Pesquisa, Inovação, Ensino e Extensão do IFPI.pdf"", ""RESOLUÇÃO Nº 23-2024-Aprova a Criação do Curso de Licenciatura Intercultural Indígena, do PARFOR EQUIDADE, no âmbito do Instituto Federal de Educação, Ciência e Tecnologia do Piauí (IFPI)e Anexo.pdf"", ""RESOLUÇÃO Nº 17-2025-Aprova  a Criação do Curso Técnico em Serviços Jurídicos, integrado ao Ensino Médio,  no âmbito do Instituto Federal de Educação, Ciência e Tecnologia do Piauí (IFPI) e Anexo.pdf""]","[""RESOLUÇÃO Nº 3-2025-Aprova o Relatório de Gestão da Corregedoria do Instituto Federal de Educação, Ciência e Tecnologia do Piauí (IFPI), exercício 2024 e Anexo-1.pdf"", ""RESOLUÇÃO Nº 79-2025-Aprova a Reformulação do Curso de Licenciatura Intercultural Indígena, do PARFOR EQUIDADE, no âmbito do Instituto Federal de Educação, Ciência e Tecnologia do Piauí (IFPI) e Anexo.pdf"", ""RESOLUÇÃO NORMATIVA Nº 238-2025-Regulamenta a prestação institucional de serviços à comunidade externa pelo Instituto Federal de Educação, Ciência e Tecnologia do Piauí (IFPI)._______.pdf"", ""RESOLUÇÃO Nº 45-2024-Aprova a Reformulação do Curso de Licenciatura Intercultural Indígena, do PARFOR EQUIDADE, no âmbito do Instituto Federal de Educação, Ciência e Tecnologia do Piauí (IFPI) e Anexo.pdf"", ""RESOLUÇÃO Nº 106-2025-Aprova a reformulação do Curso Técnico em Contabilidade Integrado ao Ensino Médio, no âmbito do IFPI e Anexo-.pdf"", ""RESOLUÇÃO Nº 92-2025-Aprova a reformulação do Curso Técnico em Segurança do Trabalho Integrado ao Ensino Médio, no âmbito do IFPI e Anexo.pdf"", ""RESOLUÇÃO Nº 94-2025-Aprova a reformulação do Curso Técnico em Mineração Integrado ao Ensino Médio, no âmbito do IFPI e Anexo.pdf"", ""RESOLUÇÃO NORMATIVA Nº 207-2024-Regulamenta a parceria entre o Instituto Federal de Educação, Ciência e Tecnologia do Piauí (IFPI) e a Fundação de Amparo à Pesquisa, Inovação, Ensino e Extensão do IFPI.pdf"", ""RESOLUÇÃO Nº 23-2024-Aprova a Criação do Curso de Licenciatura Intercultural Indígena, do PARFOR EQUIDADE, no âmbito do Instituto Federal de Educação, Ciência e Tecnologia do Piauí (IFPI)e Anexo.pdf"", ""RESOLUÇÃO Nº 17-2025-Aprova  a Criação do Curso Técnico em Serviços Jurídicos, integrado ao Ensino Médio,  no âmbito do Instituto Federal de Educação, Ciência e Tecnologia do Piauí (IFPI) e Anexo.pdf""]",,,0.0,0.0,0.0,0.0,0.0,0.0,0.0,0.0,0.0,0.0,0.0,10,10,4,4.9354
1,43,dense_no_rerank,"RESOLUÇÃO NORMATIVA Nº 217-2024-Atualiza o Regimento Interno da Comissão Permanente de Pessoal Docente (CPPD), no âmbito do Instituto Federal de Educação, Ciência e Tecnologia do Piauí (IFPI)..pdf",Como é composta a CPPD do IFPI em número de membros titulares e suplentes?,"A CPPD do IFPI é composta por 10 docentes, sendo 5 representantes titulares e 5 representantes suplentes.","A CPPD do IFPI é composta por dez docentes da carreira de Ensino Básico, Técnico e Tecnológico, sendo cinco representantes titulares e cinco representantes suplentes.","[Trecho 1 | Fonte: RESOLUÇÃO NORMATIVA Nº 217-2024-Atualiza o Regimento Interno da Comissão Permanente de Pessoal Docente (CPPD), no âmbito do Instituto Federal de Educação, Ciência e Tecnologia do Piauí (IFPI)..pdf]
a Diretoria de Gestão de Pessoas (DIGEP) em assuntos relacionados à política de pessoal docente do IFPI; e VII - zelar pelas normas que regulam a CPPD. CAPÍTULO III DA ESTRUTURA E COMPOSIÇÃO Art. 5º A Comissão Permanente de Pessoal Docente do IFPI será composta por 10 (dez) docentes da carreira de Ensino Básico, Técnico e Tecnológico, sendo 05 (cinco) representantes Dtulares e 05 (cinco) representantes suplentes. Art. 6º Os integrantes da CPPD terão mandato de 04 (quatro) anos, podendo haver uma única recondução por igual período. CAPÍTULO IV DA COMPETÊNCIA Art. 7º Compete à CPPD do IFPI: I - prestar assessoramento ao Reitor, na formulação e acompanhamento da execução da políDca de pessoal docente, em consonância com a legislação federal, instruções e orientações dos órgãos competentes, e com as ações e políticas do IFPI; II - desenvolver análises e estudos visando à implementação, ao aperfeiçoamento e/ou modificação da política de pessoal docente e de seus instrumentos; III - parDcipar como membro efeDvo de processos de construção e/ou reformulação de regulamentações, bem como de comissões, grupos de trabalho ou afins que tratarão sobre: a) dimensionamento da alocação de vagas docentes no IFPI; b) contratação e admissão de professores efetivos e substitutos; c) alteração do regime de trabalho docente; d) avaliação do desempenho para fins de progressão e promoção funcional; e) solicitação de afastamento de docentes para aperfeiçoamento, especialização, mestrado, doutorado ou

[Trecho 2 | Fonte: RESOLUÇÃO Nº 75-2024-Atualiza o Regimento Interno da Comissão Permanente de Pessoal Docente (CPPD), no âmbito do Instituto Federal de Educação, Ciência e Tecnologia do Piauí (IFPI) -REVOGADA PELA RESOLUÇÃO Nº 77_2024..pdf]
VI - colaborar com a Diretoria de Gestão de Pessoas (DIGEP) em assuntos relacionados à política de pessoal docente do IFPI; e VII - zelar pelas normas que regulam a CPPD. CAPÍTULO III DA ESTRUTURA E COMPOSIÇÃO Art. 5º A Comissão Permanente de Pessoal Docente do IFPI será composta por 10 (dez) docentes da carreira de Ensino Básico, Técnico e Tecnológico, sendo 05 (cinco) representantes Btulares e 05 (cinco) representantes suplentes. Art. 6º Os integrantes da CPPD terão mandato de 04 (quatro) anos, podendo haver uma única recondução por igual período. CAPÍTULO IV DA COMPETÊNCIA Art. 7º Compete à CPPD do IFPI: I - prestar assessoramento ao Reitor, na formulação e acompanhamento da execução da políBca de pessoal docente, em consonância com a legislação federal, instruções e orientações dos órgãos competentes, e com as ações e políticas do IFPI; II - desenvolver análises e estudos visando à implementação, ao aperfeiçoamento e/ou modificação da política de pessoal docente e de seus instrumentos; III - parBcipar como membro efeBvo de processos de construção e/ou reformulação de regulamentações, bem como de comissões, grupos de trabalho ou afins que tratarão sobre: a) dimensionamento da alocação de vagas docentes no IFPI; b) contratação e admissão de professores efetivos e substitutos; c) alteração do regime de trabalho docente; d) avaliação do desempenho para fins de progressão e promoção funcional; e) solicitação de afastamento de docentes para aperfeiçoamento, especialização,

[Trecho 3 | Fonte: RESOLUÇÃO NORMATIVA Nº 217-2024-Atualiza o Regimento Interno da Comissão Permanente de Pessoal Docente (CPPD), no âmbito do Instituto Federal de Educação, Ciência e Tecnologia do Piauí (IFPI)..pdf]
Ministério da Educação Instituto Federal de Educação, Ciência e Tecnologia do Piauí IFPI Av. Jânio Quadros, Santa Isabel, TERESINA / PI, CEP 64053-390 Fone: (86) 3131-1443 Site: www.ifpi.edu.br RESOLUÇÃO NORMATIVA CONSUP/OSUPCOL/REI/IFPI N° 217, de 30 de julho de 2024. Atualiza o Regimento Interno da Comissão Permanente de Pessoal Docente (CPPD), no âmbito do InsDtuto Federal de Educação, Ciência e Tecnologia do Piauí (IFPI). O Presidente do Conselho Superior do InsDtuto Federal de Educação, Ciência e Tecnologia do Piauí, no uso de suas atribuições conferidas no Estatuto deste InsDtuto Federal, aprovado pela Resolução NormaDva nº 59, de 20 de agosto de 2021, publicada no Diário Oﬁcial da União de 23 de agosto de 2021, e considerando o processo nº23172.001816/2024-60, RESOLVE: RESOLVE: Art. 1º Atualizar, ad referendum ad referendum, o Regimento Interno da Comissão Permanente de Pessoal Docente (CPPD), do Instituto Federal de Educação, Ciência e Tecnologia do Piauí (IFPI). CAPÍTULO I DAS DISPOSIÇÕES PRELIMINARES Art. 2º A presente Resolução disciplina a organização, as competências e atribuições, a composição e o funcionamento da Comissão Permanente de Pessoal Docente (CPPD), no âmbito do IFPI, conforme o disposto no artigo 26, da Lei nº 12.772, de 2012. CAPÍTULO II DA NATUREZA E FINALIDADE DA CPPD Art. 3º No âmbito da Legislação Federal, a CPPD é uma comissão de assessoramento ao colegiado competente ou ao dirigente máximo na insDtuição de ensino, formulação e acompanhamento

[Trecho 4 | Fonte: RESOLUÇÃO Nº 75-2024-Atualiza o Regimento Interno da Comissão Permanente de Pessoal Docente (CPPD), no âmbito do Instituto Federal de Educação, Ciência e Tecnologia do Piauí (IFPI) -REVOGADA PELA RESOLUÇÃO Nº 77_2024..pdf]
Ministério da Educação Instituto Federal de Educação, Ciência e Tecnologia do Piauí IFPI Av. Jânio Quadros, Santa Isabel, TERESINA / PI, CEP 64053-390 Fone: (86) 3131-1443 Site: www.ifpi.edu.br RESOLUÇÃO 75/2024 - CONSUP/OSUPCOL/REI/IFPI, de 25 de julho de 2024. Atualiza o Regimento Interno da Comissão Permanente de Pessoal Docente (CPPD), no âmbito do InsBtuto Federal de Educação, Ciência e Tecnologia do Piauí (IFPI). A Presidente SubsBtuta do Conselho Superior do InsBtuto Federal de Educação, Ciência e Tecnologia do Piauí, no uso de suas atribuições conferidas no Estatuto deste InsBtuto Federal, aprovado pela Resolução NormaBva nº 59, de 20 de agosto de 2021, publicada no Diário Oﬁcial da União de 23 de agosto de 2021, e considerando o processo nº23172.001816/2024-60, RESOLVE: RESOLVE: Art. 1º Atualizar, ad referendum ad referendum, o Regimento Interno da Comissão Permanente de Pessoal Docente (CPPD), do Instituto Federal de Educação, Ciência e Tecnologia do Piauí (IFPI). CAPÍTULO I DAS DISPOSIÇÕES PRELIMINARES Art. 2º A presente Resolução disciplina a organização, as competências e atribuições, a composição e o funcionamento da Comissão Permanente de Pessoal Docente (CPPD), no âmbito do IFPI, conforme o disposto no artigo 26, da Lei nº 12.772, de 2012. CAPÍTULO II DA NATUREZA E FINALIDADE DA CPPD Art. 3º No âmbito da Legislação Federal, a CPPD é uma comissão de assessoramento ao colegiado competente ou ao dirigente máximo na insBtuição de ensino, formulação e","[""RESOLUÇÃO NORMATIVA Nº 217-2024-Atualiza o Regimento Interno da Comissão Permanente de Pessoal Docente (CPPD), no âmbito do Instituto Federal de Educação, Ciência e Tecnologia do Piauí (IFPI)..pdf"", ""RESOLUÇÃO Nº 75-2024-Atualiza o Regimento Interno da Comissão Permanente de Pessoal Docente (CPPD), no âmbito do Instituto Federal de Educação, Ciência e Tecnologia do Piauí (IFPI) -REVOGADA PELA RESOLUÇÃO Nº 77_2024..pdf"", ""RESOLUÇÃO NORMATIVA Nº 217-2024-Atualiza o Regimento Interno da Comissão Permanente de Pessoal Docente (CPPD), no âmbito do Instituto Federal de Educação, Ciência e Tecnologia do Piauí (IFPI)..pdf"", ""RESOLUÇÃO Nº 75-2024-Atualiza o Regimento Interno da Comissão Permanente de Pessoal Docente (CPPD), no âmbito do Instituto Federal de Educação, Ciência e Tecnologia do Piauí (IFPI) -REVOGADA PELA RESOLUÇÃO Nº 77_2024..pdf""]","[""RESOLUÇÃO NORMATIVA Nº 217-2024-Atualiza o Regimento Interno da Comissão Permanente de Pessoal Docente (CPPD), no âmbito do Instituto Federal de Educação, Ciência e Tecnologia do Piauí (IFPI)..pdf"", ""RESOLUÇÃO Nº 75-2024-Atualiza o Regimento Interno da Comissão Permanente de Pessoal Docente (CPPD), no âmbito do Instituto Federal de Educação, Ciência e Tecnologia do Piauí (IFPI) -REVOGADA PELA RESOLUÇÃO Nº 77_2024..pdf"", ""RESOLUÇÃO NORMATIVA Nº 217-2024-Atualiza o Regimento Interno da Comissão Permanente de Pessoal Docente (CPPD), no âmbito do Instituto Federal de Educação, Ciência e Tecnologia do Piauí (IFPI)..pdf"", ""RESOLUÇÃO Nº 75-2024-Atualiza o Regimento Interno da Comissão Permanente de Pessoal Docente (CPPD), no âmbito do Instituto Federal de Educação, Ciência e Tecnologia do Piauí (IFPI) -REVOGADA PELA RESOLUÇÃO Nº 77_2024..pdf"", ""RESOLUÇÃO NORMATIVA Nº 223-2024-Atualiza a Regulamentação do planejamento e o registro das atividades acadêmicas dos docentes da Carreira do Magistério do Ensino Básico, Técnico e Tecnológico do IFPI.pdf"", ""RESOLUÇÃO Nº 75-2024-Atualiza o Regimento Interno da Comissão Permanente de Pessoal Docente (CPPD), no âmbito do Instituto Federal de Educação, Ciência e Tecnologia do Piauí (IFPI) -REVOGADA PELA RESOLUÇÃO Nº 77_2024..pdf"", ""RESOLUÇÃO NORMATIVA Nº 222-2024-Institui o Regulamento Interno do Comitê Gestor de Proteção de Dados Pessoais (CGPDP), no âmbito do Instituto Federal de Educação, Ciência e Tecnologia do Piauí (IFPI)..pdf"", ""RESOLUÇÃO Nº 75-2024-Atualiza o Regimento Interno da Comissão Permanente de Pessoal Docente (CPPD), no âmbito do Instituto Federal de Educação, Ciência e Tecnologia do Piauí (IFPI) -REVOGADA PELA RESOLUÇÃO Nº 77_2024..pdf""]","[""RESOLUÇÃO NORMATIVA Nº 217-2024-Atualiza o Regimento Interno da Comissão Permanente de Pessoal Docente (CPPD), no âmbito do Instituto Federal de Educação, Ciência e Tecnologia do Piauí (IFPI)..pdf"", ""RESOLUÇÃO Nº 75-2024-Atualiza o Regimento Interno da Comissão Permanente de Pessoal Docente (CPPD), no âmbito do Instituto Federal de Educação, Ciência e Tecnologia do Piauí (IFPI) -REVOGADA PELA RESOLUÇÃO Nº 77_2024..pdf"", ""RESOLUÇÃO NORMATIVA Nº 217-2024-Atualiza o Regimento Interno da Comissão Permanente de Pessoal Docente (CPPD), no âmbito do Instituto Federal de Educação, Ciência e Tecnologia do Piauí (IFPI)..pdf"", ""RESOLUÇÃO Nº 75-2024-Atualiza o Regimento Interno da Comissão Permanente de Pessoal Docente (CPPD), no âmbito do Instituto Federal de Educação, Ciência e Tecnologia do Piauí (IFPI) -REVOGADA PELA RESOLUÇÃO Nº 77_2024..pdf"", ""RESOLUÇÃO NORMATIVA Nº 223-2024-Atualiza a Regulamentação do planejamento e o registro das atividades acadêmicas dos docentes da Carreira do Magistério do Ensino Básico, Técnico e Tecnológico do IFPI.pdf"", ""RESOLUÇÃO Nº 75-2024-Atualiza o Regimento Interno da Comissão Permanente de Pessoal Docente (CPPD), no âmbito do Instituto Federal de Educação, Ciência e Tecnologia do Piauí (IFPI) -REVOGADA PELA RESOLUÇÃO Nº 77_2024..pdf"", ""RESOLUÇÃO NORMATIVA Nº 222-2024-Institui o Regulamento Interno do Comitê Gestor de Proteção de Dados Pessoais (CGPDP), no âmbito do Instituto Federal de Educação, Ciência e Tecnologia do Piauí (IFPI)..pdf"", ""RESOLUÇÃO Nº 75-2024-Atualiza o Regimento Interno da Comissão Permanente de Pessoal Docente (CPPD), no âmbito do Instituto Federal de Educação, Ciência e Tecnologia do Piauí (IFPI) -REVOGADA PELA RESOLUÇÃO Nº 77_2024..pdf""]",1.0,1.0,1.0,1.0,1.0,1.0,1.0,1.0,1.0,1.0,1.0,1.0,1.0,8,8,4,4.1803
1,43,dense_no_rerank,"RESOLUÇÃO NORMATIVA Nº 217-2024-Atualiza o Regimento Interno da Comissão Permanente de Pessoal Docente (CPPD), no âmbito do Instituto Federal de Educação, Ciência e Tecnologia do Piauí (IFPI)..pdf",Qual é o mandato dos integrantes da CPPD do IFPI?,"O mandato dos integrantes da CPPD é de 4 anos, com possibilidade de uma única recondução por igual período.","Os integrantes da CPPD do IFPI terão mandato de 04 (quatro) anos, podendo haver uma única recondução por igual período.","[Trecho 1 | Fonte: RESOLUÇÃO NORMATIVA Nº 217-2024-Atualiza o Regimento Interno da Comissão Permanente de Pessoal Docente (CPPD), no âmbito do Instituto Federal de Educação, Ciência e Tecnologia do Piauí (IFPI)..pdf]
a Diretoria de Gestão de Pessoas (DIGEP) em assuntos relacionados à política de pessoal docente do IFPI; e VII - zelar pelas normas que regulam a CPPD. CAPÍTULO III DA ESTRUTURA E COMPOSIÇÃO Art. 5º A Comissão Permanente de Pessoal Docente do IFPI será composta por 10 (dez) docentes da carreira de Ensino Básico, Técnico e Tecnológico, sendo 05 (cinco) representantes Dtulares e 05 (cinco) representantes suplentes. Art. 6º Os integrantes da CPPD terão mandato de 04 (quatro) anos, podendo haver uma única recondução por igual período. CAPÍTULO IV DA COMPETÊNCIA Art. 7º Compete à CPPD do IFPI: I - prestar assessoramento ao Reitor, na formulação e acompanhamento da execução da políDca de pessoal docente, em consonância com a legislação federal, instruções e orientações dos órgãos competentes, e com as ações e políticas do IFPI; II - desenvolver análises e estudos visando à implementação, ao aperfeiçoamento e/ou modificação da política de pessoal docente e de seus instrumentos; III - parDcipar como membro efeDvo de processos de construção e/ou reformulação de regulamentações, bem como de comissões, grupos de trabalho ou afins que tratarão sobre: a) dimensionamento da alocação de vagas docentes no IFPI; b) contratação e admissão de professores efetivos e substitutos; c) alteração do regime de trabalho docente; d) avaliação do desempenho para fins de progressão e promoção funcional; e) solicitação de afastamento de docentes para aperfeiçoamento, especialização, mestrado, doutorado ou

[Trecho 2 | Fonte: RESOLUÇÃO Nº 75-2024-Atualiza o Regimento Interno da Comissão Permanente de Pessoal Docente (CPPD), no âmbito do Instituto Federal de Educação, Ciência e Tecnologia do Piauí (IFPI) -REVOGADA PELA RESOLUÇÃO Nº 77_2024..pdf]
VI - colaborar com a Diretoria de Gestão de Pessoas (DIGEP) em assuntos relacionados à política de pessoal docente do IFPI; e VII - zelar pelas normas que regulam a CPPD. CAPÍTULO III DA ESTRUTURA E COMPOSIÇÃO Art. 5º A Comissão Permanente de Pessoal Docente do IFPI será composta por 10 (dez) docentes da carreira de Ensino Básico, Técnico e Tecnológico, sendo 05 (cinco) representantes Btulares e 05 (cinco) representantes suplentes. Art. 6º Os integrantes da CPPD terão mandato de 04 (quatro) anos, podendo haver uma única recondução por igual período. CAPÍTULO IV DA COMPETÊNCIA Art. 7º Compete à CPPD do IFPI: I - prestar assessoramento ao Reitor, na formulação e acompanhamento da execução da políBca de pessoal docente, em consonância com a legislação federal, instruções e orientações dos órgãos competentes, e com as ações e políticas do IFPI; II - desenvolver análises e estudos visando à implementação, ao aperfeiçoamento e/ou modificação da política de pessoal docente e de seus instrumentos; III - parBcipar como membro efeBvo de processos de construção e/ou reformulação de regulamentações, bem como de comissões, grupos de trabalho ou afins que tratarão sobre: a) dimensionamento da alocação de vagas docentes no IFPI; b) contratação e admissão de professores efetivos e substitutos; c) alteração do regime de trabalho docente; d) avaliação do desempenho para fins de progressão e promoção funcional; e) solicitação de afastamento de docentes para aperfeiçoamento, especialização,

[Trecho 3 | Fonte: RESOLUÇÃO NORMATIVA Nº 217-2024-Atualiza o Regimento Interno da Comissão Permanente de Pessoal Docente (CPPD), no âmbito do Instituto Federal de Educação, Ciência e Tecnologia do Piauí (IFPI)..pdf]
Ministério da Educação Instituto Federal de Educação, Ciência e Tecnologia do Piauí IFPI Av. Jânio Quadros, Santa Isabel, TERESINA / PI, CEP 64053-390 Fone: (86) 3131-1443 Site: www.ifpi.edu.br RESOLUÇÃO NORMATIVA CONSUP/OSUPCOL/REI/IFPI N° 217, de 30 de julho de 2024. Atualiza o Regimento Interno da Comissão Permanente de Pessoal Docente (CPPD), no âmbito do InsDtuto Federal de Educação, Ciência e Tecnologia do Piauí (IFPI). O Presidente do Conselho Superior do InsDtuto Federal de Educação, Ciência e Tecnologia do Piauí, no uso de suas atribuições conferidas no Estatuto deste InsDtuto Federal, aprovado pela Resolução NormaDva nº 59, de 20 de agosto de 2021, publicada no Diário Oﬁcial da União de 23 de agosto de 2021, e considerando o processo nº23172.001816/2024-60, RESOLVE: RESOLVE: Art. 1º Atualizar, ad referendum ad referendum, o Regimento Interno da Comissão Permanente de Pessoal Docente (CPPD), do Instituto Federal de Educação, Ciência e Tecnologia do Piauí (IFPI). CAPÍTULO I DAS DISPOSIÇÕES PRELIMINARES Art. 2º A presente Resolução disciplina a organização, as competências e atribuições, a composição e o funcionamento da Comissão Permanente de Pessoal Docente (CPPD), no âmbito do IFPI, conforme o disposto no artigo 26, da Lei nº 12.772, de 2012. CAPÍTULO II DA NATUREZA E FINALIDADE DA CPPD Art. 3º No âmbito da Legislação Federal, a CPPD é uma comissão de assessoramento ao colegiado competente ou ao dirigente máximo na insDtuição de ensino, formulação e acompanhamento

[Trecho 4 | Fonte: RESOLUÇÃO Nº 75-2024-Atualiza o Regimento Interno da Comissão Permanente de Pessoal Docente (CPPD), no âmbito do Instituto Federal de Educação, Ciência e Tecnologia do Piauí (IFPI) -REVOGADA PELA RESOLUÇÃO Nº 77_2024..pdf]
Ministério da Educação Instituto Federal de Educação, Ciência e Tecnologia do Piauí IFPI Av. Jânio Quadros, Santa Isabel, TERESINA / PI, CEP 64053-390 Fone: (86) 3131-1443 Site: www.ifpi.edu.br RESOLUÇÃO 75/2024 - CONSUP/OSUPCOL/REI/IFPI, de 25 de julho de 2024. Atualiza o Regimento Interno da Comissão Permanente de Pessoal Docente (CPPD), no âmbito do InsBtuto Federal de Educação, Ciência e Tecnologia do Piauí (IFPI). A Presidente SubsBtuta do Conselho Superior do InsBtuto Federal de Educação, Ciência e Tecnologia do Piauí, no uso de suas atribuições conferidas no Estatuto deste InsBtuto Federal, aprovado pela Resolução NormaBva nº 59, de 20 de agosto de 2021, publicada no Diário Oﬁcial da União de 23 de agosto de 2021, e considerando o processo nº23172.001816/2024-60, RESOLVE: RESOLVE: Art. 1º Atualizar, ad referendum ad referendum, o Regimento Interno da Comissão Permanente de Pessoal Docente (CPPD), do Instituto Federal de Educação, Ciência e Tecnologia do Piauí (IFPI). CAPÍTULO I DAS DISPOSIÇÕES PRELIMINARES Art. 2º A presente Resolução disciplina a organização, as competências e atribuições, a composição e o funcionamento da Comissão Permanente de Pessoal Docente (CPPD), no âmbito do IFPI, conforme o disposto no artigo 26, da Lei nº 12.772, de 2012. CAPÍTULO II DA NATUREZA E FINALIDADE DA CPPD Art. 3º No âmbito da Legislação Federal, a CPPD é uma comissão de assessoramento ao colegiado competente ou ao dirigente máximo na insBtuição de ensino, formulação e","[""RESOLUÇÃO NORMATIVA Nº 217-2024-Atualiza o Regimento Interno da Comissão Permanente de Pessoal Docente (CPPD), no âmbito do Instituto Federal de Educação, Ciência e Tecnologia do Piauí (IFPI)..pdf"", ""RESOLUÇÃO Nº 75-2024-Atualiza o Regimento Interno da Comissão Permanente de Pessoal Docente (CPPD), no âmbito do Instituto Federal de Educação, Ciência e Tecnologia do Piauí (IFPI) -REVOGADA PELA RESOLUÇÃO Nº 77_2024..pdf"", ""RESOLUÇÃO NORMATIVA Nº 217-2024-Atualiza o Regimento Interno da Comissão Permanente de Pessoal Docente (CPPD), no âmbito do Instituto Federal de Educação, Ciência e Tecnologia do Piauí (IFPI)..pdf"", ""RESOLUÇÃO Nº 75-2024-Atualiza o Regimento Interno da Comissão Permanente de Pessoal Docente (CPPD), no âmbito do Instituto Federal de Educação, Ciência e Tecnologia do Piauí (IFPI) -REVOGADA PELA RESOLUÇÃO Nº 77_2024..pdf""]","[""RESOLUÇÃO NORMATIVA Nº 217-2024-Atualiza o Regimento Interno da Comissão Permanente de Pessoal Docente (CPPD), no âmbito do Instituto Federal de Educação, Ciência e Tecnologia do Piauí (IFPI)..pdf"", ""RESOLUÇÃO Nº 75-2024-Atualiza o Regimento Interno da Comissão Permanente de Pessoal Docente (CPPD), no âmbito do Instituto Federal de Educação, Ciência e Tecnologia do Piauí (IFPI) -REVOGADA PELA RESOLUÇÃO Nº 77_2024..pdf"", ""RESOLUÇÃO NORMATIVA Nº 217-2024-Atualiza o Regimento Interno da Comissão Permanente de Pessoal Docente (CPPD), no âmbito do Instituto Federal de Educação, Ciência e Tecnologia do Piauí (IFPI)..pdf"", ""RESOLUÇÃO Nº 75-2024-Atualiza o Regimento Interno da Comissão Permanente de Pessoal Docente (CPPD), no âmbito do Instituto Federal de Educação, Ciência e Tecnologia do Piauí (IFPI) -REVOGADA PELA RESOLUÇÃO Nº 77_2024..pdf"", ""RESOLUÇÃO Nº 75-2024-Atualiza o Regimento Interno da Comissão Permanente de Pessoal Docente (CPPD), no âmbito do Instituto Federal de Educação, Ciência e Tecnologia do Piauí (IFPI) -REVOGADA PELA RESOLUÇÃO Nº 77_2024..pdf"", ""RESOLUÇÃO NORMATIVA Nº 217-2024-Atualiza o Regimento Interno da Comissão Permanente de Pessoal Docente (CPPD), no âmbito do Instituto Federal de Educação, Ciência e Tecnologia do Piauí (IFPI)..pdf"", ""RESOLUÇÃO NORMATIVA Nº 217-2024-Atualiza o Regimento Interno da Comissão Permanente de Pessoal Docente (CPPD), no âmbito do Instituto Federal de Educação, Ciência e Tecnologia do Piauí (IFPI)..pdf"", ""RESOLUÇÃO Nº 75-2024-Atualiza o Regimento Interno da Comissão Permanente de Pessoal Docente (CPPD), no âmbito do Instituto Federal de Educação, Ciência e Tecnologia do Piauí (IFPI) -REVOGADA PELA RESOLUÇÃO Nº 77_2024..pdf"", ""RESOLUÇÃO NORMATIVA Nº 217-2024-Atualiza o Regimento Interno da Comissão Permanente de Pessoal Docente (CPPD), no âmbito do Instituto Federal de Educação, Ciência e Tecnologia do Piauí (IFPI)..pdf""]","[""RESOLUÇÃO NORMATIVA Nº 217-2024-Atualiza o Regimento Interno da Comissão Permanente de Pessoal Docente (CPPD), no âmbito do Instituto Federal de Educação, Ciência e Tecnologia do Piauí (IFPI)..pdf"", ""RESOLUÇÃO Nº 75-2024-Atualiza o Regimento Interno da Comissão Permanente de Pessoal Docente (CPPD), no âmbito do Instituto Federal de Educação, Ciência e Tecnologia do Piauí (IFPI) -REVOGADA PELA RESOLUÇÃO Nº 77_2024..pdf"", ""RESOLUÇÃO NORMATIVA Nº 217-2024-Atualiza o Regimento Interno da Comissão Permanente de Pessoal Docente (CPPD), no âmbito do Instituto Federal de Educação, Ciência e Tecnologia do Piauí (IFPI)..pdf"", ""RESOLUÇÃO Nº 75-2024-Atualiza o Regimento Interno da Comissão Permanente de Pessoal Docente (CPPD), no âmbito do Instituto Federal de Educação, Ciência e Tecnologia do Piauí (IFPI) -REVOGADA PELA RESOLUÇÃO Nº 77_2024..pdf"", ""RESOLUÇÃO Nº 75-2024-Atualiza o Regimento Interno da Comissão Permanente de Pessoal Docente (CPPD), no âmbito do Instituto Federal de Educação, Ciência e Tecnologia do Piauí (IFPI) -REVOGADA PELA RESOLUÇÃO Nº 77_2024..pdf"", ""RESOLUÇÃO NORMATIVA Nº 217-2024-Atualiza o Regimento Interno da Comissão Permanente de Pessoal Docente (CPPD), no âmbito do Instituto Federal de Educação, Ciência e Tecnologia do Piauí (IFPI)..pdf"", ""RESOLUÇÃO NORMATIVA Nº 217-2024-Atualiza o Regimento Interno da Comissão Permanente de Pessoal Docente (CPPD), no âmbito do Instituto Federal de Educação, Ciência e Tecnologia do Piauí (IFPI)..pdf"", ""RESOLUÇÃO Nº 75-2024-Atualiza o Regimento Interno da Comissão Permanente de Pessoal Docente (CPPD), no âmbito do Instituto Federal de Educação, Ciência e Tecnologia do Piauí (IFPI) -REVOGADA PELA RESOLUÇÃO Nº 77_2024..pdf"", ""RESOLUÇÃO NORMATIVA Nº 217-2024-Atualiza o Regimento Interno da Comissão Permanente de Pessoal Docente (CPPD), no âmbito do Instituto Federal de Educação, Ciência e Tecnologia do Piauí (IFPI)..pdf""]",1.0,1.0,1.0,1.0,1.0,1.0,1.0,1.0,1.0,1.0,1.0,1.0,1.0,9,9,4,3.991
1,43,dense_no_rerank,"RESOLUÇÃO Nº 27-2024-Aprova  a criação do curso de Qualificação Profissional, de Formação Inicial e Continuada (FIC) em Aquicultor, no âmbito do IFPI e Anexo.pdf",Quantas vagas são ofertadas no curso FIC em Aquicultor?,O curso FIC em Aquicultor oferta 40 vagas.,O curso de Qualificação Profissional - Formação Inicial e Continuada (FIC) em Aquicultor oferece 40 vagas.,"[Trecho 1 | Fonte: RESOLUÇÃO Nº 27-2024-Aprova  a criação do curso de Qualificação Profissional, de Formação Inicial e Continuada (FIC) em Aquicultor, no âmbito do IFPI e Anexo.pdf]
institucional do programa 1. DADOS GERAIS DO CURSO Nome do Curso: Curso de Qualificação Profissional - Formação Inicial e Continuada (FIC) em Aquicultor Eixo Tecnológico: Recursos Naturais Característica do Curso: Formação Inicial e Continuada - FIC Número de vagas: 40 Forma de Oferta: Presencial Tempo de duração do curso: 3 meses Turno de oferta: Tarde Horário de oferta do curso: 14h às 18h Carga horária Total: 160 horas Resolução de convalidação ou de criação: Lei 12.513/2011 Portaria 1.042/2021, manual de Gestão da Bolsa Formação Requisitos de acesso ao Curso: Ensino Fundamental I ( 1° ao 5º ) incompleto. PROJETO PEDAGÓGICO DO CURSO DE QUALIFICAÇÃO PROFISSIONAL - FORMAÇÃO INICIAL E CONTINUADA ( FIC) EM AQUICULTOR CAMPUS AvançadoJosédeFreitas 1.CURSO: AQUICULTOR 2.EIXO: RECURSOS NATURAIS 3.CONTEXTUALIZAÇÃO da localidade onde ocorrerá o curso O município no qual será executado o Curso de Qualificação Profissional - Formação Inicial e Continuada (FIC) em Aquicultor compreende, segundo estimativas do IBGE (2022), uma população de 42.559 habitantes e a densidade demográfica de 27,67 habitantes por quilômetro quadrado, onde quase metade das pessoas residem na zona rural do município. O município possui um PIB per capita de R$ 9.902,38 ocupando apenas a posição 131 dentro do estado do Piauí, onde a agricultura familiar constitui uma das principais fontes de renda da população. A zona de influência deste município inclui diversos outros municípios circunvizinhos como Teresina,

[Trecho 2 | Fonte: RESOLUÇÃO Nº 27-2024-Aprova  a criação do curso de Qualificação Profissional, de Formação Inicial e Continuada (FIC) em Aquicultor, no âmbito do IFPI e Anexo.pdf]
do Curso de Qualificação Profissional - Formação Inicial e Continuada (FIC) em Aquicultor, o qual irá formar profissionais que estão sendo requisitados pelo mercado de trabalho local e regional. O curso visa ainda melhorar as condições de acesso ao mercado de trabalho em rápida transformação, melhorando a qualificaçãodos trabalhadores. 3.2 OBJETIVOS DO CURSO Objetivo Geral O Curso de Qualificação Profissional - Formação Inicial e Continuada (FIC) em Aquicultor tem por objetivo formar profissionais, promovendo a construção de competências que contemplem habilidades, conhecimentos e comportamentos que atendam à demanda de mercado do setor. Princípios básicos como cultivo de peixes em tanques escavados, cultivo de peixes em tanques rede, cooperativismo e administração, noções de processamento de pescado e espécies cultivadas serão abordados durante as aulas, no intuito de promover no aluno a iniciativa para entrar na atividade, bem como, proporcionar nos que já atuam no setor o desenvolvimento de competências que promovam e estimulem o aumento da produção de pescado na região. Objetivos Específicos  Capacitar o profissional para realizar o cultivo de organismos aquáticos em viveiros escavados;  Introduzir conceitos sobre os procedimentos iniciais de processamento e boas práticas durante os procedimentos de abate do pescado;  Fornecer subsídios básicos, conceitos e metodologia para o gerenciamento e administração da atividade;  Despertar o profissional para organizar as

[Trecho 3 | Fonte: RESOLUÇÃO Nº 27-2024-Aprova  a criação do curso de Qualificação Profissional, de Formação Inicial e Continuada (FIC) em Aquicultor, no âmbito do IFPI e Anexo.pdf]
 Tanques de peixe e equipamentos utilizados no curso de aquicultura. 3.10 INSTALAÇÕES Salas de aulas, laboratórios de Informática e de agroindústria, biblioteca, banheiros, sala de professores. 3.11 SALAS DE AULA Quadro branco, mesa para o professor, carteiras, computadores, climatizadores de ambientes, projetor multimídia. 3.12 LABORATÓRIOS Os laboratórios de informática e de agroindústria serão utilizados durante as atividades práticas de acordo com a ementa de cada disciplina e da carga horária do curso. 3.13 CERTIFICADOS É concedido Certificado de Qualificação Profissional - Formação Inicial e Continuada (FIC) em Aquicultor do Eixo Recursos Naturais ao aluno regularmente matriculado que concluir com êxito a carga horária total do curso. MATRIZCURRICULAR DISCIPLINAS CARGA HORÁRIA Módulo Básico Cooperativismo e Administração 30 Módulo Profissional Cultivo em tanque escavado 40 Cultivo em tanque rede 40 Processamento inicial do pescado 20 Espécies exóticas para o cultivo 30 Total 160 3.15. DESCRIÇÃO DAS UNIDADES CURRICULARES PLANO DE DISCIPLINA – CURSO FIC DISCIPLINA: CooperativismoeAdministração CARGA HORÁRIA: 30 horas EMENTA Administraçãoematividades aquícolas;Programaçãodaproduçãoaquícola;Estratégiasde comercialização;Cooperativismo eAssociativismo. CONTEÚDO PROGRAMÁTICO Administração em atividades aquícolas: Aspectos conceituais de administração e economia aquícola; Princípios de economia para atividades aquícolas, Conceito de vendas; Tipos de venda; Locais de venda;

[Trecho 4 | Fonte: RESOLUÇÃO Nº 27-2024-Aprova  a criação do curso de Qualificação Profissional, de Formação Inicial e Continuada (FIC) em Aquicultor, no âmbito do IFPI e Anexo.pdf]
da Pesca e Aquicultura. Boletim Da Aquicultura Em Águas Da União – 2022: Relatório Anual de Produção. 1ª edição, 2023. Resolução CNE/CEB no. 1, de 5 de julho de 2000. Institui as Diretrizes Curriculares Nacionais para a Educação de Jovens e Adultos. Diário Oficial da República Federativa do Brasil. Brasília, DF. CURSO DE QUALIFICAÇÃO PROFISSIONAL - FORMAÇÃO INICIAL E CONTINUADA (FIC) - EM AQUICULTOR CURSO DE QUALIFICAÇÃO PROFISSIONAL - FORMAÇÃO INICIAL E CONTINUADA (FIC) - EM AQUICULTOR Assinado por: Lucidio Braga Tipo do Documento: Projeto Assunto: Situação: Finalizado Nível de Acesso: Público Tipo do Conferência: Documento Original Documento assinado eletronicamente por: Lucidio Braga da Silva, TECNICO EM ASSUNTOS EDUCACIONAIS, em 26/02/2024 15:33:40. Este documento foi armazenado no SUAP em 26/02/2024. Para comprovar sua integridade, faça a leitura do QRCode ao lado ou acesse https://suap.ifpi.edu.br/verificar-documento-externo/ e forneça os dados abaixo: Código Verificador: 466199 Código de Autenticação: 52047cce8d Projeto Aquicultor (FIC) Assunto: Projeto Aquicultor (FIC) Assinado por: Nalva Sousa Tipo do Documento: Projeto Situação: Finalizado Nível de Acesso: Público Tipo do Conferência: Documento Original Documento assinado eletronicamente por: Nalva Maria Rodrigues de Sousa, DIRETOR(A) - CD4 - DIETEC-IFPI, em 10/04/2024 17:23:11. Este documento foi armazenado no SUAP em 10/04/2024. Para comprovar sua integridade, faça a leitura do QRCode ao lado ou acesse","[""RESOLUÇÃO Nº 27-2024-Aprova  a criação do curso de Qualificação Profissional, de Formação Inicial e Continuada (FIC) em Aquicultor, no âmbito do IFPI e Anexo.pdf"", ""RESOLUÇÃO Nº 27-2024-Aprova  a criação do curso de Qualificação Profissional, de Formação Inicial e Continuada (FIC) em Aquicultor, no âmbito do IFPI e Anexo.pdf"", ""RESOLUÇÃO Nº 27-2024-Aprova  a criação do curso de Qualificação Profissional, de Formação Inicial e Continuada (FIC) em Aquicultor, no âmbito do IFPI e Anexo.pdf"", ""RESOLUÇÃO Nº 27-2024-Aprova  a criação do curso de Qualificação Profissional, de Formação Inicial e Continuada (FIC) em Aquicultor, no âmbito do IFPI e Anexo.pdf""]","[""RESOLUÇÃO Nº 27-2024-Aprova  a criação do curso de Qualificação Profissional, de Formação Inicial e Continuada (FIC) em Aquicultor, no âmbito do IFPI e Anexo.pdf"", ""RESOLUÇÃO Nº 27-2024-Aprova  a criação do curso de Qualificação Profissional, de Formação Inicial e Continuada (FIC) em Aquicultor, no âmbito do IFPI e Anexo.pdf"", ""RESOLUÇÃO Nº 27-2024-Aprova  a criação do curso de Qualificação Profissional, de Formação Inicial e Continuada (FIC) em Aquicultor, no âmbito do IFPI e Anexo.pdf"", ""RESOLUÇÃO Nº 27-2024-Aprova  a criação do curso de Qualificação Profissional, de Formação Inicial e Continuada (FIC) em Aquicultor, no âmbito do IFPI e Anexo.pdf"", ""RESOLUÇÃO Nº 27-2024-Aprova  a criação do curso de Qualificação Profissional, de Formação Inicial e Continuada (FIC) em Aquicultor, no âmbito do IFPI e Anexo.pdf"", ""RESOLUÇÃO NORMATIVA Nº 208-2024-Aprova a revisão do Plano de Desenvolvimento Institucional (PDI), 2020-2024, do IFPI e Anexo.pdf""]","[""RESOLUÇÃO Nº 27-2024-Aprova  a criação do curso de Qualificação Profissional, de Formação Inicial e Continuada (FIC) em Aquicultor, no âmbito do IFPI e Anexo.pdf"", ""RESOLUÇÃO Nº 27-2024-Aprova  a criação do curso de Qualificação Profissional, de Formação Inicial e Continuada (FIC) em Aquicultor, no âmbito do IFPI e Anexo.pdf"", ""RESOLUÇÃO Nº 27-2024-Aprova  a criação do curso de Qualificação Profissional, de Formação Inicial e Continuada (FIC) em Aquicultor, no âmbito do IFPI e Anexo.pdf"", ""RESOLUÇÃO Nº 27-2024-Aprova  a criação do curso de Qualificação Profissional, de Formação Inicial e Continuada (FIC) em Aquicultor, no âmbito do IFPI e Anexo.pdf"", ""RESOLUÇÃO Nº 27-2024-Aprova  a criação do curso de Qualificação Profissional, de Formação Inicial e Continuada (FIC) em Aquicultor, no âmbito do IFPI e Anexo.pdf"", ""RESOLUÇÃO NORMATIVA Nº 208-2024-Aprova a revisão do Plano de Desenvolvimento Institucional (PDI), 2020-2024, do IFPI e Anexo.pdf""]",1.0,1.0,1.0,1.0,1.0,1.0,1.0,1.0,1.0,1.0,1.0,1.0,1.0,6,6,4,3.7573
1,43,dense_no_rerank,"RESOLUÇÃO Nº 27-2024-Aprova  a criação do curso de Qualificação Profissional, de Formação Inicial e Continuada (FIC) em Aquicultor, no âmbito do IFPI e Anexo.pdf",Qual é a forma de acesso ao curso FIC em Aquicultor?,A forma de acesso ao curso FIC em Aquicultor é por meio de sorteio.,A forma de acesso ao curso FIC em Aquicultor exige que o candidato possua o Ensino Fundamental I (1º ao 5º ano) incompleto.,"[Trecho 1 | Fonte: RESOLUÇÃO Nº 27-2024-Aprova  a criação do curso de Qualificação Profissional, de Formação Inicial e Continuada (FIC) em Aquicultor, no âmbito do IFPI e Anexo.pdf]
institucional do programa 1. DADOS GERAIS DO CURSO Nome do Curso: Curso de Qualificação Profissional - Formação Inicial e Continuada (FIC) em Aquicultor Eixo Tecnológico: Recursos Naturais Característica do Curso: Formação Inicial e Continuada - FIC Número de vagas: 40 Forma de Oferta: Presencial Tempo de duração do curso: 3 meses Turno de oferta: Tarde Horário de oferta do curso: 14h às 18h Carga horária Total: 160 horas Resolução de convalidação ou de criação: Lei 12.513/2011 Portaria 1.042/2021, manual de Gestão da Bolsa Formação Requisitos de acesso ao Curso: Ensino Fundamental I ( 1° ao 5º ) incompleto. PROJETO PEDAGÓGICO DO CURSO DE QUALIFICAÇÃO PROFISSIONAL - FORMAÇÃO INICIAL E CONTINUADA ( FIC) EM AQUICULTOR CAMPUS AvançadoJosédeFreitas 1.CURSO: AQUICULTOR 2.EIXO: RECURSOS NATURAIS 3.CONTEXTUALIZAÇÃO da localidade onde ocorrerá o curso O município no qual será executado o Curso de Qualificação Profissional - Formação Inicial e Continuada (FIC) em Aquicultor compreende, segundo estimativas do IBGE (2022), uma população de 42.559 habitantes e a densidade demográfica de 27,67 habitantes por quilômetro quadrado, onde quase metade das pessoas residem na zona rural do município. O município possui um PIB per capita de R$ 9.902,38 ocupando apenas a posição 131 dentro do estado do Piauí, onde a agricultura familiar constitui uma das principais fontes de renda da população. A zona de influência deste município inclui diversos outros municípios circunvizinhos como Teresina,

[Trecho 2 | Fonte: RESOLUÇÃO Nº 27-2024-Aprova  a criação do curso de Qualificação Profissional, de Formação Inicial e Continuada (FIC) em Aquicultor, no âmbito do IFPI e Anexo.pdf]
do Curso de Qualificação Profissional - Formação Inicial e Continuada (FIC) em Aquicultor, o qual irá formar profissionais que estão sendo requisitados pelo mercado de trabalho local e regional. O curso visa ainda melhorar as condições de acesso ao mercado de trabalho em rápida transformação, melhorando a qualificaçãodos trabalhadores. 3.2 OBJETIVOS DO CURSO Objetivo Geral O Curso de Qualificação Profissional - Formação Inicial e Continuada (FIC) em Aquicultor tem por objetivo formar profissionais, promovendo a construção de competências que contemplem habilidades, conhecimentos e comportamentos que atendam à demanda de mercado do setor. Princípios básicos como cultivo de peixes em tanques escavados, cultivo de peixes em tanques rede, cooperativismo e administração, noções de processamento de pescado e espécies cultivadas serão abordados durante as aulas, no intuito de promover no aluno a iniciativa para entrar na atividade, bem como, proporcionar nos que já atuam no setor o desenvolvimento de competências que promovam e estimulem o aumento da produção de pescado na região. Objetivos Específicos  Capacitar o profissional para realizar o cultivo de organismos aquáticos em viveiros escavados;  Introduzir conceitos sobre os procedimentos iniciais de processamento e boas práticas durante os procedimentos de abate do pescado;  Fornecer subsídios básicos, conceitos e metodologia para o gerenciamento e administração da atividade;  Despertar o profissional para organizar as

[Trecho 3 | Fonte: RESOLUÇÃO Nº 27-2024-Aprova  a criação do curso de Qualificação Profissional, de Formação Inicial e Continuada (FIC) em Aquicultor, no âmbito do IFPI e Anexo.pdf]
 Tanques de peixe e equipamentos utilizados no curso de aquicultura. 3.10 INSTALAÇÕES Salas de aulas, laboratórios de Informática e de agroindústria, biblioteca, banheiros, sala de professores. 3.11 SALAS DE AULA Quadro branco, mesa para o professor, carteiras, computadores, climatizadores de ambientes, projetor multimídia. 3.12 LABORATÓRIOS Os laboratórios de informática e de agroindústria serão utilizados durante as atividades práticas de acordo com a ementa de cada disciplina e da carga horária do curso. 3.13 CERTIFICADOS É concedido Certificado de Qualificação Profissional - Formação Inicial e Continuada (FIC) em Aquicultor do Eixo Recursos Naturais ao aluno regularmente matriculado que concluir com êxito a carga horária total do curso. MATRIZCURRICULAR DISCIPLINAS CARGA HORÁRIA Módulo Básico Cooperativismo e Administração 30 Módulo Profissional Cultivo em tanque escavado 40 Cultivo em tanque rede 40 Processamento inicial do pescado 20 Espécies exóticas para o cultivo 30 Total 160 3.15. DESCRIÇÃO DAS UNIDADES CURRICULARES PLANO DE DISCIPLINA – CURSO FIC DISCIPLINA: CooperativismoeAdministração CARGA HORÁRIA: 30 horas EMENTA Administraçãoematividades aquícolas;Programaçãodaproduçãoaquícola;Estratégiasde comercialização;Cooperativismo eAssociativismo. CONTEÚDO PROGRAMÁTICO Administração em atividades aquícolas: Aspectos conceituais de administração e economia aquícola; Princípios de economia para atividades aquícolas, Conceito de vendas; Tipos de venda; Locais de venda;

[Trecho 4 | Fonte: RESOLUÇÃO Nº 27-2024-Aprova  a criação do curso de Qualificação Profissional, de Formação Inicial e Continuada (FIC) em Aquicultor, no âmbito do IFPI e Anexo.pdf]
MINISTÉRIO DA EDUCAÇÃO SECRETARIA DE EDUCAÇÃO PROFISSIONAL E TECNOLÓGICA INSTITUTO FEDERAL DE EDUCAÇÃO, CIÊNCIA E TECNOLOGIA DOPIAUÍ PROJETO PEDAGÓGICO DO CURSO DE QUALIFICAÇÃO PROFISSIONAL - FORMAÇÃO INICIAL E CONTINUADA ( FIC ) EM AQUICULTOR Fevereiro 2024 Paulo Borges da Cunha | Reitor Larissa Santiago de Amorim Castro | Pró-Reitora de Administração Divamélia de Oliveira Bezerra | Pró-Reitora de Extensão Odimógenes Soares Lopes | Pró-Reitor de Ensino Nalva Maria Rodrigues de Sousa | Diretora de Ensino Técnico Samara Cristina Silva Pereira | Diretora de Extensão Tecnológica e Comunitária COMISSÃO MULTI-CAMPI DE ELABORAÇÃO DO PPC José Marconi Silva | Campus Teresina Central SandraPorteladoNascimento| CampusTeresinaCentral WanessaCampusMascarenhas| CampusTeresinaCentral FelipeCardosodeBrito| CampusAvançadoJosédeFreitas PROCESSO NÚMERO: 23000.021299/2023-36 COORDENAÇÃO: Coordenador Adjunto: Felipe Cardoso de Brito E-mail: felipe.cardoso@ifpi.edu.br Telefone: (86) 99913 4999 LOCAL DE REALIZAÇÃO/CAMPUS: Instituto Federal de Educação, Ciência e Tecnologia do Piauí - IFPI – CAMPUS AVANÇADO JOSÉ DE FREITAS Rua Herculano da Rocha, s/n, Bairro Bezerro, CEP 64.110-000, José de Freitas/PI, Brasil TEL: (86) 99407 8731 Esfera Administrativa : Federal HOME-PAGE: https://www.ifpi.edu.br/josedefreitasE-mail: institucional do programa 1. DADOS GERAIS DO CURSO Nome do Curso: Curso de Qualificação Profissional - Formação Inicial e Continuada (FIC) em Aquicultor Eixo Tecnológico: Recursos","[""RESOLUÇÃO Nº 27-2024-Aprova  a criação do curso de Qualificação Profissional, de Formação Inicial e Continuada (FIC) em Aquicultor, no âmbito do IFPI e Anexo.pdf"", ""RESOLUÇÃO Nº 27-2024-Aprova  a criação do curso de Qualificação Profissional, de Formação Inicial e Continuada (FIC) em Aquicultor, no âmbito do IFPI e Anexo.pdf"", ""RESOLUÇÃO Nº 27-2024-Aprova  a criação do curso de Qualificação Profissional, de Formação Inicial e Continuada (FIC) em Aquicultor, no âmbito do IFPI e Anexo.pdf"", ""RESOLUÇÃO Nº 27-2024-Aprova  a criação do curso de Qualificação Profissional, de Formação Inicial e Continuada (FIC) em Aquicultor, no âmbito do IFPI e Anexo.pdf""]","[""RESOLUÇÃO Nº 27-2024-Aprova  a criação do curso de Qualificação Profissional, de Formação Inicial e Continuada (FIC) em Aquicultor, no âmbito do IFPI e Anexo.pdf"", ""RESOLUÇÃO Nº 27-2024-Aprova  a criação do curso de Qualificação Profissional, de Formação Inicial e Continuada (FIC) em Aquicultor, no âmbito do IFPI e Anexo.pdf"", ""RESOLUÇÃO Nº 27-2024-Aprova  a criação do curso de Qualificação Profissional, de Formação Inicial e Continuada (FIC) em Aquicultor, no âmbito do IFPI e Anexo.pdf"", ""RESOLUÇÃO Nº 27-2024-Aprova  a criação do curso de Qualificação Profissional, de Formação Inicial e Continuada (FIC) em Aquicultor, no âmbito do IFPI e Anexo.pdf"", ""RESOLUÇÃO Nº 27-2024-Aprova  a criação do curso de Qualificação Profissional, de Formação Inicial e Continuada (FIC) em Aquicultor, no âmbito do IFPI e Anexo.pdf"", ""RESOLUÇÃO Nº 53-2024-Aprova a criação do curso de Qualificação Profissional, FIC, em Auxiliar de Laboratório em Análises Físico-Químicas, no IFPI e Anexo.pdf""]","[""RESOLUÇÃO Nº 27-2024-Aprova  a criação do curso de Qualificação Profissional, de Formação Inicial e Continuada (FIC) em Aquicultor, no âmbito do IFPI e Anexo.pdf"", ""RESOLUÇÃO Nº 27-2024-Aprova  a criação do curso de Qualificação Profissional, de Formação Inicial e Continuada (FIC) em Aquicultor, no âmbito do IFPI e Anexo.pdf"", ""RESOLUÇÃO Nº 27-2024-Aprova  a criação do curso de Qualificação Profissional, de Formação Inicial e Continuada (FIC) em Aquicultor, no âmbito do IFPI e Anexo.pdf"", ""RESOLUÇÃO Nº 27-2024-Aprova  a criação do curso de Qualificação Profissional, de Formação Inicial e Continuada (FIC) em Aquicultor, no âmbito do IFPI e Anexo.pdf"", ""RESOLUÇÃO Nº 27-2024-Aprova  a criação do curso de Qualificação Profissional, de Formação Inicial e Continuada (FIC) em Aquicultor, no âmbito do IFPI e Anexo.pdf"", ""RESOLUÇÃO Nº 53-2024-Aprova a criação do curso de Qualificação Profissional, FIC, em Auxiliar de Laboratório em Análises Físico-Químicas, no IFPI e Anexo.pdf""]",1.0,1.0,1.0,1.0,1.0,1.0,1.0,1.0,1.0,1.0,1.0,1.0,1.0,6,6,4,4.08
1,43,dense_rerank,CURSO_SUPERIOR_DE_TECNOLOGIA_EM_ANÁLISE_E_DESENVOLVIMENTO_DE_SISTEMAS.pdf,Em que ano o Curso Superior de Tecnologia em Análise e Desenvolvimento de Sistemas foi criado no Campus de Picos?,O Curso Superior de Tecnologia em Análise e Desenvolvimento de Sistemas foi criado no Campus de Picos em 2013.,O Curso Superior de Tecnologia em Análise e Desenvolvimento de Sistemas foi criado no Campus de Picos em 2013.,"[Trecho 1 | Fonte: CURSO_SUPERIOR_DE_TECNOLOGIA_EM_ANÁLISE_E_DESENVOLVIMENTO_DE_SISTEMAS.pdf]
do ano referido, com uma oferta de 64 vagas, distribuídas igualmente entres os turnos tarde e noite. Os cursos de Tecnologia da Informação foram aperfeiçoados e receberam outra denominação: Análise e Desenvolvimento de Sistemas. Em 2002 foi autorizado a criação do Curso Superior de Tecnologia em Análise e Desenvolvimento de Sistemas no Campus Teresina Central, em 2006 no Campus de Floriano, em 2013 no Campus de Picos, 2018 no Campus de Corrente, 2020 no Campus de Pedro II e o mais recente em Parnaíba que iniciou em 2022. 1.7 Justificativa de Oferta do Curso e demandas sociais no mundo do trabalho A identificação das necessidades de conhecimento, habilidades e atitudes apresenta-se como uma preocupação permanente das áreas/instituições envolvidas com a oferta de produtos/serviços de sistemas e processos de gestão empresarial. Independente do seu porte, não importando a área de atuação, as empresas necessitam de sistemas de informação para controlar e automatizar o fluxo de informação entre os seus setores internos, prestadores de serviços, fornecedores e apoio à decisão. Nesse sentido, o Curso Superior de Tecnologia em Análise e Desenvolvimento de Sistemas (ADS) contribuirá com essa demanda de profissionais para atuar no projeto e implementação de Sistemas de Informação de acordo com as necessidades institucionais, que coordenam as infraestruturas de tecnologia da informação, elaborando políticas e diretrizes a partir da análise de necessidades e, que, atuem na forma de

[Trecho 2 | Fonte: RESOLUÇÃO Nº 59-2025- Aprova a Criação do Curso de Licenciatura em  Pedagogia,  no âmbito do Instituto Federal de Educação, Ciência e Tecnologia do Piauí (IFPI) e Anexo.pdf]
profissional e tecnológica, na modalidade de educação a distância; e) Reduzir as desigualdades de oferta de ensino profissional en- tre as diferentes regiões do País; f) Fomentar o desenvolvimento institucional para a modalidade de educação a distância, bem como a pesquisa em metodologias inovadoras de ensino básico, apoiadas em tecnologias de informação e comunicação. Outra forma de oferta de cursos a distância, no âmbito do IFPI, refere-se à Universidade Aberta do Brasil (UAB), que foi criada pelo Ministério da Educação (MEC) em 2005 com o intuito de expandir a oferta de cursos superiores em instituições públicas, de graduação ou pós-graduação, principalmente para o interior do Brasil. A UAB também incentiva a criação de centros de formação permanentes por meio de polos de apoio presencial em localidades de fácil acesso aos estudantes. O objetivo é articular ações entre as instituições públicas de ensino superior e os entes estaduais e municipais, num processo de parcerias e pactuações. A Universidade Aberta do Brasil (UAB) é um projeto construído pelo Ministério da Educação em parceria com os Estados, Municípios e Universidades Públicas de Ensino Superior para oferta de cursos de Graduação, Pós- Graduação, Aperfeiçoamento e Extensão Universitária visando ampliar o número de vagas na educação superior, com prioridade para a formação inicial e continuada dos profissionais do magistério. O Sistema iniciou as atividades em 2007 e, em 2018, contava com a participação de 115

[Trecho 3 | Fonte: RESOLUÇÃO Nº 37-2024-Aprova a criação do curso de Especialização em Gestão Escolar, modalidade de Educação a Distância (EaD), no âmbito do IFPI e Anexo.pdf]
a distância, no contexto da Universidade Aberta do Brasil (UAB), que ora apresentamos, integra o Programa Nacional de Formação em Administração Pública (PNAP). O PNAP nasceu em 2006 a partir da experiência piloto do curso de Administração, supervisionado pela Secretaria de Educação a Distância (SEED/MEC) e coordenadores das Instituições Públicas de Ensino Superior (IPES). Além do bacharelado em Administração, o PNAP, atualmente, é composto por quatro especializações na área pública, sendo as três iniciais Gestão Pública, Gestão Pública Municipal e Gestão em Saúde, com o acréscimo em 2020 da especialização em Gestão Escolar. Nesse contexto, em 2009, a UAB, já integrada à estrutura da Capes, lançou um edital (Edital UAB/Capes 01/2009, de 27 de abril de 2009) voltado à adesão de Instituições Públicas de Ensino Superior (IPES) para oferta dos referidos cursos. O programa ofereceu um PPC base que deveria ser analisado e adequado à realidade social de cada IPES. A matriz curricular do curso e os materiais didáticos foram desenvolvidos por uma rede nacional, sendo utilizados em todos os cursos e em todas as IPES aprovadas. O objetivo central do PNAP é formar e qualificar pessoal em nível superior visando o exercício de atividades gerenciais, possibilitando que esses gestores intervenham na realidade social, política e econômica, contribuindo para a melhoria da gestão das atividades desempenhadas pelo Estado brasileiro, no âmbito federal, estadual e municipal. O PNAP, assim como

[Trecho 4 | Fonte: RESOLUÇÃO NORMATIVA Nº 196-2024 - Atualiza a Estrutura Organizacional do Instituto Federal de Educação, Ciência e Tecnologia do Piauí (IFPI) e Anexo -  REVOGADA PELA RESOLUÇÃO NORMATIVA Nº 224_2024 .pdf]
do Curso de Bacharelado em Administração Coordenador 01 FCC 3.6.2.8. Coordenadoria do Curso de Bacharelado em Zootecnia Coordenador 01 FCC 3.6.2.9. Coordenadoria Geral de Apoio ao Ensino Coordenador 01 FG-1 3.6.2.10. Coordenadoria Pedagógica Coordenador 01 FG-2 3.6.2.11. Coordenadoria de Biblioteca Coordenador 01 FG-2 3.6.2.12. Coordenadoria de Controle Acadêmico Coordenador 01 FG-2 3.6.2.13. Coordenadoria do NAPNE Coordenador 01 FG-1 3.6.3. Departamento de Administração e Planejamento Chefe de Departamento 01 CD-4 3.6.3.1. Coordenadoria de Orçamento, Contabilidade e Finanças Coordenador 01 FG-2 3.6.3.2. Coordenadoria de Compras e Licitação Coordenador 01 FG-1 3.6.3.3. Coordenadoria de Patrimônio e Almoxarifado Coordenador 01 FG-2 3.6.4. Coordenadoria de Extensão Coordenador 01 FG-1 3.6.5. Coordenadoria de Pesquisa, Pós-Graduação e Inovação Coordenador 01 FG-2 3.6.6. Coordenadoria de Gestão de Pessoas Coordenador 01 FG-2 3.6.7. Coordenadoria de Tecnologia da Informação Coordenador 01 FG-2 Campus Picos 3.7. Diretoria-Geral do Campus Picos Diretor-Geral 01 CD-2 3.7.1. Gabinete da Diretoria-Geral Chefe de Gabinete 01 FG-2 3.7.2. Diretoria de Ensino Diretor 01 CD-3 3.7.2.1. Coordenadoria do Curso Técnico em Administração Coordenador 01 FCC 3.7.2.2. Coordenadoria do Curso Técnico Desenvolvimento de Sistemas Coordenador 01 FCC 3.7.2.3. Coordenadoria do Curso Técnico em Eletrotécnica Coordenador 01 FCC 3.7.2.4. Coordenadoria do Curso Técnico em Informática em Coordenador 01 FCC","[""CURSO_SUPERIOR_DE_TECNOLOGIA_EM_ANÁLISE_E_DESENVOLVIMENTO_DE_SISTEMAS.pdf"", ""RESOLUÇÃO Nº 59-2025- Aprova a Criação do Curso de Licenciatura em  Pedagogia,  no âmbito do Instituto Federal de Educação, Ciência e Tecnologia do Piauí (IFPI) e Anexo.pdf"", ""RESOLUÇÃO Nº 37-2024-Aprova a criação do curso de Especialização em Gestão Escolar, modalidade de Educação a Distância (EaD), no âmbito do IFPI e Anexo.pdf"", ""RESOLUÇÃO NORMATIVA Nº 196-2024 - Atualiza a Estrutura Organizacional do Instituto Federal de Educação, Ciência e Tecnologia do Piauí (IFPI) e Anexo -  REVOGADA PELA RESOLUÇÃO NORMATIVA Nº 224_2024 .pdf""]","[""CURSO_SUPERIOR_DE_TECNOLOGIA_EM_ANÁLISE_E_DESENVOLVIMENTO_DE_SISTEMAS.pdf"", ""RESOLUÇÃO Nº 123-2025-Autoriza o Funcionamento do Curso Técnico Integrado ao Ensino Médio no Instituto Federal de Educação, Ciência e Tecnologia do Piauí (IFPI), no campus Picos..pdf"", ""RESOLUÇÃO Nº 128-2024-Aprova a Criação do Curso Superior de Tecnologia em Sistemas para Internet, no âmbito do Instituto Federal de Educação, Ciência e Tecnologia do Piauí (IFPI) e Anexo.pdf"", ""RESOLUÇÃO NORMATIVA Nº 196-2024 - Atualiza a Estrutura Organizacional do Instituto Federal de Educação, Ciência e Tecnologia do Piauí (IFPI) e Anexo -  REVOGADA PELA RESOLUÇÃO NORMATIVA Nº 224_2024 .pdf"", ""RESOLUÇÃO Nº 37-2024-Aprova a criação do curso de Especialização em Gestão Escolar, modalidade de Educação a Distância (EaD), no âmbito do IFPI e Anexo.pdf"", ""CURSO_SUPERIOR_DE_TECNOLOGIA_EM_ANÁLISE_E_DESENVOLVIMENTO_DE_SISTEMAS.pdf"", ""RESOLUÇÃO Nº 59-2025- Aprova a Criação do Curso de Licenciatura em  Pedagogia,  no âmbito do Instituto Federal de Educação, Ciência e Tecnologia do Piauí (IFPI) e Anexo.pdf""]","[""CURSO_SUPERIOR_DE_TECNOLOGIA_EM_ANÁLISE_E_DESENVOLVIMENTO_DE_SISTEMAS.pdf"", ""RESOLUÇÃO Nº 59-2025- Aprova a Criação do Curso de Licenciatura em  Pedagogia,  no âmbito do Instituto Federal de Educação, Ciência e Tecnologia do Piauí (IFPI) e Anexo.pdf"", ""RESOLUÇÃO Nº 37-2024-Aprova a criação do curso de Especialização em Gestão Escolar, modalidade de Educação a Distância (EaD), no âmbito do IFPI e Anexo.pdf"", ""RESOLUÇÃO NORMATIVA Nº 196-2024 - Atualiza a Estrutura Organizacional do Instituto Federal de Educação, Ciência e Tecnologia do Piauí (IFPI) e Anexo -  REVOGADA PELA RESOLUÇÃO NORMATIVA Nº 224_2024 .pdf"", ""RESOLUÇÃO Nº 123-2025-Autoriza o Funcionamento do Curso Técnico Integrado ao Ensino Médio no Instituto Federal de Educação, Ciência e Tecnologia do Piauí (IFPI), no campus Picos..pdf"", ""RESOLUÇÃO Nº 128-2024-Aprova a Criação do Curso Superior de Tecnologia em Sistemas para Internet, no âmbito do Instituto Federal de Educação, Ciência e Tecnologia do Piauí (IFPI) e Anexo.pdf"", ""CURSO_SUPERIOR_DE_TECNOLOGIA_EM_ANÁLISE_E_DESENVOLVIMENTO_DE_SISTEMAS.pdf""]",1.0,1.0,1.0,1.0,1.0,1.0,1.0,1.0,1.0,1.0,1.0,1.0,1.0,7,7,4,3.6607
1,43,dense_rerank,CURSO_SUPERIOR_DE_TECNOLOGIA_EM_ANÁLISE_E_DESENVOLVIMENTO_DE_SISTEMAS.pdf,Qual é a unidade de oferta do Curso Superior de Tecnologia em Análise e Desenvolvimento de Sistemas descrita no PPC?,A unidade de oferta do curso é o Campus Teresina Central.,"O Projeto Pedagógico do Curso Superior de Tecnologia em Análise e Desenvolvimento de Sistemas é fruto de um processo de reflexão e discussão coletiva, com a participação dos professores e da comunidade acadêmica.","[Trecho 1 | Fonte: CURSO_SUPERIOR_DE_TECNOLOGIA_EM_ANÁLISE_E_DESENVOLVIMENTO_DE_SISTEMAS.pdf]
do ano referido, com uma oferta de 64 vagas, distribuídas igualmente entres os turnos tarde e noite. Os cursos de Tecnologia da Informação foram aperfeiçoados e receberam outra denominação: Análise e Desenvolvimento de Sistemas. Em 2002 foi autorizado a criação do Curso Superior de Tecnologia em Análise e Desenvolvimento de Sistemas no Campus Teresina Central, em 2006 no Campus de Floriano, em 2013 no Campus de Picos, 2018 no Campus de Corrente, 2020 no Campus de Pedro II e o mais recente em Parnaíba que iniciou em 2022. 1.7 Justificativa de Oferta do Curso e demandas sociais no mundo do trabalho A identificação das necessidades de conhecimento, habilidades e atitudes apresenta-se como uma preocupação permanente das áreas/instituições envolvidas com a oferta de produtos/serviços de sistemas e processos de gestão empresarial. Independente do seu porte, não importando a área de atuação, as empresas necessitam de sistemas de informação para controlar e automatizar o fluxo de informação entre os seus setores internos, prestadores de serviços, fornecedores e apoio à decisão. Nesse sentido, o Curso Superior de Tecnologia em Análise e Desenvolvimento de Sistemas (ADS) contribuirá com essa demanda de profissionais para atuar no projeto e implementação de Sistemas de Informação de acordo com as necessidades institucionais, que coordenam as infraestruturas de tecnologia da informação, elaborando políticas e diretrizes a partir da análise de necessidades e, que, atuem na forma de

[Trecho 2 | Fonte: CURSO_SUPERIOR_DE_TECNOLOGIA_EM_ANÁLISE_E_DESENVOLVIMENTO_DE_SISTEMAS.pdf]
Cursos Superiores de Tecnologia, com vistas a instituir um referencial sobre os referidos cursos capaz de balizar os processos administrativos de regulação e as políticas e procedimentos de avaliação desses cursos) e com a legislação vigente. O projeto pedagógico do curso constitui-se num instrumento de gestão em prol da formação profissional e tecnológica , e como tal encontra-se explicitado em suas dimensões didático-pedagógica e administrativa. A organização curricular fundamenta-se no compromisso ético do IFPI em relação à concretização do perfil do egresso, que é definido pela explicitação dos conhecimentos e saberes que compõem a correspondente formação. Nesse sentido, o presente documento apresenta o Projeto Pedagógico do Curso Superior de Tecnologia em Análise e Desenvolvimento de Sistemas do Instituto Federal do Piauí. O PPC aqui construído é fruto de um processo de reflexão, discussão coletiva, democrática, que contou com a participação dos professores e da comunidade acadêmica, numa afirmação de identidade e legitimidade. A proposta aqui apresentada vem responder às necessidades de formação profissional e tecnológica no eixo de Tecnologia da Informação. Este documento foi construído nos termos das Diretrizes Curriculares Nacionais Gerais para a Educação Profissional e Tecnológica e demais regulamentações definidas pelo Conselho Nacional de Educação, órgão normativo do Ministério da Educação. O presente Projeto Pedagógico de Curso apresenta, portanto, a organização

[Trecho 3 | Fonte: RESOLUÇÃO Nº 128-2024-Aprova a Criação do Curso Superior de Tecnologia em Sistemas para Internet, no âmbito do Instituto Federal de Educação, Ciência e Tecnologia do Piauí (IFPI) e Anexo.pdf]
organização curricular fundamenta-se no compromisso ético do IFPI em relação à concretização do perfil do egresso, que é definido pela explicitação dos conhecimentos e saberes que compõem a formação correspondente. Nesse sentido, o presente documento apresenta o Projeto Pedagógico do Curso Superior de Tecnologia em Sistemas para Internet do Instituto Federal do Piauí. O PPC aqui elaborado é resultado de um processo de reflexão e discussão coletiva, de natureza democrática, envolvendo os professores e a comunidade acadêmica, como uma afirmação de identidade e legitimidade. A proposta aqui apresentada vem responder às necessidades de formação profissional e tecnológica no Eixo de Informação e Comunicação, para atender às exigências requeridas pela natureza do trabalho, do desenvolvimento tecnológico e das demandas sociais, econômicas e ambientais. Este documento foi elaborado de acordo com as Diretrizes Curriculares Nacionais Gerais para a Educação Profissional e Tecnológica, bem como outras regulamentações definidas pelo Conselho Nacional de Educação, órgão normativo do Ministério da Educação. O presente Projeto Pedagógico de Curso apresenta a organização das práticas pedagógicas e constitui-se como um instrumento de ação acadêmica que permitirá a uniformidade das ações acadêmicas do Curso Superior de Tecnologia em Sistemas para IFPI, contemplando os processos de ensino, pesquisa e extensão. Este Projeto Pedagógico de Curso é revisado pelo menos uma vez a cada semestre pelo

[Trecho 4 | Fonte: RESOLUÇÃO Nº 1-2024 - Aprova a Criação do  Curso Técnico em Analises Clinicas - Integrado ao Médio, no IFPI.pdf]
e conhecida. É a forma pela qual se realiza a estruturação curricular agrupando-se aquelas disciplinas que apresentam semelhanças importantes no que se refere a conteúdos, estruturas conceituais, procedimentos e ou metodologias de pesquisa. Das unidades curriculares eletivas complementares Segundo a LDB 9.394/1996, Art. 26, os currículos do ensino fundamental e médio devem ter uma base nacional comum, a ser complementada, em cada sistema de ensino e estabelecimento escolar, por uma parte diversificada, exigida pelas características regionais e locais da sociedade, da cultura, da economia e dos educandos. Conforme a LDB 9.394/1996, Art. 23; III, poderão organizar-se classes, ou turmas, com alunos de séries distintas, com níveis equivalentes de adiantamento na matéria, para o ensino de línguas estrangeiras, artes, ou outros componentes curriculares. Nos termos da Resolução CNE/CEB nº 3/ 2018, Art. 12; § 7º, “a critério dos sistemas de ensino, os currículos do ensino médio podem considerar competências eletivas complementares do estudante como forma de ampliação da carga horária do itinerário formativo escolhido, atendendo ao projeto de vida do estudante. O PPC deverá prever a oferta de unidades curriculares eletivas que firmem discussões e reflexões frente a realidade regional na qual os cursos estão inseridos, oportunizando espaços de diálogo, construção do conhecimento e de tecnologias para o desenvolvimento social. As unidades curriculares eletivas compõem a parte","[""CURSO_SUPERIOR_DE_TECNOLOGIA_EM_ANÁLISE_E_DESENVOLVIMENTO_DE_SISTEMAS.pdf"", ""CURSO_SUPERIOR_DE_TECNOLOGIA_EM_ANÁLISE_E_DESENVOLVIMENTO_DE_SISTEMAS.pdf"", ""RESOLUÇÃO Nº 128-2024-Aprova a Criação do Curso Superior de Tecnologia em Sistemas para Internet, no âmbito do Instituto Federal de Educação, Ciência e Tecnologia do Piauí (IFPI) e Anexo.pdf"", ""RESOLUÇÃO Nº 1-2024 - Aprova a Criação do  Curso Técnico em Analises Clinicas - Integrado ao Médio, no IFPI.pdf""]","[""CURSO_SUPERIOR_DE_TECNOLOGIA_EM_ANÁLISE_E_DESENVOLVIMENTO_DE_SISTEMAS.pdf"", ""CURSO_SUPERIOR_DE_TECNOLOGIA_EM_ANÁLISE_E_DESENVOLVIMENTO_DE_SISTEMAS.pdf"", ""RESOLUÇÃO Nº 86-2024-Aprova a Criação do Curso Técnico em Administração EaD, concomitante-subsequente, no âmbito do IFPI e Anexo.pdf"", ""RESOLUÇÃO Nº 1-2024 - Aprova a Criação do  Curso Técnico em Analises Clinicas - Integrado ao Médio, no IFPI.pdf"", ""CURSO_SUPERIOR_DE_TECNOLOGIA_EM_ANÁLISE_E_DESENVOLVIMENTO_DE_SISTEMAS.pdf"", ""RESOLUÇÃO Nº 128-2024-Aprova a Criação do Curso Superior de Tecnologia em Sistemas para Internet, no âmbito do Instituto Federal de Educação, Ciência e Tecnologia do Piauí (IFPI) e Anexo.pdf"", ""CURSO_SUPERIOR_DE_TECNOLOGIA_EM_ANÁLISE_E_DESENVOLVIMENTO_DE_SISTEMAS.pdf"", ""RESOLUÇÃO Nº 16-2025-Atualiza  a Reformulação do Curso Técnico de Nível Médio em Cuidados de Idosos, no âmbito do Instituto Federal de Educação, Ciência e Tecnologia do Piauí (IFPI) e Anexo..pdf"", ""RESOLUÇÃO Nº 1-2024 - Aprova a Criação do  Curso Técnico em Analises Clinicas - Integrado ao Médio, no IFPI.pdf"", ""RESOLUÇÃO Nº 43-2025-Aprova a Criação do Curso de Especialização em Educação a Distância, na Educação Profissional e Tecnológica, no IFPI e Anexo.pdf""]","[""CURSO_SUPERIOR_DE_TECNOLOGIA_EM_ANÁLISE_E_DESENVOLVIMENTO_DE_SISTEMAS.pdf"", ""CURSO_SUPERIOR_DE_TECNOLOGIA_EM_ANÁLISE_E_DESENVOLVIMENTO_DE_SISTEMAS.pdf"", ""RESOLUÇÃO Nº 128-2024-Aprova a Criação do Curso Superior de Tecnologia em Sistemas para Internet, no âmbito do Instituto Federal de Educação, Ciência e Tecnologia do Piauí (IFPI) e Anexo.pdf"", ""RESOLUÇÃO Nº 1-2024 - Aprova a Criação do  Curso Técnico em Analises Clinicas - Integrado ao Médio, no IFPI.pdf"", ""RESOLUÇÃO Nº 86-2024-Aprova a Criação do Curso Técnico em Administração EaD, concomitante-subsequente, no âmbito do IFPI e Anexo.pdf"", ""RESOLUÇÃO Nº 16-2025-Atualiza  a Reformulação do Curso Técnico de Nível Médio em Cuidados de Idosos, no âmbito do Instituto Federal de Educação, Ciência e Tecnologia do Piauí (IFPI) e Anexo..pdf"", ""RESOLUÇÃO Nº 43-2025-Aprova a Criação do Curso de Especialização em Educação a Distância, na Educação Profissional e Tecnológica, no IFPI e Anexo.pdf"", ""CURSO_SUPERIOR_DE_TECNOLOGIA_EM_ANÁLISE_E_DESENVOLVIMENTO_DE_SISTEMAS.pdf"", ""CURSO_SUPERIOR_DE_TECNOLOGIA_EM_ANÁLISE_E_DESENVOLVIMENTO_DE_SISTEMAS.pdf"", ""RESOLUÇÃO Nº 1-2024 - Aprova a Criação do  Curso Técnico em Analises Clinicas - Integrado ao Médio, no IFPI.pdf""]",1.0,1.0,1.0,1.0,1.0,1.0,1.0,1.0,1.0,1.0,1.0,1.0,1.0,10,10,4,4.206
1,43,dense_rerank,CURSO_SUPERIOR_DE_TECNOLOGIA_EM_ANÁLISE_E_DESENVOLVIMENTO_DE_SISTEMAS.pdf,Qual é a carga horária total do Curso Superior de Tecnologia em Análise e Desenvolvimento de Sistemas?,A carga horária total do curso é de 2100 horas.,"A carga horária total do Curso Superior de Tecnologia em Análise e Desenvolvimento de Sistemas é de 400 horas, distribuídas em 20 semanas.","[Trecho 1 | Fonte: CURSO_SUPERIOR_DE_TECNOLOGIA_EM_ANÁLISE_E_DESENVOLVIMENTO_DE_SISTEMAS.pdf]
parte do estudante, de ter cumprido a carga horária total e as atividades propostas com assiduidade e aproveitamento. Caso o estudante seja reprovado em um componente curricular optativo, este não constará no histórico escolar do aluno. Os acadêmicos do Curso de Superior de Tecnologia em Análise e Desenvolvimento de Sistemas deverão cursar 40 horas de disciplinas optativas dentro das opções abaixo: - Ética e Responsabilidade Sócio Ambiental, 02 horas semanais, modalidade presencial, curso de ADS; - Língua Brasileira de Sinais - LIBRAS, 02 horas semanais, modalidade presencial, curso de Licenciatura. 2.8.Estrutura Curricular CH - Carga Horária Estrutura Curricular 20 semanas 20 semanas Pré-requisito Módulo Código. Disciplina CH CH Semanal 01. Algoritmo e Programação (AlgProg) 100 5 - 02. Inglês Técnico (InglêsTec) 40 2 - 03. Introdução a Computação (IC) 60 3 - 04. Atividades Linguísticas (AtivLing) 40 2 - 1 05. Matemática Computacional (MC) 40 2 - 06. Metodologia da Pesquisa Científica 40 2 - 07. Estatística 40 2 - 08. Introdução a Administração 40 2 - Carga Horária Total: (Módulo/Semana) 400 20 09. Banco de Dados I 60 3 - 10. Sistemas Operacionais (SO) 40 2 03 11. Programação Orientada a Objetos 60 3 01 12. Arquitetura de Computadores (ArqComp) 40 2 - 2 13. Engenharia de Software I 40 2 - 14. Estrutura de Dados I 60 3 01 e 03 15. Análise e Projeto de Sistemas 60 3 - 16. Fundamentos e Metodologia de Componente Curricular Extensão no Ensino Superior 40 2 - Carga Horária Total:

[Trecho 2 | Fonte: RESOLUÇÃO Nº 103-2025-Aprova a reformulação do Curso Técnico em Eletrônica Integrado ao Ensino Médio, no âmbito do IFPI e Anexo.pdf]
vagas por turma ingressante Turno de funcionamento: Diurno Carga horária total do curso: 3492 horas. Estágio profissional supervisionado:Não obrigatório. Tempo mínimo de Integralização: 3 anos (correspondente a 3 séries anuais) Tempo máximo de Integralização: 6 anos Título conferido masculino: Técnico em Eletrônica Título conferido feminino: Técnica em Eletrônica Periodicidade de atualização e revisão do Projeto Pedagógico: A cada 3 anos. 2 APRESENTAÇÃO O Instituto Federal de Educação, Ciência e Tecnologia do Piauí (IFPI) é uma instituição de educação superior, básica e profissional, pluricurricular, multicampi e descentralizada, especializada na oferta de educação profissional e tecnológica nas diferentes modalidades de ensino, com base na conjugação de conhecimentos técnicos e tecnológicos com sua prática pedagógica. Criada nos termos da Lei nº 11.892, de 29 de dezembro de 2008, a instituição é vinculada ao Ministério da Educação, possui natureza jurídica de autarquia, sendo detentora de autonomia administrativa, patrimonial, financeira, didático-pedagógica e disciplinar. Em relação à proposta pedagógica, o IFPI constrói o desenho curricular de seus cursos considerando as exigências da sociedade, numa sintonia com as demandas sociais, econômicas e culturais, permeando-se das questões de diversidade cultural, desenvolvimento tecnológico e preservação ambiental, o que traduz um compromisso pautado na ética da responsabilidade e do cuidado, numa concepção de educação

[Trecho 3 | Fonte: RESOLUÇÃO Nº 128-2024-Aprova a Criação do Curso Superior de Tecnologia em Sistemas para Internet, no âmbito do Instituto Federal de Educação, Ciência e Tecnologia do Piauí (IFPI) e Anexo.pdf]
diversos, nas diferentes tecnologias, no espaço da produção, no campo cientiﬁco e no campo da vivência social. Tais atividades devem considerar sua diversidade, formas de aproveitamento alinhadas ao perﬁl do egresso e competências cientiﬁca, projetos de extensão, módulos temáticos, seminários, simpósios, congressos, conferências e até disciplinas oferecidas por outras instituições de ensino. No Curso Superior de Tecnologia em Sistemas para Internet IFPI, a carga horária destinada às Atividades Complementares será de 100 (cem) horas e deverá ser cumprida pelos estudantes ao longo do percurso formativo, de acordo com a Resolução CONSUP/IFPI de no 11/2021 e Nota técnica 07/2022 , a carga horária das ACs no âmbito dos cursos de graduação do IFPI será de, no mínimo, 5% (cinco por cento) e no máximo 10% (dez por cento) da carga horária máximo do curso. A validação, computação e registro das horas serão efetuados mediante comprovação por parte do aluno com base em certiﬁcados ou declarações, em conformidade com normativas especíﬁcas da instituição para esta ﬁnalidade. A documentação comprobatória será analisada pelo Colegiado do Curso. As atividades complementares do curso Superior de Tecnologia em Sistemas para Internet deverão ter o total de no mínimo cem horas (100h), correspondente a 5% (cinco por cento) da carga horária total do curso. As atividades complementares, em áreas especíﬁcas de interesse do estudante, terão como base a distribuição de ações estabelecidas a seguir: I

[Trecho 4 | Fonte: RESOLUÇÃO Nº 128-2024-Aprova a Criação do Curso Superior de Tecnologia em Sistemas para Internet, no âmbito do Instituto Federal de Educação, Ciência e Tecnologia do Piauí (IFPI) e Anexo.pdf]
criativas. 2.4 ORGANIZAÇÃO E CONSTRUÇÃO DAS DISCIPLINAS A organização curricular do curso de Tecnologia em Sistemas para Internet observa as determinações legais, do Catálogo Nacional de Cursos Superiores de Tecnologia – 4ª edição (4ª edição 06/06/2024); bem como as diretrizes definidas no Projeto Pedagógico Institucional do IFPI. Os componentes curriculares estão organizados de forma a atender os requisitos legais e o perﬁl do egresso, e serão desenvolvidos através de aulas teóricas e/ou práticas, Atividades Complementares, Atividades de Extensão (Curricularização da Extensão) e Trabalho de Conclusão de Curso (TCC). Distribuem-se em 05 (cinco) módulos semestrais, perfazendo, no total, uma carga horária de 2.100 (duas mil e cem) horas, que se apresenta distribuída da seguinte forma: a) Disciplinas obrigatórias de caráter teórico e/ou prático (2.000 horas): apresentadas numa sequência recomendada, considerando os pré-requisitos de conhecimento. Foram construídas a partir dos referenciais curriculares de formação geral e específica para a Área Tecnológica de Desenvolvimento de Sistemas (Sistemas para a Internet), do perfil profissional pretendido para o egresso do curso e nas descrições constantes do eixo tecnológico de “Informação e Comunicação”, do Catálogo Nacional de Cursos Superiores de Tecnologia. b) Disciplinas da Curricularização da Extensão (200 horas): É entendido como fundamental na formação do aluno e viabiliza a permanente ligação do curso com o meio produtivo e","[""CURSO_SUPERIOR_DE_TECNOLOGIA_EM_ANÁLISE_E_DESENVOLVIMENTO_DE_SISTEMAS.pdf"", ""RESOLUÇÃO Nº 103-2025-Aprova a reformulação do Curso Técnico em Eletrônica Integrado ao Ensino Médio, no âmbito do IFPI e Anexo.pdf"", ""RESOLUÇÃO Nº 128-2024-Aprova a Criação do Curso Superior de Tecnologia em Sistemas para Internet, no âmbito do Instituto Federal de Educação, Ciência e Tecnologia do Piauí (IFPI) e Anexo.pdf"", ""RESOLUÇÃO Nº 128-2024-Aprova a Criação do Curso Superior de Tecnologia em Sistemas para Internet, no âmbito do Instituto Federal de Educação, Ciência e Tecnologia do Piauí (IFPI) e Anexo.pdf""]","[""RESOLUÇÃO Nº 9-2024-Aprova a Reformulação do  Curso Técnico de Nível Médio em Informática, Concomitante-Subsequente, do IFPI e Anexo.pdf"", ""RESOLUÇÃO Nº 128-2024-Aprova a Criação do Curso Superior de Tecnologia em Sistemas para Internet, no âmbito do Instituto Federal de Educação, Ciência e Tecnologia do Piauí (IFPI) e Anexo.pdf"", ""RESOLUÇÃO Nº 15-2025-Aprova  a Reformulação do Curso Técnico de Nível Médio em Informática para Internet, no âmbito do Instituto Federal de Educação, Ciência e Tecnologia do Piauí (IFPI) e Anexo..pdf"", ""RESOLUÇÃO Nº 107-2025-Aprova a reformulação do Curso Técnico em Análises Clínicas Integrado ao Ensino Médio, no âmbito do IFPI e Anexo-.pdf"", ""RESOLUÇÃO Nº 112-2025- Aprova a reformulação do Curso Técnico em Administração Integrado ao Ensino Médio, no âmbiro do IFPI e Anexo-.pdf"", ""RESOLUÇÃO Nº 128-2024-Aprova a Criação do Curso Superior de Tecnologia em Sistemas para Internet, no âmbito do Instituto Federal de Educação, Ciência e Tecnologia do Piauí (IFPI) e Anexo.pdf"", ""RESOLUÇÃO Nº 103-2025-Aprova a reformulação do Curso Técnico em Eletrônica Integrado ao Ensino Médio, no âmbito do IFPI e Anexo.pdf"", ""RESOLUÇÃO Nº 112-2025- Aprova a reformulação do Curso Técnico em Administração Integrado ao Ensino Médio, no âmbiro do IFPI e Anexo-.pdf"", ""CURSO_SUPERIOR_DE_TECNOLOGIA_EM_ANÁLISE_E_DESENVOLVIMENTO_DE_SISTEMAS.pdf""]","[""CURSO_SUPERIOR_DE_TECNOLOGIA_EM_ANÁLISE_E_DESENVOLVIMENTO_DE_SISTEMAS.pdf"", ""RESOLUÇÃO Nº 103-2025-Aprova a reformulação do Curso Técnico em Eletrônica Integrado ao Ensino Médio, no âmbito do IFPI e Anexo.pdf"", ""RESOLUÇÃO Nº 128-2024-Aprova a Criação do Curso Superior de Tecnologia em Sistemas para Internet, no âmbito do Instituto Federal de Educação, Ciência e Tecnologia do Piauí (IFPI) e Anexo.pdf"", ""RESOLUÇÃO Nº 128-2024-Aprova a Criação do Curso Superior de Tecnologia em Sistemas para Internet, no âmbito do Instituto Federal de Educação, Ciência e Tecnologia do Piauí (IFPI) e Anexo.pdf"", ""RESOLUÇÃO Nº 112-2025- Aprova a reformulação do Curso Técnico em Administração Integrado ao Ensino Médio, no âmbiro do IFPI e Anexo-.pdf"", ""RESOLUÇÃO Nº 107-2025-Aprova a reformulação do Curso Técnico em Análises Clínicas Integrado ao Ensino Médio, no âmbito do IFPI e Anexo-.pdf"", ""RESOLUÇÃO Nº 15-2025-Aprova  a Reformulação do Curso Técnico de Nível Médio em Informática para Internet, no âmbito do Instituto Federal de Educação, Ciência e Tecnologia do Piauí (IFPI) e Anexo..pdf"", ""RESOLUÇÃO Nº 112-2025- Aprova a reformulação do Curso Técnico em Administração Integrado ao Ensino Médio, no âmbiro do IFPI e Anexo-.pdf"", ""RESOLUÇÃO Nº 9-2024-Aprova a Reformulação do  Curso Técnico de Nível Médio em Informática, Concomitante-Subsequente, do IFPI e Anexo.pdf""]",9.0,1.0,0.1111111111111111,1.0,1.0,1.0,1.0,1.0,1.0,1.0,1.0,1.0,1.0,9,9,4,3.9987
1,43,dense_rerank,CURSO_SUPERIOR_DE_TECNOLOGIA_EM_ANÁLISE_E_DESENVOLVIMENTO_DE_SISTEMAS.pdf,Quantas vagas por ano são ofertadas no Curso Superior de Tecnologia em Análise e Desenvolvimento de Sistemas?,O curso oferta 40 vagas por ano.,O Curso Superior de Tecnologia em Análise e Desenvolvimento de Sistemas oferece 40 vagas no turno da noite para o primeiro semestre de 2025.,"[Trecho 1 | Fonte: CURSO_SUPERIOR_DE_TECNOLOGIA_EM_ANÁLISE_E_DESENVOLVIMENTO_DE_SISTEMAS.pdf]
do ano referido, com uma oferta de 64 vagas, distribuídas igualmente entres os turnos tarde e noite. Os cursos de Tecnologia da Informação foram aperfeiçoados e receberam outra denominação: Análise e Desenvolvimento de Sistemas. Em 2002 foi autorizado a criação do Curso Superior de Tecnologia em Análise e Desenvolvimento de Sistemas no Campus Teresina Central, em 2006 no Campus de Floriano, em 2013 no Campus de Picos, 2018 no Campus de Corrente, 2020 no Campus de Pedro II e o mais recente em Parnaíba que iniciou em 2022. 1.7 Justificativa de Oferta do Curso e demandas sociais no mundo do trabalho A identificação das necessidades de conhecimento, habilidades e atitudes apresenta-se como uma preocupação permanente das áreas/instituições envolvidas com a oferta de produtos/serviços de sistemas e processos de gestão empresarial. Independente do seu porte, não importando a área de atuação, as empresas necessitam de sistemas de informação para controlar e automatizar o fluxo de informação entre os seus setores internos, prestadores de serviços, fornecedores e apoio à decisão. Nesse sentido, o Curso Superior de Tecnologia em Análise e Desenvolvimento de Sistemas (ADS) contribuirá com essa demanda de profissionais para atuar no projeto e implementação de Sistemas de Informação de acordo com as necessidades institucionais, que coordenam as infraestruturas de tecnologia da informação, elaborando políticas e diretrizes a partir da análise de necessidades e, que, atuem na forma de

[Trecho 2 | Fonte: RESOLUÇÃO Nº 98-2025-Aprova a reformulação do Curso Técnico em Informática para Internet Integrado ao Ensino Médio, no âmbito do IFPI e Anexo.pdf]
oferta: anual Número de vagas:40 vagas por turma ingressante Turno de funcionamento: Diurno Carga horária total do curso: 3384 horas. Estágio profissional supervisionado:Não obrigatório. Tempo mínimo de Integralização: 3 anos (correspondente a 3 séries anuais) Tempo máximo de Integralização: 6 anos Título conferido masculino: Técnico em Informática para Internet Título conferido feminino: Técnica em Informática para Internet Periodicidade de atualização e revisão do Projeto Pedagógico: A cada 3 anos. 2 APRESENTAÇÃO O Instituto Federal de Educação, Ciência e Tecnologia do Piauí (IFPI) é uma instituição de educação superior, básica e profissional, pluricurricular, multicampi e descentralizada, especializada na oferta de educação profissional e tecnológica nas diferentes modalidades de ensino, com base na conjugação de conhecimentos técnicos e tecnológicos com sua prática pedagógica. Criada nos termos da Lei nº 11.892, de 29 de dezembro de 2008, a instituição é vinculada ao Ministério da Educação, possui natureza jurídica de autarquia, sendo detentora de autonomia administrativa, patrimonial, financeira, didático-pedagógica e disciplinar. Em relação à proposta pedagógica, o IFPI constrói o desenho curricular de seus cursos considerando as exigências da sociedade, numa sintonia com as demandas sociais, econômicas e culturais, permeando-se das questões de diversidade cultural, desenvolvimento tecnológico e preservação ambiental, o que traduz um compromisso pautado na ética da

[Trecho 3 | Fonte: RESOLUÇÃO Nº 83-2024-Aprova a oferta de vagas dos cursos técnicos e dos cursos superiores, para o primeiro semestre de 2025, no âmbito do Instituto Federal de Educação, Ciência e Tecnologia do  Piauí (IFPI) e Anexo.pdf]
Tecnologia em Análise e Desenvolvimento de Sistemas Tecnologia Noite 40 TOTAL 150 2025.1 Eixo Curso Nível/Modalidade Turno Vagas Gestão e Negócios Bacharelado em Administração Bacharelado Noite 40 Informação e Comunicação Tecnologia em Análise e Desenvolvimento de Sistemas Tecnologia Noite 40 Pedro II Formação de professores Licenciatura em Ciências Biológicas Licenciatura Tarde 40 TOTAL 120 2025.1 TOTAL 200 TOTAL 200 TOTAL Formação de professores Licenciatura em Química Licenciatura Noite 40 Picos Formação de professores Licenciatura em Física Licenciatura Noite 40 Informação e Comunicação Tecnologia em Análise e Desenvolvimento de Sistemas Tecnologia Tarde 40 TOTAL 120 2025.1 Eixo Curso Nível/Modalidade Turno Vagas Produção Cultural e Design Tecnologia em Design de Moda Tecnologia Noite 30 Gestão e Negócios Bacharelado em Administração Bacharelado Noite 40 Formação de professores Licenciatura em Matemática Licenciatura Noite 40 Piripiri Informação e Comunicação Tecnologia em Análise e Desenvolvimento de Sistemas Tecnologia Tarde 40 TOTAL 150 Eixo Curso Nível/Modalidade Turno Vagas Formação de professores Licenciatura em Ciências Biológicas Licenciatura Noite 40 São João do Piauí Gestão e Negócios Bacharelado em Administração Bacharelado Noite 40 Recursos Naturais Bacharelado em Engenharia Agronômica Bacharelado Tarde 40 TOTAL 120 2025.1 Eixo Curso Nível/Modalidade Turno Vagas Formação de professores Licenciatura em Matemática Licenciatura Noite 40 Formação de professores

[Trecho 4 | Fonte: RESOLUÇÃO Nº 107-2025-Aprova a reformulação do Curso Técnico em Análises Clínicas Integrado ao Ensino Médio, no âmbito do IFPI e Anexo-.pdf]
anual Número de vagas:40 vagas por turma ingressante Turno de funcionamento: Diurno Carga horária total do curso: 3492 horas. Estágio profissional supervisionado:Não obrigatório. Tempo mínimo de Integralização: 3 anos (correspondente a 3 séries anuais) Tempo máximo de Integralização: 6 anos Título conferido masculino: Técnico em Análises Clínicas Título conferido feminino: Técnica em Análises Clínicas Periodicidade de atualização e revisão do Projeto Pedagógico: A cada 3 anos. 2 APRESENTAÇÃO O Instituto Federal de Educação, Ciência e Tecnologia do Piauí (IFPI) é uma instituição de educação superior, básica e profissional, pluricurricular, multicampi e descentralizada, especializada na oferta de educação profissional e tecnológica nas diferentes modalidades de ensino, com base na conjugação de conhecimentos técnicos e tecnológicos com sua prática pedagógica. Criada nos termos da Lei nº 11.892, de 29 de dezembro de 2008, a instituição é vinculada ao Ministério da Educação, possui natureza jurídica de autarquia, sendo detentora de autonomia administrativa, patrimonial, financeira, didático-pedagógica e disciplinar. Em relação à proposta pedagógica, o IFPI constrói o desenho curricular de seus cursos considerando as exigências da sociedade, numa sintonia com as demandas sociais, econômicas e culturais, permeando-se das questões de diversidade cultural, desenvolvimento tecnológico e preservação ambiental, o que traduz um compromisso pautado na ética da responsabilidade e do","[""CURSO_SUPERIOR_DE_TECNOLOGIA_EM_ANÁLISE_E_DESENVOLVIMENTO_DE_SISTEMAS.pdf"", ""RESOLUÇÃO Nº 98-2025-Aprova a reformulação do Curso Técnico em Informática para Internet Integrado ao Ensino Médio, no âmbito do IFPI e Anexo.pdf"", ""RESOLUÇÃO Nº 83-2024-Aprova a oferta de vagas dos cursos técnicos e dos cursos superiores, para o primeiro semestre de 2025, no âmbito do Instituto Federal de Educação, Ciência e Tecnologia do  Piauí (IFPI) e Anexo.pdf"", ""RESOLUÇÃO Nº 107-2025-Aprova a reformulação do Curso Técnico em Análises Clínicas Integrado ao Ensino Médio, no âmbito do IFPI e Anexo-.pdf""]","[""CURSO_SUPERIOR_DE_TECNOLOGIA_EM_ANÁLISE_E_DESENVOLVIMENTO_DE_SISTEMAS.pdf"", ""RESOLUÇÃO Nº 83-2024-Aprova a oferta de vagas dos cursos técnicos e dos cursos superiores, para o primeiro semestre de 2025, no âmbito do Instituto Federal de Educação, Ciência e Tecnologia do  Piauí (IFPI) e Anexo.pdf"", ""CURSO_SUPERIOR_DE_TECNOLOGIA_EM_ANÁLISE_E_DESENVOLVIMENTO_DE_SISTEMAS.pdf"", ""RESOLUÇÃO Nº 17-2025-Aprova  a Criação do Curso Técnico em Serviços Jurídicos, integrado ao Ensino Médio,  no âmbito do Instituto Federal de Educação, Ciência e Tecnologia do Piauí (IFPI) e Anexo.pdf"", ""RESOLUÇÃO NORMATIVA Nº 203-2024 -Aprova a Prestação de Contas Ordinária Anual -IFPI - Relatóio de Gestão -2023 e Anexo.pdf"", ""RESOLUÇÃO Nº 107-2025-Aprova a reformulação do Curso Técnico em Análises Clínicas Integrado ao Ensino Médio, no âmbito do IFPI e Anexo-.pdf"", ""RESOLUÇÃO Nº 102-2025-Aprova a reformulação do Curso Técnico em Eletrotécnica Integrado ao Ensino Médio, no âmbito do IFPI e Anexo-.pdf"", ""RESOLUÇÃO Nº 98-2025-Aprova a reformulação do Curso Técnico em Informática para Internet Integrado ao Ensino Médio, no âmbito do IFPI e Anexo.pdf"", ""RESOLUÇÃO Nº 112-2025- Aprova a reformulação do Curso Técnico em Administração Integrado ao Ensino Médio, no âmbiro do IFPI e Anexo-.pdf""]","[""CURSO_SUPERIOR_DE_TECNOLOGIA_EM_ANÁLISE_E_DESENVOLVIMENTO_DE_SISTEMAS.pdf"", ""RESOLUÇÃO Nº 98-2025-Aprova a reformulação do Curso Técnico em Informática para Internet Integrado ao Ensino Médio, no âmbito do IFPI e Anexo.pdf"", ""RESOLUÇÃO Nº 83-2024-Aprova a oferta de vagas dos cursos técnicos e dos cursos superiores, para o primeiro semestre de 2025, no âmbito do Instituto Federal de Educação, Ciência e Tecnologia do  Piauí (IFPI) e Anexo.pdf"", ""RESOLUÇÃO Nº 107-2025-Aprova a reformulação do Curso Técnico em Análises Clínicas Integrado ao Ensino Médio, no âmbito do IFPI e Anexo-.pdf"", ""RESOLUÇÃO Nº 17-2025-Aprova  a Criação do Curso Técnico em Serviços Jurídicos, integrado ao Ensino Médio,  no âmbito do Instituto Federal de Educação, Ciência e Tecnologia do Piauí (IFPI) e Anexo.pdf"", ""CURSO_SUPERIOR_DE_TECNOLOGIA_EM_ANÁLISE_E_DESENVOLVIMENTO_DE_SISTEMAS.pdf"", ""RESOLUÇÃO Nº 102-2025-Aprova a reformulação do Curso Técnico em Eletrotécnica Integrado ao Ensino Médio, no âmbito do IFPI e Anexo-.pdf"", ""RESOLUÇÃO Nº 112-2025- Aprova a reformulação do Curso Técnico em Administração Integrado ao Ensino Médio, no âmbiro do IFPI e Anexo-.pdf"", ""RESOLUÇÃO NORMATIVA Nº 203-2024 -Aprova a Prestação de Contas Ordinária Anual -IFPI - Relatóio de Gestão -2023 e Anexo.pdf""]",1.0,1.0,1.0,1.0,1.0,1.0,1.0,1.0,1.0,1.0,1.0,1.0,1.0,9,9,4,3.8198
1,43,dense_rerank,"RESOLUÇÃO Nº 14-2025-Aprova a Criação do Curso de Aperfeiçoamento Escola da Terra, no âmbito do Instituto Federal de Educação, Ciência e Tecnologia do Piauí (IFPI) e Anexo..pdf",Qual é a carga horária total do curso Escola da Terra?,A carga horária total do curso Escola da Terra é de 180 horas.,"A carga horária total do curso Escola da Terra é de 180 horas/aula presenciais, divididas em cinco módulos.","[Trecho 1 | Fonte: RESOLUÇÃO Nº 14-2025-Aprova a Criação do Curso de Aperfeiçoamento Escola da Terra, no âmbito do Instituto Federal de Educação, Ciência e Tecnologia do Piauí (IFPI) e Anexo..pdf]
aderirem à ação Escola da Terra, do Ministério da Educação. V. DESENVOLVIMENTO Metodologia O curso, definido como de Aperfeiçoamento, terá duração de 180 horas/aula presenciais, divididas em cinco módulos (componentes curriculares), sendo cada módulo ministrado em 30 horas/aula, divididas em 20 horas/aula (cada), nos dias de sexta-feira e sábado, para o tempo- universidade e 10 horas/aula para o tempo- comunidade/alternância. As 20 horas/aulas presenciais restantes serão complementadas por dois Seminários Temáticos, a serem realizados no início e final do Curso, com carga horária de 10 horas/aulas, cada um. O material didático específico para cada módulo contemplará conhecimentos formativos em relação à organização do trabalho pedagógico em classes multisseriadas, com temáticas voltadas à avaliação, ao planejamento, à alfabetização e letramento, e às áreas do conhecimento. Os conteúdos dos cinco primeiros módulos, tanto no que diz respeito ao tempo- universidade (5 tempos de 20 h/a cada) quanto ao tempo-comunidade/alternância (5 tempos de 10 h/a cada) serão desenvolvidos de forma integrada e contextualizada ao semiárido. Antes do início do curso para os cursistas, os professores formadores e os Tutores serão reunidos para esclarecimentos acerca da metodologia do Curso e do material didático a ser utilizado nas formações. O primeiro Seminário Temático (Abertura) será desenvolvido com o intuito de acolher os participantes e inseri-los em discussões sobre aspectos históricos e

[Trecho 2 | Fonte: RESOLUÇÃO Nº 81-2025-Aprova a Reformulação do Curso de Aperfeiçoamento Escola da Terra, no âmbito do Instituto Federal de Educação, Ciência e Tecnologia do Piauí (IFPI)  e Anexo.pdf]
aderirem à ação Escola da Terra, do Ministério da Educação. V. DESENVOLVIMENTO Metodologia O curso, definido como de Aperfeiçoamento, terá duração de 180 horas/aula presenciais, divididas em cinco módulos (componentes curriculares), sendo cada módulo ministrado em 30 horas/aula, divididas em 20 horas/aula (cada), nos dias de sexta-feira e sábado, para o tempo- universidade e 10 horas/aula para o tempo- comunidade/alternância. As 20 horas/aulas presenciais restantes serão complementadas por dois Seminários Temáticos, a serem realizados no início e final do Curso, com carga horária de 10 horas/aulas, cada um. O material didático específico para cada módulo contemplará conhecimentos formativos em relação à organização do trabalho pedagógico em classes multisseriadas, com temáticas voltadas à avaliação, ao planejamento, à alfabetização e letramento, e às áreas do conhecimento. Os conteúdos dos cinco primeiros módulos, tanto no que diz respeito ao tempo- universidade (5 tempos de 20 h/a cada) quanto ao tempo-comunidade/alternância (5 tempos de 10 h/a cada) serão desenvolvidos de forma integrada e contextualizada ao semiárido. Antes do início do curso para os cursistas, os professores formadores e os Tutores serão reunidos para esclarecimentos acerca da metodologia do Curso e do material didático a ser utilizado nas formações. O primeiro Seminário Temático (Abertura) será desenvolvido com o intuito de acolher os participantes e inseri-los em discussões sobre aspectos históricos e

[Trecho 3 | Fonte: RESOLUÇÃO Nº 19-2025-Aprova a Criação do Curso de Especialização Escola da Terra, no âmbito do Instituto Federal de Educação, Ciência e Tecnologia do Piauí (IFPI) e Anexo.pdf]
MINISTÉRIO DA EDUCAÇÃO SECRETARIA DE MODALIDADES ESPECIALIZADAS DE EDUCAÇÃO INSTITUTO FEDERAL DE EDUCAÇÃO, CIÊNCIA E TECNOLOGIA DO PIAUÍ PROJETO DE CURSO | Plano de Trabalho – Oferta 2024 I. IDENTIFICAÇÃO Instituição: Instituto Federal de Educação, Ciência e Tecnologia do Piauí CNPJ: 10.806.496/0001-49 Av. Pres. Jânio Quadros, 330 - Santa Isabel, Teresina - PI, 64053- 390 Contatos: Telefone: (86) 3131-1409 / (86) 98821-4863 Endereço: Curso: Educação do Campo e Quilombola (Ação Escola da Terra: Programa Práticas Pedagógicas em Classes Multisseriadas da Educação Escolar do Campo) Nível: Pós-Graduação Lato Sensu - Especialização Modalidade: Presencial/Regime de Alternância (Tempo Universidade – Tempo Escola/Comunidade) Total: 495 horas - Alternância Pedagógica TU/TEC Presencial (Tempo-Universidade): 257 h/a Tempo-Escola/Comunidade: 103 h/a Carga Horária: 60 vagas para Professores da Educação Básica - Escolas do Campo, que possuem certificação em curso de aperfeiçoamento (mínimo de 180) Programa Escola da Terra/MEC/IFPI Custeio: R$ 120.000,00 Local de Realização: Meta Física: Instituto Federal de Educação, Ciência e Tecnologia do Piauí – Campi São João do Piauí, São Raimundo Nonato, Oeiras e Paulistana Municípios de abrangência Municípios participantes da primeira edição do Programa Escola da Terra (Aperfeiçoamento) no sul do Piauí Atividades com prof. Cursistas Out/2024 a Nov./2025 Vigência do projeto/TED Set./2024 a Dez./2025 Emanuel Alcântara da Silva - CPF: 013.686.243-83

[Trecho 4 | Fonte: RESOLUÇÃO Nº 14-2025-Aprova a Criação do Curso de Aperfeiçoamento Escola da Terra, no âmbito do Instituto Federal de Educação, Ciência e Tecnologia do Piauí (IFPI) e Anexo..pdf]
MINISTÉRIO DA EDUCAÇÃO SECRETARIA DE EDUCAÇÃO PROFISSIONAL E TECNOLÓGIA -SETEC INSTITUTO FEDERAL DE EDUCAÇÃO, CIÊNCIA E TECNOLOGIA DO PIAUÍ PROGRAMA ESCOLA DA TERRA -PROJETO DE CURSO 2025-2026 I. IDENTIFICAÇÃO 1.1 Instituição: Instituto Federal de Educação, Ciência e Tecnologia do Piauí 1.2 CNPJ: 10.806.496/0001-49 Av. Pres. Jânio Quadros, 330 - Santa Isabel, Teresina - PI, 64053-390 1.4 Contatos: Telefone: (86) ----- 1.5 Curso: ESCOLA DA TERRA 1.6 Nível: APERFEIÇOAMENTO 1.7 Modalidade: Presencial: Pedagogia/Regime da Alternância 1.8 Carga Horária: Total: 180 horas Presencial (Tempo-Universidade): 126 h/a Tempo-Escola/Comunidade: 54 h/a 1.9 Meta Física: 120 vagas para professoras e coordenadoras pedagógicas de turmas multisseriadas. 1.10 Custeio: R$ 144.000,00 1.11 Local de Realização: 1.3 Endereço: Território da Chapada Valo do Rio Itain e Vale do Rio Guaribas Paulistana -PI, Jacobina do Piauí-PI, Caridade do Piauí - PI, Patos do Piauí - PI, PIO IX -PI, Fronteiras -PI, Padre Marcos -PI, Caldeirão Grande do Piauí -PI, Alagoinha -PI São Julião -PI. 1.13 Início do curso: Março/2025 1.14 Término do curso: 1.12 Municípios de abrangência Janeiro /2026 1.15 VIGÊNCIA PROJETO/TED MARÇO DE 2025 ATÉ 31 DE JANEIRO DE 2026 Gilson Mendes Araújo - CPF: 889,824,911-04 - Categoria: Professor Dr. Do Ensino Básico e Tecnológico - EBTT (89) 994014780 / E-mail: gilson.mendes@ifpi.edu.br Informações Sobre a Oferta Nova oferta/2025 1.16 Coordenador do Curso: II. OBJETO E JUSTIFICATIVA Trata-se de","[""RESOLUÇÃO Nº 14-2025-Aprova a Criação do Curso de Aperfeiçoamento Escola da Terra, no âmbito do Instituto Federal de Educação, Ciência e Tecnologia do Piauí (IFPI) e Anexo..pdf"", ""RESOLUÇÃO Nº 81-2025-Aprova a Reformulação do Curso de Aperfeiçoamento Escola da Terra, no âmbito do Instituto Federal de Educação, Ciência e Tecnologia do Piauí (IFPI)  e Anexo.pdf"", ""RESOLUÇÃO Nº 19-2025-Aprova a Criação do Curso de Especialização Escola da Terra, no âmbito do Instituto Federal de Educação, Ciência e Tecnologia do Piauí (IFPI) e Anexo.pdf"", ""RESOLUÇÃO Nº 14-2025-Aprova a Criação do Curso de Aperfeiçoamento Escola da Terra, no âmbito do Instituto Federal de Educação, Ciência e Tecnologia do Piauí (IFPI) e Anexo..pdf""]","[""RESOLUÇÃO Nº 14-2025-Aprova a Criação do Curso de Aperfeiçoamento Escola da Terra, no âmbito do Instituto Federal de Educação, Ciência e Tecnologia do Piauí (IFPI) e Anexo..pdf"", ""RESOLUÇÃO Nº 81-2025-Aprova a Reformulação do Curso de Aperfeiçoamento Escola da Terra, no âmbito do Instituto Federal de Educação, Ciência e Tecnologia do Piauí (IFPI)  e Anexo.pdf"", ""RESOLUÇÃO Nº 14-2025-Aprova a Criação do Curso de Aperfeiçoamento Escola da Terra, no âmbito do Instituto Federal de Educação, Ciência e Tecnologia do Piauí (IFPI) e Anexo..pdf"", ""RESOLUÇÃO Nº 81-2025-Aprova a Reformulação do Curso de Aperfeiçoamento Escola da Terra, no âmbito do Instituto Federal de Educação, Ciência e Tecnologia do Piauí (IFPI)  e Anexo.pdf"", ""RESOLUÇÃO Nº 19-2025-Aprova a Criação do Curso de Especialização Escola da Terra, no âmbito do Instituto Federal de Educação, Ciência e Tecnologia do Piauí (IFPI) e Anexo.pdf"", ""RESOLUÇÃO Nº 19-2025-Aprova a Criação do Curso de Especialização Escola da Terra, no âmbito do Instituto Federal de Educação, Ciência e Tecnologia do Piauí (IFPI) e Anexo.pdf"", ""RESOLUÇÃO Nº 14-2025-Aprova a Criação do Curso de Aperfeiçoamento Escola da Terra, no âmbito do Instituto Federal de Educação, Ciência e Tecnologia do Piauí (IFPI) e Anexo..pdf"", ""RESOLUÇÃO Nº 81-2025-Aprova a Reformulação do Curso de Aperfeiçoamento Escola da Terra, no âmbito do Instituto Federal de Educação, Ciência e Tecnologia do Piauí (IFPI)  e Anexo.pdf"", ""RESOLUÇÃO Nº 14-2025-Aprova a Criação do Curso de Aperfeiçoamento Escola da Terra, no âmbito do Instituto Federal de Educação, Ciência e Tecnologia do Piauí (IFPI) e Anexo..pdf"", ""RESOLUÇÃO Nº 81-2025-Aprova a Reformulação do Curso de Aperfeiçoamento Escola da Terra, no âmbito do Instituto Federal de Educação, Ciência e Tecnologia do Piauí (IFPI)  e Anexo.pdf""]","[""RESOLUÇÃO Nº 14-2025-Aprova a Criação do Curso de Aperfeiçoamento Escola da Terra, no âmbito do Instituto Federal de Educação, Ciência e Tecnologia do Piauí (IFPI) e Anexo..pdf"", ""RESOLUÇÃO Nº 81-2025-Aprova a Reformulação do Curso de Aperfeiçoamento Escola da Terra, no âmbito do Instituto Federal de Educação, Ciência e Tecnologia do Piauí (IFPI)  e Anexo.pdf"", ""RESOLUÇÃO Nº 19-2025-Aprova a Criação do Curso de Especialização Escola da Terra, no âmbito do Instituto Federal de Educação, Ciência e Tecnologia do Piauí (IFPI) e Anexo.pdf"", ""RESOLUÇÃO Nº 14-2025-Aprova a Criação do Curso de Aperfeiçoamento Escola da Terra, no âmbito do Instituto Federal de Educação, Ciência e Tecnologia do Piauí (IFPI) e Anexo..pdf"", ""RESOLUÇÃO Nº 81-2025-Aprova a Reformulação do Curso de Aperfeiçoamento Escola da Terra, no âmbito do Instituto Federal de Educação, Ciência e Tecnologia do Piauí (IFPI)  e Anexo.pdf"", ""RESOLUÇÃO Nº 19-2025-Aprova a Criação do Curso de Especialização Escola da Terra, no âmbito do Instituto Federal de Educação, Ciência e Tecnologia do Piauí (IFPI) e Anexo.pdf"", ""RESOLUÇÃO Nº 14-2025-Aprova a Criação do Curso de Aperfeiçoamento Escola da Terra, no âmbito do Instituto Federal de Educação, Ciência e Tecnologia do Piauí (IFPI) e Anexo..pdf"", ""RESOLUÇÃO Nº 14-2025-Aprova a Criação do Curso de Aperfeiçoamento Escola da Terra, no âmbito do Instituto Federal de Educação, Ciência e Tecnologia do Piauí (IFPI) e Anexo..pdf"", ""RESOLUÇÃO Nº 81-2025-Aprova a Reformulação do Curso de Aperfeiçoamento Escola da Terra, no âmbito do Instituto Federal de Educação, Ciência e Tecnologia do Piauí (IFPI)  e Anexo.pdf"", ""RESOLUÇÃO Nº 81-2025-Aprova a Reformulação do Curso de Aperfeiçoamento Escola da Terra, no âmbito do Instituto Federal de Educação, Ciência e Tecnologia do Piauí (IFPI)  e Anexo.pdf""]",1.0,1.0,1.0,1.0,1.0,1.0,1.0,1.0,1.0,1.0,1.0,1.0,1.0,10,10,4,3.9862
1,43,dense_rerank,"RESOLUÇÃO Nº 14-2025-Aprova a Criação do Curso de Aperfeiçoamento Escola da Terra, no âmbito do Instituto Federal de Educação, Ciência e Tecnologia do Piauí (IFPI) e Anexo..pdf",Qual é a meta física do curso Escola da Terra em número de vagas?,A meta física do curso Escola da Terra é de 120 vagas.,A meta física do curso Escola da Terra é de 120 vagas para professoras e coordenadoras pedagógicas de turmas multisseriadas.,"[Trecho 1 | Fonte: RESOLUÇÃO Nº 14-2025-Aprova a Criação do Curso de Aperfeiçoamento Escola da Terra, no âmbito do Instituto Federal de Educação, Ciência e Tecnologia do Piauí (IFPI) e Anexo..pdf]
MINISTÉRIO DA EDUCAÇÃO SECRETARIA DE EDUCAÇÃO PROFISSIONAL E TECNOLÓGIA -SETEC INSTITUTO FEDERAL DE EDUCAÇÃO, CIÊNCIA E TECNOLOGIA DO PIAUÍ PROGRAMA ESCOLA DA TERRA -PROJETO DE CURSO 2025-2026 I. IDENTIFICAÇÃO 1.1 Instituição: Instituto Federal de Educação, Ciência e Tecnologia do Piauí 1.2 CNPJ: 10.806.496/0001-49 Av. Pres. Jânio Quadros, 330 - Santa Isabel, Teresina - PI, 64053-390 1.4 Contatos: Telefone: (86) ----- 1.5 Curso: ESCOLA DA TERRA 1.6 Nível: APERFEIÇOAMENTO 1.7 Modalidade: Presencial: Pedagogia/Regime da Alternância 1.8 Carga Horária: Total: 180 horas Presencial (Tempo-Universidade): 126 h/a Tempo-Escola/Comunidade: 54 h/a 1.9 Meta Física: 120 vagas para professoras e coordenadoras pedagógicas de turmas multisseriadas. 1.10 Custeio: R$ 144.000,00 1.11 Local de Realização: 1.3 Endereço: Território da Chapada Valo do Rio Itain e Vale do Rio Guaribas Paulistana -PI, Jacobina do Piauí-PI, Caridade do Piauí - PI, Patos do Piauí - PI, PIO IX -PI, Fronteiras -PI, Padre Marcos -PI, Caldeirão Grande do Piauí -PI, Alagoinha -PI São Julião -PI. 1.13 Início do curso: Março/2025 1.14 Término do curso: 1.12 Municípios de abrangência Janeiro /2026 1.15 VIGÊNCIA PROJETO/TED MARÇO DE 2025 ATÉ 31 DE JANEIRO DE 2026 Gilson Mendes Araújo - CPF: 889,824,911-04 - Categoria: Professor Dr. Do Ensino Básico e Tecnológico - EBTT (89) 994014780 / E-mail: gilson.mendes@ifpi.edu.br Informações Sobre a Oferta Nova oferta/2025 1.16 Coordenador do Curso: II. OBJETO E JUSTIFICATIVA Trata-se de

[Trecho 2 | Fonte: RESOLUÇÃO Nº 81-2025-Aprova a Reformulação do Curso de Aperfeiçoamento Escola da Terra, no âmbito do Instituto Federal de Educação, Ciência e Tecnologia do Piauí (IFPI)  e Anexo.pdf]
MINISTÉRIO DA EDUCAÇÃO SECRETARIA DE EDUCAÇÃO PROFISSIONAL E TECNOLÓGIA -SETEC INSTITUTO FEDERAL DE EDUCAÇÃO, CIÊNCIA E TECNOLOGIA DO PIAUÍ PROGRAMA ESCOLA DA TERRA -PROJETO DE CURSO 2025-2026 I. IDENTIFICAÇÃO 1.1 Instituição: Instituto Federal de Educação, Ciência e Tecnologia do Piauí 1.2 CNPJ: 10.806.496/0001-49 Av. Pres. Jânio Quadros, 330 - Santa Isabel, Teresina - PI, 64053-390 1.4 Contatos: Telefone: (86) ----- 1.5 Curso: ESCOLA DA TERRA 1.6 Nível: APERFEIÇOAMENTO 1.7 Modalidade: Presencial: Pedagogia/Regime da Alternância 1.8 Carga Horária: Total: 180 horas Presencial (Tempo-Universidade): 126 h/a Tempo-Escola/Comunidade: 54 h/a 1.9 Meta Física: 120 vagas para professoras e coordenadoras pedagógicas de turmas multisseriadas. 1.10 Custeio: R$ 144.000,00 1.11 Local de Realização: 1.3 Endereço: Território da Chapada Valo do Rio Itain e Vale do Rio Guaribas Paulistana -PI, Jacobina do Piauí-PI, Caridade do Piauí - PI, Patos do Piauí - PI, PIO IX -PI, Fronteiras -PI, Padre Marcos -PI, Caldeirão Grande do Piauí -PI, Alagoinha -PI São Julião -PI. 1.13 Início do curso: Março/2025 1.14 Término do curso: 1.12 Municípios de abrangência Janeiro /2026 1.15 VIGÊNCIA PROJETO/TED MARÇO DE 2025 ATÉ 31 DE JANEIRO DE 2026 Gilson Mendes Araújo - CPF: 889,824,911-04 - Categoria: Professor Dr. Do Ensino Básico e Tecnológico - EBTT (89) 994014780 / E-mail: gilson.mendes@ifpi.edu.br Informações Sobre a Oferta Nova oferta/2025 1.16 Coordenador do Curso: II. OBJETO E JUSTIFICATIVA Trata-se de

[Trecho 3 | Fonte: RESOLUÇÃO Nº 19-2025-Aprova a Criação do Curso de Especialização Escola da Terra, no âmbito do Instituto Federal de Educação, Ciência e Tecnologia do Piauí (IFPI) e Anexo.pdf]
MINISTÉRIO DA EDUCAÇÃO SECRETARIA DE MODALIDADES ESPECIALIZADAS DE EDUCAÇÃO INSTITUTO FEDERAL DE EDUCAÇÃO, CIÊNCIA E TECNOLOGIA DO PIAUÍ PROJETO DE CURSO | Plano de Trabalho – Oferta 2024 I. IDENTIFICAÇÃO Instituição: Instituto Federal de Educação, Ciência e Tecnologia do Piauí CNPJ: 10.806.496/0001-49 Av. Pres. Jânio Quadros, 330 - Santa Isabel, Teresina - PI, 64053- 390 Contatos: Telefone: (86) 3131-1409 / (86) 98821-4863 Endereço: Curso: Educação do Campo e Quilombola (Ação Escola da Terra: Programa Práticas Pedagógicas em Classes Multisseriadas da Educação Escolar do Campo) Nível: Pós-Graduação Lato Sensu - Especialização Modalidade: Presencial/Regime de Alternância (Tempo Universidade – Tempo Escola/Comunidade) Total: 495 horas - Alternância Pedagógica TU/TEC Presencial (Tempo-Universidade): 257 h/a Tempo-Escola/Comunidade: 103 h/a Carga Horária: 60 vagas para Professores da Educação Básica - Escolas do Campo, que possuem certificação em curso de aperfeiçoamento (mínimo de 180) Programa Escola da Terra/MEC/IFPI Custeio: R$ 120.000,00 Local de Realização: Meta Física: Instituto Federal de Educação, Ciência e Tecnologia do Piauí – Campi São João do Piauí, São Raimundo Nonato, Oeiras e Paulistana Municípios de abrangência Municípios participantes da primeira edição do Programa Escola da Terra (Aperfeiçoamento) no sul do Piauí Atividades com prof. Cursistas Out/2024 a Nov./2025 Vigência do projeto/TED Set./2024 a Dez./2025 Emanuel Alcântara da Silva - CPF: 013.686.243-83

[Trecho 4 | Fonte: RESOLUÇÃO Nº 14-2025-Aprova a Criação do Curso de Aperfeiçoamento Escola da Terra, no âmbito do Instituto Federal de Educação, Ciência e Tecnologia do Piauí (IFPI) e Anexo..pdf]
aderirem à ação Escola da Terra, do Ministério da Educação. V. DESENVOLVIMENTO Metodologia O curso, definido como de Aperfeiçoamento, terá duração de 180 horas/aula presenciais, divididas em cinco módulos (componentes curriculares), sendo cada módulo ministrado em 30 horas/aula, divididas em 20 horas/aula (cada), nos dias de sexta-feira e sábado, para o tempo- universidade e 10 horas/aula para o tempo- comunidade/alternância. As 20 horas/aulas presenciais restantes serão complementadas por dois Seminários Temáticos, a serem realizados no início e final do Curso, com carga horária de 10 horas/aulas, cada um. O material didático específico para cada módulo contemplará conhecimentos formativos em relação à organização do trabalho pedagógico em classes multisseriadas, com temáticas voltadas à avaliação, ao planejamento, à alfabetização e letramento, e às áreas do conhecimento. Os conteúdos dos cinco primeiros módulos, tanto no que diz respeito ao tempo- universidade (5 tempos de 20 h/a cada) quanto ao tempo-comunidade/alternância (5 tempos de 10 h/a cada) serão desenvolvidos de forma integrada e contextualizada ao semiárido. Antes do início do curso para os cursistas, os professores formadores e os Tutores serão reunidos para esclarecimentos acerca da metodologia do Curso e do material didático a ser utilizado nas formações. O primeiro Seminário Temático (Abertura) será desenvolvido com o intuito de acolher os participantes e inseri-los em discussões sobre aspectos históricos e","[""RESOLUÇÃO Nº 14-2025-Aprova a Criação do Curso de Aperfeiçoamento Escola da Terra, no âmbito do Instituto Federal de Educação, Ciência e Tecnologia do Piauí (IFPI) e Anexo..pdf"", ""RESOLUÇÃO Nº 81-2025-Aprova a Reformulação do Curso de Aperfeiçoamento Escola da Terra, no âmbito do Instituto Federal de Educação, Ciência e Tecnologia do Piauí (IFPI)  e Anexo.pdf"", ""RESOLUÇÃO Nº 19-2025-Aprova a Criação do Curso de Especialização Escola da Terra, no âmbito do Instituto Federal de Educação, Ciência e Tecnologia do Piauí (IFPI) e Anexo.pdf"", ""RESOLUÇÃO Nº 14-2025-Aprova a Criação do Curso de Aperfeiçoamento Escola da Terra, no âmbito do Instituto Federal de Educação, Ciência e Tecnologia do Piauí (IFPI) e Anexo..pdf""]","[""RESOLUÇÃO Nº 14-2025-Aprova a Criação do Curso de Aperfeiçoamento Escola da Terra, no âmbito do Instituto Federal de Educação, Ciência e Tecnologia do Piauí (IFPI) e Anexo..pdf"", ""RESOLUÇÃO Nº 81-2025-Aprova a Reformulação do Curso de Aperfeiçoamento Escola da Terra, no âmbito do Instituto Federal de Educação, Ciência e Tecnologia do Piauí (IFPI)  e Anexo.pdf"", ""RESOLUÇÃO Nº 14-2025-Aprova a Criação do Curso de Aperfeiçoamento Escola da Terra, no âmbito do Instituto Federal de Educação, Ciência e Tecnologia do Piauí (IFPI) e Anexo..pdf"", ""RESOLUÇÃO Nº 81-2025-Aprova a Reformulação do Curso de Aperfeiçoamento Escola da Terra, no âmbito do Instituto Federal de Educação, Ciência e Tecnologia do Piauí (IFPI)  e Anexo.pdf"", ""RESOLUÇÃO Nº 19-2025-Aprova a Criação do Curso de Especialização Escola da Terra, no âmbito do Instituto Federal de Educação, Ciência e Tecnologia do Piauí (IFPI) e Anexo.pdf"", ""RESOLUÇÃO Nº 19-2025-Aprova a Criação do Curso de Especialização Escola da Terra, no âmbito do Instituto Federal de Educação, Ciência e Tecnologia do Piauí (IFPI) e Anexo.pdf"", ""RESOLUÇÃO NORMATIVA Nº 241-2025-Aprova a Prestação de Contas Ordinária Anual, através do Relatório de Gestão, exercício 2024, do IFPI e Anexo.pdf"", ""RESOLUÇÃO Nº 14-2025-Aprova a Criação do Curso de Aperfeiçoamento Escola da Terra, no âmbito do Instituto Federal de Educação, Ciência e Tecnologia do Piauí (IFPI) e Anexo..pdf"", ""RESOLUÇÃO Nº 81-2025-Aprova a Reformulação do Curso de Aperfeiçoamento Escola da Terra, no âmbito do Instituto Federal de Educação, Ciência e Tecnologia do Piauí (IFPI)  e Anexo.pdf"", ""RESOLUÇÃO Nº 19-2025-Aprova a Criação do Curso de Especialização Escola da Terra, no âmbito do Instituto Federal de Educação, Ciência e Tecnologia do Piauí (IFPI) e Anexo.pdf""]","[""RESOLUÇÃO Nº 14-2025-Aprova a Criação do Curso de Aperfeiçoamento Escola da Terra, no âmbito do Instituto Federal de Educação, Ciência e Tecnologia do Piauí (IFPI) e Anexo..pdf"", ""RESOLUÇÃO Nº 81-2025-Aprova a Reformulação do Curso de Aperfeiçoamento Escola da Terra, no âmbito do Instituto Federal de Educação, Ciência e Tecnologia do Piauí (IFPI)  e Anexo.pdf"", ""RESOLUÇÃO Nº 19-2025-Aprova a Criação do Curso de Especialização Escola da Terra, no âmbito do Instituto Federal de Educação, Ciência e Tecnologia do Piauí (IFPI) e Anexo.pdf"", ""RESOLUÇÃO Nº 14-2025-Aprova a Criação do Curso de Aperfeiçoamento Escola da Terra, no âmbito do Instituto Federal de Educação, Ciência e Tecnologia do Piauí (IFPI) e Anexo..pdf"", ""RESOLUÇÃO Nº 81-2025-Aprova a Reformulação do Curso de Aperfeiçoamento Escola da Terra, no âmbito do Instituto Federal de Educação, Ciência e Tecnologia do Piauí (IFPI)  e Anexo.pdf"", ""RESOLUÇÃO Nº 19-2025-Aprova a Criação do Curso de Especialização Escola da Terra, no âmbito do Instituto Federal de Educação, Ciência e Tecnologia do Piauí (IFPI) e Anexo.pdf"", ""RESOLUÇÃO Nº 19-2025-Aprova a Criação do Curso de Especialização Escola da Terra, no âmbito do Instituto Federal de Educação, Ciência e Tecnologia do Piauí (IFPI) e Anexo.pdf"", ""RESOLUÇÃO NORMATIVA Nº 241-2025-Aprova a Prestação de Contas Ordinária Anual, através do Relatório de Gestão, exercício 2024, do IFPI e Anexo.pdf"", ""RESOLUÇÃO Nº 14-2025-Aprova a Criação do Curso de Aperfeiçoamento Escola da Terra, no âmbito do Instituto Federal de Educação, Ciência e Tecnologia do Piauí (IFPI) e Anexo..pdf"", ""RESOLUÇÃO Nº 81-2025-Aprova a Reformulação do Curso de Aperfeiçoamento Escola da Terra, no âmbito do Instituto Federal de Educação, Ciência e Tecnologia do Piauí (IFPI)  e Anexo.pdf""]",1.0,1.0,1.0,1.0,1.0,1.0,1.0,1.0,1.0,1.0,1.0,1.0,1.0,10,10,4,4.3383
1,43,dense_rerank,"RESOLUÇÃO Nº 14-2025-Aprova a Criação do Curso de Aperfeiçoamento Escola da Terra, no âmbito do Instituto Federal de Educação, Ciência e Tecnologia do Piauí (IFPI) e Anexo..pdf",Quando está previsto o início do curso Escola da Terra?,O início do curso Escola da Terra está previsto para março de 2025.,O Curso Aperfeiçoamento Escola da Terra está autorizado a funcionar a partir do primeiro semestre de 2024.,"[Trecho 1 | Fonte: RESOLUÇÃO Nº 19-2025-Aprova a Criação do Curso de Especialização Escola da Terra, no âmbito do Instituto Federal de Educação, Ciência e Tecnologia do Piauí (IFPI) e Anexo.pdf]
Escola da Terra (Aperfeiçoamento) no sul do Piauí Atividades com prof. Cursistas Out/2024 a Nov./2025 Vigência do projeto/TED Set./2024 a Dez./2025 Emanuel Alcântara da Silva - CPF: 013.686.243-83 (86) 98821-4863 / E-mail: emanuel.alcantara@ifpi.edu.br Vinculação do projeto na IES: Coordenador do Curso: Pró-reitoria de Pesquisa, Pós-graduação e Inovação (PROPI) (86) 3131-1409 /E-mail: propi@ifpi.edu.br Informações sobre Oferta Nova oferta - referência 2024 II. OBJETO E JUSTIFICATIVA Trata-se de um Termo de Execução Descentralizada (TED) para prover recursos/custeio para realização de curso de formação continuada de professores da educação básica do campo e de territórios quilombolas em nível de especialização lato sensu nos termos previstos neste projeto. O TED será vinculado à Coordenação Geral de Educação do Campo - CGEC/DIPECEI/SECADI/MEC (concedente) e Instituto Federal de Educação, Ciência e Tecnologia do Piauí - IFPI (proponente), em parceria com a Secretaria de Educação do Estado do Piauí - SEDUC e secretarias municipais, no âmbito do Programa Escola da Terra. A educação escolar quilombola é um tipo de educação voltada especificamente para as comunidades remanescentes de quilombos que frequentam escolas públicas. Esse tipo de educação busca promover a cultura, as tradições e a história dessas comunidades, oferecendo um currículo que inclui conteúdos e metodologias que consideram as particularidades dessas comunidades. A educação escolar quilombola é garantida pela

[Trecho 2 | Fonte: RESOLUÇÃO Nº 19-2025-Aprova a Criação do Curso de Especialização Escola da Terra, no âmbito do Instituto Federal de Educação, Ciência e Tecnologia do Piauí (IFPI) e Anexo.pdf]
científico, resultante de uma pesquisa intervenção realizada na escola com a produção de material didático-pedagógico a ser utilizado em escolas do/no campo. O TCC será orientado pelo corpo docente do curso. Contudo, tendo em vista a quantidade de alunos, serão selecionados outros especialistas da área para colaborar nessa atividade, conforme definição da Secadi/MEC. Esse trabalho, terá a carga-horária de 47 (quarenta e sete) horas de Tempo Universidade (TU) e 19 (dezenove) horas de Tempo Comunidade (TC). O artigo deve apresentar referencial teórico consistente, argumentação clara e explícita e correção de linguagem, além de descrever analiticamente o processo de intervenção na escola e de produção e aplicação do material didático-pedagógico. Caberá à equipe pedagógica do Curso elaborar documento específico para normatização do TCC, conforme definições constantes em seu projeto pedagógico. Após a produção, o artigo será defendido pelo aluno perante banca examinadora composta pelo professor orientador, que a preside, e por outros dois membros. A equipe pedagógica do curso organizará, ao final do curso, um seminário de defesas dos TCC, como forma de apresentação pública e avaliação dos trabalhos. VI. DESENVOLVIMENTO DO CURSO 6.1 Metodologia O curso será organizado conforme a orientação do Manual de Gestão da Escola da Terra, onde encontram-se reunidos os conceitos, as regras e os procedimentos para a ação “Escola da Terra” e seu funcionamento, assim como as etapas de criação,

[Trecho 3 | Fonte: RESOLUÇÃO Nº 80-2024-Autoriza  o funcionamento do Curso Aperfeiçoamento Escola da Terra, no Instituto Federal de Educação, Ciência e Tecnologia do Piauí (IFPI)..pdf]
Ministério da Educação Instituto Federal de Educação, Ciência e Tecnologia do Piauí IFPI Av. Jânio Quadros, Santa Isabel, TERESINA / PI, CEP 64053-390 Fone: (86) 3131-1443 Site: www.ifpi.edu.br RESOLUÇÃO 80/2024 - CONSUP/OSUPCOL/REI/IFPI, de 7 de agosto de 2024. Autoriza o funcionamento do Curso Aperfeiçoamento Escola da Terra, no Ins?tuto Federal de Educação, Ciência e Tecnologia do Piauí (IFPI). O Presidente do Conselho Superior do Ins?tuto Federal de Educação, Ciência e Tecnologia do Piauí, no uso de suas atribuições conferidas no Estatuto deste Ins?tuto Federal, aprovado pela Resolução Norma?va nº 59, de 20 de agosto de 2021, publicada no Diário Oﬁcial da União de 23 de agosto de 2021, considerando o processo nº 23172.002191/2024-53, RESOLVE: RESOLVE: Art. 1º Autorizar, ad referendum, ad referendum, o funcionamento do Curso Aperfeiçoamento Escola da Terra, no Ins?tuto Federal de Educação, Ciência e Tecnologia do Piauí (IFPI), a par?r do primeiro semestre de 2024, conforme descrição abaixo: ATO DE ATO DE CRIAÇÃO CRIAÇÃO CAMPUS CAMPUS ENDEREÇO ENDEREÇO CURSO CURSO VAGAS VAGAS CARGA CARGA HORÁRIA HORÁRIA Oeiras Rua Projetada, s/n, Bairro Uberaba II, Oeiras (PI) - CEP: 64.500-000 Escola da Terra 30 180 h Resolução nº 78/2024 Paulistana Rodovia BR 407, S/N, Centro - CEP: 64.750-000 Escola da Terra 30 180 h Resolução nº 78/2024 Travessa Sete de Setembro, S/N, Centro, São João do Piauí/ PI, CEP 64.760-000. Escola da Terra 30 180 h Resolução nº 78/2024 São João do Piauí São

[Trecho 4 | Fonte: RESOLUÇÃO Nº 79-2024-Autoriza  o funcionamento do Curso Aperfeiçoamento Escola da Terra, no IFPI - Tornada sem efeito pela Resolução nº 80_2024.pdf]
Ministério da Educação Instituto Federal de Educação, Ciência e Tecnologia do Piauí IFPI Av. Jânio Quadros, Santa Isabel, TERESINA / PI, CEP 64053-390 Fone: (86) 3131-1443 Site: www.ifpi.edu.br RESOLUÇÃO 79/2024 - CONSUP/OSUPCOL/REI/IFPI, de 6 de agosto de 2024. Autoriza o funcionamento do Curso Aperfeiçoamento Escola da Terra, no Ins?tuto Federal de Educação, Ciência e Tecnologia do Piauí (IFPI). O Presidente do Conselho Superior do Ins?tuto Federal de Educação, Ciência e Tecnologia do Piauí, no uso de suas atribuições conferidas no Estatuto deste Ins?tuto Federal, aprovado pela Resolução Norma?va nº 59, de 20 de agosto de 2021, publicada no Diário Oﬁcial da União de 23 de agosto de 2021, considerando o processo nº 23172.002191/2024-53, RESOLVE: RESOLVE: Art. 1º Autorizar, ad referendum, ad referendum, o funcionamento do Curso Aperfeiçoamento Escola da Terra, no Ins?tuto Federal de Educação, Ciência e Tecnologia do Piauí (IFPI), a par?r do primeiro semestre de 2024, conforme descrição abaixo: CAMPUS CAMPUS ENDEREÇO ENDEREÇO CURSO CURSO VAGAS VAGAS CARGA CARGA HORÁRIA HORÁRIA ATO DE CRIAÇÃO/ ATO DE CRIAÇÃO/ REFORMULAÇÃO REFORMULAÇÃO Rua Projetada, s/n, Bairro Uberaba II, Oeiras (PI) - CEP: 64.500-000 Oeiras Escola da Terra 30 180 h Paulistana Rodovia BR 407, S/N, Centro - CEP: 64.750-000 Escola da Terra 30 180 h Travessa Sete de Setembro, S/N, Centro, São João do Piauí/ PI, CEP 64.760-000. São João do Piauí Escola da Terra 30 180 h São Raimundo Nonato Rodovia BR 020, S/N,","[""RESOLUÇÃO Nº 19-2025-Aprova a Criação do Curso de Especialização Escola da Terra, no âmbito do Instituto Federal de Educação, Ciência e Tecnologia do Piauí (IFPI) e Anexo.pdf"", ""RESOLUÇÃO Nº 19-2025-Aprova a Criação do Curso de Especialização Escola da Terra, no âmbito do Instituto Federal de Educação, Ciência e Tecnologia do Piauí (IFPI) e Anexo.pdf"", ""RESOLUÇÃO Nº 80-2024-Autoriza  o funcionamento do Curso Aperfeiçoamento Escola da Terra, no Instituto Federal de Educação, Ciência e Tecnologia do Piauí (IFPI)..pdf"", ""RESOLUÇÃO Nº 79-2024-Autoriza  o funcionamento do Curso Aperfeiçoamento Escola da Terra, no IFPI - Tornada sem efeito pela Resolução nº 80_2024.pdf""]","[""RESOLUÇÃO Nº 30-2025-Autoriza  o funcionamento do Curso de Especialização Escola da Terra, nos campi do Instituto Federal de Educação, Ciência e Tecnologia do Piauí (IFPI)..pdf"", ""RESOLUÇÃO Nº 19-2025-Aprova a Criação do Curso de Especialização Escola da Terra, no âmbito do Instituto Federal de Educação, Ciência e Tecnologia do Piauí (IFPI) e Anexo.pdf"", ""RESOLUÇÃO Nº 79-2024-Autoriza  o funcionamento do Curso Aperfeiçoamento Escola da Terra, no IFPI - Tornada sem efeito pela Resolução nº 80_2024.pdf"", ""RESOLUÇÃO Nº 80-2024-Autoriza  o funcionamento do Curso Aperfeiçoamento Escola da Terra, no Instituto Federal de Educação, Ciência e Tecnologia do Piauí (IFPI)..pdf"", ""RESOLUÇÃO Nº 19-2025-Aprova a Criação do Curso de Especialização Escola da Terra, no âmbito do Instituto Federal de Educação, Ciência e Tecnologia do Piauí (IFPI) e Anexo.pdf"", ""RESOLUÇÃO Nº 14-2025-Aprova a Criação do Curso de Aperfeiçoamento Escola da Terra, no âmbito do Instituto Federal de Educação, Ciência e Tecnologia do Piauí (IFPI) e Anexo..pdf"", ""RESOLUÇÃO Nº 81-2025-Aprova a Reformulação do Curso de Aperfeiçoamento Escola da Terra, no âmbito do Instituto Federal de Educação, Ciência e Tecnologia do Piauí (IFPI)  e Anexo.pdf"", ""RESOLUÇÃO Nº 14-2025-Aprova a Criação do Curso de Aperfeiçoamento Escola da Terra, no âmbito do Instituto Federal de Educação, Ciência e Tecnologia do Piauí (IFPI) e Anexo..pdf"", ""RESOLUÇÃO Nº 19-2025-Aprova a Criação do Curso de Especialização Escola da Terra, no âmbito do Instituto Federal de Educação, Ciência e Tecnologia do Piauí (IFPI) e Anexo.pdf"", ""RESOLUÇÃO Nº 14-2025-Aprova a Criação do Curso de Aperfeiçoamento Escola da Terra, no âmbito do Instituto Federal de Educação, Ciência e Tecnologia do Piauí (IFPI) e Anexo..pdf""]","[""RESOLUÇÃO Nº 19-2025-Aprova a Criação do Curso de Especialização Escola da Terra, no âmbito do Instituto Federal de Educação, Ciência e Tecnologia do Piauí (IFPI) e Anexo.pdf"", ""RESOLUÇÃO Nº 19-2025-Aprova a Criação do Curso de Especialização Escola da Terra, no âmbito do Instituto Federal de Educação, Ciência e Tecnologia do Piauí (IFPI) e Anexo.pdf"", ""RESOLUÇÃO Nº 80-2024-Autoriza  o funcionamento do Curso Aperfeiçoamento Escola da Terra, no Instituto Federal de Educação, Ciência e Tecnologia do Piauí (IFPI)..pdf"", ""RESOLUÇÃO Nº 79-2024-Autoriza  o funcionamento do Curso Aperfeiçoamento Escola da Terra, no IFPI - Tornada sem efeito pela Resolução nº 80_2024.pdf"", ""RESOLUÇÃO Nº 30-2025-Autoriza  o funcionamento do Curso de Especialização Escola da Terra, nos campi do Instituto Federal de Educação, Ciência e Tecnologia do Piauí (IFPI)..pdf"", ""RESOLUÇÃO Nº 14-2025-Aprova a Criação do Curso de Aperfeiçoamento Escola da Terra, no âmbito do Instituto Federal de Educação, Ciência e Tecnologia do Piauí (IFPI) e Anexo..pdf"", ""RESOLUÇÃO Nº 14-2025-Aprova a Criação do Curso de Aperfeiçoamento Escola da Terra, no âmbito do Instituto Federal de Educação, Ciência e Tecnologia do Piauí (IFPI) e Anexo..pdf"", ""RESOLUÇÃO Nº 19-2025-Aprova a Criação do Curso de Especialização Escola da Terra, no âmbito do Instituto Federal de Educação, Ciência e Tecnologia do Piauí (IFPI) e Anexo.pdf"", ""RESOLUÇÃO Nº 14-2025-Aprova a Criação do Curso de Aperfeiçoamento Escola da Terra, no âmbito do Instituto Federal de Educação, Ciência e Tecnologia do Piauí (IFPI) e Anexo..pdf"", ""RESOLUÇÃO Nº 81-2025-Aprova a Reformulação do Curso de Aperfeiçoamento Escola da Terra, no âmbito do Instituto Federal de Educação, Ciência e Tecnologia do Piauí (IFPI)  e Anexo.pdf""]",6.0,6.0,0.16666666666666666,0.16666666666666666,0.0,0.0,0.0,1.0,0.0,0.0,0.0,1.0,0.0,10,10,4,3.7931
1,43,dense_rerank,"RESOLUÇÃO Nº 14-2025-Aprova a Criação do Curso de Aperfeiçoamento Escola da Terra, no âmbito do Instituto Federal de Educação, Ciência e Tecnologia do Piauí (IFPI) e Anexo..pdf",Quem é o coordenador do curso Escola da Terra?,O coordenador do curso Escola da Terra é Gilson Mendes Araújo.,O coordenador do curso Escola da Terra é Emanuel Alcântara da Silva.,"[Trecho 1 | Fonte: RESOLUÇÃO Nº 19-2025-Aprova a Criação do Curso de Especialização Escola da Terra, no âmbito do Instituto Federal de Educação, Ciência e Tecnologia do Piauí (IFPI) e Anexo.pdf]
pública. Prof. Me. Emanuel Alcântara da Silva Coordenador do Projeto Especialização Escola da Terra Assunto: Especialização Escola da Terra Assinado por: Nalva Sousa Tipo do Documento: Projeto Situação: Finalizado Nível de Acesso: Público Tipo do Conferência: Documento Original Documento assinado eletronicamente por: Nalva Maria Rodrigues de Sousa, DIRETOR(A) - CD4 - DIETEC-IFPI, em 17/03/2025 15:29:35. Este documento foi armazenado no SUAP em 17/03/2025. Para comprovar sua integridade, faça a leitura do QRCode ao lado ou acesse https://suap.ifpi.edu.br/verificar-documento-externo/ e forneça os dados abaixo: Código Verificador: 629967 Código de Autenticação: 8eeb9e0511

[Trecho 2 | Fonte: RESOLUÇÃO Nº 19-2025-Aprova a Criação do Curso de Especialização Escola da Terra, no âmbito do Instituto Federal de Educação, Ciência e Tecnologia do Piauí (IFPI) e Anexo.pdf]
Escola da Terra (Aperfeiçoamento) no sul do Piauí Atividades com prof. Cursistas Out/2024 a Nov./2025 Vigência do projeto/TED Set./2024 a Dez./2025 Emanuel Alcântara da Silva - CPF: 013.686.243-83 (86) 98821-4863 / E-mail: emanuel.alcantara@ifpi.edu.br Vinculação do projeto na IES: Coordenador do Curso: Pró-reitoria de Pesquisa, Pós-graduação e Inovação (PROPI) (86) 3131-1409 /E-mail: propi@ifpi.edu.br Informações sobre Oferta Nova oferta - referência 2024 II. OBJETO E JUSTIFICATIVA Trata-se de um Termo de Execução Descentralizada (TED) para prover recursos/custeio para realização de curso de formação continuada de professores da educação básica do campo e de territórios quilombolas em nível de especialização lato sensu nos termos previstos neste projeto. O TED será vinculado à Coordenação Geral de Educação do Campo - CGEC/DIPECEI/SECADI/MEC (concedente) e Instituto Federal de Educação, Ciência e Tecnologia do Piauí - IFPI (proponente), em parceria com a Secretaria de Educação do Estado do Piauí - SEDUC e secretarias municipais, no âmbito do Programa Escola da Terra. A educação escolar quilombola é um tipo de educação voltada especificamente para as comunidades remanescentes de quilombos que frequentam escolas públicas. Esse tipo de educação busca promover a cultura, as tradições e a história dessas comunidades, oferecendo um currículo que inclui conteúdos e metodologias que consideram as particularidades dessas comunidades. A educação escolar quilombola é garantida pela

[Trecho 3 | Fonte: RESOLUÇÃO Nº 19-2025-Aprova a Criação do Curso de Especialização Escola da Terra, no âmbito do Instituto Federal de Educação, Ciência e Tecnologia do Piauí (IFPI) e Anexo.pdf]
científico, resultante de uma pesquisa intervenção realizada na escola com a produção de material didático-pedagógico a ser utilizado em escolas do/no campo. O TCC será orientado pelo corpo docente do curso. Contudo, tendo em vista a quantidade de alunos, serão selecionados outros especialistas da área para colaborar nessa atividade, conforme definição da Secadi/MEC. Esse trabalho, terá a carga-horária de 47 (quarenta e sete) horas de Tempo Universidade (TU) e 19 (dezenove) horas de Tempo Comunidade (TC). O artigo deve apresentar referencial teórico consistente, argumentação clara e explícita e correção de linguagem, além de descrever analiticamente o processo de intervenção na escola e de produção e aplicação do material didático-pedagógico. Caberá à equipe pedagógica do Curso elaborar documento específico para normatização do TCC, conforme definições constantes em seu projeto pedagógico. Após a produção, o artigo será defendido pelo aluno perante banca examinadora composta pelo professor orientador, que a preside, e por outros dois membros. A equipe pedagógica do curso organizará, ao final do curso, um seminário de defesas dos TCC, como forma de apresentação pública e avaliação dos trabalhos. VI. DESENVOLVIMENTO DO CURSO 6.1 Metodologia O curso será organizado conforme a orientação do Manual de Gestão da Escola da Terra, onde encontram-se reunidos os conceitos, as regras e os procedimentos para a ação “Escola da Terra” e seu funcionamento, assim como as etapas de criação,

[Trecho 4 | Fonte: RESOLUÇÃO Nº 14-2025-Aprova a Criação do Curso de Aperfeiçoamento Escola da Terra, no âmbito do Instituto Federal de Educação, Ciência e Tecnologia do Piauí (IFPI) e Anexo..pdf]
MINISTÉRIO DA EDUCAÇÃO SECRETARIA DE EDUCAÇÃO PROFISSIONAL E TECNOLÓGIA -SETEC INSTITUTO FEDERAL DE EDUCAÇÃO, CIÊNCIA E TECNOLOGIA DO PIAUÍ PROGRAMA ESCOLA DA TERRA -PROJETO DE CURSO 2025-2026 I. IDENTIFICAÇÃO 1.1 Instituição: Instituto Federal de Educação, Ciência e Tecnologia do Piauí 1.2 CNPJ: 10.806.496/0001-49 Av. Pres. Jânio Quadros, 330 - Santa Isabel, Teresina - PI, 64053-390 1.4 Contatos: Telefone: (86) ----- 1.5 Curso: ESCOLA DA TERRA 1.6 Nível: APERFEIÇOAMENTO 1.7 Modalidade: Presencial: Pedagogia/Regime da Alternância 1.8 Carga Horária: Total: 180 horas Presencial (Tempo-Universidade): 126 h/a Tempo-Escola/Comunidade: 54 h/a 1.9 Meta Física: 120 vagas para professoras e coordenadoras pedagógicas de turmas multisseriadas. 1.10 Custeio: R$ 144.000,00 1.11 Local de Realização: 1.3 Endereço: Território da Chapada Valo do Rio Itain e Vale do Rio Guaribas Paulistana -PI, Jacobina do Piauí-PI, Caridade do Piauí - PI, Patos do Piauí - PI, PIO IX -PI, Fronteiras -PI, Padre Marcos -PI, Caldeirão Grande do Piauí -PI, Alagoinha -PI São Julião -PI. 1.13 Início do curso: Março/2025 1.14 Término do curso: 1.12 Municípios de abrangência Janeiro /2026 1.15 VIGÊNCIA PROJETO/TED MARÇO DE 2025 ATÉ 31 DE JANEIRO DE 2026 Gilson Mendes Araújo - CPF: 889,824,911-04 - Categoria: Professor Dr. Do Ensino Básico e Tecnológico - EBTT (89) 994014780 / E-mail: gilson.mendes@ifpi.edu.br Informações Sobre a Oferta Nova oferta/2025 1.16 Coordenador do Curso: II. OBJETO E JUSTIFICATIVA Trata-se de","[""RESOLUÇÃO Nº 19-2025-Aprova a Criação do Curso de Especialização Escola da Terra, no âmbito do Instituto Federal de Educação, Ciência e Tecnologia do Piauí (IFPI) e Anexo.pdf"", ""RESOLUÇÃO Nº 19-2025-Aprova a Criação do Curso de Especialização Escola da Terra, no âmbito do Instituto Federal de Educação, Ciência e Tecnologia do Piauí (IFPI) e Anexo.pdf"", ""RESOLUÇÃO Nº 19-2025-Aprova a Criação do Curso de Especialização Escola da Terra, no âmbito do Instituto Federal de Educação, Ciência e Tecnologia do Piauí (IFPI) e Anexo.pdf"", ""RESOLUÇÃO Nº 14-2025-Aprova a Criação do Curso de Aperfeiçoamento Escola da Terra, no âmbito do Instituto Federal de Educação, Ciência e Tecnologia do Piauí (IFPI) e Anexo..pdf""]","[""RESOLUÇÃO Nº 19-2025-Aprova a Criação do Curso de Especialização Escola da Terra, no âmbito do Instituto Federal de Educação, Ciência e Tecnologia do Piauí (IFPI) e Anexo.pdf"", ""RESOLUÇÃO Nº 19-2025-Aprova a Criação do Curso de Especialização Escola da Terra, no âmbito do Instituto Federal de Educação, Ciência e Tecnologia do Piauí (IFPI) e Anexo.pdf"", ""RESOLUÇÃO Nº 19-2025-Aprova a Criação do Curso de Especialização Escola da Terra, no âmbito do Instituto Federal de Educação, Ciência e Tecnologia do Piauí (IFPI) e Anexo.pdf"", ""RESOLUÇÃO Nº 14-2025-Aprova a Criação do Curso de Aperfeiçoamento Escola da Terra, no âmbito do Instituto Federal de Educação, Ciência e Tecnologia do Piauí (IFPI) e Anexo..pdf"", ""RESOLUÇÃO Nº 81-2025-Aprova a Reformulação do Curso de Aperfeiçoamento Escola da Terra, no âmbito do Instituto Federal de Educação, Ciência e Tecnologia do Piauí (IFPI)  e Anexo.pdf"", ""RESOLUÇÃO Nº 14-2025-Aprova a Criação do Curso de Aperfeiçoamento Escola da Terra, no âmbito do Instituto Federal de Educação, Ciência e Tecnologia do Piauí (IFPI) e Anexo..pdf"", ""RESOLUÇÃO Nº 81-2025-Aprova a Reformulação do Curso de Aperfeiçoamento Escola da Terra, no âmbito do Instituto Federal de Educação, Ciência e Tecnologia do Piauí (IFPI)  e Anexo.pdf"", ""RESOLUÇÃO Nº 44-2024 -Aprova a criação do Curso Superior de Tecnologia em Marketing, no IFPI e Anexo.pdf"", ""RESOLUÇÃO Nº 14-2025-Aprova a Criação do Curso de Aperfeiçoamento Escola da Terra, no âmbito do Instituto Federal de Educação, Ciência e Tecnologia do Piauí (IFPI) e Anexo..pdf"", ""RESOLUÇÃO Nº 81-2025-Aprova a Reformulação do Curso de Aperfeiçoamento Escola da Terra, no âmbito do Instituto Federal de Educação, Ciência e Tecnologia do Piauí (IFPI)  e Anexo.pdf""]","[""RESOLUÇÃO Nº 19-2025-Aprova a Criação do Curso de Especialização Escola da Terra, no âmbito do Instituto Federal de Educação, Ciência e Tecnologia do Piauí (IFPI) e Anexo.pdf"", ""RESOLUÇÃO Nº 19-2025-Aprova a Criação do Curso de Especialização Escola da Terra, no âmbito do Instituto Federal de Educação, Ciência e Tecnologia do Piauí (IFPI) e Anexo.pdf"", ""RESOLUÇÃO Nº 19-2025-Aprova a Criação do Curso de Especialização Escola da Terra, no âmbito do Instituto Federal de Educação, Ciência e Tecnologia do Piauí (IFPI) e Anexo.pdf"", ""RESOLUÇÃO Nº 14-2025-Aprova a Criação do Curso de Aperfeiçoamento Escola da Terra, no âmbito do Instituto Federal de Educação, Ciência e Tecnologia do Piauí (IFPI) e Anexo..pdf"", ""RESOLUÇÃO Nº 81-2025-Aprova a Reformulação do Curso de Aperfeiçoamento Escola da Terra, no âmbito do Instituto Federal de Educação, Ciência e Tecnologia do Piauí (IFPI)  e Anexo.pdf"", ""RESOLUÇÃO Nº 14-2025-Aprova a Criação do Curso de Aperfeiçoamento Escola da Terra, no âmbito do Instituto Federal de Educação, Ciência e Tecnologia do Piauí (IFPI) e Anexo..pdf"", ""RESOLUÇÃO Nº 81-2025-Aprova a Reformulação do Curso de Aperfeiçoamento Escola da Terra, no âmbito do Instituto Federal de Educação, Ciência e Tecnologia do Piauí (IFPI)  e Anexo.pdf"", ""RESOLUÇÃO Nº 44-2024 -Aprova a criação do Curso Superior de Tecnologia em Marketing, no IFPI e Anexo.pdf"", ""RESOLUÇÃO Nº 14-2025-Aprova a Criação do Curso de Aperfeiçoamento Escola da Terra, no âmbito do Instituto Federal de Educação, Ciência e Tecnologia do Piauí (IFPI) e Anexo..pdf"", ""RESOLUÇÃO Nº 81-2025-Aprova a Reformulação do Curso de Aperfeiçoamento Escola da Terra, no âmbito do Instituto Federal de Educação, Ciência e Tecnologia do Piauí (IFPI)  e Anexo.pdf""]",4.0,4.0,0.25,0.25,0.0,0.0,1.0,1.0,0.0,0.0,1.0,1.0,1.0,10,10,4,3.1381
1,43,dense_rerank,"RESOLUÇÃO NORMATIVA Nº 236-2025-Prorroga o Plano Diretor de Tecnologia da Informação e Comunicação (PDTIC-2022-2024), do Instituto Federal de Educação, Ciência e Tecnologia do Piauí (IFPI) e Anexo.pdf",Para qual exercício foi prorrogada a vigência do PDTIC-2022/2024 do IFPI?,A vigência do PDTIC-2022/2024 foi prorrogada para o exercício de 2025.,"O Plano Diretor de Tecnologia da Informação e Comunicação (PDTIC-2022/2024) do Instituto Federal de Educação, Ciência e Tecnologia do Piauí (IFPI) foi prorrogado para o exercício de 2025.","[Trecho 1 | Fonte: RESOLUÇÃO NORMATIVA Nº 236-2025-Prorroga o Plano Diretor de Tecnologia da Informação e Comunicação (PDTIC-2022-2024), do Instituto Federal de Educação, Ciência e Tecnologia do Piauí (IFPI) e Anexo.pdf]
relacionadas. RESULTADOS DO PDTIC ANTERIOR Após a análise do PDTIC anterior, foi possível identificar quais ações foram concluídas, quais foram replanejadas ou não efetivadas. O PDTIC 2022-2024 é uma revisão do Plano Diretor de TIC atual do IFPI, previsto inicialmente para o horizonte temporal de 2019 a 2020, desta forma, os resultados apresentados neste item (Figura 04) são referentes ao último PDTIC vigente no âmbito do Instituto Federal do Piauí, o qual contemplava as ações de TIC para o período de vigência. O PDTIC 2019-2020 apresentou um plano de 79 necessidades a serem sanadas para o período de vigência. Algumas foram alcançadas com sucesso, tendo algumas necessidades atendidas total ou parcialmente. Desta forma, o propósito deste documento também é acompanhar o andamento das ações estabelecidas a fim de que eliminem as necessidades em relação à TIC para o IFPI. As necessidades não cumpridas serão avaliadas novamente e, caso ainda desejadas, serão inseridas novamente no PDTIC para que sejam contempladas em novos planos de ações e projetos. Figura 03 - Resultados do PDTIC anterior REFERENCIAL ESTRATÉGICO DE TIC O referencial estratégico de TIC é composto pela missão, visão, valores, objetivos estratégicos, análise do ambiente organizacional e princípios e diretrizes. O alinhamento estratégico corresponde ao alinhamento entre os instrumentos de planejamento de TIC adotados pelo IFPI. Os trabalhos realizados durante a execução do PDTIC seguiram as orientações do IFPI com

[Trecho 2 | Fonte: RESOLUÇÃO NORMATIVA Nº 236-2025-Prorroga o Plano Diretor de Tecnologia da Informação e Comunicação (PDTIC-2022-2024), do Instituto Federal de Educação, Ciência e Tecnologia do Piauí (IFPI) e Anexo.pdf]
Ministério da Educação Instituto Federal de Educação, Ciência e Tecnologia do Piauí IFPI Av. Jânio Quadros, 330, Santa Isabel, TERESINA / PI, CEP 64053-390 Fone: (86) 3131-1443 Site: www.ifpi.edu.br RESOLUÇÃO NORMATIVA CONSUP/OSUPCOL/REI/IFPI N° 236, de 16 de janeiro de 2025. Prorroga o Plano Diretor de Tecnologia da Informação e Comunicação (PDTIC-2022/2024), do InsAtuto Federal de Educação, Ciência e Tecnologia do Piauí (IFPI), e dá outras providências. A Presidente SubsAtuta do Conselho Superior do InsAtuto Federal de Educação, Ciência e Tecnologia do Piauí, no uso de suas atribuições conferidas no Estatuto deste InsAtuto Federal, aprovado pela Resolução NormaAva nº 59, de 20 de agosto de 2021, publicada no Diário Oﬁcial da União de 23 de agosto de 2021, e considerando deliberação em reunião ordinária do dia 18 de dezembro de 2024, ​RESOLVE: RESOLVE: Art. 1º Prorrogar a vigência do Plano Diretor de Tecnologia da Informação e Comunicação (PDTIC-2022/2024), do InsAtuto Federal de Educação, Ciência e Tecnologia do Piauí (IFPI), para o exercício de 2025, mantendo-se inalteradas as diretrizes, objeAvos e metas estabelecidas no documento original, salvo ajustes que se mostrem necessários durante o período prorrogado, mediante aprovação formal. Art. 2º O PDTIC está disponível na aba: https://www.ifpi.edu.br/a- instituicao/diretorias-sistemicas/tecnologia-da-informacao/pdtic. Art. 3º Fica revogada a Resolução NormaAva nº 133/2022 - CONSELHO SUPERIOR, de 29 de abril de 2022. Art.

[Trecho 3 | Fonte: RESOLUÇÃO NORMATIVA Nº 236-2025-Prorroga o Plano Diretor de Tecnologia da Informação e Comunicação (PDTIC-2022-2024), do Instituto Federal de Educação, Ciência e Tecnologia do Piauí (IFPI) e Anexo.pdf]
de indicadores, seja possível visualizar a evolução do cumprimento da missão institucional da área de TI. Diante desse contexto, para o período de 2022 a 2024, o PDTIC do IFPI visa ser mais do que um atendimento às exigências dos órgãos de controle, e sim um instrumento efetivo de planejamento que oriente as ações de TIC e agregue valor à educação provida pela instituição. REFERÊNCIAS BRASIL. Constituição da República Federativa do Brasil. Diário Oficial da União, out 1988. BRASIL. SGD/ME. Instrução Normativa no 01, de 04 de abril de 2019 BRASIL. MP/STI. Estratégia de Governança Digital - EGD – 2020-2022. Disponível em: <https://www.gov.br/governodigital/pt-br/EGD2020>. BRASIL. MP/SISP. Guia de PDTIC do SISP v2.0. Disponível em: <https://www.gov.br/governodigital/pt-br/sisp/documentos/guia-de-pdtic-do-sisp-v2.0>.

[Trecho 4 | Fonte: RESOLUÇÃO NORMATIVA Nº 236-2025-Prorroga o Plano Diretor de Tecnologia da Informação e Comunicação (PDTIC-2022-2024), do Instituto Federal de Educação, Ciência e Tecnologia do Piauí (IFPI) e Anexo.pdf]
e Assistentes de Laboratório que hoje suprem as demandas de TI nos campi, o IFPI apresenta uma defasagem de pelo menos 17 servidores. Em consonância com os Objetivos Estratégicos OE08 – Promover a aprendizagem e o desenvolvimento profissional, e OE07 – Atrair e motivar os servidores da DTI, durante a vigência deste PDTI, deverão ser fomentadas ações de capacitação para os servidores lotados na DTI e nos campi. As temáticas de capacitação da força de trabalho alocada em funções de TIC no âmbito do IFPI serão identificadas de forma contínua e farão parte do Plano de Capacitação Anual da DTIC, previsto no plano de ações deste PDTIC. PLANO ORÇAMENTÁRIO Neste item é apresentada a previsão orçamentária para implementação do PDTIC 2022-2024, realizada com base numa estimativa de ordem de grandeza, a qual pode resultar em grande variação entre o previsto e o efetivamente realizado. Este Plano Orçamentário deverá ser revisto continuamente durante o empreendimento de implementação do PDTIC. O plano orçamentário prevê as necessidades de recursos financeiros de custeio e investimento, considerando o dispêndio financeiro com contratos já existentes e os valores estimados para soluções a serem implantadas, para os seguintes tipos de despesas da área de TIC: a) Equipamentos e serviços de infraestrutura de TIC; b) Aquisição e licenciamento de uso de softwares; c) Serviços técnicos especializados; e d) Material de consumo. Tabela 10 - Proposta orçamentária do PDIC 2022-2024 SERVIÇO/ MATERIAL","[""RESOLUÇÃO NORMATIVA Nº 236-2025-Prorroga o Plano Diretor de Tecnologia da Informação e Comunicação (PDTIC-2022-2024), do Instituto Federal de Educação, Ciência e Tecnologia do Piauí (IFPI) e Anexo.pdf"", ""RESOLUÇÃO NORMATIVA Nº 236-2025-Prorroga o Plano Diretor de Tecnologia da Informação e Comunicação (PDTIC-2022-2024), do Instituto Federal de Educação, Ciência e Tecnologia do Piauí (IFPI) e Anexo.pdf"", ""RESOLUÇÃO NORMATIVA Nº 236-2025-Prorroga o Plano Diretor de Tecnologia da Informação e Comunicação (PDTIC-2022-2024), do Instituto Federal de Educação, Ciência e Tecnologia do Piauí (IFPI) e Anexo.pdf"", ""RESOLUÇÃO NORMATIVA Nº 236-2025-Prorroga o Plano Diretor de Tecnologia da Informação e Comunicação (PDTIC-2022-2024), do Instituto Federal de Educação, Ciência e Tecnologia do Piauí (IFPI) e Anexo.pdf""]","[""RESOLUÇÃO NORMATIVA Nº 236-2025-Prorroga o Plano Diretor de Tecnologia da Informação e Comunicação (PDTIC-2022-2024), do Instituto Federal de Educação, Ciência e Tecnologia do Piauí (IFPI) e Anexo.pdf"", ""RESOLUÇÃO NORMATIVA Nº 236-2025-Prorroga o Plano Diretor de Tecnologia da Informação e Comunicação (PDTIC-2022-2024), do Instituto Federal de Educação, Ciência e Tecnologia do Piauí (IFPI) e Anexo.pdf"", ""RESOLUÇÃO NORMATIVA Nº 236-2025-Prorroga o Plano Diretor de Tecnologia da Informação e Comunicação (PDTIC-2022-2024), do Instituto Federal de Educação, Ciência e Tecnologia do Piauí (IFPI) e Anexo.pdf"", ""RESOLUÇÃO NORMATIVA Nº 236-2025-Prorroga o Plano Diretor de Tecnologia da Informação e Comunicação (PDTIC-2022-2024), do Instituto Federal de Educação, Ciência e Tecnologia do Piauí (IFPI) e Anexo.pdf"", ""RESOLUÇÃO NORMATIVA Nº 236-2025-Prorroga o Plano Diretor de Tecnologia da Informação e Comunicação (PDTIC-2022-2024), do Instituto Federal de Educação, Ciência e Tecnologia do Piauí (IFPI) e Anexo.pdf"", ""RESOLUÇÃO NORMATIVA Nº 236-2025-Prorroga o Plano Diretor de Tecnologia da Informação e Comunicação (PDTIC-2022-2024), do Instituto Federal de Educação, Ciência e Tecnologia do Piauí (IFPI) e Anexo.pdf"", ""RESOLUÇÃO NORMATIVA Nº 236-2025-Prorroga o Plano Diretor de Tecnologia da Informação e Comunicação (PDTIC-2022-2024), do Instituto Federal de Educação, Ciência e Tecnologia do Piauí (IFPI) e Anexo.pdf"", ""RESOLUÇÃO NORMATIVA Nº 208-2024-Aprova a revisão do Plano de Desenvolvimento Institucional (PDI), 2020-2024, do IFPI e Anexo.pdf""]","[""RESOLUÇÃO NORMATIVA Nº 236-2025-Prorroga o Plano Diretor de Tecnologia da Informação e Comunicação (PDTIC-2022-2024), do Instituto Federal de Educação, Ciência e Tecnologia do Piauí (IFPI) e Anexo.pdf"", ""RESOLUÇÃO NORMATIVA Nº 236-2025-Prorroga o Plano Diretor de Tecnologia da Informação e Comunicação (PDTIC-2022-2024), do Instituto Federal de Educação, Ciência e Tecnologia do Piauí (IFPI) e Anexo.pdf"", ""RESOLUÇÃO NORMATIVA Nº 236-2025-Prorroga o Plano Diretor de Tecnologia da Informação e Comunicação (PDTIC-2022-2024), do Instituto Federal de Educação, Ciência e Tecnologia do Piauí (IFPI) e Anexo.pdf"", ""RESOLUÇÃO NORMATIVA Nº 236-2025-Prorroga o Plano Diretor de Tecnologia da Informação e Comunicação (PDTIC-2022-2024), do Instituto Federal de Educação, Ciência e Tecnologia do Piauí (IFPI) e Anexo.pdf"", ""RESOLUÇÃO NORMATIVA Nº 236-2025-Prorroga o Plano Diretor de Tecnologia da Informação e Comunicação (PDTIC-2022-2024), do Instituto Federal de Educação, Ciência e Tecnologia do Piauí (IFPI) e Anexo.pdf"", ""RESOLUÇÃO NORMATIVA Nº 236-2025-Prorroga o Plano Diretor de Tecnologia da Informação e Comunicação (PDTIC-2022-2024), do Instituto Federal de Educação, Ciência e Tecnologia do Piauí (IFPI) e Anexo.pdf"", ""RESOLUÇÃO NORMATIVA Nº 208-2024-Aprova a revisão do Plano de Desenvolvimento Institucional (PDI), 2020-2024, do IFPI e Anexo.pdf"", ""RESOLUÇÃO NORMATIVA Nº 236-2025-Prorroga o Plano Diretor de Tecnologia da Informação e Comunicação (PDTIC-2022-2024), do Instituto Federal de Educação, Ciência e Tecnologia do Piauí (IFPI) e Anexo.pdf""]",1.0,1.0,1.0,1.0,1.0,1.0,1.0,1.0,1.0,1.0,1.0,1.0,1.0,8,8,4,5.3141
1,43,dense_rerank,"RESOLUÇÃO NORMATIVA Nº 236-2025-Prorroga o Plano Diretor de Tecnologia da Informação e Comunicação (PDTIC-2022-2024), do Instituto Federal de Educação, Ciência e Tecnologia do Piauí (IFPI) e Anexo.pdf",Qual resolução foi revogada pela Resolução Normativa nº 236 de 2025?,"Foi revogada a Resolução Normativa nº 133/2022 - CONSELHO SUPERIOR, de 29 de abril de 2022.",A Resolução Normativa nº 248 de 2025 revogou a Resolução Normativa nº 113/2024.,"[Trecho 1 | Fonte: RESOLUÇÃO NORMATIVA Nº 226-2024-Atualiza as Normas que regulamentam a concessão de bolsas, no IFPI - TONRNADA SEM EFEITO PELA RN Nº 228_2024.pdf]
Art. 30. Ficam revogadas: I - a Resolução nº 15/2021 - CONSELHO SUPERIOR, de 19 de maio de 2021; e II - a Resolução NormaAva nº 206/2024- CONSELHO SUPERIOR, de 13 de maio de 2024. Anexo – Tabelas de Equivalência de Valores das Bolsas do IFPI TABELA 1 – A tabela utiliza como referência a carga horária de vinte horas semanais. Bolsa Institucional no País Bolsa do CNPq Equivalente à Bolsa Institucional Bolsa Prêmio Modalidade Sigla Modalidade Sigla Nível Teto Pesquisador – Doutor PEQ-A Produtividade em Pesquisa PQ 1A 3x Pesquisador – Mestre PEQ-B Produtividade em Pesquisa PQ 1B 3x Pesquisador – Especialista PEQ-C Produtividade em Pesquisa PQ 1C 3x Pesquisador – Graduado PEQ-D Produtividade em Pesquisa PQ 1D 3x Pesquisador – Técnico PEQ-E Apoio Técnico à Pesquisa AT NS 3x Pesquisador – Qualificado/Experiente PEQ-F Apoio Técnico à Pesquisa AT NM 3x Extensionista – Doutor EXT-A Produtividade em Desenvolvimento Tecnológico e Extensão Inovadora DT 1A 3x Extensionista – Mestre EXT-B Produtividade em Desenvolvimento Tecnológico e Extensão Inovadora DT 1B 3x Extensionista – Especialista EXT-C Produtividade em Desenvolvimento Tecnológico e Extensão Inovadora DT 1C 3x Extensionista – Graduado EXT-D Produtividade em Desenvolvimento Tecnológico e Extensão Inovadora DT 1D 3x Extensionista – Técnico EXT-E Apoio Técnico em Extensão no País ATP A 3x Extensionista – Qualificado/Experiente EXT-F Apoio Técnico em Extensão no País ATP B 3x Gestor de Programa GPA Desenvolvimento Tecnológico e

[Trecho 2 | Fonte: RESOLUÇÃO NORMATIVA Nº 248-2025-Aprova a atualização do Calendário Acadêmico para o Ano Letivo de 2025 do IFPI e Anexo.pdf]
do Calendário Acadêmico para o ano leAvo de 2025 dos Cursos de Educação Proﬁssional e Tecnológica, em todos os seus níveis, na modalidade presencial e dos Cursos de Graduação do InsAtuto Federal de Educação, Ciência e Tecnologia do Piauí (IFPI), conforme anexo. Art. 2º Fica Revogada a Resolução NormaAva nº 113/2024 - CONSELHO SUPERIOR, de 19 de dezembro de 2024. Art. 3º Esta Resolução entra em vigor na data da publicação.​ PAULO BORGES DA CUNHA Presidente do CONSUP MINISTÉRIO DA EDUCAÇÃO Secretaria de Educação Profissional e Tecnológica Instituto Federal de Educação, Ciência e Tecnologia do Piauí ANEXO INTERVALOS DE EXECUÇÃO DO CALENDÁRIO REFERÊNCIA PARA O ANO LETIVO DE 2025 INÍCIO: 17/02/2025 TÉRMINO: 06/03/2026 1º SEMESTRE DE 2025 2º SEMESTRE DE 2025 INÍCIO 2025/1 CAMPUS TÉRMINO INÍCIO 2025/2 TÉRMINO 2025/1 2025/2 ANGICAL 22/04/2025 03/09/2025 02/10/2025 06/03/2026 CAMPO MAIOR 07/04/2025 18/08/2025 23/09/2025 13/02/2026 COCAL 31/03/2025 08/08/2025 17/09/2025 12/02/2026 CORRENTE 20/03/2025 06/08/2025 09/09/2025 06/02/2026 DIRCEU 18/03/2025 21/07/2025 01/09/2025 12/01/2026 FLORIANO 17/02/2025 18/07/2025 13/08/2025 16/01/2026 JOSÉ DE FREITAS 25/03/2025 30/07/2025 08/09/2024 23/01/2026 OEIRAS 09/04/2025 22/08/2025 03/10/2025 28/02/2026 PARNAÍBA 21/03/2025 30/07/2025 28/08/2025 20/01/2026 PAULISTANA 07/04/2025 12/08/2025 23/09/2025 11/02/2026 PEDRO II 26/03/2025 06/08/2025 18/09/2025 11/02/2026 PICOS 23/04/2025 05/09/2025 07/10/2025 06/03/2026 PIO IX 02/04/2025 22/08/2025

[Trecho 3 | Fonte: RESOLUÇÃO Nº 112-2025- Aprova a reformulação do Curso Técnico em Administração Integrado ao Ensino Médio, no âmbiro do IFPI e Anexo-.pdf]
Disponível em: <http://www.prograd.ufu.br/legislacoes/resolucao-cnecp-no-1-de-17-de-junho-de-2004>. Acesso em: 05 ago. 2025. BRASIL. Resolução no 1, de 30 de maio de 2012. Estabelece as Diretrizes Nacionais para a Educação em Direitos Humanos. Brasília/DF: 2012. Disponível em: <http://portal.mec.gov.br/dmdocuments/rcp001_12.pdf>. Acesso em: 05 ago. 2025. RESOLUÇÃO NORMATIVA CONSUP/OSUPCOL/REI/IFPI N° 253, de 22 dedezembro de 2025 , que aprova a atualização da Organização Didática do Instituto Federal de Educação, Ciência e Tecnologia do Piauí (IFPI), e dá outras providências. Disponível em: https://www.ifpi.edu.br/a- instituicao/pro-reitorias/ensino/ copy_of_RESOLUCAO_NORMATIVA_N_2532025IFPIORGANIZAODIDTICADIAGRAMADA.pdf. CONSELHO SUPERIOR/INSTITUTO FEDERAL DE EDUCAÇÃO, CIÊNCIA E TECNOLOGIA DO PIAUÍ (IFPI). Resolução Normativa 121/2022. Atualiza o regulamento que estabelece as Normas e Procedimentos para a Mobilidade Acadêmica, Nacional e Internacional, de estudantes de Cursos de Graduação do IFPI e dá outras providências. Teresina/PI: 2013. Disponível em: https://drive.google.com/drive/folders/ 1DCCpIdpQByi8HST7gbJtNf32fcRwtCGV. Acesso em: 05 set. 2025. CONSELHO SUPERIOR/INSTITUTO FEDERAL DE EDUCAÇÃO, CIÊNCIA E TECNOLOGIA DO PIAUÍ (IFPI). RESOLUÇÃO NORMATIVA 125/2022 - CONSUP/OSUPCOL/REI/IFPI, de 6 de abril de 2022. Atualiza o Regulamento de participação dos servidores e discentes em Visitas Técnicas e Participação em Eventos de natureza acadêmica, científica, tecnológica,

[Trecho 4 | Fonte: RESOLUÇÃO NORMATIVA Nº 222-2024-Institui o Regulamento Interno do Comitê Gestor de Proteção de Dados Pessoais (CGPDP), no âmbito do Instituto Federal de Educação, Ciência e Tecnologia do Piauí (IFPI)..pdf]
Ministério da Educação Instituto Federal de Educação, Ciência e Tecnologia do Piauí IFPI Av. Jânio Quadros, Santa Isabel, TERESINA / PI, CEP 64053-390 Fone: (86) 3131-1443 Site: www.ifpi.edu.br RESOLUÇÃO NORMATIVA CONSUP/OSUPCOL/REI/IFPI N° 222, de 23 de agosto de 2024. Ins>tui o Regulamento Interno do Comitê Gestor de Proteção de Dados Pessoais (CGPDP), no âmbito do Ins>tuto Federal de Educação, Ciência e Tecnologia do Piauí (IFPI). A Presidente Subs>tuta do Conselho Superior do Ins>tuto Federal de Educação, Ciência e Tecnologia do Piauí, no uso de suas atribuições conferidas no Estatuto deste Ins>tuto Federal, aprovado pela Resolução Norma>va nº 59, de 20 de agosto de 2021, publicada no Diário Oﬁcial da União de 23 de agosto de 2021, considerando o processo nº 23172.002097/2024-02, deliberação em reunião do dia 21 de agosto de 2024, e ainda: a Lei nº 13.709, de 14 de agosto de 2018; a Lei nº 12.527, de 18 de novembro de 2011; o Decreto nº 9.637, de 26 de dezembro de 2018; a Portaria SGD/MGI Nº 852, de 28 de março de 2023; e a Resolução CD/ANPD Nº 18 de 16 julho de 2024; RESOLVE: RESOLVE: Art. 1º Ins>tuir o Regulamento do Comitê Gestor de Proteção de Dados Pessoais (CGPDP), que estabelece as diretrizes de sua atuação, no âmbito do Ins>tuto Federal de Educação, Ciência e Tecnologia do Piauí (IFPI). CAPÍTULO I DAS DISPOSIÇÕES PRELIMINARES Art. 2º O Comitê Gestor de Proteção de Dados Pessoais do IFPI é um grupo de trabalho multidisciplinar, de caráter permanente, subordinado ao","[""RESOLUÇÃO NORMATIVA Nº 226-2024-Atualiza as Normas que regulamentam a concessão de bolsas, no IFPI - TONRNADA SEM EFEITO PELA RN Nº 228_2024.pdf"", ""RESOLUÇÃO NORMATIVA Nº 248-2025-Aprova a atualização do Calendário Acadêmico para o Ano Letivo de 2025 do IFPI e Anexo.pdf"", ""RESOLUÇÃO Nº 112-2025- Aprova a reformulação do Curso Técnico em Administração Integrado ao Ensino Médio, no âmbiro do IFPI e Anexo-.pdf"", ""RESOLUÇÃO NORMATIVA Nº 222-2024-Institui o Regulamento Interno do Comitê Gestor de Proteção de Dados Pessoais (CGPDP), no âmbito do Instituto Federal de Educação, Ciência e Tecnologia do Piauí (IFPI)..pdf""]","[""RESOLUÇÃO NORMATIVA Nº 226-2024-Atualiza as Normas que regulamentam a concessão de bolsas, no IFPI - TONRNADA SEM EFEITO PELA RN Nº 228_2024.pdf"", ""RESOLUÇÃO NORMATIVA Nº 197-2024-Dispõe sobre o regulamento para emissão e registro de Certificados e Diplomas Eletrônicos de Cursos do IFPI -REVOGADA PELA RN 198_2024.pdf"", ""RESOLUÇÃO Nº 110-2025-Aprova a reformulação do Curso Técnico em Agroindústria Integrado ao Ensino Médio, no âmbito do IFPI e Anexo-.pdf"", ""RESOLUÇÃO Nº 90-2025-Aprova a reformulação do Curso Técnico em Vestuário, integrado ao Ensino Médio, no âmbito do IFPI e Anexo..pdf"", ""RESOLUÇÃO NORMATIVA Nº 248-2025-Aprova a atualização do Calendário Acadêmico para o Ano Letivo de 2025 do IFPI e Anexo.pdf"", ""RESOLUÇÃO NORMATIVA Nº 236-2025-Prorroga o Plano Diretor de Tecnologia da Informação e Comunicação (PDTIC-2022-2024), do Instituto Federal de Educação, Ciência e Tecnologia do Piauí (IFPI) e Anexo.pdf"", ""RESOLUÇÃO NORMATIVA Nº 222-2024-Institui o Regulamento Interno do Comitê Gestor de Proteção de Dados Pessoais (CGPDP), no âmbito do Instituto Federal de Educação, Ciência e Tecnologia do Piauí (IFPI)..pdf"", ""RESOLUÇÃO Nº 112-2025- Aprova a reformulação do Curso Técnico em Administração Integrado ao Ensino Médio, no âmbiro do IFPI e Anexo-.pdf"", ""RESOLUÇÃO NORMATIVA Nº 257-2025-Aprova o Regulamento de Estágio Curricular Supervisionado dos Cursos de Licenciatura do IFPI..pdf"", ""RESOLUÇÃO Nº 29-2024-Aprova a Reformulação do Projeto Pedagógico do Curso Técnico de Nível Médio em Mineração, modalidade de Ensino a Distância (EaD), do IFPI e Anexo.pdf""]","[""RESOLUÇÃO NORMATIVA Nº 226-2024-Atualiza as Normas que regulamentam a concessão de bolsas, no IFPI - TONRNADA SEM EFEITO PELA RN Nº 228_2024.pdf"", ""RESOLUÇÃO NORMATIVA Nº 248-2025-Aprova a atualização do Calendário Acadêmico para o Ano Letivo de 2025 do IFPI e Anexo.pdf"", ""RESOLUÇÃO Nº 112-2025- Aprova a reformulação do Curso Técnico em Administração Integrado ao Ensino Médio, no âmbiro do IFPI e Anexo-.pdf"", ""RESOLUÇÃO NORMATIVA Nº 222-2024-Institui o Regulamento Interno do Comitê Gestor de Proteção de Dados Pessoais (CGPDP), no âmbito do Instituto Federal de Educação, Ciência e Tecnologia do Piauí (IFPI)..pdf"", ""RESOLUÇÃO NORMATIVA Nº 236-2025-Prorroga o Plano Diretor de Tecnologia da Informação e Comunicação (PDTIC-2022-2024), do Instituto Federal de Educação, Ciência e Tecnologia do Piauí (IFPI) e Anexo.pdf"", ""RESOLUÇÃO NORMATIVA Nº 257-2025-Aprova o Regulamento de Estágio Curricular Supervisionado dos Cursos de Licenciatura do IFPI..pdf"", ""RESOLUÇÃO NORMATIVA Nº 197-2024-Dispõe sobre o regulamento para emissão e registro de Certificados e Diplomas Eletrônicos de Cursos do IFPI -REVOGADA PELA RN 198_2024.pdf"", ""RESOLUÇÃO Nº 110-2025-Aprova a reformulação do Curso Técnico em Agroindústria Integrado ao Ensino Médio, no âmbito do IFPI e Anexo-.pdf"", ""RESOLUÇÃO Nº 90-2025-Aprova a reformulação do Curso Técnico em Vestuário, integrado ao Ensino Médio, no âmbito do IFPI e Anexo..pdf"", ""RESOLUÇÃO Nº 29-2024-Aprova a Reformulação do Projeto Pedagógico do Curso Técnico de Nível Médio em Mineração, modalidade de Ensino a Distância (EaD), do IFPI e Anexo.pdf""]",6.0,5.0,0.16666666666666666,0.2,0.0,0.0,1.0,1.0,0.0,0.0,1.0,1.0,0.0,10,10,4,4.8848
1,43,dense_rerank,"RESOLUÇÃO NORMATIVA Nº 236-2025-Prorroga o Plano Diretor de Tecnologia da Informação e Comunicação (PDTIC-2022-2024), do Instituto Federal de Educação, Ciência e Tecnologia do Piauí (IFPI) e Anexo.pdf",Quais são as três fases da metodologia de elaboração do PDTIC descritas no documento?,"As três fases da metodologia de elaboração do PDTIC são Preparação, Diagnóstico e Planejamento.","As três fases da metodologia de elaboração do PDTIC são: Preparação, Diagnóstico e Planejamento.","[Trecho 1 | Fonte: RESOLUÇÃO NORMATIVA Nº 236-2025-Prorroga o Plano Diretor de Tecnologia da Informação e Comunicação (PDTIC-2022-2024), do Instituto Federal de Educação, Ciência e Tecnologia do Piauí (IFPI) e Anexo.pdf]
a execução de processos específicos em harmonia com os instrumentos de planejamento da instituição, tais como: Plano de Desenvolvimento Institucional - PDI, Estratégia de Governança Digital (EGD), a Instrução Normativa SGD/ME Nº 31/2021, entre outros. Figura 01 - Macroprocesso de elaboração do PDTIC Registra-se que a elaboração do PDTIC 2022-2024, conduzida pela Diretoria de Tecnologia da Informação (DTI), foi executada pela Equipe de Elaboração (Portaria nº 1.231/2021 de 29 de junho de 2021), constituída por representantes da Reitoria e dos diversos campi do IFPI. 1ª FASE: PREPARAÇÃO É a fase inicial que reúne aspectos decisórios de caráter superior, como a aprovação de documentos e atividades diretamente voltadas ao processo de elaboração do PDTIC. Nesta etapa elabora-se o Plano de Trabalho a ser apreciado pelo Comitê de Governança Digital ou equivalente. As atividades que compõem a fase “Preparação” são: a) Definir abrangência e período do PDTIC; b) Definir a Equipe de Elaboração do PDTIC; c) Descrever a metodologia de elaboração; d) Consolidar documentos de referência; e) Identificar estratégias da organização; f) Identificar princípios e diretrizes; g) Elaborar o Plano de Trabalho do PDTIC; h) Aprovar o Plano de Trabalho do PDTIC. 2ª FASE: DIAGNÓSTICO Essa fase é caracterizada pela compreensão da situação atual da TIC na organização e tem como objetivo identificar necessidades, problemas ou oportunidades que se espera resolver/alcançar. É uma fase marcada pela interação

[Trecho 2 | Fonte: RESOLUÇÃO NORMATIVA Nº 236-2025-Prorroga o Plano Diretor de Tecnologia da Informação e Comunicação (PDTIC-2022-2024), do Instituto Federal de Educação, Ciência e Tecnologia do Piauí (IFPI) e Anexo.pdf]
estratégicos. Destaca-se nesta fase a priorização das demandas e a elaboração do planejamento de metas e ações. As atividades que compõem a fase de “Planejamento” são: a) Atualizar critérios de priorização; b) Priorizar as necessidades inventariadas; c) Definir metas e ações; d) Planejar ações de pessoal; e) Planejar orçamento das ações do PDTIC; f) Identificar os fatores críticos de sucesso; g) Planejar o gerenciamento de riscos; h) Consolidar a Minuta do PDTIC. DOCUMENTOS DE REFERÊNCIA O levantamento dos documentos de referência visa identificar leis e regulamentações pertinentes à TIC buscando o alinhamento das ações de TIC com as diretrizes de Governo, do SISP e do próprio IFPI, garantindo assim a conformidade. São eles: a) Estatuto do IFPI; b) Plano de Desenvolvimento Institucional; c) Planejamento Estratégico; d) Plano Diretor de TIC 2019-2020; e) Regimento Geral do IFPI; f) Termo de Acordos e Metas (TAM); g) Política de Gestão de Riscos; h) Estratégia de Governança Digital (disponível em: https://www.gov.br/governodigital/pt-br/EGD2020); i) Instrução Normativa 31/2021 SGD/ME. PRINCÍPIOS E DIRETRIZES Princípios são valores fundamentais adotados por uma organização. São as convicções que orientam e impõem limites à tomada de decisão, à comunicação dentro e fora da organização, bem como à sua gestão e administração. São princípios de TIC do IFPI: ID Princípios/Diretrizes Origem Promover a padronização de serviços, processos, controles, aplicações e infraestrutura,

[Trecho 3 | Fonte: RESOLUÇÃO NORMATIVA Nº 236-2025-Prorroga o Plano Diretor de Tecnologia da Informação e Comunicação (PDTIC-2022-2024), do Instituto Federal de Educação, Ciência e Tecnologia do Piauí (IFPI) e Anexo.pdf]
propostas que permitam a instauração de um processo de melhoria continuada em Tecnologia da Informação e Comunicação para os itens de hardware, software, organização administrativa, processos de trabalho, investimentos e recursos humanos, além de apontar soluções para os problemas atuais identificados em TIC. Para esses itens, o PDTIC também define metas que deverão ser perseguidas pelo IFPI, as quais possibilitam a verificação do alcance dos objetivos propostos, tudo alinhado com o Planejamento Estratégico de TIC do IFPI. O Planejamento Estratégico de TIC pode ser realizado em três níveis: estratégico, tático e operacional. No Planejamento Estratégico é estabelecida a direção a ser seguida, por meio da definição dos objetivos e planos da instituição. O Planejamento Tático traduz os objetivos gerais e as estratégias da instituição em objetivos e atividades mais específicas. E por fim, o Planejamento Operacional descreve os recursos necessários para a implementação dos objetivos e atividades definidos no planejamento tático. METODOLOGIA DE ELABORAÇÃO A metodologia utilizada para a elaboração deste documento baseou-se no Guia de PDTIC do SISP, versão 2.0, adaptado à realidade do IFPI, onde divide-se em 03 (três) fases: Preparação, Diagnóstico e Planejamento. Cada fase compreende a execução de processos específicos em harmonia com os instrumentos de planejamento da instituição, tais como: Plano de Desenvolvimento Institucional - PDI, Estratégia de Governança Digital (EGD), a

[Trecho 4 | Fonte: RESOLUÇÃO NORMATIVA Nº 236-2025-Prorroga o Plano Diretor de Tecnologia da Informação e Comunicação (PDTIC-2022-2024), do Instituto Federal de Educação, Ciência e Tecnologia do Piauí (IFPI) e Anexo.pdf]
nos projetos por demora nas aquisições e contratações Atrasos ou inexecução das ações planejadas. Criar rotina para apresentar mensalmente o monitoramento das ações do PDTIC junto à Alta Gestão. R05 Falta de comunicação com a Alta Gestão 2 5 10 Planejamento não atender às necessidades da 2 4 8 Realizar a revisão anual do PDTIC. R06 Dimensionamento inadequado do PDTIC. Instituição. PROCESSO DE REVISÃO DO PDTIC Este PDTIC deverá ser revisto e atualizado a cada ano ou a qualquer tempo, de forma que possa acompanhar as mudanças do ambiente interno e externo e manter o alinhamento com os objetivos estratégicos e as diretrizes do IFPI. Vários motivos podem provocar atualizações no documento do PDTIC, como por exemplo: alterações nas necessidades, objetivos, metas, ações ou projetos, proposta orçamentária etc. No entanto, sugere-se que haja um motivo relevante, devidamente justificado, para a atualização do documento, de forma que não haja alterações que prejudiquem a finalidade do instrumento. É de responsabilidade da DTI monitorar a execução deste PDTIC e apresentar ao CGTIC a evolução da execução deste instrumento. A responsabilidade de revisão e deliberação do PDTIC é da DTI e do CGTIC, respectivamente. Vale ressaltar que o PDTIC só tem validade com a devida aprovação do CGTIC e publicação do resumo no DOU por meio de Portaria. Contudo, atualizações no plano de metas, no plano de ações e na proposta orçamentária podem ocorrer a qualquer tempo, mediante a aprovação do Presidente","[""RESOLUÇÃO NORMATIVA Nº 236-2025-Prorroga o Plano Diretor de Tecnologia da Informação e Comunicação (PDTIC-2022-2024), do Instituto Federal de Educação, Ciência e Tecnologia do Piauí (IFPI) e Anexo.pdf"", ""RESOLUÇÃO NORMATIVA Nº 236-2025-Prorroga o Plano Diretor de Tecnologia da Informação e Comunicação (PDTIC-2022-2024), do Instituto Federal de Educação, Ciência e Tecnologia do Piauí (IFPI) e Anexo.pdf"", ""RESOLUÇÃO NORMATIVA Nº 236-2025-Prorroga o Plano Diretor de Tecnologia da Informação e Comunicação (PDTIC-2022-2024), do Instituto Federal de Educação, Ciência e Tecnologia do Piauí (IFPI) e Anexo.pdf"", ""RESOLUÇÃO NORMATIVA Nº 236-2025-Prorroga o Plano Diretor de Tecnologia da Informação e Comunicação (PDTIC-2022-2024), do Instituto Federal de Educação, Ciência e Tecnologia do Piauí (IFPI) e Anexo.pdf""]","[""RESOLUÇÃO NORMATIVA Nº 236-2025-Prorroga o Plano Diretor de Tecnologia da Informação e Comunicação (PDTIC-2022-2024), do Instituto Federal de Educação, Ciência e Tecnologia do Piauí (IFPI) e Anexo.pdf"", ""RESOLUÇÃO NORMATIVA Nº 236-2025-Prorroga o Plano Diretor de Tecnologia da Informação e Comunicação (PDTIC-2022-2024), do Instituto Federal de Educação, Ciência e Tecnologia do Piauí (IFPI) e Anexo.pdf"", ""RESOLUÇÃO NORMATIVA Nº 236-2025-Prorroga o Plano Diretor de Tecnologia da Informação e Comunicação (PDTIC-2022-2024), do Instituto Federal de Educação, Ciência e Tecnologia do Piauí (IFPI) e Anexo.pdf"", ""RESOLUÇÃO NORMATIVA Nº 236-2025-Prorroga o Plano Diretor de Tecnologia da Informação e Comunicação (PDTIC-2022-2024), do Instituto Federal de Educação, Ciência e Tecnologia do Piauí (IFPI) e Anexo.pdf"", ""RESOLUÇÃO NORMATIVA Nº 236-2025-Prorroga o Plano Diretor de Tecnologia da Informação e Comunicação (PDTIC-2022-2024), do Instituto Federal de Educação, Ciência e Tecnologia do Piauí (IFPI) e Anexo.pdf"", ""RESOLUÇÃO Nº 84-2025-Aprova o Plano de Gestão de Riscos, no âmbito do Instituto Federal de Educação, Ciência e Tecnologia do Piauí (IFPI), biênio 2026-2028 e Anexo.pdf"", ""RESOLUÇÃO NORMATIVA Nº 236-2025-Prorroga o Plano Diretor de Tecnologia da Informação e Comunicação (PDTIC-2022-2024), do Instituto Federal de Educação, Ciência e Tecnologia do Piauí (IFPI) e Anexo.pdf"", ""RESOLUÇÃO NORMATIVA Nº 236-2025-Prorroga o Plano Diretor de Tecnologia da Informação e Comunicação (PDTIC-2022-2024), do Instituto Federal de Educação, Ciência e Tecnologia do Piauí (IFPI) e Anexo.pdf""]","[""RESOLUÇÃO NORMATIVA Nº 236-2025-Prorroga o Plano Diretor de Tecnologia da Informação e Comunicação (PDTIC-2022-2024), do Instituto Federal de Educação, Ciência e Tecnologia do Piauí (IFPI) e Anexo.pdf"", ""RESOLUÇÃO NORMATIVA Nº 236-2025-Prorroga o Plano Diretor de Tecnologia da Informação e Comunicação (PDTIC-2022-2024), do Instituto Federal de Educação, Ciência e Tecnologia do Piauí (IFPI) e Anexo.pdf"", ""RESOLUÇÃO NORMATIVA Nº 236-2025-Prorroga o Plano Diretor de Tecnologia da Informação e Comunicação (PDTIC-2022-2024), do Instituto Federal de Educação, Ciência e Tecnologia do Piauí (IFPI) e Anexo.pdf"", ""RESOLUÇÃO NORMATIVA Nº 236-2025-Prorroga o Plano Diretor de Tecnologia da Informação e Comunicação (PDTIC-2022-2024), do Instituto Federal de Educação, Ciência e Tecnologia do Piauí (IFPI) e Anexo.pdf"", ""RESOLUÇÃO NORMATIVA Nº 236-2025-Prorroga o Plano Diretor de Tecnologia da Informação e Comunicação (PDTIC-2022-2024), do Instituto Federal de Educação, Ciência e Tecnologia do Piauí (IFPI) e Anexo.pdf"", ""RESOLUÇÃO NORMATIVA Nº 236-2025-Prorroga o Plano Diretor de Tecnologia da Informação e Comunicação (PDTIC-2022-2024), do Instituto Federal de Educação, Ciência e Tecnologia do Piauí (IFPI) e Anexo.pdf"", ""RESOLUÇÃO Nº 84-2025-Aprova o Plano de Gestão de Riscos, no âmbito do Instituto Federal de Educação, Ciência e Tecnologia do Piauí (IFPI), biênio 2026-2028 e Anexo.pdf"", ""RESOLUÇÃO NORMATIVA Nº 236-2025-Prorroga o Plano Diretor de Tecnologia da Informação e Comunicação (PDTIC-2022-2024), do Instituto Federal de Educação, Ciência e Tecnologia do Piauí (IFPI) e Anexo.pdf""]",1.0,1.0,1.0,1.0,1.0,1.0,1.0,1.0,1.0,1.0,1.0,1.0,1.0,8,8,4,3.4816
1,43,dense_rerank,"RESOLUÇÃO NORMATIVA Nº 236-2025-Prorroga o Plano Diretor de Tecnologia da Informação e Comunicação (PDTIC-2022-2024), do Instituto Federal de Educação, Ciência e Tecnologia do Piauí (IFPI) e Anexo.pdf",Em que guia se baseou a metodologia de elaboração do PDTIC do IFPI?,"A metodologia de elaboração do PDTIC do IFPI baseou-se no Guia de PDTIC do SISP, versão 2.0, adaptado à realidade do IFPI.","A metodologia de elaboração do PDTIC do IFPI baseou-se no Guia de PDTIC do SISP, versão 2.0, adaptado à realidade do IFPI.","[Trecho 1 | Fonte: RESOLUÇÃO NORMATIVA Nº 236-2025-Prorroga o Plano Diretor de Tecnologia da Informação e Comunicação (PDTIC-2022-2024), do Instituto Federal de Educação, Ciência e Tecnologia do Piauí (IFPI) e Anexo.pdf]
estratégico corresponde ao alinhamento entre os instrumentos de planejamento de TIC adotados pelo IFPI. Os trabalhos realizados durante a execução do PDTIC seguiram as orientações do IFPI com base no contexto estratégico da área de Tecnologia da Informação e regido pela legislação, diretrizes governamentais, recomendações e decisões dos Órgãos de Controle, melhores práticas para a área de TI e estágio atual da área de Tecnologia da Informação do IFPI. Ainda à luz do referencial estratégico apresentado neste item, cabe destacar que, em função da sua natureza tática, ao ser implementado, o PDTIC 2022-2024 contribui para o alcance das estratégias apresentadas na Tabela 02. Por outro lado, analisando a Missão, Visão e Valores de TIC definidos no Plano Diretor de TIC do IFPI (PDTIC), cuja temporalidade compreende o período de 2019 a 2020, houve entendimento entre a equipe de elaboração do PDTIC e a gestão atual da DTI de que ainda servem de referencial para a estratégia atual, sendo por isso aqui reproduzidos. Tabela 02 - Mapa Estratégico de TIC MAPA ESTRATÉGICO DE TIC - INSTITUTO FEDERAL DO PIAUÍ MISSÃO: Avaliar, propor e implementar soluções na área de Tecnologia da Informação com foco nos objetivos estratégicos do IFPI. VISÃO: Ter a função da DTI disseminada e compreendida por toda a comunidade do IFPI com alto índice de satisfação interna. Uso correto dos recursos públicos; Eficácia; Responsabilidade; Integridade das informações; Inovação; Excelência nas atividades em TIC;

[Trecho 2 | Fonte: RESOLUÇÃO NORMATIVA Nº 236-2025-Prorroga o Plano Diretor de Tecnologia da Informação e Comunicação (PDTIC-2022-2024), do Instituto Federal de Educação, Ciência e Tecnologia do Piauí (IFPI) e Anexo.pdf]
propostas que permitam a instauração de um processo de melhoria continuada em Tecnologia da Informação e Comunicação para os itens de hardware, software, organização administrativa, processos de trabalho, investimentos e recursos humanos, além de apontar soluções para os problemas atuais identificados em TIC. Para esses itens, o PDTIC também define metas que deverão ser perseguidas pelo IFPI, as quais possibilitam a verificação do alcance dos objetivos propostos, tudo alinhado com o Planejamento Estratégico de TIC do IFPI. O Planejamento Estratégico de TIC pode ser realizado em três níveis: estratégico, tático e operacional. No Planejamento Estratégico é estabelecida a direção a ser seguida, por meio da definição dos objetivos e planos da instituição. O Planejamento Tático traduz os objetivos gerais e as estratégias da instituição em objetivos e atividades mais específicas. E por fim, o Planejamento Operacional descreve os recursos necessários para a implementação dos objetivos e atividades definidos no planejamento tático. METODOLOGIA DE ELABORAÇÃO A metodologia utilizada para a elaboração deste documento baseou-se no Guia de PDTIC do SISP, versão 2.0, adaptado à realidade do IFPI, onde divide-se em 03 (três) fases: Preparação, Diagnóstico e Planejamento. Cada fase compreende a execução de processos específicos em harmonia com os instrumentos de planejamento da instituição, tais como: Plano de Desenvolvimento Institucional - PDI, Estratégia de Governança Digital (EGD), a

[Trecho 3 | Fonte: RESOLUÇÃO NORMATIVA Nº 236-2025-Prorroga o Plano Diretor de Tecnologia da Informação e Comunicação (PDTIC-2022-2024), do Instituto Federal de Educação, Ciência e Tecnologia do Piauí (IFPI) e Anexo.pdf]
de indicadores, seja possível visualizar a evolução do cumprimento da missão institucional da área de TI. Diante desse contexto, para o período de 2022 a 2024, o PDTIC do IFPI visa ser mais do que um atendimento às exigências dos órgãos de controle, e sim um instrumento efetivo de planejamento que oriente as ações de TIC e agregue valor à educação provida pela instituição. REFERÊNCIAS BRASIL. Constituição da República Federativa do Brasil. Diário Oficial da União, out 1988. BRASIL. SGD/ME. Instrução Normativa no 01, de 04 de abril de 2019 BRASIL. MP/STI. Estratégia de Governança Digital - EGD – 2020-2022. Disponível em: <https://www.gov.br/governodigital/pt-br/EGD2020>. BRASIL. MP/SISP. Guia de PDTIC do SISP v2.0. Disponível em: <https://www.gov.br/governodigital/pt-br/sisp/documentos/guia-de-pdtic-do-sisp-v2.0>.

[Trecho 4 | Fonte: RESOLUÇÃO NORMATIVA Nº 236-2025-Prorroga o Plano Diretor de Tecnologia da Informação e Comunicação (PDTIC-2022-2024), do Instituto Federal de Educação, Ciência e Tecnologia do Piauí (IFPI) e Anexo.pdf]
estratégicos. Destaca-se nesta fase a priorização das demandas e a elaboração do planejamento de metas e ações. As atividades que compõem a fase de “Planejamento” são: a) Atualizar critérios de priorização; b) Priorizar as necessidades inventariadas; c) Definir metas e ações; d) Planejar ações de pessoal; e) Planejar orçamento das ações do PDTIC; f) Identificar os fatores críticos de sucesso; g) Planejar o gerenciamento de riscos; h) Consolidar a Minuta do PDTIC. DOCUMENTOS DE REFERÊNCIA O levantamento dos documentos de referência visa identificar leis e regulamentações pertinentes à TIC buscando o alinhamento das ações de TIC com as diretrizes de Governo, do SISP e do próprio IFPI, garantindo assim a conformidade. São eles: a) Estatuto do IFPI; b) Plano de Desenvolvimento Institucional; c) Planejamento Estratégico; d) Plano Diretor de TIC 2019-2020; e) Regimento Geral do IFPI; f) Termo de Acordos e Metas (TAM); g) Política de Gestão de Riscos; h) Estratégia de Governança Digital (disponível em: https://www.gov.br/governodigital/pt-br/EGD2020); i) Instrução Normativa 31/2021 SGD/ME. PRINCÍPIOS E DIRETRIZES Princípios são valores fundamentais adotados por uma organização. São as convicções que orientam e impõem limites à tomada de decisão, à comunicação dentro e fora da organização, bem como à sua gestão e administração. São princípios de TIC do IFPI: ID Princípios/Diretrizes Origem Promover a padronização de serviços, processos, controles, aplicações e infraestrutura,","[""RESOLUÇÃO NORMATIVA Nº 236-2025-Prorroga o Plano Diretor de Tecnologia da Informação e Comunicação (PDTIC-2022-2024), do Instituto Federal de Educação, Ciência e Tecnologia do Piauí (IFPI) e Anexo.pdf"", ""RESOLUÇÃO NORMATIVA Nº 236-2025-Prorroga o Plano Diretor de Tecnologia da Informação e Comunicação (PDTIC-2022-2024), do Instituto Federal de Educação, Ciência e Tecnologia do Piauí (IFPI) e Anexo.pdf"", ""RESOLUÇÃO NORMATIVA Nº 236-2025-Prorroga o Plano Diretor de Tecnologia da Informação e Comunicação (PDTIC-2022-2024), do Instituto Federal de Educação, Ciência e Tecnologia do Piauí (IFPI) e Anexo.pdf"", ""RESOLUÇÃO NORMATIVA Nº 236-2025-Prorroga o Plano Diretor de Tecnologia da Informação e Comunicação (PDTIC-2022-2024), do Instituto Federal de Educação, Ciência e Tecnologia do Piauí (IFPI) e Anexo.pdf""]","[""RESOLUÇÃO NORMATIVA Nº 236-2025-Prorroga o Plano Diretor de Tecnologia da Informação e Comunicação (PDTIC-2022-2024), do Instituto Federal de Educação, Ciência e Tecnologia do Piauí (IFPI) e Anexo.pdf"", ""RESOLUÇÃO NORMATIVA Nº 236-2025-Prorroga o Plano Diretor de Tecnologia da Informação e Comunicação (PDTIC-2022-2024), do Instituto Federal de Educação, Ciência e Tecnologia do Piauí (IFPI) e Anexo.pdf"", ""RESOLUÇÃO NORMATIVA Nº 236-2025-Prorroga o Plano Diretor de Tecnologia da Informação e Comunicação (PDTIC-2022-2024), do Instituto Federal de Educação, Ciência e Tecnologia do Piauí (IFPI) e Anexo.pdf"", ""RESOLUÇÃO NORMATIVA Nº 236-2025-Prorroga o Plano Diretor de Tecnologia da Informação e Comunicação (PDTIC-2022-2024), do Instituto Federal de Educação, Ciência e Tecnologia do Piauí (IFPI) e Anexo.pdf"", ""RESOLUÇÃO NORMATIVA Nº 236-2025-Prorroga o Plano Diretor de Tecnologia da Informação e Comunicação (PDTIC-2022-2024), do Instituto Federal de Educação, Ciência e Tecnologia do Piauí (IFPI) e Anexo.pdf"", ""RESOLUÇÃO NORMATIVA Nº 236-2025-Prorroga o Plano Diretor de Tecnologia da Informação e Comunicação (PDTIC-2022-2024), do Instituto Federal de Educação, Ciência e Tecnologia do Piauí (IFPI) e Anexo.pdf"", ""RESOLUÇÃO NORMATIVA Nº 236-2025-Prorroga o Plano Diretor de Tecnologia da Informação e Comunicação (PDTIC-2022-2024), do Instituto Federal de Educação, Ciência e Tecnologia do Piauí (IFPI) e Anexo.pdf"", ""RESOLUÇÃO NORMATIVA Nº 236-2025-Prorroga o Plano Diretor de Tecnologia da Informação e Comunicação (PDTIC-2022-2024), do Instituto Federal de Educação, Ciência e Tecnologia do Piauí (IFPI) e Anexo.pdf""]","[""RESOLUÇÃO NORMATIVA Nº 236-2025-Prorroga o Plano Diretor de Tecnologia da Informação e Comunicação (PDTIC-2022-2024), do Instituto Federal de Educação, Ciência e Tecnologia do Piauí (IFPI) e Anexo.pdf"", ""RESOLUÇÃO NORMATIVA Nº 236-2025-Prorroga o Plano Diretor de Tecnologia da Informação e Comunicação (PDTIC-2022-2024), do Instituto Federal de Educação, Ciência e Tecnologia do Piauí (IFPI) e Anexo.pdf"", ""RESOLUÇÃO NORMATIVA Nº 236-2025-Prorroga o Plano Diretor de Tecnologia da Informação e Comunicação (PDTIC-2022-2024), do Instituto Federal de Educação, Ciência e Tecnologia do Piauí (IFPI) e Anexo.pdf"", ""RESOLUÇÃO NORMATIVA Nº 236-2025-Prorroga o Plano Diretor de Tecnologia da Informação e Comunicação (PDTIC-2022-2024), do Instituto Federal de Educação, Ciência e Tecnologia do Piauí (IFPI) e Anexo.pdf"", ""RESOLUÇÃO NORMATIVA Nº 236-2025-Prorroga o Plano Diretor de Tecnologia da Informação e Comunicação (PDTIC-2022-2024), do Instituto Federal de Educação, Ciência e Tecnologia do Piauí (IFPI) e Anexo.pdf"", ""RESOLUÇÃO NORMATIVA Nº 236-2025-Prorroga o Plano Diretor de Tecnologia da Informação e Comunicação (PDTIC-2022-2024), do Instituto Federal de Educação, Ciência e Tecnologia do Piauí (IFPI) e Anexo.pdf"", ""RESOLUÇÃO NORMATIVA Nº 236-2025-Prorroga o Plano Diretor de Tecnologia da Informação e Comunicação (PDTIC-2022-2024), do Instituto Federal de Educação, Ciência e Tecnologia do Piauí (IFPI) e Anexo.pdf"", ""RESOLUÇÃO NORMATIVA Nº 236-2025-Prorroga o Plano Diretor de Tecnologia da Informação e Comunicação (PDTIC-2022-2024), do Instituto Federal de Educação, Ciência e Tecnologia do Piauí (IFPI) e Anexo.pdf""]",1.0,1.0,1.0,1.0,1.0,1.0,1.0,1.0,1.0,1.0,1.0,1.0,1.0,8,8,4,4.2512
1,43,dense_rerank,"RESOLUÇÃO NORMATIVA Nº 223-2024-Atualiza a Regulamentação do planejamento e o registro das atividades acadêmicas dos docentes da Carreira do Magistério do Ensino Básico, Técnico e Tecnológico do IFPI.pdf",Quais são os regimes de trabalho previstos para os docentes do EBTT no IFPI?,"Os regimes de trabalho previstos são 40 horas com dedicação exclusiva, 40 horas e 20 horas semanais.","Os docentes da carreira de Ensino Básico, Técnico e Tecnológico do IFPI são submetidos a um dos seguintes regimes de trabalho: tempo integral de 40 (quarenta) horas semanais com dedicação exclusiva (DE), tempo integral de 40 (quarenta) horas semanais, ou tempo parcial de 20 (vinte) horas semanais de trabalho.","[Trecho 1 | Fonte: RESOLUÇÃO NORMATIVA Nº 223-2024-Atualiza a Regulamentação do planejamento e o registro das atividades acadêmicas dos docentes da Carreira do Magistério do Ensino Básico, Técnico e Tecnológico do IFPI.pdf]
docentes totalizará a quanAdade de horas semanais previstas nos seus respecAvos regimes de trabalho e deverão ser cumpridas de acordo com as necessidades dos campi. § 1º O lançamento das horas despendidas nas aAvidades docentes não poderá ultrapassar o limite da carga horária semanal de cada regime de trabalho. § 2º O tempo desAnado às aAvidades docentes será mensurado em horas de 60 (sessenta) minutos. § 3º A mensuração das horas deve ser realizada conforme Tabela de AAvidades, no anexo, e de acordo com os limites de horas a serem lançados em cada uma das atividades. § 4º As aAvidades planejadas e desenvolvidas pelo docente serão declaradas em dois momentos em cada semestre, respecAvamente: na construção do plano de trabalho e, posteriormente, no relatório de trabalho, conforme inciso II, do art. 13, da Lei Nº 9.394/1996. § 5º Caberá à Direção-Geral do campus no qual o docente esAver em exercício deﬁnir as aAvidades docentes para ﬁns de complementação da carga horária semanal, caso as aAvidades planejadas pelo docente não totalizem a carga horária prevista em seu regime de trabalho, respeitando a área/disciplina de ingresso e atuação do docente. Art. 8º São atribuições gerais do Professor do EBTT: I - desenvolver as atividades de ensino, pesquisa e extensão, no âmbito do IFPI; II - participar da elaboração da proposta pedagógica do estabelecimento de ensino; III - elaborar e cumprir o plano de trabalho, segundo a proposta pedagógica do estabelecimento de ensino; IV -

[Trecho 2 | Fonte: RESOLUÇÃO NORMATIVA Nº 208-2024-Aprova a revisão do Plano de Desenvolvimento Institucional (PDI), 2020-2024, do IFPI e Anexo.pdf]
PROPI, dez. 2019. 8.1.3 Regime de trabalho O Professor do Instituto Federal do Piauí, ocupante de cargo efetivo, será submetido a um dos seguintes regimes de trabalho: a) 40 (quarenta) horas semanais de trabalho, em tempo integral, com dedicação exclusiva às atividades de ensino, pesquisa, extensão e gestão institucional; ou b) tempo parcial de 20 (vinte) horas semanais de trabalho. Excepcionalmente, o IFPI poderá, mediante aprovação de órgão colegiado superior competente, admitir a adoção do regime de 40 (quarenta) horas semanais de trabalho, em tempo integral, observando 2 (dois) turnos diários completos, sem dedicação exclusiva, para áreas com características específicas. O professor poderá solicitar a alteração de seu regime de trabalho, mediante proposta que será submetida a sua unidade de lotação, conforme disposições legais e procedimentos específicos. O Quadro de Pessoal Docente do IFPI está distribuído nos seguintes regimes de trabalho: 20h, 40h e dedicação exclusiva (DE) (Quadro 37). Quadro 37 – Quantitativo de docentes por regime de trabalho CAMPUS REGIME DE TRABALHO Total 20 h 40 h DE Angical do Piauí 55 55 Campo Maior 41 41 Cocal 54 54 Corrente 61 61 Floriano 1 79 80 Oeiras 51 51 Parnaíba 1 1 70 72 Paulistana 2 56 58 Pedro II 1 55 56 Picos 1 69 70 Piripiri 1 67 68 São João do Piauí 38 38 São Raimundo Nonato 60 60 Teresina-Central 5 36 247 288 Teresina Zona Sul 1 12 82 95 Uruçuí 61 61 Valença do Piauí 39 39 Avançado Dirceu Arcoverde 10 10 Avançado de José de

[Trecho 3 | Fonte: RESOLUÇÃO NORMATIVA Nº 253-2025-IFPI - Aprova a Atualização da Organização Didática do Instituto Federal de Educação, Ciência e Tecnologia do Piauí (IFPI).pdf]
específica. Art. 147. A Colação de Grau é um ato de competência da Reitoria do IFPI. CAPÍTULO XVI DO CORPO DOCENTE Seção I Seção I Da Alocação de Carga Horária Da Alocação de Carga Horária Art. 148. Os docentes da carreira de Ensino Básico, Técnico e Tecnológico do InsBtuto Federal de Educação, Ciência e Tecnologia do Piauí serão submetidos a um dos seguintes regimes de trabalho: I - tempo integral de 40 (quarenta) horas semanais de trabalho, com dedicação exclusiva (DE); II - tempo integral de 40 (quarenta) horas semanais; ou III - tempo parcial de 20 (vinte) horas semanais de trabalho. Parágrafo único. O regime de 40 (quarenta) horas semanais com dedicação exclusiva implica o impedimento do exercício de outra aBvidade remunerada, pública ou privada, com as exceções previstas na Lei nº 12.772, de 28 de dezembro de 2012. Art. 149. Conforme arBgo 13 da Lei 9.394, de 20 de dezembro de 1996 (Lei de Diretrizes e Bases da Educação), os docentes incumbir-se-ão de: IV - estabelecer estratégias de recuperação para os discentes de menor rendimento; V - ministrar aulas, nos dias leBvos e horas-aula estabelecidas, além de parBcipar integralmente dos períodos dedicados ao planejamento, à avaliação e ao desenvolvimento profissional; e VI - colaborar com as atividades de articulação da escola com as famílias e a comunidade. Seção II Seção II Dos Direitos e Deveres Dos Direitos e Deveres Art. 150. O corpo docente do InsBtuto Federal do Piauí é consBtuído pelos docentes do quadro efetivo e

[Trecho 4 | Fonte: RESOLUÇÃO NORMATIVA Nº 223-2024-Atualiza a Regulamentação do planejamento e o registro das atividades acadêmicas dos docentes da Carreira do Magistério do Ensino Básico, Técnico e Tecnológico do IFPI.pdf]
Art. 22. De acordo com a Portaria MEC Nº 750/2024, os Docentes do EBTT do IFPI que estejam desempenhando AAvidades de Gestão InsAtucional terão ﬁxados os limites de carga horária semanal destinados à Gestão e Regência de Aulas, conforme o anexo. Art. 23. O Docente do EBTT do IFPI, em processo de capacitação, qualiﬁcação ou responsáveis por programas e projetos InsAtucionais, poderá ter dispensada sua carga horária de trabalho, total ou parcialmente, mediante portaria do Reitor do IFPI. Art. 24. O Plano Semestral de AAvidades Docentes (PSAD) é o documento administraAvo-pedagógico de planejamento e orientação das aAvidades de Ensino, Pesquisa, Pós-Graduação e Inovação, Extensão e Gestão e Representação InsAtucional, previamente atribuídas e planejadas pelo campus e pelo docente do EBTT no IFPI, no início do semestre letivo, previsto no inciso II, do artigo 13, da Lei Nº 9.394/1996. § 1º O PSAD será elaborado a parAr da Tabela de AAvidades nos termos deste regulamento. § 2º O docente que passe a integrar o quadro de servidores do campus, após o início do período leAvo, deve preencher seu PSAD em até 30 (trinta) dias corridos após a entrada em exercício. § 3º Ao retornar do afastamento, o docente deve preencher o PSAD em até 30 (trinta) dias corridos após a data do retorno ao campus. Art. 25. Na elaboração do PSAD, cada docente deverá observar: I - as horas declaradas devem totalizar a carga horária de cada regime de trabalho; II - a correspondência entre as aAvidades atribuídas","[""RESOLUÇÃO NORMATIVA Nº 223-2024-Atualiza a Regulamentação do planejamento e o registro das atividades acadêmicas dos docentes da Carreira do Magistério do Ensino Básico, Técnico e Tecnológico do IFPI.pdf"", ""RESOLUÇÃO NORMATIVA Nº 208-2024-Aprova a revisão do Plano de Desenvolvimento Institucional (PDI), 2020-2024, do IFPI e Anexo.pdf"", ""RESOLUÇÃO NORMATIVA Nº 253-2025-IFPI - Aprova a Atualização da Organização Didática do Instituto Federal de Educação, Ciência e Tecnologia do Piauí (IFPI).pdf"", ""RESOLUÇÃO NORMATIVA Nº 223-2024-Atualiza a Regulamentação do planejamento e o registro das atividades acadêmicas dos docentes da Carreira do Magistério do Ensino Básico, Técnico e Tecnológico do IFPI.pdf""]","[""RESOLUÇÃO NORMATIVA Nº 223-2024-Atualiza a Regulamentação do planejamento e o registro das atividades acadêmicas dos docentes da Carreira do Magistério do Ensino Básico, Técnico e Tecnológico do IFPI.pdf"", ""RESOLUÇÃO NORMATIVA Nº 223-2024-Atualiza a Regulamentação do planejamento e o registro das atividades acadêmicas dos docentes da Carreira do Magistério do Ensino Básico, Técnico e Tecnológico do IFPI.pdf"", ""RESOLUÇÃO NORMATIVA Nº 223-2024-Atualiza a Regulamentação do planejamento e o registro das atividades acadêmicas dos docentes da Carreira do Magistério do Ensino Básico, Técnico e Tecnológico do IFPI.pdf"", ""RESOLUÇÃO NORMATIVA Nº 223-2024-Atualiza a Regulamentação do planejamento e o registro das atividades acadêmicas dos docentes da Carreira do Magistério do Ensino Básico, Técnico e Tecnológico do IFPI.pdf"", ""RESOLUÇÃO NORMATIVA Nº 223-2024-Atualiza a Regulamentação do planejamento e o registro das atividades acadêmicas dos docentes da Carreira do Magistério do Ensino Básico, Técnico e Tecnológico do IFPI.pdf"", ""RESOLUÇÃO NORMATIVA Nº 253-2025-IFPI - Aprova a Atualização da Organização Didática do Instituto Federal de Educação, Ciência e Tecnologia do Piauí (IFPI).pdf"", ""RESOLUÇÃO NORMATIVA Nº 208-2024-Aprova a revisão do Plano de Desenvolvimento Institucional (PDI), 2020-2024, do IFPI e Anexo.pdf"", ""RESOLUÇÃO Nº 76-2024-Estabelece normas, critérios e procedimentos para a participação de docentes do IFPI, com Regime de DE, em atividades remuneradas -REVOGADA PELA RESOLUÇÃO Nº 77_2024..pdf"", ""RESOLUÇÃO NORMATIVA Nº 218-2024-Estab. normas, critérios e proc. para a participação de docentes (DE) em atividades remuneradas.pdf""]","[""RESOLUÇÃO NORMATIVA Nº 223-2024-Atualiza a Regulamentação do planejamento e o registro das atividades acadêmicas dos docentes da Carreira do Magistério do Ensino Básico, Técnico e Tecnológico do IFPI.pdf"", ""RESOLUÇÃO NORMATIVA Nº 208-2024-Aprova a revisão do Plano de Desenvolvimento Institucional (PDI), 2020-2024, do IFPI e Anexo.pdf"", ""RESOLUÇÃO NORMATIVA Nº 253-2025-IFPI - Aprova a Atualização da Organização Didática do Instituto Federal de Educação, Ciência e Tecnologia do Piauí (IFPI).pdf"", ""RESOLUÇÃO NORMATIVA Nº 223-2024-Atualiza a Regulamentação do planejamento e o registro das atividades acadêmicas dos docentes da Carreira do Magistério do Ensino Básico, Técnico e Tecnológico do IFPI.pdf"", ""RESOLUÇÃO NORMATIVA Nº 223-2024-Atualiza a Regulamentação do planejamento e o registro das atividades acadêmicas dos docentes da Carreira do Magistério do Ensino Básico, Técnico e Tecnológico do IFPI.pdf"", ""RESOLUÇÃO Nº 76-2024-Estabelece normas, critérios e procedimentos para a participação de docentes do IFPI, com Regime de DE, em atividades remuneradas -REVOGADA PELA RESOLUÇÃO Nº 77_2024..pdf"", ""RESOLUÇÃO NORMATIVA Nº 218-2024-Estab. normas, critérios e proc. para a participação de docentes (DE) em atividades remuneradas.pdf"", ""RESOLUÇÃO NORMATIVA Nº 223-2024-Atualiza a Regulamentação do planejamento e o registro das atividades acadêmicas dos docentes da Carreira do Magistério do Ensino Básico, Técnico e Tecnológico do IFPI.pdf"", ""RESOLUÇÃO NORMATIVA Nº 223-2024-Atualiza a Regulamentação do planejamento e o registro das atividades acadêmicas dos docentes da Carreira do Magistério do Ensino Básico, Técnico e Tecnológico do IFPI.pdf""]",1.0,1.0,1.0,1.0,1.0,1.0,1.0,1.0,1.0,1.0,1.0,1.0,1.0,9,9,4,6.8031
1,43,dense_rerank,"RESOLUÇÃO NORMATIVA Nº 223-2024-Atualiza a Regulamentação do planejamento e o registro das atividades acadêmicas dos docentes da Carreira do Magistério do Ensino Básico, Técnico e Tecnológico do IFPI.pdf","Para cada hora de regência de aulas, quantas horas adicionais o docente computará para atividades de organização e apoio ao ensino?","Para cada hora de regência de aulas, o docente computará uma hora adicional para atividades de organização e apoio ao ensino.","Os docentes orientadores poderão computar até duas horas de Regência de Aulas para atividades de orientação de projetos integradores, disciplinas do Núcleo Integrador ou do Núcleo Complementar, e atividades de extensão.","[Trecho 1 | Fonte: RESOLUÇÃO NORMATIVA Nº 223-2024-Atualiza a Regulamentação do planejamento e o registro das atividades acadêmicas dos docentes da Carreira do Magistério do Ensino Básico, Técnico e Tecnológico do IFPI.pdf]
carga horária equivalente à carga horária de aula da disciplina, sendo computadas como Regência de Aulas. Art. 20. Os docentes do IFPI devem dedicar às aAvidades de Regência de Aulas o mínimo de: I - 10 (dez) horas semanais para os docentes em regime de tempo integral; e II - 08 (oito) horas semanais para os docentes em regime de tempo parcial. § 1º Não havendo possibilidade de atender ao disposto no caput, o docente poderá planejar e submeter à apreciação da sua área de lotação, departamento ou coordenação de curso/área a oferta de cursos ou componentes curriculares, observando as seguintes alternativas, em ordem de prioridade: I - cursos de Formação Inicial e Continuada; II - turmas extras, visando a minimizar os impactos na retenção dos estudantes; III - disciplinas eletivas livres, que serão regulamentadas em resolução específica. § 2º A proposta de oferta das aAvidades relacionadas no parágrafo anterior deve ser aprovada pelo Colegiado do Curso ou Área de lotação do docente, com registro em ata, e encaminhada para autorização da Direção de Ensino do campus. Art. 21. Os docentes em cargo de Reitor, Pró-reitor, Diretor-Geral e Diretor de campus avançado são dispensados das aAvidades de regências de aula, podendo desAnar até 40 horas por semana para as atividades de Gestão Institucional. Art. 22. De acordo com a Portaria MEC Nº 750/2024, os Docentes do EBTT do IFPI que estejam desempenhando AAvidades de Gestão InsAtucional terão ﬁxados os limites de carga horária semanal

[Trecho 2 | Fonte: RESOLUÇÃO NORMATIVA Nº 223-2024-Atualiza a Regulamentação do planejamento e o registro das atividades acadêmicas dos docentes da Carreira do Magistério do Ensino Básico, Técnico e Tecnológico do IFPI.pdf]
Regência de Aulas quando deﬁnidas como componentes curriculares, quando assim forem previstas no Projeto Pedagógico de Curso (PPC) para essa ﬁnalidade, sendo ministradas em turma consAtuída, não sendo permiAda a duplicação de carga horária com orientação de Trabalho de Conclusão de Curso. § 9º A distribuição das aulas nas disciplinas dos currículos dos cursos dos diversos níveis e modalidades da educação básica e da educação proﬁssional, cienQﬁca e tecnológica, ofertadas pelo campus, são prioritárias em relação às demais atividades docentes. § 10. Quando o projeto integrador for considerado disciplina no Projeto Pedagógico do Curso, o docente responsável pela disciplina registrará a carga horária dela e os docentes orientadores poderão computar até 2 (duas) horas como Regência de Aulas, sendo que as áreas e a quantidade de docentes orientadores na disciplina de projeto integrador serão autorizadas pela Direção de Ensino do campus. § 11. Quando as disciplinas do Núcleo Integrador ou do Núcleo Complementar necessitarem de outros docentes para orientar os projetos integradores, o docente responsável pela disciplina registrará a carga horária da respecAva disciplina e os docentes orientadores poderão computar até 2 (duas) horas como Regência de Aulas, sendo que as áreas e a quanAdade de docentes orientadores na disciplina serão autorizadas pela Direção de Ensino do campus. § 12. Quando as aAvidades de extensão forem realizadas através de disciplinas extensionistas previstas no

[Trecho 3 | Fonte: RESOLUÇÃO NORMATIVA Nº 223-2024-Atualiza a Regulamentação do planejamento e o registro das atividades acadêmicas dos docentes da Carreira do Magistério do Ensino Básico, Técnico e Tecnológico do IFPI.pdf]
de docentes orientadores na disciplina serão autorizadas pela Direção de Ensino do campus. § 12. Quando as aAvidades de extensão forem realizadas através de disciplinas extensionistas previstas no Projeto Pedagógico do Curso (curricularização da extensão) e houver necessidade de outros docentes para orientar os projetos, o docente responsável pela disciplina registrará a carga horária da respecAva disciplina e os docentes orientadores poderão computar até 2 (duas) horas como Regência de Aulas, quando em conformidade com o planejamento das aAvidades extensionistas, e com o plano da disciplina extensionista, de § 13. As disciplinas de Progressão Parcial terão carga horária computada, observando a proporcionalidade com o período de duração de cada aAvidade em relação ao semestre, conforme a forma do programa de estudos: I - plano de estudos individual; II - dependência em outra turma do mesmo curso ou de outro curso; III - dependência em turma especial por disciplina; ou IV - programa de Estudos de Recuperação Prolongados. Seção II Seção II Das atividades de pesquisa, pós-graduação e inovação Das atividades de pesquisa, pós-graduação e inovação Art. 11. As aAvidades de pesquisa, pós-graduação e inovação consistem no trabalho criaAvo e sistemáAco, de natureza metodológica, teórica, teórico-práAca, que visam a construir e ampliar o conjunto de conhecimentos, bem como contribuir para a produção e divulgação de inovação. Parágrafo único. As aAvidades de pesquisa, pós-graduação e

[Trecho 4 | Fonte: RESOLUÇÃO NORMATIVA Nº 223-2024-Atualiza a Regulamentação do planejamento e o registro das atividades acadêmicas dos docentes da Carreira do Magistério do Ensino Básico, Técnico e Tecnológico do IFPI.pdf]
Convênio e/ou Cooperação Técnica sem remuneração extra ou bolsa Por projeto Até 4 horas 3.10 Consultor em Programas, Projetos e/ou Ações de Extensão (por iniciativa) Por programa, projeto ou ação Até 4 horas 4. Atividades de Gestão e Representação Institucional 4.1 Ocupante dos cargos de Reitor, Pró-reitor, Diretor-geral e Diretor de campus avançado Gestão: Até 40 horas por semana Regência de Aulas: mínimo de 0 horas 4.2 Ocupante de Cargo de Diretor de Ensino Gestão: mínimo de 30 horas Regência de Aulas: mínimo de 4 horas 4.3 Demais Ocupantes de Cargo de Diretoria Gestão: mínimo de 26 horas Regência de Aulas: mínimo de 6 horas ATIVIDADES REFERÊNCIA CARGA HORÁRIA SEMANAL 4.4 Ocupante de Cargo de Chefia de Departamento Gestão: mínimo de 24 horas Regência de Aulas: mínimo de 7 horas 4.5 Ocupante de Função de Coordenação Gestão: mínimo de 22 horas Regência de Aulas: mínimo de 8 horas 4.6 Presidente de comissões para elaboração, implantação e acompanhamento de projetos pedagógicos de cursos regulares, intercampi e interinstitucionais Por comissão Até 6 horas 4.7 Membro de comissões para elaboração, implantação e acompanhamento de projetos pedagógicos de cursos regulares, intercampi e interinstitucionais Por comissão Até 4 horas 4.8 Membro do Núcleo Docente Estruturante Por núcleo Até 2 horas 4.9 Membro de Colegiado de Curso ou Programa de Pós- graduação Por colegiado Até 2 horas 4.10 Presidente da Comissão Própria de Avaliação (CPA) Até 10 horas 4.11 Membro da Comissão Própria de","[""RESOLUÇÃO NORMATIVA Nº 223-2024-Atualiza a Regulamentação do planejamento e o registro das atividades acadêmicas dos docentes da Carreira do Magistério do Ensino Básico, Técnico e Tecnológico do IFPI.pdf"", ""RESOLUÇÃO NORMATIVA Nº 223-2024-Atualiza a Regulamentação do planejamento e o registro das atividades acadêmicas dos docentes da Carreira do Magistério do Ensino Básico, Técnico e Tecnológico do IFPI.pdf"", ""RESOLUÇÃO NORMATIVA Nº 223-2024-Atualiza a Regulamentação do planejamento e o registro das atividades acadêmicas dos docentes da Carreira do Magistério do Ensino Básico, Técnico e Tecnológico do IFPI.pdf"", ""RESOLUÇÃO NORMATIVA Nº 223-2024-Atualiza a Regulamentação do planejamento e o registro das atividades acadêmicas dos docentes da Carreira do Magistério do Ensino Básico, Técnico e Tecnológico do IFPI.pdf""]","[""RESOLUÇÃO NORMATIVA Nº 223-2024-Atualiza a Regulamentação do planejamento e o registro das atividades acadêmicas dos docentes da Carreira do Magistério do Ensino Básico, Técnico e Tecnológico do IFPI.pdf"", ""RESOLUÇÃO NORMATIVA Nº 223-2024-Atualiza a Regulamentação do planejamento e o registro das atividades acadêmicas dos docentes da Carreira do Magistério do Ensino Básico, Técnico e Tecnológico do IFPI.pdf"", ""RESOLUÇÃO NORMATIVA Nº 223-2024-Atualiza a Regulamentação do planejamento e o registro das atividades acadêmicas dos docentes da Carreira do Magistério do Ensino Básico, Técnico e Tecnológico do IFPI.pdf"", ""RESOLUÇÃO NORMATIVA Nº 223-2024-Atualiza a Regulamentação do planejamento e o registro das atividades acadêmicas dos docentes da Carreira do Magistério do Ensino Básico, Técnico e Tecnológico do IFPI.pdf"", ""RESOLUÇÃO NORMATIVA Nº 223-2024-Atualiza a Regulamentação do planejamento e o registro das atividades acadêmicas dos docentes da Carreira do Magistério do Ensino Básico, Técnico e Tecnológico do IFPI.pdf"", ""RESOLUÇÃO NORMATIVA Nº 223-2024-Atualiza a Regulamentação do planejamento e o registro das atividades acadêmicas dos docentes da Carreira do Magistério do Ensino Básico, Técnico e Tecnológico do IFPI.pdf"", ""RESOLUÇÃO NORMATIVA Nº 208-2024-Aprova a revisão do Plano de Desenvolvimento Institucional (PDI), 2020-2024, do IFPI e Anexo.pdf""]","[""RESOLUÇÃO NORMATIVA Nº 223-2024-Atualiza a Regulamentação do planejamento e o registro das atividades acadêmicas dos docentes da Carreira do Magistério do Ensino Básico, Técnico e Tecnológico do IFPI.pdf"", ""RESOLUÇÃO NORMATIVA Nº 223-2024-Atualiza a Regulamentação do planejamento e o registro das atividades acadêmicas dos docentes da Carreira do Magistério do Ensino Básico, Técnico e Tecnológico do IFPI.pdf"", ""RESOLUÇÃO NORMATIVA Nº 223-2024-Atualiza a Regulamentação do planejamento e o registro das atividades acadêmicas dos docentes da Carreira do Magistério do Ensino Básico, Técnico e Tecnológico do IFPI.pdf"", ""RESOLUÇÃO NORMATIVA Nº 223-2024-Atualiza a Regulamentação do planejamento e o registro das atividades acadêmicas dos docentes da Carreira do Magistério do Ensino Básico, Técnico e Tecnológico do IFPI.pdf"", ""RESOLUÇÃO NORMATIVA Nº 223-2024-Atualiza a Regulamentação do planejamento e o registro das atividades acadêmicas dos docentes da Carreira do Magistério do Ensino Básico, Técnico e Tecnológico do IFPI.pdf"", ""RESOLUÇÃO NORMATIVA Nº 223-2024-Atualiza a Regulamentação do planejamento e o registro das atividades acadêmicas dos docentes da Carreira do Magistério do Ensino Básico, Técnico e Tecnológico do IFPI.pdf"", ""RESOLUÇÃO NORMATIVA Nº 208-2024-Aprova a revisão do Plano de Desenvolvimento Institucional (PDI), 2020-2024, do IFPI e Anexo.pdf""]",1.0,1.0,1.0,1.0,1.0,1.0,1.0,1.0,1.0,1.0,1.0,1.0,1.0,7,7,4,4.6209
1,43,dense_rerank,"RESOLUÇÃO NORMATIVA Nº 218-2024-Estab. normas, critérios e proc. para a participação de docentes (DE) em atividades remuneradas.pdf","Qual é o limite anual de horas para a participação esporádica remunerada em palestras, conferências e atividades artísticas e culturais de docentes em dedicação exclusiva?",O limite anual é de 30 horas.,"O limite anual de horas para a participação esporádica remunerada em palestras, conferências, atividades artísticas e culturais de docentes em dedicação exclusiva é de 30 horas.","[Trecho 1 | Fonte: RESOLUÇÃO NORMATIVA Nº 218-2024-Estab. normas, critérios e proc. para a participação de docentes (DE) em atividades remuneradas.pdf]
autorizada pelo Reitor de acordo com esta Resolução Normativa. CAPÍTULO III DA RETRIBUIÇÃO PECUNIÁRIA PELA PARTICIPAÇÃO ESPORÁDICA EM PALESTRAS, CONFERÊNCIAS, ATIVIDADES ARTÍSTICAS E CULTURAIS Art. 5ºAo docente no Regime de Trabalho de Dedicação Exclusiva do IFPI, será admiAda a percepção de retribuição pecuniária, na forma de pró-labore ou cachê pago diretamente ao docente, por ente disAnto do IFPI, pela parAcipação esporádica em palestras, conferências, aAvidades arRsAcas e culturais relacionadas à área de atuação do docente. Art. 6º Considera-se esporádica a parAcipação remunerada nas aAvidades descritas neste Capítulo, autorizada pelo Reitor, que, no total, não exceda a 30 (trinta) horas anuais e atenda aos requisitos: I - possua caráter eventual, contingencial e não regular; II - tenha duração determinada, com data de início e fim previamente definida; III - não gere contrato de trabalho ou vínculo empregaRcio de qualquer natureza com a pessoa ou enAdade pública ou privada à qual forem prestados os serviços; e IV - seja realizada sem prejuízo às atividades regulares docentes. Parágrafo único. A colaboração esporádica deverá ser prestada fora da carga horária regular de trabalho do docente, não podendo ser computada em seus planos e relatório de aAvidades, à exceção das aAvidades permiAdas em atos normaAvos vigentes no âmbito do IFPI. CAPÍTULO IV DA RETRIBUIÇÃO PECUNIÁRIA EM CARÁTER EVENTUAL DE OUTRAS ATIVIDADES Art. 7º Ao docente no Regime de Trabalho de Dedicação

[Trecho 2 | Fonte: RESOLUÇÃO Nº 76-2024-Estabelece normas, critérios e procedimentos para a participação de docentes do IFPI, com Regime de DE, em atividades remuneradas -REVOGADA PELA RESOLUÇÃO Nº 77_2024..pdf]
autorizada pelo Reitor de acordo com esta Resolução Normativa. CAPÍTULO III DA RETRIBUIÇÃO PECUNIÁRIA PELA PARTICIPAÇÃO ESPORÁDICA EM PALESTRAS, CONFERÊNCIAS, ATIVIDADES ARTÍSTICAS E CULTURAIS Art. 5ºAo docente no Regime de Trabalho de Dedicação Exclusiva do IFPI, será admi@da a percepção de retribuição pecuniária, na forma de pró-labore ou cachê pago diretamente ao docente, por ente dis@nto do IFPI, pela par@cipação esporádica em palestras, conferências, a@vidades arQs@cas e culturais relacionadas à área de atuação do docente. Art. 6º Considera-se esporádica a par@cipação remunerada nas a@vidades descritas neste Capítulo, autorizada pelo Reitor, que, no total, não exceda a 30 (trinta) horas anuais e atenda aos requisitos: I - possua caráter eventual, contingencial e não regular; II - tenha duração determinada, com data de início e fim previamente definida; III - não gere contrato de trabalho ou vínculo empregaQcio de qualquer natureza com a pessoa ou en@dade pública ou privada à qual forem prestados os serviços; e IV - seja realizada sem prejuízo às atividades regulares docentes. Parágrafo único. A colaboração esporádica deverá ser prestada fora da carga horária regular de trabalho do docente, não podendo ser computada em seus planos e relatório de a@vidades, à exceção das a@vidades permi@das em atos norma@vos vigentes no âmbito do IFPI. CAPÍTULO IV DA RETRIBUIÇÃO PECUNIÁRIA EM CARÁTER EVENTUAL DE OUTRAS ATIVIDADES Art. 7º Ao docente no Regime de Trabalho de Dedicação

[Trecho 3 | Fonte: RESOLUÇÃO NORMATIVA Nº 207-2024-Regulamenta a parceria entre o Instituto Federal de Educação, Ciência e Tecnologia do Piauí (IFPI) e a Fundação de Amparo à Pesquisa, Inovação, Ensino e Extensão do IFPI.pdf]
de ensino; IV - no caso de servidor docente com dedicação exclusiva desenvolvendo a@vidades de prestação de serviços em projetos de ensino, pesquisa e extensão, a carga horária dedicada a essas a@vidades ﬁca limitada a 8 (oito) horas semanais ou 416 (quatrocentas e dezesseis) horas anuais, nos termos dos incisos XI e XII, e § 4o do art. 21 da Lei 12.772/12; V - no caso de servidor docente com 20 ou 40 horas desenvolvendo a@vidades de prestação de serviços em projetos de ensino, pesquisa e extensão, a carga horária dedicada a essas a@vidades ﬁca limitada a 8 (oito) horas semanais ou 416 (quatrocentas e dezesseis) horas anuais; e VI - no caso de servidores técnico-administra@vos desenvolvendo a@vidades em projetos, a carga horária des@nada a esses projetos não deverá exceder a 8 (oito) horas semanais ou 416 (quatrocentas e dezesseis) horas anuais. Art. 40. Os projetos devem ser realizados por, no mínimo, 2/3 (dois terços) de pessoas vinculadas ao IFPI, incluindo servidores docentes e técnico-administra@vos, estudantes regulares, pesquisadores e pós-doutores e bolsista com vínculo formal a programas de pesquisa do IFPI, nos moldes do art. 6º, § 3º do Decreto nº 7.423, de 2010. § 1º Em casos devidamente jus@ﬁcados e aprovados pelo CONSUP, poderão ser realizados projetos com a colaboração da fundação de apoio, com par@cipação de pessoas vinculadas ao IFPI, em proporção inferior à prevista no caput deste ar@go, atentando-se para as seguintes condições: I - observar a par@cipação

[Trecho 4 | Fonte: CURSO_SUPERIOR_DE_TECNOLOGIA_EM_ANÁLISE_E_DESENVOLVIMENTO_DE_SISTEMAS.pdf]
Acadêmica. Cursos de informática, idiomas, 15h/a 3 45h/a Ensino comunicação e expressão Realização de estágio não obrigatório e 40h/a 1 40h/a vivência profissional durante a graduação Participação em representação estudantil e 10h/a 2 20h/a órgãos colegiados por semestre. Participação como ouvinte em defesas de 04h/a 5 20h/a TCC, dissertação ou tese. Participação como bolsista em projeto de 20h/a 2 40h/a pesquisa ou extensão cadastrado no SUAP. Participação como colaborador em projeto 10h/a 3 30h/a de pesquisa ou extensão cadastrado no SUAP. Pesquisa e/ou Participação em eventos científicos. 05h/a 4 20h/a Extensão Apresentação de pôster em eventos 05h/a 5 25h/a científicos. Apresentação oral em eventos científicos. 05h/a 5 25h/a Ministrar minicurso/oficina/palestra em 10h/a 5 50h/a eventos científicos. Publicação de artigos científicos completos 10h/a 5 50h/a em periódicos ou eventos Maratonas e outras competições de 15h/a 2 30h/a programação ou informática. Participação voluntária na organização de 10h/a 2 20h/a Outras eventos (de informática, esportivos ou atividades (de culturais). informática, esportivas, Participação voluntária em eventos 10h/a 2 20h/a culturais, filantrópicos. filantrópicas, Visitas técnicas. 05h/a 3 15h/a visitas técnicas) Treinamento em informática (bootcamp) 10h/a 3 30h/a Para consolidação dos registros de aproveitamento das Atividades Complementares, o discente deverá requerer junto à Coordenação do Curso a validação das cargas horárias de acordo","[""RESOLUÇÃO NORMATIVA Nº 218-2024-Estab. normas, critérios e proc. para a participação de docentes (DE) em atividades remuneradas.pdf"", ""RESOLUÇÃO Nº 76-2024-Estabelece normas, critérios e procedimentos para a participação de docentes do IFPI, com Regime de DE, em atividades remuneradas -REVOGADA PELA RESOLUÇÃO Nº 77_2024..pdf"", ""RESOLUÇÃO NORMATIVA Nº 207-2024-Regulamenta a parceria entre o Instituto Federal de Educação, Ciência e Tecnologia do Piauí (IFPI) e a Fundação de Amparo à Pesquisa, Inovação, Ensino e Extensão do IFPI.pdf"", ""CURSO_SUPERIOR_DE_TECNOLOGIA_EM_ANÁLISE_E_DESENVOLVIMENTO_DE_SISTEMAS.pdf""]","[""RESOLUÇÃO Nº 76-2024-Estabelece normas, critérios e procedimentos para a participação de docentes do IFPI, com Regime de DE, em atividades remuneradas -REVOGADA PELA RESOLUÇÃO Nº 77_2024..pdf"", ""RESOLUÇÃO NORMATIVA Nº 218-2024-Estab. normas, critérios e proc. para a participação de docentes (DE) em atividades remuneradas.pdf"", ""RESOLUÇÃO NORMATIVA Nº 207-2024-Regulamenta a parceria entre o Instituto Federal de Educação, Ciência e Tecnologia do Piauí (IFPI) e a Fundação de Amparo à Pesquisa, Inovação, Ensino e Extensão do IFPI.pdf"", ""RESOLUÇÃO NORMATIVA Nº 238-2025-Regulamenta a prestação institucional de serviços à comunidade externa pelo Instituto Federal de Educação, Ciência e Tecnologia do Piauí (IFPI)._______.pdf"", ""RESOLUÇÃO NORMATIVA Nº 223-2024-Atualiza a Regulamentação do planejamento e o registro das atividades acadêmicas dos docentes da Carreira do Magistério do Ensino Básico, Técnico e Tecnológico do IFPI.pdf"", ""RESOLUÇÃO Nº 76-2024-Estabelece normas, critérios e procedimentos para a participação de docentes do IFPI, com Regime de DE, em atividades remuneradas -REVOGADA PELA RESOLUÇÃO Nº 77_2024..pdf"", ""RESOLUÇÃO Nº 12-2024-Aprova a Criação do Curso Técnico em Eventos, Integrado ao Ensino Médio, no âmbito do IFPI e Anexo..pdf"", ""RESOLUÇÃO NORMATIVA Nº 218-2024-Estab. normas, critérios e proc. para a participação de docentes (DE) em atividades remuneradas.pdf"", ""CURSO_SUPERIOR_DE_TECNOLOGIA_EM_ANÁLISE_E_DESENVOLVIMENTO_DE_SISTEMAS.pdf""]","[""RESOLUÇÃO NORMATIVA Nº 218-2024-Estab. normas, critérios e proc. para a participação de docentes (DE) em atividades remuneradas.pdf"", ""RESOLUÇÃO Nº 76-2024-Estabelece normas, critérios e procedimentos para a participação de docentes do IFPI, com Regime de DE, em atividades remuneradas -REVOGADA PELA RESOLUÇÃO Nº 77_2024..pdf"", ""RESOLUÇÃO NORMATIVA Nº 207-2024-Regulamenta a parceria entre o Instituto Federal de Educação, Ciência e Tecnologia do Piauí (IFPI) e a Fundação de Amparo à Pesquisa, Inovação, Ensino e Extensão do IFPI.pdf"", ""CURSO_SUPERIOR_DE_TECNOLOGIA_EM_ANÁLISE_E_DESENVOLVIMENTO_DE_SISTEMAS.pdf"", ""RESOLUÇÃO NORMATIVA Nº 238-2025-Regulamenta a prestação institucional de serviços à comunidade externa pelo Instituto Federal de Educação, Ciência e Tecnologia do Piauí (IFPI)._______.pdf"", ""RESOLUÇÃO NORMATIVA Nº 223-2024-Atualiza a Regulamentação do planejamento e o registro das atividades acadêmicas dos docentes da Carreira do Magistério do Ensino Básico, Técnico e Tecnológico do IFPI.pdf"", ""RESOLUÇÃO Nº 76-2024-Estabelece normas, critérios e procedimentos para a participação de docentes do IFPI, com Regime de DE, em atividades remuneradas -REVOGADA PELA RESOLUÇÃO Nº 77_2024..pdf"", ""RESOLUÇÃO Nº 12-2024-Aprova a Criação do Curso Técnico em Eventos, Integrado ao Ensino Médio, no âmbito do IFPI e Anexo..pdf"", ""RESOLUÇÃO NORMATIVA Nº 218-2024-Estab. normas, critérios e proc. para a participação de docentes (DE) em atividades remuneradas.pdf""]",2.0,1.0,0.5,1.0,1.0,1.0,1.0,1.0,1.0,1.0,1.0,1.0,1.0,9,9,4,4.4749
1,43,dense_rerank,"RESOLUÇÃO NORMATIVA Nº 218-2024-Estab. normas, critérios e proc. para a participação de docentes (DE) em atividades remuneradas.pdf",Qual é o limite de carga horária para atividades remuneradas eventuais previstas no artigo 7º da Resolução Normativa nº 218 de 2024?,As atividades remuneradas eventuais não podem exceder 8 horas semanais ou 416 horas anuais.,"O limite de carga horária para atividades remuneradas eventuais de servidor docente com dedicação exclusiva ou com 20 ou 40 horas, desenvolvendo atividades de prestação de serviços em projetos de ensino, pesquisa e extensão, é de 8 (oito) horas semanais ou 416 (quatrocentas e dezesseis) horas anuais.","[Trecho 1 | Fonte: RESOLUÇÃO Nº 23-2024-Aprova a Criação do Curso de Licenciatura Intercultural Indígena, do PARFOR EQUIDADE, no âmbito do Instituto Federal de Educação, Ciência e Tecnologia do Piauí (IFPI)e Anexo.pdf]
está organizada em 8 (oito) módulos semestrais com carga horária média de 400 (quatrocentas) horas por semestre letivo. A carga horária de prática do componente curricular está distribuída entre os componentes do grupo I e II, perfazendo 400h. Os componentes curriculares, independentemente da sua estruturação em parte teórica e prática, possuem carga horária múltipla de 20 (vinte) horas. O mesmo vale para as disciplinas extensionistas existentes no currículo. 2.6 CURRICULARIZAÇÃO DA EXTENSÃO Com a intenção de promover a interação transformadora entre instituições de ensino superior e outros setores da sociedade, por meio da produção e da aplicação do conhecimento, em articulação permanente com o ensino e a pesquisa, a Resolução CNE/CES 7/2018 prevê em seu artigo 4º que as atividades de extensão devem compor, no mínimo, 10% (dez por cento) do total da carga horária dos cursos de graduação, as quais deverão fazer parte da matriz curricular dos cursos. A referida normativa apresenta as diretrizes para a extensão na educação superior brasileira e regimenta o que está disposto no Plano Nacional de Educação, aprovado pela Lei nº 13.005, de 25 de junho de 2014, para o decênio 2014-2024 que, em sua meta 12, estratégia 12.7, prevê assegurar a destinação de, no mínimo, dez por cento do total de créditos curriculares exigidos para a graduação em programas e projetos de extensão universitária, orientando sua ação, prioritariamente, para áreas de grande pertinência social. O IFPI

[Trecho 2 | Fonte: RESOLUÇÃO Nº 79-2025-Aprova a Reformulação do Curso de Licenciatura Intercultural Indígena, do PARFOR EQUIDADE, no âmbito do Instituto Federal de Educação, Ciência e Tecnologia do Piauí (IFPI) e Anexo.pdf]
Essa carga horária abrange todo o curso, desde o primeiro módulo até sua integralização. O núcleo de prática pedagógica tem como objetivo articular o processo formativo previsto nos componentes curriculares e no estágio supervisionado. A implementação do estágio supervisionado deve ocorrer mediante ajuste formal prévio entre o IFPI e a instituição associada ou conveniada, preferencialmente escolas e instituições públicas, conforme as normativas internas e externas que regulamentam a matéria. O Núcleo de Prática Extensionista (AEE) possui carga horária de 360 horas que são destinadas às atividades de extensão curricularizadas, em conformidade com a Resolução Normativa nº 131 - CONSUP/OSUPCOL/REI/IFPI, de 25 de abril de 2022, em atendimento ao disposto na meta 12.7 do Plano Nacional de Educação, Lei 13.005/2014, que determina que o mínimo de 10% (dez por cento) da carga horária curricular obrigatória dos cursos de graduação deve ser integralizado por meio de atividades de extensão e agora na reformulação seguimos a RESOLUÇÃO CNE/CP Nº 4, DE 29 DE MAIO DE 2024. Esta carga horária consta do currículo no formato de componentes curriculares específicos de extensão, que contemplam temas relacionados à fundamentação, planejamento e execução de projetos e/ou programas de extensão. A proposta curricular da Licenciatura Intercultural Indígena adota a interdisciplinaridade como princípio estruturante da formação docente, em consonância com as Diretrizes Curriculares Nacionais para a

[Trecho 3 | Fonte: RESOLUÇÃO Nº 17-2025-Aprova  a Criação do Curso Técnico em Serviços Jurídicos, integrado ao Ensino Médio,  no âmbito do Instituto Federal de Educação, Ciência e Tecnologia do Piauí (IFPI) e Anexo.pdf]
horária é requisito para aprovação e obtenção de diploma. O parágrafo segundo do já citado artigo define o estágio não-obrigatório como aquele desenvolvido como atividade opcional, acrescida à carga horária regular e obrigatória. No curso técnico de nível médio em Serviços Jurídicos o estágio supervisionado é considerado como uma atividade curricular não obrigatória, com carga horária mínima de 200h, ou seja, desenvolvido como atividade opcional, e celebrado com um termo de compromisso entre educando, a parte concernente do estágio e a instituição de ensino, conforme o inciso II, do art. 3º, da Lei nº 11.785, de 25 de setembro de 2008, cumprindo-se, ainda, as determinações do Regulamento de Estágios dos Cursos de Educação Profissional de Nível Médio deste Instituto Federal do Piauí e a Legislação Específica. As atividades desenvolvidas no estágio devem manter uma correspondência com os conhecimentos teórico- práticos adquiridos pelo aluno no decorrer do curso e devem ser acompanhados por um professor orientador que, ao final do estágio, receberá do aluno um relatório de estágio. Embora não obrigatório, poderá ser realizado a partir do Módulo I do curso, obedecendo às normas instituídas pelo IFPI. As atividades programadas para o estágio devem manter uma correspondência com os conhecimentos teórico-práticos adquiridos pelo aluno no decorrer do curso. O estágio deverá ser acompanhado por um professor orientador para cada aluno, em função da área de atuação no estágio e das

[Trecho 4 | Fonte: RESOLUÇÃO NORMATIVA Nº 207-2024-Regulamenta a parceria entre o Instituto Federal de Educação, Ciência e Tecnologia do Piauí (IFPI) e a Fundação de Amparo à Pesquisa, Inovação, Ensino e Extensão do IFPI.pdf]
de ensino; IV - no caso de servidor docente com dedicação exclusiva desenvolvendo a@vidades de prestação de serviços em projetos de ensino, pesquisa e extensão, a carga horária dedicada a essas a@vidades ﬁca limitada a 8 (oito) horas semanais ou 416 (quatrocentas e dezesseis) horas anuais, nos termos dos incisos XI e XII, e § 4o do art. 21 da Lei 12.772/12; V - no caso de servidor docente com 20 ou 40 horas desenvolvendo a@vidades de prestação de serviços em projetos de ensino, pesquisa e extensão, a carga horária dedicada a essas a@vidades ﬁca limitada a 8 (oito) horas semanais ou 416 (quatrocentas e dezesseis) horas anuais; e VI - no caso de servidores técnico-administra@vos desenvolvendo a@vidades em projetos, a carga horária des@nada a esses projetos não deverá exceder a 8 (oito) horas semanais ou 416 (quatrocentas e dezesseis) horas anuais. Art. 40. Os projetos devem ser realizados por, no mínimo, 2/3 (dois terços) de pessoas vinculadas ao IFPI, incluindo servidores docentes e técnico-administra@vos, estudantes regulares, pesquisadores e pós-doutores e bolsista com vínculo formal a programas de pesquisa do IFPI, nos moldes do art. 6º, § 3º do Decreto nº 7.423, de 2010. § 1º Em casos devidamente jus@ﬁcados e aprovados pelo CONSUP, poderão ser realizados projetos com a colaboração da fundação de apoio, com par@cipação de pessoas vinculadas ao IFPI, em proporção inferior à prevista no caput deste ar@go, atentando-se para as seguintes condições: I - observar a par@cipação","[""RESOLUÇÃO Nº 23-2024-Aprova a Criação do Curso de Licenciatura Intercultural Indígena, do PARFOR EQUIDADE, no âmbito do Instituto Federal de Educação, Ciência e Tecnologia do Piauí (IFPI)e Anexo.pdf"", ""RESOLUÇÃO Nº 79-2025-Aprova a Reformulação do Curso de Licenciatura Intercultural Indígena, do PARFOR EQUIDADE, no âmbito do Instituto Federal de Educação, Ciência e Tecnologia do Piauí (IFPI) e Anexo.pdf"", ""RESOLUÇÃO Nº 17-2025-Aprova  a Criação do Curso Técnico em Serviços Jurídicos, integrado ao Ensino Médio,  no âmbito do Instituto Federal de Educação, Ciência e Tecnologia do Piauí (IFPI) e Anexo.pdf"", ""RESOLUÇÃO NORMATIVA Nº 207-2024-Regulamenta a parceria entre o Instituto Federal de Educação, Ciência e Tecnologia do Piauí (IFPI) e a Fundação de Amparo à Pesquisa, Inovação, Ensino e Extensão do IFPI.pdf""]","[""RESOLUÇÃO Nº 3-2025-Aprova o Relatório de Gestão da Corregedoria do Instituto Federal de Educação, Ciência e Tecnologia do Piauí (IFPI), exercício 2024 e Anexo-1.pdf"", ""RESOLUÇÃO Nº 79-2025-Aprova a Reformulação do Curso de Licenciatura Intercultural Indígena, do PARFOR EQUIDADE, no âmbito do Instituto Federal de Educação, Ciência e Tecnologia do Piauí (IFPI) e Anexo.pdf"", ""RESOLUÇÃO NORMATIVA Nº 238-2025-Regulamenta a prestação institucional de serviços à comunidade externa pelo Instituto Federal de Educação, Ciência e Tecnologia do Piauí (IFPI)._______.pdf"", ""RESOLUÇÃO Nº 45-2024-Aprova a Reformulação do Curso de Licenciatura Intercultural Indígena, do PARFOR EQUIDADE, no âmbito do Instituto Federal de Educação, Ciência e Tecnologia do Piauí (IFPI) e Anexo.pdf"", ""RESOLUÇÃO Nº 106-2025-Aprova a reformulação do Curso Técnico em Contabilidade Integrado ao Ensino Médio, no âmbito do IFPI e Anexo-.pdf"", ""RESOLUÇÃO Nº 92-2025-Aprova a reformulação do Curso Técnico em Segurança do Trabalho Integrado ao Ensino Médio, no âmbito do IFPI e Anexo.pdf"", ""RESOLUÇÃO Nº 94-2025-Aprova a reformulação do Curso Técnico em Mineração Integrado ao Ensino Médio, no âmbito do IFPI e Anexo.pdf"", ""RESOLUÇÃO NORMATIVA Nº 207-2024-Regulamenta a parceria entre o Instituto Federal de Educação, Ciência e Tecnologia do Piauí (IFPI) e a Fundação de Amparo à Pesquisa, Inovação, Ensino e Extensão do IFPI.pdf"", ""RESOLUÇÃO Nº 23-2024-Aprova a Criação do Curso de Licenciatura Intercultural Indígena, do PARFOR EQUIDADE, no âmbito do Instituto Federal de Educação, Ciência e Tecnologia do Piauí (IFPI)e Anexo.pdf"", ""RESOLUÇÃO Nº 17-2025-Aprova  a Criação do Curso Técnico em Serviços Jurídicos, integrado ao Ensino Médio,  no âmbito do Instituto Federal de Educação, Ciência e Tecnologia do Piauí (IFPI) e Anexo.pdf""]","[""RESOLUÇÃO Nº 23-2024-Aprova a Criação do Curso de Licenciatura Intercultural Indígena, do PARFOR EQUIDADE, no âmbito do Instituto Federal de Educação, Ciência e Tecnologia do Piauí (IFPI)e Anexo.pdf"", ""RESOLUÇÃO Nº 79-2025-Aprova a Reformulação do Curso de Licenciatura Intercultural Indígena, do PARFOR EQUIDADE, no âmbito do Instituto Federal de Educação, Ciência e Tecnologia do Piauí (IFPI) e Anexo.pdf"", ""RESOLUÇÃO Nº 17-2025-Aprova  a Criação do Curso Técnico em Serviços Jurídicos, integrado ao Ensino Médio,  no âmbito do Instituto Federal de Educação, Ciência e Tecnologia do Piauí (IFPI) e Anexo.pdf"", ""RESOLUÇÃO NORMATIVA Nº 207-2024-Regulamenta a parceria entre o Instituto Federal de Educação, Ciência e Tecnologia do Piauí (IFPI) e a Fundação de Amparo à Pesquisa, Inovação, Ensino e Extensão do IFPI.pdf"", ""RESOLUÇÃO Nº 45-2024-Aprova a Reformulação do Curso de Licenciatura Intercultural Indígena, do PARFOR EQUIDADE, no âmbito do Instituto Federal de Educação, Ciência e Tecnologia do Piauí (IFPI) e Anexo.pdf"", ""RESOLUÇÃO NORMATIVA Nº 238-2025-Regulamenta a prestação institucional de serviços à comunidade externa pelo Instituto Federal de Educação, Ciência e Tecnologia do Piauí (IFPI)._______.pdf"", ""RESOLUÇÃO Nº 94-2025-Aprova a reformulação do Curso Técnico em Mineração Integrado ao Ensino Médio, no âmbito do IFPI e Anexo.pdf"", ""RESOLUÇÃO Nº 3-2025-Aprova o Relatório de Gestão da Corregedoria do Instituto Federal de Educação, Ciência e Tecnologia do Piauí (IFPI), exercício 2024 e Anexo-1.pdf"", ""RESOLUÇÃO Nº 92-2025-Aprova a reformulação do Curso Técnico em Segurança do Trabalho Integrado ao Ensino Médio, no âmbito do IFPI e Anexo.pdf"", ""RESOLUÇÃO Nº 106-2025-Aprova a reformulação do Curso Técnico em Contabilidade Integrado ao Ensino Médio, no âmbito do IFPI e Anexo-.pdf""]",,,0.0,0.0,0.0,0.0,0.0,0.0,0.0,0.0,0.0,0.0,0.0,10,10,4,6.4011
1,43,dense_rerank,"RESOLUÇÃO NORMATIVA Nº 217-2024-Atualiza o Regimento Interno da Comissão Permanente de Pessoal Docente (CPPD), no âmbito do Instituto Federal de Educação, Ciência e Tecnologia do Piauí (IFPI)..pdf",Como é composta a CPPD do IFPI em número de membros titulares e suplentes?,"A CPPD do IFPI é composta por 10 docentes, sendo 5 representantes titulares e 5 representantes suplentes.","A CPPD do IFPI é composta por dez docentes da carreira de Ensino Básico, Técnico e Tecnológico, sendo cinco representantes titulares e cinco representantes suplentes.","[Trecho 1 | Fonte: RESOLUÇÃO NORMATIVA Nº 217-2024-Atualiza o Regimento Interno da Comissão Permanente de Pessoal Docente (CPPD), no âmbito do Instituto Federal de Educação, Ciência e Tecnologia do Piauí (IFPI)..pdf]
a Diretoria de Gestão de Pessoas (DIGEP) em assuntos relacionados à política de pessoal docente do IFPI; e VII - zelar pelas normas que regulam a CPPD. CAPÍTULO III DA ESTRUTURA E COMPOSIÇÃO Art. 5º A Comissão Permanente de Pessoal Docente do IFPI será composta por 10 (dez) docentes da carreira de Ensino Básico, Técnico e Tecnológico, sendo 05 (cinco) representantes Dtulares e 05 (cinco) representantes suplentes. Art. 6º Os integrantes da CPPD terão mandato de 04 (quatro) anos, podendo haver uma única recondução por igual período. CAPÍTULO IV DA COMPETÊNCIA Art. 7º Compete à CPPD do IFPI: I - prestar assessoramento ao Reitor, na formulação e acompanhamento da execução da políDca de pessoal docente, em consonância com a legislação federal, instruções e orientações dos órgãos competentes, e com as ações e políticas do IFPI; II - desenvolver análises e estudos visando à implementação, ao aperfeiçoamento e/ou modificação da política de pessoal docente e de seus instrumentos; III - parDcipar como membro efeDvo de processos de construção e/ou reformulação de regulamentações, bem como de comissões, grupos de trabalho ou afins que tratarão sobre: a) dimensionamento da alocação de vagas docentes no IFPI; b) contratação e admissão de professores efetivos e substitutos; c) alteração do regime de trabalho docente; d) avaliação do desempenho para fins de progressão e promoção funcional; e) solicitação de afastamento de docentes para aperfeiçoamento, especialização, mestrado, doutorado ou

[Trecho 2 | Fonte: RESOLUÇÃO Nº 75-2024-Atualiza o Regimento Interno da Comissão Permanente de Pessoal Docente (CPPD), no âmbito do Instituto Federal de Educação, Ciência e Tecnologia do Piauí (IFPI) -REVOGADA PELA RESOLUÇÃO Nº 77_2024..pdf]
VI - colaborar com a Diretoria de Gestão de Pessoas (DIGEP) em assuntos relacionados à política de pessoal docente do IFPI; e VII - zelar pelas normas que regulam a CPPD. CAPÍTULO III DA ESTRUTURA E COMPOSIÇÃO Art. 5º A Comissão Permanente de Pessoal Docente do IFPI será composta por 10 (dez) docentes da carreira de Ensino Básico, Técnico e Tecnológico, sendo 05 (cinco) representantes Btulares e 05 (cinco) representantes suplentes. Art. 6º Os integrantes da CPPD terão mandato de 04 (quatro) anos, podendo haver uma única recondução por igual período. CAPÍTULO IV DA COMPETÊNCIA Art. 7º Compete à CPPD do IFPI: I - prestar assessoramento ao Reitor, na formulação e acompanhamento da execução da políBca de pessoal docente, em consonância com a legislação federal, instruções e orientações dos órgãos competentes, e com as ações e políticas do IFPI; II - desenvolver análises e estudos visando à implementação, ao aperfeiçoamento e/ou modificação da política de pessoal docente e de seus instrumentos; III - parBcipar como membro efeBvo de processos de construção e/ou reformulação de regulamentações, bem como de comissões, grupos de trabalho ou afins que tratarão sobre: a) dimensionamento da alocação de vagas docentes no IFPI; b) contratação e admissão de professores efetivos e substitutos; c) alteração do regime de trabalho docente; d) avaliação do desempenho para fins de progressão e promoção funcional; e) solicitação de afastamento de docentes para aperfeiçoamento, especialização,

[Trecho 3 | Fonte: RESOLUÇÃO Nº 75-2024-Atualiza o Regimento Interno da Comissão Permanente de Pessoal Docente (CPPD), no âmbito do Instituto Federal de Educação, Ciência e Tecnologia do Piauí (IFPI) -REVOGADA PELA RESOLUÇÃO Nº 77_2024..pdf]
Caso não sejam preenchidas as vagas, o Reitor do IFPI indicará membros para compor a Comissão. Seção II Seção II Dos Deveres e das Vedações Dos Deveres e das Vedações Art. 14. São deveres dos Membros da CPPD: I - exercer com zelo e dedicação as atribuições da Comissão; II - observar as normas legais e regulamentares; III - cumprir com independência e imparcialidade, as disposições legais e os atos de ofício; IV - não exceder injusBﬁcadamente os prazos para análise e encaminhamento dos processos; V - proceder às assinaturas eletrônicas em até 02 (dois) dias úteis quando da solicitação; VI - determinar as providências necessárias para que os atos processuais se realizem nos prazos legais; VII - tratar com urbanidade as pessoas; e VIII - ser assíduo e pontual aos trabalhos da CPPD. Art. 15. É vedado aos Membros da CPPD: I - manifestar, por qualquer meio de comunicação, opinião sobre processos pendentes de julgamento, ou juízo depreciaBvo sobre despacho, voto ou decisão de membro da CPPD, ressalvada a crítica nos autos ou em obras técnicas; ou Seção III Seção III Da perda do mandato Da perda do mandato Art. 16. Perderá o mandato o membro da Comissão que: I - se desvincular do quadro de pessoal docente ativo do IFPI; II - deixar de pertencer à categoria docente; III - faltar, sem moBvo jusBﬁcado, a mais de 3 (três) reuniões ordinárias consecuBvas ou 06 (seis) reuniões ordinárias alternadas, no período de 1 (um) ano; IV - afastar-se das atividades funcionais docentes por mais de

[Trecho 4 | Fonte: RESOLUÇÃO NORMATIVA Nº 223-2024-Atualiza a Regulamentação do planejamento e o registro das atividades acadêmicas dos docentes da Carreira do Magistério do Ensino Básico, Técnico e Tecnológico do IFPI.pdf]
2 horas 4.9 Membro de Colegiado de Curso ou Programa de Pós- graduação Por colegiado Até 2 horas 4.10 Presidente da Comissão Própria de Avaliação (CPA) Até 10 horas 4.11 Membro da Comissão Própria de Avaliação (CPA) 7 horas 4.12 Membro titular da Comissão Executiva da Comissão Permanente de Pessoal Docente (CPPD) Até 10 horas ATIVIDADES REFERÊNCIA CARGA HORÁRIA SEMANAL 4.13 Membro suplente da Comissão Executiva da Comissão Permanente de Pessoal Docente (CPPD) 2 horas 4.14 Membro titular da Comissão Local da Comissão Permanente de Pessoal Docente (CPPD) Até 8 horas 4.15 Membro suplente da Comissão Local da Comissão Permanente de Pessoal Docente (CPPD) 2 horas 4.16 Presidente e Secretário-Geral do Conselho Editorial do IFPI Até 10 horas 4.17 Membro do Conselho Editorial do IFPI 5 horas 4.18 Editor-Chefe ou similar de revistas do portal de periódicos IFPI Por revista Até 4 horas 4.19 Participações em comissões temporárias ou permanentes, sem carga horária prevista em legislação Por comissão Até 4 horas 4.20 Membro da Comissão de sindicância e de processos administrativos disciplinares Até 8 horas 4.21 Membro da Comissão de ética. Até 4 horas ANEXO RESOLUÇÃO DE CH DOCENTE Assunto: ANEXO RESOLUÇÃO DE CH DOCENTE Assinado por: - Tipo do Documento: Anexo Situação: Finalizado Nível de Acesso: Público Tipo do Conferência: Documento Original","[""RESOLUÇÃO NORMATIVA Nº 217-2024-Atualiza o Regimento Interno da Comissão Permanente de Pessoal Docente (CPPD), no âmbito do Instituto Federal de Educação, Ciência e Tecnologia do Piauí (IFPI)..pdf"", ""RESOLUÇÃO Nº 75-2024-Atualiza o Regimento Interno da Comissão Permanente de Pessoal Docente (CPPD), no âmbito do Instituto Federal de Educação, Ciência e Tecnologia do Piauí (IFPI) -REVOGADA PELA RESOLUÇÃO Nº 77_2024..pdf"", ""RESOLUÇÃO Nº 75-2024-Atualiza o Regimento Interno da Comissão Permanente de Pessoal Docente (CPPD), no âmbito do Instituto Federal de Educação, Ciência e Tecnologia do Piauí (IFPI) -REVOGADA PELA RESOLUÇÃO Nº 77_2024..pdf"", ""RESOLUÇÃO NORMATIVA Nº 223-2024-Atualiza a Regulamentação do planejamento e o registro das atividades acadêmicas dos docentes da Carreira do Magistério do Ensino Básico, Técnico e Tecnológico do IFPI.pdf""]","[""RESOLUÇÃO NORMATIVA Nº 217-2024-Atualiza o Regimento Interno da Comissão Permanente de Pessoal Docente (CPPD), no âmbito do Instituto Federal de Educação, Ciência e Tecnologia do Piauí (IFPI)..pdf"", ""RESOLUÇÃO Nº 75-2024-Atualiza o Regimento Interno da Comissão Permanente de Pessoal Docente (CPPD), no âmbito do Instituto Federal de Educação, Ciência e Tecnologia do Piauí (IFPI) -REVOGADA PELA RESOLUÇÃO Nº 77_2024..pdf"", ""RESOLUÇÃO NORMATIVA Nº 217-2024-Atualiza o Regimento Interno da Comissão Permanente de Pessoal Docente (CPPD), no âmbito do Instituto Federal de Educação, Ciência e Tecnologia do Piauí (IFPI)..pdf"", ""RESOLUÇÃO Nº 75-2024-Atualiza o Regimento Interno da Comissão Permanente de Pessoal Docente (CPPD), no âmbito do Instituto Federal de Educação, Ciência e Tecnologia do Piauí (IFPI) -REVOGADA PELA RESOLUÇÃO Nº 77_2024..pdf"", ""RESOLUÇÃO NORMATIVA Nº 223-2024-Atualiza a Regulamentação do planejamento e o registro das atividades acadêmicas dos docentes da Carreira do Magistério do Ensino Básico, Técnico e Tecnológico do IFPI.pdf"", ""RESOLUÇÃO Nº 75-2024-Atualiza o Regimento Interno da Comissão Permanente de Pessoal Docente (CPPD), no âmbito do Instituto Federal de Educação, Ciência e Tecnologia do Piauí (IFPI) -REVOGADA PELA RESOLUÇÃO Nº 77_2024..pdf"", ""RESOLUÇÃO NORMATIVA Nº 222-2024-Institui o Regulamento Interno do Comitê Gestor de Proteção de Dados Pessoais (CGPDP), no âmbito do Instituto Federal de Educação, Ciência e Tecnologia do Piauí (IFPI)..pdf"", ""RESOLUÇÃO Nº 75-2024-Atualiza o Regimento Interno da Comissão Permanente de Pessoal Docente (CPPD), no âmbito do Instituto Federal de Educação, Ciência e Tecnologia do Piauí (IFPI) -REVOGADA PELA RESOLUÇÃO Nº 77_2024..pdf""]","[""RESOLUÇÃO NORMATIVA Nº 217-2024-Atualiza o Regimento Interno da Comissão Permanente de Pessoal Docente (CPPD), no âmbito do Instituto Federal de Educação, Ciência e Tecnologia do Piauí (IFPI)..pdf"", ""RESOLUÇÃO Nº 75-2024-Atualiza o Regimento Interno da Comissão Permanente de Pessoal Docente (CPPD), no âmbito do Instituto Federal de Educação, Ciência e Tecnologia do Piauí (IFPI) -REVOGADA PELA RESOLUÇÃO Nº 77_2024..pdf"", ""RESOLUÇÃO Nº 75-2024-Atualiza o Regimento Interno da Comissão Permanente de Pessoal Docente (CPPD), no âmbito do Instituto Federal de Educação, Ciência e Tecnologia do Piauí (IFPI) -REVOGADA PELA RESOLUÇÃO Nº 77_2024..pdf"", ""RESOLUÇÃO NORMATIVA Nº 223-2024-Atualiza a Regulamentação do planejamento e o registro das atividades acadêmicas dos docentes da Carreira do Magistério do Ensino Básico, Técnico e Tecnológico do IFPI.pdf"", ""RESOLUÇÃO NORMATIVA Nº 222-2024-Institui o Regulamento Interno do Comitê Gestor de Proteção de Dados Pessoais (CGPDP), no âmbito do Instituto Federal de Educação, Ciência e Tecnologia do Piauí (IFPI)..pdf"", ""RESOLUÇÃO Nº 75-2024-Atualiza o Regimento Interno da Comissão Permanente de Pessoal Docente (CPPD), no âmbito do Instituto Federal de Educação, Ciência e Tecnologia do Piauí (IFPI) -REVOGADA PELA RESOLUÇÃO Nº 77_2024..pdf"", ""RESOLUÇÃO Nº 75-2024-Atualiza o Regimento Interno da Comissão Permanente de Pessoal Docente (CPPD), no âmbito do Instituto Federal de Educação, Ciência e Tecnologia do Piauí (IFPI) -REVOGADA PELA RESOLUÇÃO Nº 77_2024..pdf"", ""RESOLUÇÃO NORMATIVA Nº 217-2024-Atualiza o Regimento Interno da Comissão Permanente de Pessoal Docente (CPPD), no âmbito do Instituto Federal de Educação, Ciência e Tecnologia do Piauí (IFPI)..pdf""]",1.0,1.0,1.0,1.0,1.0,1.0,1.0,1.0,1.0,1.0,1.0,1.0,1.0,8,8,4,4.126
1,43,dense_rerank,"RESOLUÇÃO NORMATIVA Nº 217-2024-Atualiza o Regimento Interno da Comissão Permanente de Pessoal Docente (CPPD), no âmbito do Instituto Federal de Educação, Ciência e Tecnologia do Piauí (IFPI)..pdf",Qual é o mandato dos integrantes da CPPD do IFPI?,"O mandato dos integrantes da CPPD é de 4 anos, com possibilidade de uma única recondução por igual período.","Os integrantes da CPPD do IFPI têm mandato de 4 (quatro) anos, podendo haver uma única recondução por igual período.","[Trecho 1 | Fonte: RESOLUÇÃO NORMATIVA Nº 217-2024-Atualiza o Regimento Interno da Comissão Permanente de Pessoal Docente (CPPD), no âmbito do Instituto Federal de Educação, Ciência e Tecnologia do Piauí (IFPI)..pdf]
o Reitor do IFPI indicará membros para compor a Comissão. Seção II Seção II Dos Deveres e das Vedações Dos Deveres e das Vedações Art. 14. São deveres dos Membros da CPPD: I - exercer com zelo e dedicação as atribuições da Comissão; II - observar as normas legais e regulamentares; III - cumprir com independência e imparcialidade, as disposições legais e os atos de ofício; IV - não exceder injusDﬁcadamente os prazos para análise e encaminhamento dos processos; V - proceder às assinaturas eletrônicas em até 02 (dois) dias úteis quando da solicitação; VI - determinar as providências necessárias para que os atos processuais se realizem nos prazos legais; VII - tratar com urbanidade as pessoas; e VIII - ser assíduo e pontual aos trabalhos da CPPD. Art. 15. É vedado aos Membros da CPPD: I - manifestar, por qualquer meio de comunicação, opinião sobre processos pendentes de julgamento, ou juízo depreciaDvo sobre despacho, voto ou decisão de membro da CPPD, ressalvada a crítica nos autos ou em obras técnicas; ou Seção III Seção III Da perda do mandato Da perda do mandato Art. 16. Perderá o mandato o membro da Comissão que: I - se desvincular do quadro de pessoal docente ativo do IFPI; II - deixar de pertencer à categoria docente; III - faltar, sem moDvo jusDﬁcado, a mais de 3 (três) reuniões ordinárias consecuDvas ou 06 (seis) reuniões ordinárias alternadas, no período de 1 (um) ano; IV - afastar-se das atividades funcionais docentes por mais de 06 (seis) meses consecutivos; V -

[Trecho 2 | Fonte: RESOLUÇÃO Nº 75-2024-Atualiza o Regimento Interno da Comissão Permanente de Pessoal Docente (CPPD), no âmbito do Instituto Federal de Educação, Ciência e Tecnologia do Piauí (IFPI) -REVOGADA PELA RESOLUÇÃO Nº 77_2024..pdf]
Caso não sejam preenchidas as vagas, o Reitor do IFPI indicará membros para compor a Comissão. Seção II Seção II Dos Deveres e das Vedações Dos Deveres e das Vedações Art. 14. São deveres dos Membros da CPPD: I - exercer com zelo e dedicação as atribuições da Comissão; II - observar as normas legais e regulamentares; III - cumprir com independência e imparcialidade, as disposições legais e os atos de ofício; IV - não exceder injusBﬁcadamente os prazos para análise e encaminhamento dos processos; V - proceder às assinaturas eletrônicas em até 02 (dois) dias úteis quando da solicitação; VI - determinar as providências necessárias para que os atos processuais se realizem nos prazos legais; VII - tratar com urbanidade as pessoas; e VIII - ser assíduo e pontual aos trabalhos da CPPD. Art. 15. É vedado aos Membros da CPPD: I - manifestar, por qualquer meio de comunicação, opinião sobre processos pendentes de julgamento, ou juízo depreciaBvo sobre despacho, voto ou decisão de membro da CPPD, ressalvada a crítica nos autos ou em obras técnicas; ou Seção III Seção III Da perda do mandato Da perda do mandato Art. 16. Perderá o mandato o membro da Comissão que: I - se desvincular do quadro de pessoal docente ativo do IFPI; II - deixar de pertencer à categoria docente; III - faltar, sem moBvo jusBﬁcado, a mais de 3 (três) reuniões ordinárias consecuBvas ou 06 (seis) reuniões ordinárias alternadas, no período de 1 (um) ano; IV - afastar-se das atividades funcionais docentes por mais de

[Trecho 3 | Fonte: RESOLUÇÃO NORMATIVA Nº 217-2024-Atualiza o Regimento Interno da Comissão Permanente de Pessoal Docente (CPPD), no âmbito do Instituto Federal de Educação, Ciência e Tecnologia do Piauí (IFPI)..pdf]
a Diretoria de Gestão de Pessoas (DIGEP) em assuntos relacionados à política de pessoal docente do IFPI; e VII - zelar pelas normas que regulam a CPPD. CAPÍTULO III DA ESTRUTURA E COMPOSIÇÃO Art. 5º A Comissão Permanente de Pessoal Docente do IFPI será composta por 10 (dez) docentes da carreira de Ensino Básico, Técnico e Tecnológico, sendo 05 (cinco) representantes Dtulares e 05 (cinco) representantes suplentes. Art. 6º Os integrantes da CPPD terão mandato de 04 (quatro) anos, podendo haver uma única recondução por igual período. CAPÍTULO IV DA COMPETÊNCIA Art. 7º Compete à CPPD do IFPI: I - prestar assessoramento ao Reitor, na formulação e acompanhamento da execução da políDca de pessoal docente, em consonância com a legislação federal, instruções e orientações dos órgãos competentes, e com as ações e políticas do IFPI; II - desenvolver análises e estudos visando à implementação, ao aperfeiçoamento e/ou modificação da política de pessoal docente e de seus instrumentos; III - parDcipar como membro efeDvo de processos de construção e/ou reformulação de regulamentações, bem como de comissões, grupos de trabalho ou afins que tratarão sobre: a) dimensionamento da alocação de vagas docentes no IFPI; b) contratação e admissão de professores efetivos e substitutos; c) alteração do regime de trabalho docente; d) avaliação do desempenho para fins de progressão e promoção funcional; e) solicitação de afastamento de docentes para aperfeiçoamento, especialização, mestrado, doutorado ou

[Trecho 4 | Fonte: RESOLUÇÃO NORMATIVA Nº 217-2024-Atualiza o Regimento Interno da Comissão Permanente de Pessoal Docente (CPPD), no âmbito do Instituto Federal de Educação, Ciência e Tecnologia do Piauí (IFPI)..pdf]
da Presidência, assumirá o seu suplente. Art. 19. Compete ao presidente da CPPD: I - representar a CPPD no âmbito do IFPI ou em eventos externos; II - dirigir os trabalhos da Comissão, observando e fazendo cumprir este regimento; III - presidir as sessões ordinárias e convocar as extraordinárias; IV - colher votos e votar nos casos e, na forma prevista neste regimento, proclamar os resultados do julgamento dos processos; V - editar instruções normaDvas e ordens de serviço necessárias ao funcionamento da Comissão; VI - indicar os membros da CPPD que a representarão oﬁcialmente nas comissões, grupos de trabalho ou afins; Parágrafo único. A presidência da CPPD será equiparada à coordenação para ﬁns de registro no Plano Semestral de ADvidades Docentes - PSAD; Relatório Semestral de ADvidades Docentes - RSAD e outros documentos. Seção II Seção II Das Secretarias da Comissão Das Secretarias da Comissão Art. 20. A função de Secretário da Comissão deverá ser desenvolvida, sempre que possível, por, no mínimo, 2 (dois) servidores técnico-administraDvos efeDvos, dada a relevância e o volume de trabalho. Art. 21. As atividades de secretaria da CPPD envolvem: I - lavrar as atas das reuniões; II - distribuir, de acordo com a orientação do presidente ou coordenador, os processos constantes da pauta, para apreciação e parecer; III - manter organizados e atualizados os arquivos e fichários; IV - receber e expedir correspondências e documentos; V - providenciar os materiais e serviços","[""RESOLUÇÃO NORMATIVA Nº 217-2024-Atualiza o Regimento Interno da Comissão Permanente de Pessoal Docente (CPPD), no âmbito do Instituto Federal de Educação, Ciência e Tecnologia do Piauí (IFPI)..pdf"", ""RESOLUÇÃO Nº 75-2024-Atualiza o Regimento Interno da Comissão Permanente de Pessoal Docente (CPPD), no âmbito do Instituto Federal de Educação, Ciência e Tecnologia do Piauí (IFPI) -REVOGADA PELA RESOLUÇÃO Nº 77_2024..pdf"", ""RESOLUÇÃO NORMATIVA Nº 217-2024-Atualiza o Regimento Interno da Comissão Permanente de Pessoal Docente (CPPD), no âmbito do Instituto Federal de Educação, Ciência e Tecnologia do Piauí (IFPI)..pdf"", ""RESOLUÇÃO NORMATIVA Nº 217-2024-Atualiza o Regimento Interno da Comissão Permanente de Pessoal Docente (CPPD), no âmbito do Instituto Federal de Educação, Ciência e Tecnologia do Piauí (IFPI)..pdf""]","[""RESOLUÇÃO NORMATIVA Nº 217-2024-Atualiza o Regimento Interno da Comissão Permanente de Pessoal Docente (CPPD), no âmbito do Instituto Federal de Educação, Ciência e Tecnologia do Piauí (IFPI)..pdf"", ""RESOLUÇÃO Nº 75-2024-Atualiza o Regimento Interno da Comissão Permanente de Pessoal Docente (CPPD), no âmbito do Instituto Federal de Educação, Ciência e Tecnologia do Piauí (IFPI) -REVOGADA PELA RESOLUÇÃO Nº 77_2024..pdf"", ""RESOLUÇÃO NORMATIVA Nº 217-2024-Atualiza o Regimento Interno da Comissão Permanente de Pessoal Docente (CPPD), no âmbito do Instituto Federal de Educação, Ciência e Tecnologia do Piauí (IFPI)..pdf"", ""RESOLUÇÃO Nº 75-2024-Atualiza o Regimento Interno da Comissão Permanente de Pessoal Docente (CPPD), no âmbito do Instituto Federal de Educação, Ciência e Tecnologia do Piauí (IFPI) -REVOGADA PELA RESOLUÇÃO Nº 77_2024..pdf"", ""RESOLUÇÃO Nº 75-2024-Atualiza o Regimento Interno da Comissão Permanente de Pessoal Docente (CPPD), no âmbito do Instituto Federal de Educação, Ciência e Tecnologia do Piauí (IFPI) -REVOGADA PELA RESOLUÇÃO Nº 77_2024..pdf"", ""RESOLUÇÃO NORMATIVA Nº 217-2024-Atualiza o Regimento Interno da Comissão Permanente de Pessoal Docente (CPPD), no âmbito do Instituto Federal de Educação, Ciência e Tecnologia do Piauí (IFPI)..pdf"", ""RESOLUÇÃO NORMATIVA Nº 217-2024-Atualiza o Regimento Interno da Comissão Permanente de Pessoal Docente (CPPD), no âmbito do Instituto Federal de Educação, Ciência e Tecnologia do Piauí (IFPI)..pdf"", ""RESOLUÇÃO Nº 75-2024-Atualiza o Regimento Interno da Comissão Permanente de Pessoal Docente (CPPD), no âmbito do Instituto Federal de Educação, Ciência e Tecnologia do Piauí (IFPI) -REVOGADA PELA RESOLUÇÃO Nº 77_2024..pdf"", ""RESOLUÇÃO NORMATIVA Nº 217-2024-Atualiza o Regimento Interno da Comissão Permanente de Pessoal Docente (CPPD), no âmbito do Instituto Federal de Educação, Ciência e Tecnologia do Piauí (IFPI)..pdf""]","[""RESOLUÇÃO NORMATIVA Nº 217-2024-Atualiza o Regimento Interno da Comissão Permanente de Pessoal Docente (CPPD), no âmbito do Instituto Federal de Educação, Ciência e Tecnologia do Piauí (IFPI)..pdf"", ""RESOLUÇÃO Nº 75-2024-Atualiza o Regimento Interno da Comissão Permanente de Pessoal Docente (CPPD), no âmbito do Instituto Federal de Educação, Ciência e Tecnologia do Piauí (IFPI) -REVOGADA PELA RESOLUÇÃO Nº 77_2024..pdf"", ""RESOLUÇÃO NORMATIVA Nº 217-2024-Atualiza o Regimento Interno da Comissão Permanente de Pessoal Docente (CPPD), no âmbito do Instituto Federal de Educação, Ciência e Tecnologia do Piauí (IFPI)..pdf"", ""RESOLUÇÃO NORMATIVA Nº 217-2024-Atualiza o Regimento Interno da Comissão Permanente de Pessoal Docente (CPPD), no âmbito do Instituto Federal de Educação, Ciência e Tecnologia do Piauí (IFPI)..pdf"", ""RESOLUÇÃO Nº 75-2024-Atualiza o Regimento Interno da Comissão Permanente de Pessoal Docente (CPPD), no âmbito do Instituto Federal de Educação, Ciência e Tecnologia do Piauí (IFPI) -REVOGADA PELA RESOLUÇÃO Nº 77_2024..pdf"", ""RESOLUÇÃO Nº 75-2024-Atualiza o Regimento Interno da Comissão Permanente de Pessoal Docente (CPPD), no âmbito do Instituto Federal de Educação, Ciência e Tecnologia do Piauí (IFPI) -REVOGADA PELA RESOLUÇÃO Nº 77_2024..pdf"", ""RESOLUÇÃO NORMATIVA Nº 217-2024-Atualiza o Regimento Interno da Comissão Permanente de Pessoal Docente (CPPD), no âmbito do Instituto Federal de Educação, Ciência e Tecnologia do Piauí (IFPI)..pdf"", ""RESOLUÇÃO Nº 75-2024-Atualiza o Regimento Interno da Comissão Permanente de Pessoal Docente (CPPD), no âmbito do Instituto Federal de Educação, Ciência e Tecnologia do Piauí (IFPI) -REVOGADA PELA RESOLUÇÃO Nº 77_2024..pdf"", ""RESOLUÇÃO NORMATIVA Nº 217-2024-Atualiza o Regimento Interno da Comissão Permanente de Pessoal Docente (CPPD), no âmbito do Instituto Federal de Educação, Ciência e Tecnologia do Piauí (IFPI)..pdf""]",1.0,1.0,1.0,1.0,1.0,1.0,1.0,1.0,1.0,1.0,1.0,1.0,1.0,9,9,4,3.8924
1,43,dense_rerank,"RESOLUÇÃO Nº 27-2024-Aprova  a criação do curso de Qualificação Profissional, de Formação Inicial e Continuada (FIC) em Aquicultor, no âmbito do IFPI e Anexo.pdf",Quantas vagas são ofertadas no curso FIC em Aquicultor?,O curso FIC em Aquicultor oferta 40 vagas.,O curso FIC em Aquicultor oferece 40 vagas.,"[Trecho 1 | Fonte: RESOLUÇÃO Nº 27-2024-Aprova  a criação do curso de Qualificação Profissional, de Formação Inicial e Continuada (FIC) em Aquicultor, no âmbito do IFPI e Anexo.pdf]
institucional do programa 1. DADOS GERAIS DO CURSO Nome do Curso: Curso de Qualificação Profissional - Formação Inicial e Continuada (FIC) em Aquicultor Eixo Tecnológico: Recursos Naturais Característica do Curso: Formação Inicial e Continuada - FIC Número de vagas: 40 Forma de Oferta: Presencial Tempo de duração do curso: 3 meses Turno de oferta: Tarde Horário de oferta do curso: 14h às 18h Carga horária Total: 160 horas Resolução de convalidação ou de criação: Lei 12.513/2011 Portaria 1.042/2021, manual de Gestão da Bolsa Formação Requisitos de acesso ao Curso: Ensino Fundamental I ( 1° ao 5º ) incompleto. PROJETO PEDAGÓGICO DO CURSO DE QUALIFICAÇÃO PROFISSIONAL - FORMAÇÃO INICIAL E CONTINUADA ( FIC) EM AQUICULTOR CAMPUS AvançadoJosédeFreitas 1.CURSO: AQUICULTOR 2.EIXO: RECURSOS NATURAIS 3.CONTEXTUALIZAÇÃO da localidade onde ocorrerá o curso O município no qual será executado o Curso de Qualificação Profissional - Formação Inicial e Continuada (FIC) em Aquicultor compreende, segundo estimativas do IBGE (2022), uma população de 42.559 habitantes e a densidade demográfica de 27,67 habitantes por quilômetro quadrado, onde quase metade das pessoas residem na zona rural do município. O município possui um PIB per capita de R$ 9.902,38 ocupando apenas a posição 131 dentro do estado do Piauí, onde a agricultura familiar constitui uma das principais fontes de renda da população. A zona de influência deste município inclui diversos outros municípios circunvizinhos como Teresina,

[Trecho 2 | Fonte: RESOLUÇÃO NORMATIVA Nº 208-2024-Aprova a revisão do Plano de Desenvolvimento Institucional (PDI), 2020-2024, do IFPI e Anexo.pdf]
função da intervenção pedagógica realizada. No IFPI, além das normativas externas que tratam da matéria, o processo de avaliação da aprendizagem está regulamentado pela Resolução CONSUP nº 07/2018, que aprova a Organização Didática do Instituto Federal de Educação, Ciência e Tecnologia do Piauí (IFPI) e Revoga a Resolução nº 040/2010, especificamente no Capítulo X da citada norma. 5 PLANO DE OFERTA DE CURSOS E VAGAS 5.1 Oferta regular O plano de oferta de cursos e vagas apresenta o detalhamento do planejamento para o período 2020-2024 para os cursos de Formação Inicial e Continuada (FIC) (Quadro 18), PROEJA-FIC (Quadro 19), ensino técnico (Quadro 20) e ensino de graduação (Quadro 21). 5.2 Cursos de extensão O plano de oferta de cursos e vagas apresenta o detalhamento do planejamento para o período 2020-2024 (Quadro 22). 5.3 Oferta de curso de pós-graduação No ano de 2019, o IFPI ofertou 939 vagas de especialização (Quadro 23). O plano de oferta de vagas para o período 2020-2024 está descrito no Quadro 24. Para o mestrado, foram ofertadas 73 vagas no ano de 2019 (Quadro 25). O plano de oferta segue o planejamento do Quadro 26. Quadro 18 – Plano de oferta dos cursos de Formação Inicial e Continuada (FIC) 2020-2024 QUANTIDADE DE VAGAS A OFERTAR LOCAL DA OFERTA TIPO DE CURSO MODALIDADE NOME DO CURSO 2020 2021 2022 2023 2024 CAMPUS AVANÇADO TERESINA DIRCEU ARCOVERDE Formação Inicial e Continuada-FIC PRESENCIAL Operador de Computador 80 80 80 80 80 CAMPUS CAMPO MAIOR Formação

[Trecho 3 | Fonte: RESOLUÇÃO Nº 27-2024-Aprova  a criação do curso de Qualificação Profissional, de Formação Inicial e Continuada (FIC) em Aquicultor, no âmbito do IFPI e Anexo.pdf]
do Curso de Qualificação Profissional - Formação Inicial e Continuada (FIC) em Aquicultor, o qual irá formar profissionais que estão sendo requisitados pelo mercado de trabalho local e regional. O curso visa ainda melhorar as condições de acesso ao mercado de trabalho em rápida transformação, melhorando a qualificaçãodos trabalhadores. 3.2 OBJETIVOS DO CURSO Objetivo Geral O Curso de Qualificação Profissional - Formação Inicial e Continuada (FIC) em Aquicultor tem por objetivo formar profissionais, promovendo a construção de competências que contemplem habilidades, conhecimentos e comportamentos que atendam à demanda de mercado do setor. Princípios básicos como cultivo de peixes em tanques escavados, cultivo de peixes em tanques rede, cooperativismo e administração, noções de processamento de pescado e espécies cultivadas serão abordados durante as aulas, no intuito de promover no aluno a iniciativa para entrar na atividade, bem como, proporcionar nos que já atuam no setor o desenvolvimento de competências que promovam e estimulem o aumento da produção de pescado na região. Objetivos Específicos  Capacitar o profissional para realizar o cultivo de organismos aquáticos em viveiros escavados;  Introduzir conceitos sobre os procedimentos iniciais de processamento e boas práticas durante os procedimentos de abate do pescado;  Fornecer subsídios básicos, conceitos e metodologia para o gerenciamento e administração da atividade;  Despertar o profissional para organizar as

[Trecho 4 | Fonte: RESOLUÇÃO Nº 27-2024-Aprova  a criação do curso de Qualificação Profissional, de Formação Inicial e Continuada (FIC) em Aquicultor, no âmbito do IFPI e Anexo.pdf]
da Pesca e Aquicultura. Boletim Da Aquicultura Em Águas Da União – 2022: Relatório Anual de Produção. 1ª edição, 2023. Resolução CNE/CEB no. 1, de 5 de julho de 2000. Institui as Diretrizes Curriculares Nacionais para a Educação de Jovens e Adultos. Diário Oficial da República Federativa do Brasil. Brasília, DF. CURSO DE QUALIFICAÇÃO PROFISSIONAL - FORMAÇÃO INICIAL E CONTINUADA (FIC) - EM AQUICULTOR CURSO DE QUALIFICAÇÃO PROFISSIONAL - FORMAÇÃO INICIAL E CONTINUADA (FIC) - EM AQUICULTOR Assinado por: Lucidio Braga Tipo do Documento: Projeto Assunto: Situação: Finalizado Nível de Acesso: Público Tipo do Conferência: Documento Original Documento assinado eletronicamente por: Lucidio Braga da Silva, TECNICO EM ASSUNTOS EDUCACIONAIS, em 26/02/2024 15:33:40. Este documento foi armazenado no SUAP em 26/02/2024. Para comprovar sua integridade, faça a leitura do QRCode ao lado ou acesse https://suap.ifpi.edu.br/verificar-documento-externo/ e forneça os dados abaixo: Código Verificador: 466199 Código de Autenticação: 52047cce8d Projeto Aquicultor (FIC) Assunto: Projeto Aquicultor (FIC) Assinado por: Nalva Sousa Tipo do Documento: Projeto Situação: Finalizado Nível de Acesso: Público Tipo do Conferência: Documento Original Documento assinado eletronicamente por: Nalva Maria Rodrigues de Sousa, DIRETOR(A) - CD4 - DIETEC-IFPI, em 10/04/2024 17:23:11. Este documento foi armazenado no SUAP em 10/04/2024. Para comprovar sua integridade, faça a leitura do QRCode ao lado ou acesse","[""RESOLUÇÃO Nº 27-2024-Aprova  a criação do curso de Qualificação Profissional, de Formação Inicial e Continuada (FIC) em Aquicultor, no âmbito do IFPI e Anexo.pdf"", ""RESOLUÇÃO NORMATIVA Nº 208-2024-Aprova a revisão do Plano de Desenvolvimento Institucional (PDI), 2020-2024, do IFPI e Anexo.pdf"", ""RESOLUÇÃO Nº 27-2024-Aprova  a criação do curso de Qualificação Profissional, de Formação Inicial e Continuada (FIC) em Aquicultor, no âmbito do IFPI e Anexo.pdf"", ""RESOLUÇÃO Nº 27-2024-Aprova  a criação do curso de Qualificação Profissional, de Formação Inicial e Continuada (FIC) em Aquicultor, no âmbito do IFPI e Anexo.pdf""]","[""RESOLUÇÃO Nº 27-2024-Aprova  a criação do curso de Qualificação Profissional, de Formação Inicial e Continuada (FIC) em Aquicultor, no âmbito do IFPI e Anexo.pdf"", ""RESOLUÇÃO Nº 27-2024-Aprova  a criação do curso de Qualificação Profissional, de Formação Inicial e Continuada (FIC) em Aquicultor, no âmbito do IFPI e Anexo.pdf"", ""RESOLUÇÃO Nº 27-2024-Aprova  a criação do curso de Qualificação Profissional, de Formação Inicial e Continuada (FIC) em Aquicultor, no âmbito do IFPI e Anexo.pdf"", ""RESOLUÇÃO Nº 27-2024-Aprova  a criação do curso de Qualificação Profissional, de Formação Inicial e Continuada (FIC) em Aquicultor, no âmbito do IFPI e Anexo.pdf"", ""RESOLUÇÃO Nº 27-2024-Aprova  a criação do curso de Qualificação Profissional, de Formação Inicial e Continuada (FIC) em Aquicultor, no âmbito do IFPI e Anexo.pdf"", ""RESOLUÇÃO NORMATIVA Nº 208-2024-Aprova a revisão do Plano de Desenvolvimento Institucional (PDI), 2020-2024, do IFPI e Anexo.pdf""]","[""RESOLUÇÃO Nº 27-2024-Aprova  a criação do curso de Qualificação Profissional, de Formação Inicial e Continuada (FIC) em Aquicultor, no âmbito do IFPI e Anexo.pdf"", ""RESOLUÇÃO NORMATIVA Nº 208-2024-Aprova a revisão do Plano de Desenvolvimento Institucional (PDI), 2020-2024, do IFPI e Anexo.pdf"", ""RESOLUÇÃO Nº 27-2024-Aprova  a criação do curso de Qualificação Profissional, de Formação Inicial e Continuada (FIC) em Aquicultor, no âmbito do IFPI e Anexo.pdf"", ""RESOLUÇÃO Nº 27-2024-Aprova  a criação do curso de Qualificação Profissional, de Formação Inicial e Continuada (FIC) em Aquicultor, no âmbito do IFPI e Anexo.pdf"", ""RESOLUÇÃO Nº 27-2024-Aprova  a criação do curso de Qualificação Profissional, de Formação Inicial e Continuada (FIC) em Aquicultor, no âmbito do IFPI e Anexo.pdf"", ""RESOLUÇÃO Nº 27-2024-Aprova  a criação do curso de Qualificação Profissional, de Formação Inicial e Continuada (FIC) em Aquicultor, no âmbito do IFPI e Anexo.pdf""]",1.0,1.0,1.0,1.0,1.0,1.0,1.0,1.0,1.0,1.0,1.0,1.0,1.0,6,6,4,3.0281
1,43,dense_rerank,"RESOLUÇÃO Nº 27-2024-Aprova  a criação do curso de Qualificação Profissional, de Formação Inicial e Continuada (FIC) em Aquicultor, no âmbito do IFPI e Anexo.pdf",Qual é a forma de acesso ao curso FIC em Aquicultor?,A forma de acesso ao curso FIC em Aquicultor é por meio de sorteio.,A forma de oferta do Curso de Qualificação Profissional - Formação Inicial e Continuada (FIC) em Aquicultor é presencial.,"[Trecho 1 | Fonte: RESOLUÇÃO Nº 27-2024-Aprova  a criação do curso de Qualificação Profissional, de Formação Inicial e Continuada (FIC) em Aquicultor, no âmbito do IFPI e Anexo.pdf]
do Curso de Qualificação Profissional - Formação Inicial e Continuada (FIC) em Aquicultor, o qual irá formar profissionais que estão sendo requisitados pelo mercado de trabalho local e regional. O curso visa ainda melhorar as condições de acesso ao mercado de trabalho em rápida transformação, melhorando a qualificaçãodos trabalhadores. 3.2 OBJETIVOS DO CURSO Objetivo Geral O Curso de Qualificação Profissional - Formação Inicial e Continuada (FIC) em Aquicultor tem por objetivo formar profissionais, promovendo a construção de competências que contemplem habilidades, conhecimentos e comportamentos que atendam à demanda de mercado do setor. Princípios básicos como cultivo de peixes em tanques escavados, cultivo de peixes em tanques rede, cooperativismo e administração, noções de processamento de pescado e espécies cultivadas serão abordados durante as aulas, no intuito de promover no aluno a iniciativa para entrar na atividade, bem como, proporcionar nos que já atuam no setor o desenvolvimento de competências que promovam e estimulem o aumento da produção de pescado na região. Objetivos Específicos  Capacitar o profissional para realizar o cultivo de organismos aquáticos em viveiros escavados;  Introduzir conceitos sobre os procedimentos iniciais de processamento e boas práticas durante os procedimentos de abate do pescado;  Fornecer subsídios básicos, conceitos e metodologia para o gerenciamento e administração da atividade;  Despertar o profissional para organizar as

[Trecho 2 | Fonte: RESOLUÇÃO Nº 27-2024-Aprova  a criação do curso de Qualificação Profissional, de Formação Inicial e Continuada (FIC) em Aquicultor, no âmbito do IFPI e Anexo.pdf]
da Pesca e Aquicultura. Boletim Da Aquicultura Em Águas Da União – 2022: Relatório Anual de Produção. 1ª edição, 2023. Resolução CNE/CEB no. 1, de 5 de julho de 2000. Institui as Diretrizes Curriculares Nacionais para a Educação de Jovens e Adultos. Diário Oficial da República Federativa do Brasil. Brasília, DF. CURSO DE QUALIFICAÇÃO PROFISSIONAL - FORMAÇÃO INICIAL E CONTINUADA (FIC) - EM AQUICULTOR CURSO DE QUALIFICAÇÃO PROFISSIONAL - FORMAÇÃO INICIAL E CONTINUADA (FIC) - EM AQUICULTOR Assinado por: Lucidio Braga Tipo do Documento: Projeto Assunto: Situação: Finalizado Nível de Acesso: Público Tipo do Conferência: Documento Original Documento assinado eletronicamente por: Lucidio Braga da Silva, TECNICO EM ASSUNTOS EDUCACIONAIS, em 26/02/2024 15:33:40. Este documento foi armazenado no SUAP em 26/02/2024. Para comprovar sua integridade, faça a leitura do QRCode ao lado ou acesse https://suap.ifpi.edu.br/verificar-documento-externo/ e forneça os dados abaixo: Código Verificador: 466199 Código de Autenticação: 52047cce8d Projeto Aquicultor (FIC) Assunto: Projeto Aquicultor (FIC) Assinado por: Nalva Sousa Tipo do Documento: Projeto Situação: Finalizado Nível de Acesso: Público Tipo do Conferência: Documento Original Documento assinado eletronicamente por: Nalva Maria Rodrigues de Sousa, DIRETOR(A) - CD4 - DIETEC-IFPI, em 10/04/2024 17:23:11. Este documento foi armazenado no SUAP em 10/04/2024. Para comprovar sua integridade, faça a leitura do QRCode ao lado ou acesse

[Trecho 3 | Fonte: RESOLUÇÃO Nº 27-2024-Aprova  a criação do curso de Qualificação Profissional, de Formação Inicial e Continuada (FIC) em Aquicultor, no âmbito do IFPI e Anexo.pdf]
institucional do programa 1. DADOS GERAIS DO CURSO Nome do Curso: Curso de Qualificação Profissional - Formação Inicial e Continuada (FIC) em Aquicultor Eixo Tecnológico: Recursos Naturais Característica do Curso: Formação Inicial e Continuada - FIC Número de vagas: 40 Forma de Oferta: Presencial Tempo de duração do curso: 3 meses Turno de oferta: Tarde Horário de oferta do curso: 14h às 18h Carga horária Total: 160 horas Resolução de convalidação ou de criação: Lei 12.513/2011 Portaria 1.042/2021, manual de Gestão da Bolsa Formação Requisitos de acesso ao Curso: Ensino Fundamental I ( 1° ao 5º ) incompleto. PROJETO PEDAGÓGICO DO CURSO DE QUALIFICAÇÃO PROFISSIONAL - FORMAÇÃO INICIAL E CONTINUADA ( FIC) EM AQUICULTOR CAMPUS AvançadoJosédeFreitas 1.CURSO: AQUICULTOR 2.EIXO: RECURSOS NATURAIS 3.CONTEXTUALIZAÇÃO da localidade onde ocorrerá o curso O município no qual será executado o Curso de Qualificação Profissional - Formação Inicial e Continuada (FIC) em Aquicultor compreende, segundo estimativas do IBGE (2022), uma população de 42.559 habitantes e a densidade demográfica de 27,67 habitantes por quilômetro quadrado, onde quase metade das pessoas residem na zona rural do município. O município possui um PIB per capita de R$ 9.902,38 ocupando apenas a posição 131 dentro do estado do Piauí, onde a agricultura familiar constitui uma das principais fontes de renda da população. A zona de influência deste município inclui diversos outros municípios circunvizinhos como Teresina,

[Trecho 4 | Fonte: RESOLUÇÃO Nº 27-2024-Aprova  a criação do curso de Qualificação Profissional, de Formação Inicial e Continuada (FIC) em Aquicultor, no âmbito do IFPI e Anexo.pdf]
MINISTÉRIO DA EDUCAÇÃO SECRETARIA DE EDUCAÇÃO PROFISSIONAL E TECNOLÓGICA INSTITUTO FEDERAL DE EDUCAÇÃO, CIÊNCIA E TECNOLOGIA DOPIAUÍ PROJETO PEDAGÓGICO DO CURSO DE QUALIFICAÇÃO PROFISSIONAL - FORMAÇÃO INICIAL E CONTINUADA ( FIC ) EM AQUICULTOR Fevereiro 2024 Paulo Borges da Cunha | Reitor Larissa Santiago de Amorim Castro | Pró-Reitora de Administração Divamélia de Oliveira Bezerra | Pró-Reitora de Extensão Odimógenes Soares Lopes | Pró-Reitor de Ensino Nalva Maria Rodrigues de Sousa | Diretora de Ensino Técnico Samara Cristina Silva Pereira | Diretora de Extensão Tecnológica e Comunitária COMISSÃO MULTI-CAMPI DE ELABORAÇÃO DO PPC José Marconi Silva | Campus Teresina Central SandraPorteladoNascimento| CampusTeresinaCentral WanessaCampusMascarenhas| CampusTeresinaCentral FelipeCardosodeBrito| CampusAvançadoJosédeFreitas PROCESSO NÚMERO: 23000.021299/2023-36 COORDENAÇÃO: Coordenador Adjunto: Felipe Cardoso de Brito E-mail: felipe.cardoso@ifpi.edu.br Telefone: (86) 99913 4999 LOCAL DE REALIZAÇÃO/CAMPUS: Instituto Federal de Educação, Ciência e Tecnologia do Piauí - IFPI – CAMPUS AVANÇADO JOSÉ DE FREITAS Rua Herculano da Rocha, s/n, Bairro Bezerro, CEP 64.110-000, José de Freitas/PI, Brasil TEL: (86) 99407 8731 Esfera Administrativa : Federal HOME-PAGE: https://www.ifpi.edu.br/josedefreitasE-mail: institucional do programa 1. DADOS GERAIS DO CURSO Nome do Curso: Curso de Qualificação Profissional - Formação Inicial e Continuada (FIC) em Aquicultor Eixo Tecnológico: Recursos","[""RESOLUÇÃO Nº 27-2024-Aprova  a criação do curso de Qualificação Profissional, de Formação Inicial e Continuada (FIC) em Aquicultor, no âmbito do IFPI e Anexo.pdf"", ""RESOLUÇÃO Nº 27-2024-Aprova  a criação do curso de Qualificação Profissional, de Formação Inicial e Continuada (FIC) em Aquicultor, no âmbito do IFPI e Anexo.pdf"", ""RESOLUÇÃO Nº 27-2024-Aprova  a criação do curso de Qualificação Profissional, de Formação Inicial e Continuada (FIC) em Aquicultor, no âmbito do IFPI e Anexo.pdf"", ""RESOLUÇÃO Nº 27-2024-Aprova  a criação do curso de Qualificação Profissional, de Formação Inicial e Continuada (FIC) em Aquicultor, no âmbito do IFPI e Anexo.pdf""]","[""RESOLUÇÃO Nº 27-2024-Aprova  a criação do curso de Qualificação Profissional, de Formação Inicial e Continuada (FIC) em Aquicultor, no âmbito do IFPI e Anexo.pdf"", ""RESOLUÇÃO Nº 27-2024-Aprova  a criação do curso de Qualificação Profissional, de Formação Inicial e Continuada (FIC) em Aquicultor, no âmbito do IFPI e Anexo.pdf"", ""RESOLUÇÃO Nº 27-2024-Aprova  a criação do curso de Qualificação Profissional, de Formação Inicial e Continuada (FIC) em Aquicultor, no âmbito do IFPI e Anexo.pdf"", ""RESOLUÇÃO Nº 27-2024-Aprova  a criação do curso de Qualificação Profissional, de Formação Inicial e Continuada (FIC) em Aquicultor, no âmbito do IFPI e Anexo.pdf"", ""RESOLUÇÃO Nº 27-2024-Aprova  a criação do curso de Qualificação Profissional, de Formação Inicial e Continuada (FIC) em Aquicultor, no âmbito do IFPI e Anexo.pdf"", ""RESOLUÇÃO Nº 53-2024-Aprova a criação do curso de Qualificação Profissional, FIC, em Auxiliar de Laboratório em Análises Físico-Químicas, no IFPI e Anexo.pdf""]","[""RESOLUÇÃO Nº 27-2024-Aprova  a criação do curso de Qualificação Profissional, de Formação Inicial e Continuada (FIC) em Aquicultor, no âmbito do IFPI e Anexo.pdf"", ""RESOLUÇÃO Nº 27-2024-Aprova  a criação do curso de Qualificação Profissional, de Formação Inicial e Continuada (FIC) em Aquicultor, no âmbito do IFPI e Anexo.pdf"", ""RESOLUÇÃO Nº 27-2024-Aprova  a criação do curso de Qualificação Profissional, de Formação Inicial e Continuada (FIC) em Aquicultor, no âmbito do IFPI e Anexo.pdf"", ""RESOLUÇÃO Nº 27-2024-Aprova  a criação do curso de Qualificação Profissional, de Formação Inicial e Continuada (FIC) em Aquicultor, no âmbito do IFPI e Anexo.pdf"", ""RESOLUÇÃO Nº 53-2024-Aprova a criação do curso de Qualificação Profissional, FIC, em Auxiliar de Laboratório em Análises Físico-Químicas, no IFPI e Anexo.pdf"", ""RESOLUÇÃO Nº 27-2024-Aprova  a criação do curso de Qualificação Profissional, de Formação Inicial e Continuada (FIC) em Aquicultor, no âmbito do IFPI e Anexo.pdf""]",1.0,1.0,1.0,1.0,1.0,1.0,1.0,1.0,1.0,1.0,1.0,1.0,1.0,6,6,4,3.9617
1,43,bm25,CURSO_SUPERIOR_DE_TECNOLOGIA_EM_ANÁLISE_E_DESENVOLVIMENTO_DE_SISTEMAS.pdf,Em que ano o Curso Superior de Tecnologia em Análise e Desenvolvimento de Sistemas foi criado no Campus de Picos?,O Curso Superior de Tecnologia em Análise e Desenvolvimento de Sistemas foi criado no Campus de Picos em 2013.,O Curso Superior de Tecnologia em Análise e Desenvolvimento de Sistemas no Campus de Picos foi autorizado em 2013.,"[Trecho 1 | Fonte: CURSO_SUPERIOR_DE_TECNOLOGIA_EM_ANÁLISE_E_DESENVOLVIMENTO_DE_SISTEMAS.pdf]
do ano referido, com uma oferta de 64 vagas, distribuídas igualmente entres os turnos tarde e noite. Os cursos de Tecnologia da Informação foram aperfeiçoados e receberam outra denominação: Análise e Desenvolvimento de Sistemas. Em 2002 foi autorizado a criação do Curso Superior de Tecnologia em Análise e Desenvolvimento de Sistemas no Campus Teresina Central, em 2006 no Campus de Floriano, em 2013 no Campus de Picos, 2018 no Campus de Corrente, 2020 no Campus de Pedro II e o mais recente em Parnaíba que iniciou em 2022. 1.7 Justificativa de Oferta do Curso e demandas sociais no mundo do trabalho A identificação das necessidades de conhecimento, habilidades e atitudes apresenta-se como uma preocupação permanente das áreas/instituições envolvidas com a oferta de produtos/serviços de sistemas e processos de gestão empresarial. Independente do seu porte, não importando a área de atuação, as empresas necessitam de sistemas de informação para controlar e automatizar o fluxo de informação entre os seus setores internos, prestadores de serviços, fornecedores e apoio à decisão. Nesse sentido, o Curso Superior de Tecnologia em Análise e Desenvolvimento de Sistemas (ADS) contribuirá com essa demanda de profissionais para atuar no projeto e implementação de Sistemas de Informação de acordo com as necessidades institucionais, que coordenam as infraestruturas de tecnologia da informação, elaborando políticas e diretrizes a partir da análise de necessidades e, que, atuem na forma de

[Trecho 2 | Fonte: RESOLUÇÃO Nº 57-2024-Aprova a Criação do Curso de Especialização Técnica de Nível Médio em Hidrogênio Verde, no IFPI e Anexo.pdf]
de competências profissionais, do novo programa denominado de Rede CERTIFIC - Rede Nacional de Certificação Profissional e Formação Inicial e Continuada, MEC/SETEC. E em 2011, fez adesão ao Programa Nacional de Acesso ao Ensino Técnico e Emprego (Pronatec) criado pelo Governo Federal por meio da Lei nº 12.513, com a finalidade de ampliar a oferta de cursos de Educação Profissional e Tecnológica (EPT), por meio de programas, projetos e ações de assistência técnica e financeira. Inicialmente, o campus funcionou em instalações provisórias, no prédio de uma escola estadual. Em 2011, foram iniciadas as obras do prédio definitivo do campus, que foi inaugurado em 2014, com uma área construída de cerca de 10 mil m², incluindo salas de aula, laboratórios, biblioteca, auditório, quadra esportiva e áreas de convivência. Em 2012, o Campus passou a oferecer cursos de pós-graduação Lato Sensu: em Docência do Ensino Superior e Especialização em Gestão Estratégica de Pessoas. No ano de 2016, o Campus recebeu a autorização de funcionamento do Curso de Tecnologia em Processos Gerenciais pela Resolução N° 103/2016 - CONSELHO SUPERIOR/IFPI. O primeiro ingresso, com 40 vagas autorizadas, ocorreu no primeiro semestre de 2017. O Curso foi reconhecido pela Portaria nº 410, de 26 de abril de 2021. Publicada no D.O.U. de 30/04/21. O IFPI Campus Parnaíba passou a integrar a rede ProfEPT em 2018, tendo iniciado a sua primeira turma em agosto de 2019, contando com 24 mestrandos(as) e 12 professores(as)

[Trecho 3 | Fonte: RESOLUÇÃO Nº 34-2025-Aprova a Criação do Curso de Eletricista de Sistemas de Energias Renováveis, no âmbito do Projeto Alvorada, no IFPI, campus Parnaíba e Anexo.pdf]
tem como base as orientações do Guia de Implementação do Projeto Alvorada- Ciclo II que apresenta as principais diretrizes para a implementação do segundo ciclo do Projeto Alvorada, destacando as ações a serem desempenhadas pela DICAP e pelas instituições parceiras, em especial as unidades de ensino e os serviços especializados de atenção às pessoas egressas do sistema prisional e seus familiares, o Projeto Pedagógico de Curso de Qualificação Profissional em Eletricista de Sistemas de Energias Renováveis, Modalidade de Educação de Jovens e Adultos (PROEJA FIC) e o Plano de Trabalho do Projeto Alvorada-Ciclo II a ser desenvolvido no Campus Parnaíba do Instituto Federal de Educação, Ciência e Tecnologia do Piauí (IFPI), com adaptações conforme exigências da Secretaria Nacional de Políticas Penais (SENAPPEN) / Ministério da Justiça para a execução do Projeto de Extensão Alvorada - Ciclo 2. 2. CONTEXTUALIZAÇÃO DA LOCALIDADE ONDE OCORRERÁ O CURSO 5 O Campus Parnaíba do Instituto Federal do Piauí (IFPI) foi criado em 2008, com o objetivo de levar a educação profissional e tecnológica para a região Norte do estado do Piauí. Inicialmente, o campus funcionou em instalações provisórias, no prédio de uma escola estadual. Em 2011, foram iniciadas as obras do prédio definitivo do campus, que foi inaugurado em 2014, com uma área construída de cerca de 10 mil m², incluindo salas de aula, laboratórios, biblioteca, auditório, quadra esportiva e áreas de convivência. Desde sua criação, o

[Trecho 4 | Fonte: RESOLUÇÃO Nº 32-2024-Aprova a Reformulação do Projeto Pedagógico do Curso Técnico de Nível Médio em Agropecuária, modalidade Educação a Distância (EaD), do IFPI e Anexo.pdf]
Recursos Naturais, em consonância com o Catálogo Nacional de Cursos Técnicos. 2. IDENTIFICAÇÃO DO CURSO O Curso Técnico em Agropecuária foi implementado no Instituto Federal do Piauí no ano de 2014 no Campus Uruçuí e autorizado pela Resolução Consup 68/2014. Em 2015 no Campus Paulistana, seguindo a implantação nos demais campi com o eixo recursos naturais. O Curso Técnico em Agropecuária tem apresentando boa aceitação pelo público alvo, devido a grande aptidão agropecuária do Estado do Piauí. Por meio da formação de Técnicos em Agropecuária, e de projetos de pesquisa e extensão desenvolvidos pelo corpo docente e discentes do curso, o IFPI tem contribuído com o desenvolvimento regional, com a geração de emprego e renda, conservação do meio ambiente e qualidade de vida da população. Assim, tem-se como meta principal, a contextualização e a definição das diretrizes pedagógicas e curriculares para o respectivo curso do Instituto Federal de Educação, Ciência e Tecnologia do Piauí – IFPI, destinado a estudantes oriundos do ensino médio. A partir de 2020, o Curso Técnico em Agropecuária vai funcionar com a terceira versão da matriz curricular, matriz essa que foi reformulada no ano de 2019 por uma equipe multidisciplinar constituída pela portaria 1.765 de 24 de maio de 2019 para reformulação do Projeto Pedagógico do Curso Técnico em Agropecuária (PPC). Além dos membros da comissão, a reformulação do PPC contou com a contribuição de diversos professores e coordenadores de curso.","[""CURSO_SUPERIOR_DE_TECNOLOGIA_EM_ANÁLISE_E_DESENVOLVIMENTO_DE_SISTEMAS.pdf"", ""RESOLUÇÃO Nº 57-2024-Aprova a Criação do Curso de Especialização Técnica de Nível Médio em Hidrogênio Verde, no IFPI e Anexo.pdf"", ""RESOLUÇÃO Nº 34-2025-Aprova a Criação do Curso de Eletricista de Sistemas de Energias Renováveis, no âmbito do Projeto Alvorada, no IFPI, campus Parnaíba e Anexo.pdf"", ""RESOLUÇÃO Nº 32-2024-Aprova a Reformulação do Projeto Pedagógico do Curso Técnico de Nível Médio em Agropecuária, modalidade Educação a Distância (EaD), do IFPI e Anexo.pdf""]","[""CURSO_SUPERIOR_DE_TECNOLOGIA_EM_ANÁLISE_E_DESENVOLVIMENTO_DE_SISTEMAS.pdf"", ""RESOLUÇÃO Nº 57-2024-Aprova a Criação do Curso de Especialização Técnica de Nível Médio em Hidrogênio Verde, no IFPI e Anexo.pdf"", ""RESOLUÇÃO Nº 34-2025-Aprova a Criação do Curso de Eletricista de Sistemas de Energias Renováveis, no âmbito do Projeto Alvorada, no IFPI, campus Parnaíba e Anexo.pdf"", ""RESOLUÇÃO Nº 32-2024-Aprova a Reformulação do Projeto Pedagógico do Curso Técnico de Nível Médio em Agropecuária, modalidade Educação a Distância (EaD), do IFPI e Anexo.pdf"", ""CURSO_SUPERIOR_DE_TECNOLOGIA_EM_ANÁLISE_E_DESENVOLVIMENTO_DE_SISTEMAS.pdf"", ""RESOLUÇÃO Nº 99-2025-Aprova a Reformulação do Curso Técnico em Informática Integrado ao Ensino Médio, no âmbito do IFPi e Anexo.pdf"", ""RESOLUÇÃO Nº 39-2025-Aprova a oferta de vagas dos cursos técnicos e dos cursos superiores, para o segundo semestre de 2025, no IFPI e Anexo.pdf"", ""RESOLUÇÃO Nº 98-2025-Aprova a reformulação do Curso Técnico em Informática para Internet Integrado ao Ensino Médio, no âmbito do IFPI e Anexo.pdf"", ""RESOLUÇÃO Nº 128-2024-Aprova a Criação do Curso Superior de Tecnologia em Sistemas para Internet, no âmbito do Instituto Federal de Educação, Ciência e Tecnologia do Piauí (IFPI) e Anexo.pdf"", ""RESOLUÇÃO Nº 37-2024-Aprova a criação do curso de Especialização em Gestão Escolar, modalidade de Educação a Distância (EaD), no âmbito do IFPI e Anexo.pdf""]","[""CURSO_SUPERIOR_DE_TECNOLOGIA_EM_ANÁLISE_E_DESENVOLVIMENTO_DE_SISTEMAS.pdf"", ""RESOLUÇÃO Nº 57-2024-Aprova a Criação do Curso de Especialização Técnica de Nível Médio em Hidrogênio Verde, no IFPI e Anexo.pdf"", ""RESOLUÇÃO Nº 34-2025-Aprova a Criação do Curso de Eletricista de Sistemas de Energias Renováveis, no âmbito do Projeto Alvorada, no IFPI, campus Parnaíba e Anexo.pdf"", ""RESOLUÇÃO Nº 32-2024-Aprova a Reformulação do Projeto Pedagógico do Curso Técnico de Nível Médio em Agropecuária, modalidade Educação a Distância (EaD), do IFPI e Anexo.pdf"", ""CURSO_SUPERIOR_DE_TECNOLOGIA_EM_ANÁLISE_E_DESENVOLVIMENTO_DE_SISTEMAS.pdf"", ""RESOLUÇÃO Nº 99-2025-Aprova a Reformulação do Curso Técnico em Informática Integrado ao Ensino Médio, no âmbito do IFPi e Anexo.pdf"", ""RESOLUÇÃO Nº 39-2025-Aprova a oferta de vagas dos cursos técnicos e dos cursos superiores, para o segundo semestre de 2025, no IFPI e Anexo.pdf"", ""RESOLUÇÃO Nº 98-2025-Aprova a reformulação do Curso Técnico em Informática para Internet Integrado ao Ensino Médio, no âmbito do IFPI e Anexo.pdf"", ""RESOLUÇÃO Nº 128-2024-Aprova a Criação do Curso Superior de Tecnologia em Sistemas para Internet, no âmbito do Instituto Federal de Educação, Ciência e Tecnologia do Piauí (IFPI) e Anexo.pdf"", ""RESOLUÇÃO Nº 37-2024-Aprova a criação do curso de Especialização em Gestão Escolar, modalidade de Educação a Distância (EaD), no âmbito do IFPI e Anexo.pdf""]",1.0,1.0,1.0,1.0,1.0,1.0,1.0,1.0,1.0,1.0,1.0,1.0,1.0,10,10,4,3.5654
1,43,bm25,CURSO_SUPERIOR_DE_TECNOLOGIA_EM_ANÁLISE_E_DESENVOLVIMENTO_DE_SISTEMAS.pdf,Qual é a unidade de oferta do Curso Superior de Tecnologia em Análise e Desenvolvimento de Sistemas descrita no PPC?,A unidade de oferta do curso é o Campus Teresina Central.,"A unidade de oferta do Curso Superior de Tecnologia em Análise e Desenvolvimento de Sistemas descrita no PPC são os campi Teresina Central, Floriano, Picos, Corrente, Pedro II e Parnaíba.","[Trecho 1 | Fonte: CURSO_SUPERIOR_DE_TECNOLOGIA_EM_ANÁLISE_E_DESENVOLVIMENTO_DE_SISTEMAS.pdf]
do ano referido, com uma oferta de 64 vagas, distribuídas igualmente entres os turnos tarde e noite. Os cursos de Tecnologia da Informação foram aperfeiçoados e receberam outra denominação: Análise e Desenvolvimento de Sistemas. Em 2002 foi autorizado a criação do Curso Superior de Tecnologia em Análise e Desenvolvimento de Sistemas no Campus Teresina Central, em 2006 no Campus de Floriano, em 2013 no Campus de Picos, 2018 no Campus de Corrente, 2020 no Campus de Pedro II e o mais recente em Parnaíba que iniciou em 2022. 1.7 Justificativa de Oferta do Curso e demandas sociais no mundo do trabalho A identificação das necessidades de conhecimento, habilidades e atitudes apresenta-se como uma preocupação permanente das áreas/instituições envolvidas com a oferta de produtos/serviços de sistemas e processos de gestão empresarial. Independente do seu porte, não importando a área de atuação, as empresas necessitam de sistemas de informação para controlar e automatizar o fluxo de informação entre os seus setores internos, prestadores de serviços, fornecedores e apoio à decisão. Nesse sentido, o Curso Superior de Tecnologia em Análise e Desenvolvimento de Sistemas (ADS) contribuirá com essa demanda de profissionais para atuar no projeto e implementação de Sistemas de Informação de acordo com as necessidades institucionais, que coordenam as infraestruturas de tecnologia da informação, elaborando políticas e diretrizes a partir da análise de necessidades e, que, atuem na forma de

[Trecho 2 | Fonte: RESOLUÇÃO Nº 99-2025-Aprova a Reformulação do Curso Técnico em Informática Integrado ao Ensino Médio, no âmbito do IFPi e Anexo.pdf]
de Comércio Eletrônico. • Sugestões de verticalização para cursos de graduação (Curso Superior de Tecnologia, Bacharelado e Licenciatura): Curso Superior de Tecnologia em Análise e Desenvolvimento de Sistemas. • Curso Superior de Tecnologia em Gestão de Tecnologia da Informação. • Curso Superior de Tecnologia em Jogos Digitais. • Curso Superior de Tecnologia em Sistemas para Internet. • Bacharelado em Ciência da Computação. • Bacharelado em Sistemas de Informação. • Bacharelado em Engenharia de Software. • Bacharelado em Engenharia da Computação. • Bacharelado em Engenharia de Computação. • 7 ORGANIZAÇÃO CURRICULAR A Organização Curricular do CursoTécnico em Informática Integrado ao Ensino Médio é orientada pelos princípios e finalidades da educação profissional contidos na Lei Nº 9.394/1996- LDB, como também pelas Diretrizes Curriculares Nacionais para a Educação Profissional Técnica de Nível Médio (Resolução CNE/CP Nº 1 de 5 de Janeiro de 2021), pelas Diretrizes Curriculares Nacionais para o Ensino Médio(Resolução CNE/CEB Nº 2, de 13 de novembro de 2024) e pelas normas complementares dos respectivos Sistemas de Ensino. Assim, em consonância com a legislação referida e com o compromisso ético do IFPI em relação à concretização do perfil do egresso, a organização curricular do CursoTécnico em Informática Integrado ao Ensino Médio, com base no princípio da interdisciplinaridade, está estruturada a partir da articulação e integração entre a Formação Profissional Técnica e a

[Trecho 3 | Fonte: RESOLUÇÃO Nº 39-2025-Aprova a oferta de vagas dos cursos técnicos e dos cursos superiores, para o segundo semestre de 2025, no IFPI e Anexo.pdf]
e Comunicação Corrente Tecnologia em Análise e Desenvolvimento de Sistemas Tecnologia Noite 40 TOTAL 40 2025.2 Eixo Curso Nível/Modalidade Turno Vagas Floriano Informação e Comunicação Tecnologia em Análise e Desenvolvimento de Sistemas Tecnologia Tarde 35 TOTAL 35 2025.2 Eixo Curso Nível/Modalidade Turno Vagas Informação e Comunicação Tecnologia em Análise e Desenvolvimento de Sistemas Tecnologia Noite 40 Picos TOTAL 40 Oferta de vagas 2025.2 Assunto: Oferta de vagas 2025.2 Assinado por: Nalva Sousa Tipo do Documento: Lista Situação: Finalizado Nível de Acesso: Público Tipo do Conferência: Documento Original Documento assinado eletronicamente por: Nalva Maria Rodrigues de Sousa, DIRETOR(A) - CD4 - DIETEC-IFPI, em 14/05/2025 19:38:11. Este documento foi armazenado no SUAP em 14/05/2025. Para comprovar sua integridade, faça a leitura do QRCode ao lado ou acesse https://suap.ifpi.edu.br/verificar-documento-externo/ e forneça os dados abaixo: Código Verificador: 656798 Código de Autenticação: 1f75556734

[Trecho 4 | Fonte: CURSO_SUPERIOR_DE_TECNOLOGIA_EM_ANÁLISE_E_DESENVOLVIMENTO_DE_SISTEMAS.pdf]
Cursos Superiores de Tecnologia, com vistas a instituir um referencial sobre os referidos cursos capaz de balizar os processos administrativos de regulação e as políticas e procedimentos de avaliação desses cursos) e com a legislação vigente. O projeto pedagógico do curso constitui-se num instrumento de gestão em prol da formação profissional e tecnológica , e como tal encontra-se explicitado em suas dimensões didático-pedagógica e administrativa. A organização curricular fundamenta-se no compromisso ético do IFPI em relação à concretização do perfil do egresso, que é definido pela explicitação dos conhecimentos e saberes que compõem a correspondente formação. Nesse sentido, o presente documento apresenta o Projeto Pedagógico do Curso Superior de Tecnologia em Análise e Desenvolvimento de Sistemas do Instituto Federal do Piauí. O PPC aqui construído é fruto de um processo de reflexão, discussão coletiva, democrática, que contou com a participação dos professores e da comunidade acadêmica, numa afirmação de identidade e legitimidade. A proposta aqui apresentada vem responder às necessidades de formação profissional e tecnológica no eixo de Tecnologia da Informação. Este documento foi construído nos termos das Diretrizes Curriculares Nacionais Gerais para a Educação Profissional e Tecnológica e demais regulamentações definidas pelo Conselho Nacional de Educação, órgão normativo do Ministério da Educação. O presente Projeto Pedagógico de Curso apresenta, portanto, a organização","[""CURSO_SUPERIOR_DE_TECNOLOGIA_EM_ANÁLISE_E_DESENVOLVIMENTO_DE_SISTEMAS.pdf"", ""RESOLUÇÃO Nº 99-2025-Aprova a Reformulação do Curso Técnico em Informática Integrado ao Ensino Médio, no âmbito do IFPi e Anexo.pdf"", ""RESOLUÇÃO Nº 39-2025-Aprova a oferta de vagas dos cursos técnicos e dos cursos superiores, para o segundo semestre de 2025, no IFPI e Anexo.pdf"", ""CURSO_SUPERIOR_DE_TECNOLOGIA_EM_ANÁLISE_E_DESENVOLVIMENTO_DE_SISTEMAS.pdf""]","[""CURSO_SUPERIOR_DE_TECNOLOGIA_EM_ANÁLISE_E_DESENVOLVIMENTO_DE_SISTEMAS.pdf"", ""RESOLUÇÃO Nº 99-2025-Aprova a Reformulação do Curso Técnico em Informática Integrado ao Ensino Médio, no âmbito do IFPi e Anexo.pdf"", ""RESOLUÇÃO Nº 39-2025-Aprova a oferta de vagas dos cursos técnicos e dos cursos superiores, para o segundo semestre de 2025, no IFPI e Anexo.pdf"", ""CURSO_SUPERIOR_DE_TECNOLOGIA_EM_ANÁLISE_E_DESENVOLVIMENTO_DE_SISTEMAS.pdf"", ""CURSO_SUPERIOR_DE_TECNOLOGIA_EM_ANÁLISE_E_DESENVOLVIMENTO_DE_SISTEMAS.pdf"", ""RESOLUÇÃO Nº 98-2025-Aprova a reformulação do Curso Técnico em Informática para Internet Integrado ao Ensino Médio, no âmbito do IFPI e Anexo.pdf"", ""RESOLUÇÃO Nº 128-2024-Aprova a Criação do Curso Superior de Tecnologia em Sistemas para Internet, no âmbito do Instituto Federal de Educação, Ciência e Tecnologia do Piauí (IFPI) e Anexo.pdf"", ""RESOLUÇÃO NORMATIVA Nº 226-2024-Atualiza as Normas que regulamentam a concessão de bolsas, no IFPI - TONRNADA SEM EFEITO PELA RN Nº 228_2024.pdf"", ""RESOLUÇÃO Nº 112-2025- Aprova a reformulação do Curso Técnico em Administração Integrado ao Ensino Médio, no âmbiro do IFPI e Anexo-.pdf"", ""RESOLUÇÃO Nº 128-2024-Aprova a Criação do Curso Superior de Tecnologia em Sistemas para Internet, no âmbito do Instituto Federal de Educação, Ciência e Tecnologia do Piauí (IFPI) e Anexo.pdf""]","[""CURSO_SUPERIOR_DE_TECNOLOGIA_EM_ANÁLISE_E_DESENVOLVIMENTO_DE_SISTEMAS.pdf"", ""RESOLUÇÃO Nº 99-2025-Aprova a Reformulação do Curso Técnico em Informática Integrado ao Ensino Médio, no âmbito do IFPi e Anexo.pdf"", ""RESOLUÇÃO Nº 39-2025-Aprova a oferta de vagas dos cursos técnicos e dos cursos superiores, para o segundo semestre de 2025, no IFPI e Anexo.pdf"", ""CURSO_SUPERIOR_DE_TECNOLOGIA_EM_ANÁLISE_E_DESENVOLVIMENTO_DE_SISTEMAS.pdf"", ""CURSO_SUPERIOR_DE_TECNOLOGIA_EM_ANÁLISE_E_DESENVOLVIMENTO_DE_SISTEMAS.pdf"", ""RESOLUÇÃO Nº 98-2025-Aprova a reformulação do Curso Técnico em Informática para Internet Integrado ao Ensino Médio, no âmbito do IFPI e Anexo.pdf"", ""RESOLUÇÃO Nº 128-2024-Aprova a Criação do Curso Superior de Tecnologia em Sistemas para Internet, no âmbito do Instituto Federal de Educação, Ciência e Tecnologia do Piauí (IFPI) e Anexo.pdf"", ""RESOLUÇÃO NORMATIVA Nº 226-2024-Atualiza as Normas que regulamentam a concessão de bolsas, no IFPI - TONRNADA SEM EFEITO PELA RN Nº 228_2024.pdf"", ""RESOLUÇÃO Nº 112-2025- Aprova a reformulação do Curso Técnico em Administração Integrado ao Ensino Médio, no âmbiro do IFPI e Anexo-.pdf"", ""RESOLUÇÃO Nº 128-2024-Aprova a Criação do Curso Superior de Tecnologia em Sistemas para Internet, no âmbito do Instituto Federal de Educação, Ciência e Tecnologia do Piauí (IFPI) e Anexo.pdf""]",1.0,1.0,1.0,1.0,1.0,1.0,1.0,1.0,1.0,1.0,1.0,1.0,1.0,10,10,4,4.3931
1,43,bm25,CURSO_SUPERIOR_DE_TECNOLOGIA_EM_ANÁLISE_E_DESENVOLVIMENTO_DE_SISTEMAS.pdf,Qual é a carga horária total do Curso Superior de Tecnologia em Análise e Desenvolvimento de Sistemas?,A carga horária total do curso é de 2100 horas.,"As atividades complementares do Curso Superior de Tecnologia em Análise e Desenvolvimento de Sistemas deverão ter o total de no mínimo cem horas, correspondente a 5% da carga horária total do curso.","[Trecho 1 | Fonte: RESOLUÇÃO Nº 128-2024-Aprova a Criação do Curso Superior de Tecnologia em Sistemas para Internet, no âmbito do Instituto Federal de Educação, Ciência e Tecnologia do Piauí (IFPI) e Anexo.pdf]
diversos, nas diferentes tecnologias, no espaço da produção, no campo cientiﬁco e no campo da vivência social. Tais atividades devem considerar sua diversidade, formas de aproveitamento alinhadas ao perﬁl do egresso e competências cientiﬁca, projetos de extensão, módulos temáticos, seminários, simpósios, congressos, conferências e até disciplinas oferecidas por outras instituições de ensino. No Curso Superior de Tecnologia em Sistemas para Internet IFPI, a carga horária destinada às Atividades Complementares será de 100 (cem) horas e deverá ser cumprida pelos estudantes ao longo do percurso formativo, de acordo com a Resolução CONSUP/IFPI de no 11/2021 e Nota técnica 07/2022 , a carga horária das ACs no âmbito dos cursos de graduação do IFPI será de, no mínimo, 5% (cinco por cento) e no máximo 10% (dez por cento) da carga horária máximo do curso. A validação, computação e registro das horas serão efetuados mediante comprovação por parte do aluno com base em certiﬁcados ou declarações, em conformidade com normativas especíﬁcas da instituição para esta ﬁnalidade. A documentação comprobatória será analisada pelo Colegiado do Curso. As atividades complementares do curso Superior de Tecnologia em Sistemas para Internet deverão ter o total de no mínimo cem horas (100h), correspondente a 5% (cinco por cento) da carga horária total do curso. As atividades complementares, em áreas especíﬁcas de interesse do estudante, terão como base a distribuição de ações estabelecidas a seguir: I

[Trecho 2 | Fonte: RESOLUÇÃO Nº 99-2025-Aprova a Reformulação do Curso Técnico em Informática Integrado ao Ensino Médio, no âmbito do IFPi e Anexo.pdf]
de Comércio Eletrônico. • Sugestões de verticalização para cursos de graduação (Curso Superior de Tecnologia, Bacharelado e Licenciatura): Curso Superior de Tecnologia em Análise e Desenvolvimento de Sistemas. • Curso Superior de Tecnologia em Gestão de Tecnologia da Informação. • Curso Superior de Tecnologia em Jogos Digitais. • Curso Superior de Tecnologia em Sistemas para Internet. • Bacharelado em Ciência da Computação. • Bacharelado em Sistemas de Informação. • Bacharelado em Engenharia de Software. • Bacharelado em Engenharia da Computação. • Bacharelado em Engenharia de Computação. • 7 ORGANIZAÇÃO CURRICULAR A Organização Curricular do CursoTécnico em Informática Integrado ao Ensino Médio é orientada pelos princípios e finalidades da educação profissional contidos na Lei Nº 9.394/1996- LDB, como também pelas Diretrizes Curriculares Nacionais para a Educação Profissional Técnica de Nível Médio (Resolução CNE/CP Nº 1 de 5 de Janeiro de 2021), pelas Diretrizes Curriculares Nacionais para o Ensino Médio(Resolução CNE/CEB Nº 2, de 13 de novembro de 2024) e pelas normas complementares dos respectivos Sistemas de Ensino. Assim, em consonância com a legislação referida e com o compromisso ético do IFPI em relação à concretização do perfil do egresso, a organização curricular do CursoTécnico em Informática Integrado ao Ensino Médio, com base no princípio da interdisciplinaridade, está estruturada a partir da articulação e integração entre a Formação Profissional Técnica e a

[Trecho 3 | Fonte: CURSO_SUPERIOR_DE_TECNOLOGIA_EM_ANÁLISE_E_DESENVOLVIMENTO_DE_SISTEMAS.pdf]
do ano referido, com uma oferta de 64 vagas, distribuídas igualmente entres os turnos tarde e noite. Os cursos de Tecnologia da Informação foram aperfeiçoados e receberam outra denominação: Análise e Desenvolvimento de Sistemas. Em 2002 foi autorizado a criação do Curso Superior de Tecnologia em Análise e Desenvolvimento de Sistemas no Campus Teresina Central, em 2006 no Campus de Floriano, em 2013 no Campus de Picos, 2018 no Campus de Corrente, 2020 no Campus de Pedro II e o mais recente em Parnaíba que iniciou em 2022. 1.7 Justificativa de Oferta do Curso e demandas sociais no mundo do trabalho A identificação das necessidades de conhecimento, habilidades e atitudes apresenta-se como uma preocupação permanente das áreas/instituições envolvidas com a oferta de produtos/serviços de sistemas e processos de gestão empresarial. Independente do seu porte, não importando a área de atuação, as empresas necessitam de sistemas de informação para controlar e automatizar o fluxo de informação entre os seus setores internos, prestadores de serviços, fornecedores e apoio à decisão. Nesse sentido, o Curso Superior de Tecnologia em Análise e Desenvolvimento de Sistemas (ADS) contribuirá com essa demanda de profissionais para atuar no projeto e implementação de Sistemas de Informação de acordo com as necessidades institucionais, que coordenam as infraestruturas de tecnologia da informação, elaborando políticas e diretrizes a partir da análise de necessidades e, que, atuem na forma de

[Trecho 4 | Fonte: CURSO_SUPERIOR_DE_TECNOLOGIA_EM_ANÁLISE_E_DESENVOLVIMENTO_DE_SISTEMAS.pdf]
parte do estudante, de ter cumprido a carga horária total e as atividades propostas com assiduidade e aproveitamento. Caso o estudante seja reprovado em um componente curricular optativo, este não constará no histórico escolar do aluno. Os acadêmicos do Curso de Superior de Tecnologia em Análise e Desenvolvimento de Sistemas deverão cursar 40 horas de disciplinas optativas dentro das opções abaixo: - Ética e Responsabilidade Sócio Ambiental, 02 horas semanais, modalidade presencial, curso de ADS; - Língua Brasileira de Sinais - LIBRAS, 02 horas semanais, modalidade presencial, curso de Licenciatura. 2.8.Estrutura Curricular CH - Carga Horária Estrutura Curricular 20 semanas 20 semanas Pré-requisito Módulo Código. Disciplina CH CH Semanal 01. Algoritmo e Programação (AlgProg) 100 5 - 02. Inglês Técnico (InglêsTec) 40 2 - 03. Introdução a Computação (IC) 60 3 - 04. Atividades Linguísticas (AtivLing) 40 2 - 1 05. Matemática Computacional (MC) 40 2 - 06. Metodologia da Pesquisa Científica 40 2 - 07. Estatística 40 2 - 08. Introdução a Administração 40 2 - Carga Horária Total: (Módulo/Semana) 400 20 09. Banco de Dados I 60 3 - 10. Sistemas Operacionais (SO) 40 2 03 11. Programação Orientada a Objetos 60 3 01 12. Arquitetura de Computadores (ArqComp) 40 2 - 2 13. Engenharia de Software I 40 2 - 14. Estrutura de Dados I 60 3 01 e 03 15. Análise e Projeto de Sistemas 60 3 - 16. Fundamentos e Metodologia de Componente Curricular Extensão no Ensino Superior 40 2 - Carga Horária Total:","[""RESOLUÇÃO Nº 128-2024-Aprova a Criação do Curso Superior de Tecnologia em Sistemas para Internet, no âmbito do Instituto Federal de Educação, Ciência e Tecnologia do Piauí (IFPI) e Anexo.pdf"", ""RESOLUÇÃO Nº 99-2025-Aprova a Reformulação do Curso Técnico em Informática Integrado ao Ensino Médio, no âmbito do IFPi e Anexo.pdf"", ""CURSO_SUPERIOR_DE_TECNOLOGIA_EM_ANÁLISE_E_DESENVOLVIMENTO_DE_SISTEMAS.pdf"", ""CURSO_SUPERIOR_DE_TECNOLOGIA_EM_ANÁLISE_E_DESENVOLVIMENTO_DE_SISTEMAS.pdf""]","[""RESOLUÇÃO Nº 128-2024-Aprova a Criação do Curso Superior de Tecnologia em Sistemas para Internet, no âmbito do Instituto Federal de Educação, Ciência e Tecnologia do Piauí (IFPI) e Anexo.pdf"", ""RESOLUÇÃO Nº 99-2025-Aprova a Reformulação do Curso Técnico em Informática Integrado ao Ensino Médio, no âmbito do IFPi e Anexo.pdf"", ""CURSO_SUPERIOR_DE_TECNOLOGIA_EM_ANÁLISE_E_DESENVOLVIMENTO_DE_SISTEMAS.pdf"", ""CURSO_SUPERIOR_DE_TECNOLOGIA_EM_ANÁLISE_E_DESENVOLVIMENTO_DE_SISTEMAS.pdf"", ""CURSO_SUPERIOR_DE_TECNOLOGIA_EM_ANÁLISE_E_DESENVOLVIMENTO_DE_SISTEMAS.pdf"", ""RESOLUÇÃO NORMATIVA Nº 255-2025-Aprova o Regulamento Unificado para o Desenvolvimento das Atividades dos Cursos de Graduação do IFPI.pdf"", ""RESOLUÇÃO Nº 1-2024 - Aprova a Criação do  Curso Técnico em Analises Clinicas - Integrado ao Médio, no IFPI.pdf"", ""RESOLUÇÃO Nº 47-2025-Aprova a Criação do Curso de Especialização em Gestão e Licenciamento Ambiental, no IFPI e Anexo.pdf"", ""RESOLUÇÃO Nº 41-2024-Aprova a Criação do curso de Especialização em Atendimento Educacional Especializado no âmbito do Instituto Federal de Educação, Ciência e Tecnologia do Piauí (IFPI e Anexo.pdf"", ""CURSO_SUPERIOR_DE_TECNOLOGIA_EM_ANÁLISE_E_DESENVOLVIMENTO_DE_SISTEMAS.pdf""]","[""RESOLUÇÃO Nº 128-2024-Aprova a Criação do Curso Superior de Tecnologia em Sistemas para Internet, no âmbito do Instituto Federal de Educação, Ciência e Tecnologia do Piauí (IFPI) e Anexo.pdf"", ""RESOLUÇÃO Nº 99-2025-Aprova a Reformulação do Curso Técnico em Informática Integrado ao Ensino Médio, no âmbito do IFPi e Anexo.pdf"", ""CURSO_SUPERIOR_DE_TECNOLOGIA_EM_ANÁLISE_E_DESENVOLVIMENTO_DE_SISTEMAS.pdf"", ""CURSO_SUPERIOR_DE_TECNOLOGIA_EM_ANÁLISE_E_DESENVOLVIMENTO_DE_SISTEMAS.pdf"", ""CURSO_SUPERIOR_DE_TECNOLOGIA_EM_ANÁLISE_E_DESENVOLVIMENTO_DE_SISTEMAS.pdf"", ""RESOLUÇÃO NORMATIVA Nº 255-2025-Aprova o Regulamento Unificado para o Desenvolvimento das Atividades dos Cursos de Graduação do IFPI.pdf"", ""RESOLUÇÃO Nº 1-2024 - Aprova a Criação do  Curso Técnico em Analises Clinicas - Integrado ao Médio, no IFPI.pdf"", ""RESOLUÇÃO Nº 47-2025-Aprova a Criação do Curso de Especialização em Gestão e Licenciamento Ambiental, no IFPI e Anexo.pdf"", ""RESOLUÇÃO Nº 41-2024-Aprova a Criação do curso de Especialização em Atendimento Educacional Especializado no âmbito do Instituto Federal de Educação, Ciência e Tecnologia do Piauí (IFPI e Anexo.pdf"", ""CURSO_SUPERIOR_DE_TECNOLOGIA_EM_ANÁLISE_E_DESENVOLVIMENTO_DE_SISTEMAS.pdf""]",3.0,3.0,0.3333333333333333,0.3333333333333333,0.0,1.0,1.0,1.0,0.0,1.0,1.0,1.0,1.0,10,10,4,4.4024
1,43,bm25,CURSO_SUPERIOR_DE_TECNOLOGIA_EM_ANÁLISE_E_DESENVOLVIMENTO_DE_SISTEMAS.pdf,Quantas vagas por ano são ofertadas no Curso Superior de Tecnologia em Análise e Desenvolvimento de Sistemas?,O curso oferta 40 vagas por ano.,O Curso Superior de Tecnologia em Análise e Desenvolvimento de Sistemas oferece 40 vagas por ano no turno vespertino.,"[Trecho 1 | Fonte: CURSO_SUPERIOR_DE_TECNOLOGIA_EM_ANÁLISE_E_DESENVOLVIMENTO_DE_SISTEMAS.pdf]
do ano referido, com uma oferta de 64 vagas, distribuídas igualmente entres os turnos tarde e noite. Os cursos de Tecnologia da Informação foram aperfeiçoados e receberam outra denominação: Análise e Desenvolvimento de Sistemas. Em 2002 foi autorizado a criação do Curso Superior de Tecnologia em Análise e Desenvolvimento de Sistemas no Campus Teresina Central, em 2006 no Campus de Floriano, em 2013 no Campus de Picos, 2018 no Campus de Corrente, 2020 no Campus de Pedro II e o mais recente em Parnaíba que iniciou em 2022. 1.7 Justificativa de Oferta do Curso e demandas sociais no mundo do trabalho A identificação das necessidades de conhecimento, habilidades e atitudes apresenta-se como uma preocupação permanente das áreas/instituições envolvidas com a oferta de produtos/serviços de sistemas e processos de gestão empresarial. Independente do seu porte, não importando a área de atuação, as empresas necessitam de sistemas de informação para controlar e automatizar o fluxo de informação entre os seus setores internos, prestadores de serviços, fornecedores e apoio à decisão. Nesse sentido, o Curso Superior de Tecnologia em Análise e Desenvolvimento de Sistemas (ADS) contribuirá com essa demanda de profissionais para atuar no projeto e implementação de Sistemas de Informação de acordo com as necessidades institucionais, que coordenam as infraestruturas de tecnologia da informação, elaborando políticas e diretrizes a partir da análise de necessidades e, que, atuem na forma de

[Trecho 2 | Fonte: RESOLUÇÃO Nº 39-2025-Aprova a oferta de vagas dos cursos técnicos e dos cursos superiores, para o segundo semestre de 2025, no IFPI e Anexo.pdf]
e Comunicação Corrente Tecnologia em Análise e Desenvolvimento de Sistemas Tecnologia Noite 40 TOTAL 40 2025.2 Eixo Curso Nível/Modalidade Turno Vagas Floriano Informação e Comunicação Tecnologia em Análise e Desenvolvimento de Sistemas Tecnologia Tarde 35 TOTAL 35 2025.2 Eixo Curso Nível/Modalidade Turno Vagas Informação e Comunicação Tecnologia em Análise e Desenvolvimento de Sistemas Tecnologia Noite 40 Picos TOTAL 40 Oferta de vagas 2025.2 Assunto: Oferta de vagas 2025.2 Assinado por: Nalva Sousa Tipo do Documento: Lista Situação: Finalizado Nível de Acesso: Público Tipo do Conferência: Documento Original Documento assinado eletronicamente por: Nalva Maria Rodrigues de Sousa, DIRETOR(A) - CD4 - DIETEC-IFPI, em 14/05/2025 19:38:11. Este documento foi armazenado no SUAP em 14/05/2025. Para comprovar sua integridade, faça a leitura do QRCode ao lado ou acesse https://suap.ifpi.edu.br/verificar-documento-externo/ e forneça os dados abaixo: Código Verificador: 656798 Código de Autenticação: 1f75556734

[Trecho 3 | Fonte: CURSO_SUPERIOR_DE_TECNOLOGIA_EM_ANÁLISE_E_DESENVOLVIMENTO_DE_SISTEMAS.pdf]
em nuvem, o mercado mostrou crescimentos bem diversos em 2021. As soluções SaaS (Software as a Service) tiveram aumento de 6%, enquanto as soluções PaaS (Plataform as a Service) cresceram 31,6%. Já no segmento de IoT (Internet of Things), incluindo hardware de conectividade, software e serviços, o mercado também cresceu, a uma taxa de 8,0% em relação ao ano de 2020. Profissionais egressos do curso de ADS do IFPI irão trabalhar no mercado de TI que está em amplo crescimento. 1.8 Requisitos e Formas de Acesso ao Curso A oferta de cursos/vagas para os certames de seleção do IFPI estão em consonância com o planejamento da oferta de cursos/vagas constantes no Plano de Desenvolvimento Institucional- PDI vigente e são submetidos à aprovação do Conselho Superior do IFPI- Consup. O ingresso nos cursos do IFPI nos cursos superiores de graduação acontece mediante processo seletivo público: Vestibular/Exame Nacional do Ensino Médio/Transferências/Portadores de Diplomas, obedecendo ao Edital que determinará o número de vagas e os critérios de seleção, conforme prescrito na Organização Didática do IFPI. O total de vagas de cada curso é determinado levando-se em consideração a estrutura física e os espaços pedagógicos garantidos para o desenvolvimento do processo formativo a que o curso se propõe. O quantitativo de vagas indicado para os cursos de licenciatura do IFPI é de 40 vagas. As vagas são distribuídas considerando o percentual de 50% para ampla concorrência e 50% para as vagas

[Trecho 4 | Fonte: CURSO_SUPERIOR_DE_TECNOLOGIA_EM_ANÁLISE_E_DESENVOLVIMENTO_DE_SISTEMAS.pdf]
será realizado processo de Chamada Pública, com a seleção de candidatos para provimento das vagas remanescentes com base na maior nota obtida pelo candidato na Prova de Redação do Exame Nacional do Ensino Médio (ENEM) em um dos últimos quatro anos Médio, conforme dispõe o Art. 51 da Lei nº. 9394/96, respeitando-se a quantidade de vagas oferecidas em cada processo seletivo e as cotas previstas na Lei nº 12.711/2012, de 29 de agosto de 2012 (Lei de Cotas) - alterada pela Lei nº 13.409, de 28 de dezembro de 2016. 1.9 Informações do Curso Denominação: Curso Superior de Tecnologia em Análise e Desenvolvimento de Sistemas Modalidade: Tecnologia Documentos Legais Autorização: Portaria Nº 198, de 15 de Setembro de 2002. Reconhecimento: Portaria Nº 209, de 28 de Fevereiro de 2011 (publicado no DOU 03/03/2011). Renovação de Reconhecimento: Portaria Nº 1095, de 24 de dezembro de 2015 (publicado no DOU 30/12/2015). Oferta de Vagas Quantidade por ano: 40 vagas Turno: Vespertino Regime de matrícula: Semestral Carga Horária Disciplina obrigatórias: 2000 horas Atividades complementares: 100 horas Total: 2100 horas Integralização: 5 (cinco) semestres Unidade da oferta: Campus Teresina Central Endereço da oferta: Rua Álvaro Mendes no 1597, Centro, Cep: 64000-040, Teresina-PI Capítulo 2. Organização Didático-Pedagógica e Certificação 2.1 Políticas Institucionais no Âmbito do Curso O Instituto Federal do Piauí (IFPI) atua no desenvolvimento de programas e projetos de ensino, pesquisa e na","[""CURSO_SUPERIOR_DE_TECNOLOGIA_EM_ANÁLISE_E_DESENVOLVIMENTO_DE_SISTEMAS.pdf"", ""RESOLUÇÃO Nº 39-2025-Aprova a oferta de vagas dos cursos técnicos e dos cursos superiores, para o segundo semestre de 2025, no IFPI e Anexo.pdf"", ""CURSO_SUPERIOR_DE_TECNOLOGIA_EM_ANÁLISE_E_DESENVOLVIMENTO_DE_SISTEMAS.pdf"", ""CURSO_SUPERIOR_DE_TECNOLOGIA_EM_ANÁLISE_E_DESENVOLVIMENTO_DE_SISTEMAS.pdf""]","[""CURSO_SUPERIOR_DE_TECNOLOGIA_EM_ANÁLISE_E_DESENVOLVIMENTO_DE_SISTEMAS.pdf"", ""RESOLUÇÃO Nº 39-2025-Aprova a oferta de vagas dos cursos técnicos e dos cursos superiores, para o segundo semestre de 2025, no IFPI e Anexo.pdf"", ""CURSO_SUPERIOR_DE_TECNOLOGIA_EM_ANÁLISE_E_DESENVOLVIMENTO_DE_SISTEMAS.pdf"", ""CURSO_SUPERIOR_DE_TECNOLOGIA_EM_ANÁLISE_E_DESENVOLVIMENTO_DE_SISTEMAS.pdf"", ""RESOLUÇÃO Nº 98-2025-Aprova a reformulação do Curso Técnico em Informática para Internet Integrado ao Ensino Médio, no âmbito do IFPI e Anexo.pdf"", ""RESOLUÇÃO Nº 99-2025-Aprova a Reformulação do Curso Técnico em Informática Integrado ao Ensino Médio, no âmbito do IFPi e Anexo.pdf"", ""RESOLUÇÃO Nº 44-2024 -Aprova a criação do Curso Superior de Tecnologia em Marketing, no IFPI e Anexo.pdf"", ""RESOLUÇÃO Nº 128-2024-Aprova a Criação do Curso Superior de Tecnologia em Sistemas para Internet, no âmbito do Instituto Federal de Educação, Ciência e Tecnologia do Piauí (IFPI) e Anexo.pdf"", ""RESOLUÇÃO Nº 16-2025-Atualiza  a Reformulação do Curso Técnico de Nível Médio em Cuidados de Idosos, no âmbito do Instituto Federal de Educação, Ciência e Tecnologia do Piauí (IFPI) e Anexo..pdf"", ""RESOLUÇÃO Nº 74-2025-Aprova a reformulação do Curso de Especialização em Física Geral, lato sensu, no âmbito do Instituto Federal de Educação, Ciência e Tecnologia do Piauí (IFPI) e Anexo.pdf""]","[""CURSO_SUPERIOR_DE_TECNOLOGIA_EM_ANÁLISE_E_DESENVOLVIMENTO_DE_SISTEMAS.pdf"", ""RESOLUÇÃO Nº 39-2025-Aprova a oferta de vagas dos cursos técnicos e dos cursos superiores, para o segundo semestre de 2025, no IFPI e Anexo.pdf"", ""CURSO_SUPERIOR_DE_TECNOLOGIA_EM_ANÁLISE_E_DESENVOLVIMENTO_DE_SISTEMAS.pdf"", ""CURSO_SUPERIOR_DE_TECNOLOGIA_EM_ANÁLISE_E_DESENVOLVIMENTO_DE_SISTEMAS.pdf"", ""RESOLUÇÃO Nº 98-2025-Aprova a reformulação do Curso Técnico em Informática para Internet Integrado ao Ensino Médio, no âmbito do IFPI e Anexo.pdf"", ""RESOLUÇÃO Nº 99-2025-Aprova a Reformulação do Curso Técnico em Informática Integrado ao Ensino Médio, no âmbito do IFPi e Anexo.pdf"", ""RESOLUÇÃO Nº 44-2024 -Aprova a criação do Curso Superior de Tecnologia em Marketing, no IFPI e Anexo.pdf"", ""RESOLUÇÃO Nº 128-2024-Aprova a Criação do Curso Superior de Tecnologia em Sistemas para Internet, no âmbito do Instituto Federal de Educação, Ciência e Tecnologia do Piauí (IFPI) e Anexo.pdf"", ""RESOLUÇÃO Nº 16-2025-Atualiza  a Reformulação do Curso Técnico de Nível Médio em Cuidados de Idosos, no âmbito do Instituto Federal de Educação, Ciência e Tecnologia do Piauí (IFPI) e Anexo..pdf"", ""RESOLUÇÃO Nº 74-2025-Aprova a reformulação do Curso de Especialização em Física Geral, lato sensu, no âmbito do Instituto Federal de Educação, Ciência e Tecnologia do Piauí (IFPI) e Anexo.pdf""]",1.0,1.0,1.0,1.0,1.0,1.0,1.0,1.0,1.0,1.0,1.0,1.0,1.0,10,10,4,3.4359
1,43,bm25,"RESOLUÇÃO Nº 14-2025-Aprova a Criação do Curso de Aperfeiçoamento Escola da Terra, no âmbito do Instituto Federal de Educação, Ciência e Tecnologia do Piauí (IFPI) e Anexo..pdf",Qual é a carga horária total do curso Escola da Terra?,A carga horária total do curso Escola da Terra é de 180 horas.,"O curso Escola da Terra possui uma carga horária total de 360 horas, sendo 294 horas destinadas ao estudo das disciplinas e 66 horas destinadas ao Trabalho de Conclusão de Curso.","[Trecho 1 | Fonte: RESOLUÇÃO Nº 1-2024 - Aprova a Criação do  Curso Técnico em Analises Clinicas - Integrado ao Médio, no IFPI.pdf]
e habilidades acerca de conceitos, temas, conteúdos de interesses dos alunos, de modo a favorecer o protagonismo do estudante na escolha do seu itinerário formativo. Compõe-se de unidades curriculares eletivas complementares que possam enfocar situações da prática social dos estudantes, oportunizando espaços de diálogo, construção do conhecimento e de tecnologias para o desenvolvimento pessoal e social do educando. Da constituição de cada núcleo curricular A constituição dos núcleos deverá levar em consideração as dimensões integradoras do currículo com base na identificação dos objetos de estudos, conteúdos, conhecimentos e habilidades que possuem maior ênfase tecnológica e apresentem áreas de integração em relação à formação do perfil do egresso. A estruturação do Curso Técnico em Análises Clínicas Integrado ao Ensino Médio, no âmbito do IFPI, deverá promover a integração dos conhecimentos por meio da superação da mera justaposição de saberes. Para tanto, o referido curso deverá assegurar na organização curricular espaço de intersecção dos conhecimentos da formação geral, da formação profissional e da formação complementar. Da carga horária de cada núcleo curricular A carga horária máxima de cada núcleo deverá observar a seguinte prescrição: • Núcleo Tecnológico: carga horária total de 1000 horas. • Núcleo Integrador: carga horária total de 180 horas. • Núcleo Básico: carga horária total de 1800 horas. • Núcleo Complementar: carga horária total de 220 horas. Da

[Trecho 2 | Fonte: RESOLUÇÃO Nº 57-2024-Aprova a Criação do Curso de Especialização Técnica de Nível Médio em Hidrogênio Verde, no IFPI e Anexo.pdf]
egressos podem, em empresas públicas e privadas, atuar em plantas de produção, armazenamento, distribuição e certificação de H2V. Atuar em projetos e integração de sistemas de produção de hidrogênio verde em diferentes setores e aplicações, como transporte, indústria, geração de energia e armazenamento de energia. Projetos de sustentabilidade e impacto ambiental, normas e regulamentações. 7. ORGANIZAÇÃO CURRICULAR Conforme o artigo 26; § 4º da Resolução nº 01 de 05/01/2021, a carga horária mínima estabelecida para os cursos de especialização técnica de nível médio é de 25% (vinte e cinco por cento) da carga horária total do curso técnico a que está vinculada. Desta forma, como o curso Técnico em Eletrotécnica tem uma por carga horária mínima de 1.200 horas, esta especialização contempla esta exigência, pois apresenta carga horária total de 300h. Assim sendo, o desenho curricular do curso apresenta 9 (nove) disciplinas, com hora-aula de sessenta minutos, com uma carga horária de 4 aulas diárias, totalizando 20 aulas semanais. Os componentes curriculares estão apresentados na matriz curricular a seguir: DISCIPLINAS CH Teórica(h) CH Prática (h) CH Semanal (h) CH Semestral (h) Transição Energética para o 30 0 2 30 Hidrogênio Rotas de Produção de Hidrogênio 30 0 2 30 Armazenamento e Transporte do 30 0 2 30 Hidrogênio Energias Renováveis x H2V 30 0 2 30 Economia do Hidrogênio 30 0 2 30 Princípios Básicos de Segurança do hidrogênio, Legislação e normas de 30 10 2 40 segurança

[Trecho 3 | Fonte: RESOLUÇÃO Nº 128-2024-Aprova a Criação do Curso Superior de Tecnologia em Sistemas para Internet, no âmbito do Instituto Federal de Educação, Ciência e Tecnologia do Piauí (IFPI) e Anexo.pdf]
diversos, nas diferentes tecnologias, no espaço da produção, no campo cientiﬁco e no campo da vivência social. Tais atividades devem considerar sua diversidade, formas de aproveitamento alinhadas ao perﬁl do egresso e competências cientiﬁca, projetos de extensão, módulos temáticos, seminários, simpósios, congressos, conferências e até disciplinas oferecidas por outras instituições de ensino. No Curso Superior de Tecnologia em Sistemas para Internet IFPI, a carga horária destinada às Atividades Complementares será de 100 (cem) horas e deverá ser cumprida pelos estudantes ao longo do percurso formativo, de acordo com a Resolução CONSUP/IFPI de no 11/2021 e Nota técnica 07/2022 , a carga horária das ACs no âmbito dos cursos de graduação do IFPI será de, no mínimo, 5% (cinco por cento) e no máximo 10% (dez por cento) da carga horária máximo do curso. A validação, computação e registro das horas serão efetuados mediante comprovação por parte do aluno com base em certiﬁcados ou declarações, em conformidade com normativas especíﬁcas da instituição para esta ﬁnalidade. A documentação comprobatória será analisada pelo Colegiado do Curso. As atividades complementares do curso Superior de Tecnologia em Sistemas para Internet deverão ter o total de no mínimo cem horas (100h), correspondente a 5% (cinco por cento) da carga horária total do curso. As atividades complementares, em áreas especíﬁcas de interesse do estudante, terão como base a distribuição de ações estabelecidas a seguir: I

[Trecho 4 | Fonte: RESOLUÇÃO Nº 19-2025-Aprova a Criação do Curso de Especialização Escola da Terra, no âmbito do Instituto Federal de Educação, Ciência e Tecnologia do Piauí (IFPI) e Anexo.pdf]
atividade é o diagnóstico de realidade, aplicação de projetos e sequências didáticas planejadas no TU, levantamento e reflexão de problemas educacionais das escolas do campo, proposição de formas de resolução de situações-problema com a comunidade escolar, desenvolvimento de intervenções e registro de resultados. Assim, diversos recursos serão utilizados, como projetor de multimídia, textos, livros, quadro de acrílico, vídeos, músicas, material de consumo (papel, cola, tesoura, hidrocor, etc), jogos, dentre outros. Será produzida pela equipe docente apostila com conteúdos e atividades referentes a cada componente curricular. 6.2 Carga horária e periodicidade O curso está organizado com uma carga horária total de 294 (duzentas e noventa e quatro) horas destinadas ao estudo das disciplinas, traduzidas em exposições dialogadas, seminários, oficinas, visitações e orientações, transversalizadas pela Pedagogia da Alternância, com enfoque em dois tempos/espaços formativos: o Tempo Universidade e o Tempo Escola/Comunidade; e 66 (sessenta e seis) horas destinadas a um Trabalho de Conclusão de Curso. Das 360 horas, 80 (oitenta) horas serão dispensadas, mediante a apresentação do certificado do Programa Escola da Terra, em nível de aperfeiçoamento, conforme definições parágrafo segundo do Artigo 49 da Resolução Normativa nº 84/2021 - CONSUP/OSUPCOL/REI/IFPI, que tratam sobre ao aproveitamento de estudos em Cursos de Especialização, permitindo o direito de pleitear o aproveitamento de","[""RESOLUÇÃO Nº 1-2024 - Aprova a Criação do  Curso Técnico em Analises Clinicas - Integrado ao Médio, no IFPI.pdf"", ""RESOLUÇÃO Nº 57-2024-Aprova a Criação do Curso de Especialização Técnica de Nível Médio em Hidrogênio Verde, no IFPI e Anexo.pdf"", ""RESOLUÇÃO Nº 128-2024-Aprova a Criação do Curso Superior de Tecnologia em Sistemas para Internet, no âmbito do Instituto Federal de Educação, Ciência e Tecnologia do Piauí (IFPI) e Anexo.pdf"", ""RESOLUÇÃO Nº 19-2025-Aprova a Criação do Curso de Especialização Escola da Terra, no âmbito do Instituto Federal de Educação, Ciência e Tecnologia do Piauí (IFPI) e Anexo.pdf""]","[""RESOLUÇÃO Nº 1-2024 - Aprova a Criação do  Curso Técnico em Analises Clinicas - Integrado ao Médio, no IFPI.pdf"", ""RESOLUÇÃO Nº 57-2024-Aprova a Criação do Curso de Especialização Técnica de Nível Médio em Hidrogênio Verde, no IFPI e Anexo.pdf"", ""RESOLUÇÃO Nº 128-2024-Aprova a Criação do Curso Superior de Tecnologia em Sistemas para Internet, no âmbito do Instituto Federal de Educação, Ciência e Tecnologia do Piauí (IFPI) e Anexo.pdf"", ""RESOLUÇÃO Nº 19-2025-Aprova a Criação do Curso de Especialização Escola da Terra, no âmbito do Instituto Federal de Educação, Ciência e Tecnologia do Piauí (IFPI) e Anexo.pdf"", ""RESOLUÇÃO Nº 12-2024-Aprova a Criação do Curso Técnico em Eventos, Integrado ao Ensino Médio, no âmbito do IFPI e Anexo..pdf"", ""RESOLUÇÃO Nº 59-2025- Aprova a Criação do Curso de Licenciatura em  Pedagogia,  no âmbito do Instituto Federal de Educação, Ciência e Tecnologia do Piauí (IFPI) e Anexo.pdf"", ""RESOLUÇÃO Nº 36-2025-Aprova a Criação do Curso de Formação Inicial e Continuada - Preparatório para o Ensino Médio - PARTIU IF, no âmbito do IFPI e Anexo.pdf"", ""RESOLUÇÃO Nº 45-2024-Aprova a Reformulação do Curso de Licenciatura Intercultural Indígena, do PARFOR EQUIDADE, no âmbito do Instituto Federal de Educação, Ciência e Tecnologia do Piauí (IFPI) e Anexo.pdf"", ""RESOLUÇÃO Nº 23-2024-Aprova a Criação do Curso de Licenciatura Intercultural Indígena, do PARFOR EQUIDADE, no âmbito do Instituto Federal de Educação, Ciência e Tecnologia do Piauí (IFPI)e Anexo.pdf"", ""RESOLUÇÃO Nº 79-2025-Aprova a Reformulação do Curso de Licenciatura Intercultural Indígena, do PARFOR EQUIDADE, no âmbito do Instituto Federal de Educação, Ciência e Tecnologia do Piauí (IFPI) e Anexo.pdf""]","[""RESOLUÇÃO Nº 1-2024 - Aprova a Criação do  Curso Técnico em Analises Clinicas - Integrado ao Médio, no IFPI.pdf"", ""RESOLUÇÃO Nº 57-2024-Aprova a Criação do Curso de Especialização Técnica de Nível Médio em Hidrogênio Verde, no IFPI e Anexo.pdf"", ""RESOLUÇÃO Nº 128-2024-Aprova a Criação do Curso Superior de Tecnologia em Sistemas para Internet, no âmbito do Instituto Federal de Educação, Ciência e Tecnologia do Piauí (IFPI) e Anexo.pdf"", ""RESOLUÇÃO Nº 19-2025-Aprova a Criação do Curso de Especialização Escola da Terra, no âmbito do Instituto Federal de Educação, Ciência e Tecnologia do Piauí (IFPI) e Anexo.pdf"", ""RESOLUÇÃO Nº 12-2024-Aprova a Criação do Curso Técnico em Eventos, Integrado ao Ensino Médio, no âmbito do IFPI e Anexo..pdf"", ""RESOLUÇÃO Nº 59-2025- Aprova a Criação do Curso de Licenciatura em  Pedagogia,  no âmbito do Instituto Federal de Educação, Ciência e Tecnologia do Piauí (IFPI) e Anexo.pdf"", ""RESOLUÇÃO Nº 36-2025-Aprova a Criação do Curso de Formação Inicial e Continuada - Preparatório para o Ensino Médio - PARTIU IF, no âmbito do IFPI e Anexo.pdf"", ""RESOLUÇÃO Nº 45-2024-Aprova a Reformulação do Curso de Licenciatura Intercultural Indígena, do PARFOR EQUIDADE, no âmbito do Instituto Federal de Educação, Ciência e Tecnologia do Piauí (IFPI) e Anexo.pdf"", ""RESOLUÇÃO Nº 23-2024-Aprova a Criação do Curso de Licenciatura Intercultural Indígena, do PARFOR EQUIDADE, no âmbito do Instituto Federal de Educação, Ciência e Tecnologia do Piauí (IFPI)e Anexo.pdf"", ""RESOLUÇÃO Nº 79-2025-Aprova a Reformulação do Curso de Licenciatura Intercultural Indígena, do PARFOR EQUIDADE, no âmbito do Instituto Federal de Educação, Ciência e Tecnologia do Piauí (IFPI) e Anexo.pdf""]",,,0.0,0.0,0.0,0.0,0.0,0.0,0.0,0.0,0.0,0.0,0.0,10,10,4,4.5899
1,43,bm25,"RESOLUÇÃO Nº 14-2025-Aprova a Criação do Curso de Aperfeiçoamento Escola da Terra, no âmbito do Instituto Federal de Educação, Ciência e Tecnologia do Piauí (IFPI) e Anexo..pdf",Qual é a meta física do curso Escola da Terra em número de vagas?,A meta física do curso Escola da Terra é de 120 vagas.,O Curso Aperfeiçoamento Escola da Terra possui 30 vagas.,"[Trecho 1 | Fonte: RESOLUÇÃO Nº 80-2024-Autoriza  o funcionamento do Curso Aperfeiçoamento Escola da Terra, no Instituto Federal de Educação, Ciência e Tecnologia do Piauí (IFPI)..pdf]
Escola da Terra 30 180 h Resolução nº 78/2024 Travessa Sete de Setembro, S/N, Centro, São João do Piauí/ PI, CEP 64.760-000. Escola da Terra 30 180 h Resolução nº 78/2024 São João do Piauí São Raimundo Nonato Rodovia BR 020, S/N, Bairro Primavera - CEP: 64.670-000 Escola da Terra 30 180 h Resolução nº 78/2024 Art. 2º Torna-se sem efeito a Resolução nº 79/2024 - CONSELHO SUPERIOR, de 6 de agosto de 2024. Art. 3º Esta Resolução entra em vigor na data de sua publicação. PAULO BORGES DA CUNHA Presidente do CONSUP

[Trecho 2 | Fonte: RESOLUÇÃO Nº 13-2024-Aprova a Criação do Curso de Qualificação Profissional em Relações Étnico-Raciais, no âmbito do Instituto Federal de Educação, Ciência e Tecnologia do Piauí (IFPI) e Anexo..pdf]
como meta de governo. Adaptando-se aos novos tempos, o Liceu Industrial do Piauí teve construída e inaugurada, em 1938, a sua sede própria pelo Governo Federal em terreno cedido pela Prefeitura Municipal de Teresina, na Praça Monsenhor Lopes, hoje Praça da Liberdade, nº 1597, onde funciona atualmente o Campus Teresina Central. A sede própria da Escola, que ocupava parte de uma quadra do centro da capital, foi inaugurada com 6 modernas salas de aula e instalações para oficinas de marcenaria, mecânica de máquinas, serralheria e solda, modelação, fundição e alfaiataria. Sendo Teresina uma capital ainda pouco industrializada, os ex-alunos do Liceu Industrial do Piauí migravam para o Sudeste do país, onde tinham emprego garantido com salários condignos, devido a sua alta competência técnica. Escola Industrial de Teresina Esse nome proveio da Lei Orgânica do Ensino Industrial, de 1942, que dividiu as escolas da Rede em Industriais e Técnicas. As Escolas Industriais ficaram geralmente nos Estados menos industrializados e formaram operários conservando o ensino propedêutico do antigo ginásio. Legalmente, esse curso era chamado de Ginásio Industrial. As Escolas Industriais continuariam formando operários para a indústria, e as Técnicas formavam operários e também técnicos. Os operários formados tinham nível ginasial (1° ciclo) e os técnicos, nível médio (2° ciclo). A Escola Industrial de Teresina (EIT) atuava no ramo da indústria metal-mecânica. Sua estrutura física foi ampliada com

[Trecho 3 | Fonte: RESOLUÇÃO Nº 19-2025-Aprova a Criação do Curso de Especialização Escola da Terra, no âmbito do Instituto Federal de Educação, Ciência e Tecnologia do Piauí (IFPI) e Anexo.pdf]
pública. Prof. Me. Emanuel Alcântara da Silva Coordenador do Projeto Especialização Escola da Terra Assunto: Especialização Escola da Terra Assinado por: Nalva Sousa Tipo do Documento: Projeto Situação: Finalizado Nível de Acesso: Público Tipo do Conferência: Documento Original Documento assinado eletronicamente por: Nalva Maria Rodrigues de Sousa, DIRETOR(A) - CD4 - DIETEC-IFPI, em 17/03/2025 15:29:35. Este documento foi armazenado no SUAP em 17/03/2025. Para comprovar sua integridade, faça a leitura do QRCode ao lado ou acesse https://suap.ifpi.edu.br/verificar-documento-externo/ e forneça os dados abaixo: Código Verificador: 629967 Código de Autenticação: 8eeb9e0511

[Trecho 4 | Fonte: RESOLUÇÃO NORMATIVA Nº 208-2024-Aprova a revisão do Plano de Desenvolvimento Institucional (PDI), 2020-2024, do IFPI e Anexo.pdf]
Nacional de Desenvolvimento Científico e Tecnológico COLDIR Colégio de Dirigentes COMUT Comutação Bibliográfica CONIF Conselho Nacional das Instituições da Rede Federal de Educação Profissional, Científica e Tecnológica CONSUP Conselho Superior CPA Comissão Própria de Avaliação DCE Diretório Central dos Estudantes DE Dedicação Exclusiva DIGEP Diretoria de Gestão de Pessoas DINTER Doutorado Interinstitucional DIRCOM Diretoria de Comunicação Social DOAJ Directory of Open Access Journals DOU Diário Oficial da União DTI Diretoria de Tecnologia da Informação EAAP Escola de Aprendizes Artífices do Piauí EaD Ensino a Distância EBTT Ensino Básico, Técnico e Tecnológico ECREP Eficácia em relação à meta após a reprogramação ECLOA Eficácia em relação à meta da LOA EFLOA Eficiência em relação à meta da LOA EGD Estratégia de Governança Digital EIFPI Escola Industrial Federal do Piauí EIT Escola Industrial de Teresina EJA Educação de Jovens e Adultos EPCT Educação Profissional, Científica e Tecnológica ETFPI Escola Técnica Federal do Piauí FDI Fórum de Desenvolvimento Institucional FIC Formação Inicial e Continuada GT Grupo de Trabalho IELTS International English Language Testing System IES Instituição de Ensino Superior IF Instituto Federal IFPI Instituto Federal de Educação, Ciência e Tecnologia do Piauí INEP Instituto Nacional de Estudos e Pesquisas Educacionais Anísio Teixeira LDB Lei de Diretrizes e Bases da Educação LIP Liceu Industrial do Piauí LOA Lei Orçamentária Anual MEC","[""RESOLUÇÃO Nº 80-2024-Autoriza  o funcionamento do Curso Aperfeiçoamento Escola da Terra, no Instituto Federal de Educação, Ciência e Tecnologia do Piauí (IFPI)..pdf"", ""RESOLUÇÃO Nº 13-2024-Aprova a Criação do Curso de Qualificação Profissional em Relações Étnico-Raciais, no âmbito do Instituto Federal de Educação, Ciência e Tecnologia do Piauí (IFPI) e Anexo..pdf"", ""RESOLUÇÃO Nº 19-2025-Aprova a Criação do Curso de Especialização Escola da Terra, no âmbito do Instituto Federal de Educação, Ciência e Tecnologia do Piauí (IFPI) e Anexo.pdf"", ""RESOLUÇÃO NORMATIVA Nº 208-2024-Aprova a revisão do Plano de Desenvolvimento Institucional (PDI), 2020-2024, do IFPI e Anexo.pdf""]","[""RESOLUÇÃO Nº 80-2024-Autoriza  o funcionamento do Curso Aperfeiçoamento Escola da Terra, no Instituto Federal de Educação, Ciência e Tecnologia do Piauí (IFPI)..pdf"", ""RESOLUÇÃO Nº 13-2024-Aprova a Criação do Curso de Qualificação Profissional em Relações Étnico-Raciais, no âmbito do Instituto Federal de Educação, Ciência e Tecnologia do Piauí (IFPI) e Anexo..pdf"", ""RESOLUÇÃO Nº 19-2025-Aprova a Criação do Curso de Especialização Escola da Terra, no âmbito do Instituto Federal de Educação, Ciência e Tecnologia do Piauí (IFPI) e Anexo.pdf"", ""RESOLUÇÃO NORMATIVA Nº 208-2024-Aprova a revisão do Plano de Desenvolvimento Institucional (PDI), 2020-2024, do IFPI e Anexo.pdf"", ""RESOLUÇÃO Nº 19-2025-Aprova a Criação do Curso de Especialização Escola da Terra, no âmbito do Instituto Federal de Educação, Ciência e Tecnologia do Piauí (IFPI) e Anexo.pdf"", ""RESOLUÇÃO Nº 128-2024-Aprova a Criação do Curso Superior de Tecnologia em Sistemas para Internet, no âmbito do Instituto Federal de Educação, Ciência e Tecnologia do Piauí (IFPI) e Anexo.pdf"", ""RESOLUÇÃO Nº 17-2025-Aprova  a Criação do Curso Técnico em Serviços Jurídicos, integrado ao Ensino Médio,  no âmbito do Instituto Federal de Educação, Ciência e Tecnologia do Piauí (IFPI) e Anexo.pdf"", ""RESOLUÇÃO Nº 102-2025-Aprova a reformulação do Curso Técnico em Eletrotécnica Integrado ao Ensino Médio, no âmbito do IFPI e Anexo-.pdf"", ""RESOLUÇÃO Nº 109-2025-Aprova a refpormulçaõ do Curso Técnico em Agropecuária Integrado ao Ensino Médio, no âmbito do IFPI e Anexo-.pdf"", ""RESOLUÇÃO Nº 112-2025- Aprova a reformulação do Curso Técnico em Administração Integrado ao Ensino Médio, no âmbiro do IFPI e Anexo-.pdf""]","[""RESOLUÇÃO Nº 80-2024-Autoriza  o funcionamento do Curso Aperfeiçoamento Escola da Terra, no Instituto Federal de Educação, Ciência e Tecnologia do Piauí (IFPI)..pdf"", ""RESOLUÇÃO Nº 13-2024-Aprova a Criação do Curso de Qualificação Profissional em Relações Étnico-Raciais, no âmbito do Instituto Federal de Educação, Ciência e Tecnologia do Piauí (IFPI) e Anexo..pdf"", ""RESOLUÇÃO Nº 19-2025-Aprova a Criação do Curso de Especialização Escola da Terra, no âmbito do Instituto Federal de Educação, Ciência e Tecnologia do Piauí (IFPI) e Anexo.pdf"", ""RESOLUÇÃO NORMATIVA Nº 208-2024-Aprova a revisão do Plano de Desenvolvimento Institucional (PDI), 2020-2024, do IFPI e Anexo.pdf"", ""RESOLUÇÃO Nº 19-2025-Aprova a Criação do Curso de Especialização Escola da Terra, no âmbito do Instituto Federal de Educação, Ciência e Tecnologia do Piauí (IFPI) e Anexo.pdf"", ""RESOLUÇÃO Nº 128-2024-Aprova a Criação do Curso Superior de Tecnologia em Sistemas para Internet, no âmbito do Instituto Federal de Educação, Ciência e Tecnologia do Piauí (IFPI) e Anexo.pdf"", ""RESOLUÇÃO Nº 17-2025-Aprova  a Criação do Curso Técnico em Serviços Jurídicos, integrado ao Ensino Médio,  no âmbito do Instituto Federal de Educação, Ciência e Tecnologia do Piauí (IFPI) e Anexo.pdf"", ""RESOLUÇÃO Nº 102-2025-Aprova a reformulação do Curso Técnico em Eletrotécnica Integrado ao Ensino Médio, no âmbito do IFPI e Anexo-.pdf"", ""RESOLUÇÃO Nº 109-2025-Aprova a refpormulçaõ do Curso Técnico em Agropecuária Integrado ao Ensino Médio, no âmbito do IFPI e Anexo-.pdf"", ""RESOLUÇÃO Nº 112-2025- Aprova a reformulação do Curso Técnico em Administração Integrado ao Ensino Médio, no âmbiro do IFPI e Anexo-.pdf""]",,,0.0,0.0,0.0,0.0,0.0,0.0,0.0,0.0,0.0,0.0,0.0,10,10,4,2.6556
1,43,bm25,"RESOLUÇÃO Nº 14-2025-Aprova a Criação do Curso de Aperfeiçoamento Escola da Terra, no âmbito do Instituto Federal de Educação, Ciência e Tecnologia do Piauí (IFPI) e Anexo..pdf",Quando está previsto o início do curso Escola da Terra?,O início do curso Escola da Terra está previsto para março de 2025.,Não encontrei essa informação no contexto fornecido.,"[Trecho 1 | Fonte: RESOLUÇÃO Nº 74-2025-Aprova a reformulação do Curso de Especialização em Física Geral, lato sensu, no âmbito do Instituto Federal de Educação, Ciência e Tecnologia do Piauí (IFPI) e Anexo.pdf]
do Ensino Industrial passou a ser denominado Escola Industrial de Teresina e, em 1967, como Escola Técnica Federal do Piauí. Em 1994, foi inaugurada a primeira Unidade de Ensino Descentralizada (UNED), em Floriano, marcando o início da interiorização do ensino técnico. Em 1999, a escola passou a ser denominada de Centro Federal de Educação Profissional e Tecnológica (CEFET) visando “atender às novas demandas sociais de formação de técnicos de nível superior”. Em 2007, foram implantadas as UNED de Parnaíba e Picos e, em 2009, a partir da segunda fase do Plano de Expansão da Rede Federal de Educação Tecnológica do Brasil, outras seis novas unidades foram criadas: Angical, Piripiri, Paulistana, São Raimundo Nonato, Corrente e Uruçuí. A Reitoria do IFPI, que possui razão social composta pelo CNPJ 10.806.496/0001-49, está localizada à Av. Presidente Jânio Quadros, nº 330, CEP 64053-390, bairro Santa Isabel em Teresina-PI. Com base no Plano de Desenvolvimento Institucional (PDI) para o período 2020-2024, cuja missão do IFPI é ""promover uma educação de excelência, direcionada às demandas sociais, destacando-se como referência nacional na formação de cidadãos críticos e éticos, dotados de sólida base científica e humanística e comprometidos com intervenções transformadoras na sociedade e com o desenvolvimento sustentável”, será a motivação para a implantação de mais um programa de pós-graduação Lato Sensu no IFPI/Campus Teresina Central. O IFPI está estruturado no tripé ensino,

[Trecho 2 | Fonte: RESOLUÇÃO Nº 10-2025-Aprova a criação do curso de Especialização, lato sensu, em  Física Geral, no âmbito do Instituto Federal de Educação, Ciência e Tecnologia do Piauí (IFPI) e Anexo.pdf]
Industrial passou a ser denominado Escola Industrial de Teresina e, em 1967, como Escola Técnica Federal do Piauí. Em 1994, foi inaugurada a primeira Unidade de Ensino Descentralizada (UNED), em Floriano, marcando o início da interiorização do ensino técnico. Em 1999, a escola passou a ser denominada de Centro Federal de Educação Profissional e Tecnológica (CEFET) visando “atender às novas demandas sociais de formação de técnicos de nível superior”. Em 2007, foram implantadas as UNED de Parnaíba e Picos e, em 2009, a partir da segunda fase do Plano de Expansão da Rede Federal de Educação Tecnológica do Brasil, outras seis novas unidades foram criadas: Angical, Piripiri, Paulistana, São Raimundo Nonato, Corrente e Uruçuí. A Reitoria do IFPI, que possui razão social composta pelo CNPJ 10.806.496/0001-49, está localizada à Av. Presidente Jânio Quadros, nº 330, CEP 64053-390, bairro Santa Isabel em Teresina-PI. Com base no Plano de Desenvolvimento Institucional (PDI) para o período 2020-2024, cuja missão do IFPI é ""promover uma educação de excelência, direcionada às demandas sociais, destacando-se como referência nacional na formação de cidadãos críticos e éticos, dotados de sólida base científica e humanística e comprometidos com intervenções transformadoras na sociedade e com o desenvolvimento sustentável”, será a motivação para a implantação de mais um programa de pós- graduação Lato Sensu no IFPI/Campus Teresina Central. O IFPI está estruturado no tripé ensino, pesquisa e

[Trecho 3 | Fonte: RESOLUÇÃO Nº 57-2024-Aprova a Criação do Curso de Especialização Técnica de Nível Médio em Hidrogênio Verde, no IFPI e Anexo.pdf]
caberá a Coordenação do Curso: ● Encaminhar a proposta de PPC ao Colegiado do campus ao qual o curso está vinculado; ● Coordenar o processo de elaboração do PPC; ● Coordenar o processo de seleção do corpo docente do curso; ● Informar ao Colegiado do Campus os casos de substituição de docentes; ● Elaborar o Edital de Ingresso no Curso, em conjunto com o Departamento de Ingresso e com a Coordenadoria de Curso, constando: os prazos de inscrição; data de início da seleção, o número de vagas ofertadas e requisitos para ingresso, respeitando as disponibilidades de professores, orientadores e infraestrutura acadêmica relacionadas ao curso; ● Coordenar o processo de seleção dos candidatos a discentes do curso; ● Encaminhar à Coordenadoria de Cursos, no prazo máximo de 15 (quinze) dias após o início das atividades do curso, a relação de discentes matriculados e a data de início e previsão de término do mesmo, explicitando o período referente a oferta de disciplinas e a orientação; ● Preparar, com auxílio do corpo docente, o calendário das atividades do curso previstas no PPC; ● Organizar, orientar, acompanhar e coordenar as atividades do curso, zelando pelo cumprimento do calendário estabelecido; ● Receber, dos docentes e dos discentes envolvidos, os diários de classe, os Trabalhos de Conclusão de Curso da Especialização e toda a documentação de interesse do Curso; ● Manter atualizado o cadastro do corpo docente e discente do curso; ● Fornecer informações referentes ao curso sempre

[Trecho 4 | Fonte: RESOLUÇÃO Nº 32-2024-Aprova a Reformulação do Projeto Pedagógico do Curso Técnico de Nível Médio em Agropecuária, modalidade Educação a Distância (EaD), do IFPI e Anexo.pdf]
verificação da aprendizagem, levando em consideração o predomínio dos aspectos qualitativos sobre os quantitativos. Quando realizada durante o processo, ela tem por objetivo informar ao professor e aos estudantes os avanços, as dificuldades e possibilitar a ambos a reflexão sobre a eficiência do processo educativo, possibilitando os ajustes necessários para o alcance dos melhores resultados. Durante o processo educativo, é conveniente que o professor esteja atento à participação efetiva do aluno através da observação da assiduidade, pontualidade, envolvimento nos trabalhos e discussões. Os instrumentos avaliativos devem ser considerados como indicadores da aquisição de conhecimentos e do desenvolvimento de habilidades e competências. Ressalta-se a importância de se expor e discutir os mesmos com os estudantes no início de cada unidade didática/disciplina. A proposta pedagógica do curso prevê uma avaliação contínua e cumulativa, a qual assume, de forma integrada, no processo de ensino e de aprendizagem as funções diagnóstica, formativa e somativa. Essas funções devem ser utilizadas como princípios para a tomada de consciência das dificuldades, conquistas e possibilidades. Para tanto, os procedimentos avaliativos terão por base o que dispõe na Organização Didática do IFPI (Resolução CONSUP/IFPI nº 143/2022). 21.1 Sistemática de Avaliação A sistemática de avaliação das componentes curriculares deverá ser realizada em dois bimestres e poderá ser realizada mediante instrumentos","[""RESOLUÇÃO Nº 74-2025-Aprova a reformulação do Curso de Especialização em Física Geral, lato sensu, no âmbito do Instituto Federal de Educação, Ciência e Tecnologia do Piauí (IFPI) e Anexo.pdf"", ""RESOLUÇÃO Nº 10-2025-Aprova a criação do curso de Especialização, lato sensu, em  Física Geral, no âmbito do Instituto Federal de Educação, Ciência e Tecnologia do Piauí (IFPI) e Anexo.pdf"", ""RESOLUÇÃO Nº 57-2024-Aprova a Criação do Curso de Especialização Técnica de Nível Médio em Hidrogênio Verde, no IFPI e Anexo.pdf"", ""RESOLUÇÃO Nº 32-2024-Aprova a Reformulação do Projeto Pedagógico do Curso Técnico de Nível Médio em Agropecuária, modalidade Educação a Distância (EaD), do IFPI e Anexo.pdf""]","[""RESOLUÇÃO Nº 74-2025-Aprova a reformulação do Curso de Especialização em Física Geral, lato sensu, no âmbito do Instituto Federal de Educação, Ciência e Tecnologia do Piauí (IFPI) e Anexo.pdf"", ""RESOLUÇÃO Nº 10-2025-Aprova a criação do curso de Especialização, lato sensu, em  Física Geral, no âmbito do Instituto Federal de Educação, Ciência e Tecnologia do Piauí (IFPI) e Anexo.pdf"", ""RESOLUÇÃO Nº 57-2024-Aprova a Criação do Curso de Especialização Técnica de Nível Médio em Hidrogênio Verde, no IFPI e Anexo.pdf"", ""RESOLUÇÃO Nº 32-2024-Aprova a Reformulação do Projeto Pedagógico do Curso Técnico de Nível Médio em Agropecuária, modalidade Educação a Distância (EaD), do IFPI e Anexo.pdf"", ""RESOLUÇÃO Nº 48-2024-Aprova a criação do Curso de Licenciatura Letras Inglês, no âmbito do Instituto Federal de Educação, Ciência e Tecnologia do Piauí (IFPI) e Anexo.pdf"", ""RESOLUÇÃO Nº 52-2025-Aprova a criação do Curso de Cuidador de Idoso - Projeto QualiFIC, no âmbito do Instituto Federal de Educação, Ciência e Tecnologia do Piauí (IFPI) e Anexo.pdf"", ""RESOLUÇÃO Nº 23-2024-Aprova a Criação do Curso de Licenciatura Intercultural Indígena, do PARFOR EQUIDADE, no âmbito do Instituto Federal de Educação, Ciência e Tecnologia do Piauí (IFPI)e Anexo.pdf"", ""RESOLUÇÃO Nº 14-2025-Aprova a Criação do Curso de Aperfeiçoamento Escola da Terra, no âmbito do Instituto Federal de Educação, Ciência e Tecnologia do Piauí (IFPI) e Anexo..pdf"", ""RESOLUÇÃO Nº 81-2025-Aprova a Reformulação do Curso de Aperfeiçoamento Escola da Terra, no âmbito do Instituto Federal de Educação, Ciência e Tecnologia do Piauí (IFPI)  e Anexo.pdf"", ""RESOLUÇÃO Nº 45-2024-Aprova a Reformulação do Curso de Licenciatura Intercultural Indígena, do PARFOR EQUIDADE, no âmbito do Instituto Federal de Educação, Ciência e Tecnologia do Piauí (IFPI) e Anexo.pdf""]","[""RESOLUÇÃO Nº 74-2025-Aprova a reformulação do Curso de Especialização em Física Geral, lato sensu, no âmbito do Instituto Federal de Educação, Ciência e Tecnologia do Piauí (IFPI) e Anexo.pdf"", ""RESOLUÇÃO Nº 10-2025-Aprova a criação do curso de Especialização, lato sensu, em  Física Geral, no âmbito do Instituto Federal de Educação, Ciência e Tecnologia do Piauí (IFPI) e Anexo.pdf"", ""RESOLUÇÃO Nº 57-2024-Aprova a Criação do Curso de Especialização Técnica de Nível Médio em Hidrogênio Verde, no IFPI e Anexo.pdf"", ""RESOLUÇÃO Nº 32-2024-Aprova a Reformulação do Projeto Pedagógico do Curso Técnico de Nível Médio em Agropecuária, modalidade Educação a Distância (EaD), do IFPI e Anexo.pdf"", ""RESOLUÇÃO Nº 48-2024-Aprova a criação do Curso de Licenciatura Letras Inglês, no âmbito do Instituto Federal de Educação, Ciência e Tecnologia do Piauí (IFPI) e Anexo.pdf"", ""RESOLUÇÃO Nº 52-2025-Aprova a criação do Curso de Cuidador de Idoso - Projeto QualiFIC, no âmbito do Instituto Federal de Educação, Ciência e Tecnologia do Piauí (IFPI) e Anexo.pdf"", ""RESOLUÇÃO Nº 23-2024-Aprova a Criação do Curso de Licenciatura Intercultural Indígena, do PARFOR EQUIDADE, no âmbito do Instituto Federal de Educação, Ciência e Tecnologia do Piauí (IFPI)e Anexo.pdf"", ""RESOLUÇÃO Nº 14-2025-Aprova a Criação do Curso de Aperfeiçoamento Escola da Terra, no âmbito do Instituto Federal de Educação, Ciência e Tecnologia do Piauí (IFPI) e Anexo..pdf"", ""RESOLUÇÃO Nº 81-2025-Aprova a Reformulação do Curso de Aperfeiçoamento Escola da Terra, no âmbito do Instituto Federal de Educação, Ciência e Tecnologia do Piauí (IFPI)  e Anexo.pdf"", ""RESOLUÇÃO Nº 45-2024-Aprova a Reformulação do Curso de Licenciatura Intercultural Indígena, do PARFOR EQUIDADE, no âmbito do Instituto Federal de Educação, Ciência e Tecnologia do Piauí (IFPI) e Anexo.pdf""]",8.0,8.0,0.125,0.125,0.0,0.0,0.0,1.0,0.0,0.0,0.0,1.0,0.0,10,10,4,2.6582
1,43,bm25,"RESOLUÇÃO Nº 14-2025-Aprova a Criação do Curso de Aperfeiçoamento Escola da Terra, no âmbito do Instituto Federal de Educação, Ciência e Tecnologia do Piauí (IFPI) e Anexo..pdf",Quem é o coordenador do curso Escola da Terra?,O coordenador do curso Escola da Terra é Gilson Mendes Araújo.,"O coordenador do curso Escola da Terra é um docente do campus, de área específica ou pedagógica do curso.","[Trecho 1 | Fonte: RESOLUÇÃO NORMATIVA Nº 257-2025-Aprova o Regulamento de Estágio Curricular Supervisionado dos Cursos de Licenciatura do IFPI..pdf]
do Curso de Licenciatura; b) coordenador de Estágio — docente do campus, de área específica ou pedagógica do curso; c) professor orientador do IFPI — docente da área específica e/ou pedagógica da disciplina de Estágio Supervisionado; d) professor supervisor da Escola Campo — profissional com formação na área de conhecimento ou área afim do curso do estagiário; III - os seguintes requisitos institucionais: a) uma unidade concedente, denominada Escola Campo; b) celebração de Acordo de Cooperação entre o IFPI e a unidade concedente; c) celebração de Termo de Compromisso entre o discente, a Escola Campo e o IFPI; e d) compatibilidade entre as atividades desenvolvidas no estágio e aquelas previstas no Termo de Compromisso. Parágrafo único. Na ausência do Coordenador de Estágio, as atribuições deste serão desenvolvidas pelo professor da disciplina de Estágio Supervisionado. Art. 10. O Estágio Supervisionado dos cursos de licenciatura do IFPI constitui-se de 400 (quatrocentas) horas, a serem desenvolvidas por meio de componentes curriculares e ser registrado e acompanhado pelo módulo Estágios Docentes no Sistema Unificado de Administração Pública (SUAP). Art. 11. As atividades de estágio serão realizadas nos Anos Finais do Ensino Fundamental e no Ensino Médio, devendo estar em consonância com o Projeto Pedagógico de Curso (PPC) de cada curso de Licenciatura. § 1º Os Estágios Supervisionados poderão ocorrer em contextos de ensino diversos e inovadores da Educação Básica, tais como

[Trecho 2 | Fonte: RESOLUÇÃO Nº 45-2024-Aprova a Reformulação do Curso de Licenciatura Intercultural Indígena, do PARFOR EQUIDADE, no âmbito do Instituto Federal de Educação, Ciência e Tecnologia do Piauí (IFPI) e Anexo.pdf]
e outras linguagens ligadas às tecnologias da informação e da comunicação. A IES, através dos formadores e coordenações ligadas ao PARFOR Equidade, bem como demais órgãos institucionais pertinentes, assumem a responsabilidade solidária pela condução das atividades de estágio supervisionado como atos educativos, criando diferentes estratégias de acompanhamento da prática de ensino e do estágio supervisionado, envolvendo os seus formadores, os professores indígenas em processo formativo, as comunidades indígenas e suas escolas. CAPÍTULO 3: CORPO DOCENTE E TUTORIAL 3.1 NÚCLEO DOCENTE ESTRUTURANTE – NDE O Núcleo Docente Estruturante do curso de Licenciatura Intercultural Indígena é regulamentado pelo edital CAPES/PARFOR Equidade 023/2023. 3.2 COLEGIADO DO CURSO: ATUAÇÃO O Colegiado do curso de Licenciatura Intercultural Indígena é regulamentado pelo edital CAPES/PARFOR Equidade 023/2023. 3.3 COORDENAÇÃO DO CURSO E LOCAL: ATUAÇÃO A atuação dos coordenadores de curso e local do Parfor Equidade está estabelecida no Edital CAPES 023/2023. Ao coordenador de curso cabe: I - planejar, coordenar e acompanhar a execução das atividades acadêmicas e pedagógicas do curso, em interlocução permanente com a coordenação institucional, com o coordenador adjunto equidade, com o coordenador local e com as demais instâncias técnicas e pedagógicas da IES; II - coordenar a organização e o funcionamento do curso, dos componentes curriculares e das turmas durante o período letivo; III - zelar pelo

[Trecho 3 | Fonte: RESOLUÇÃO Nº 48-2024-Aprova a criação do Curso de Licenciatura Letras Inglês, no âmbito do Instituto Federal de Educação, Ciência e Tecnologia do Piauí (IFPI) e Anexo.pdf]
e capacitação dos profissionais envolvidos no curso;  Elaborar, em conjunto com o corpo docente do curso, o sistema de avaliação do aluno;  Participar dos fóruns virtuais e presenciais da área de atuação;  Realizar o planejamento e o desenvolvimento dos processos seletivos de alunos, em conjunto com o coordenador UAB;  Acompanhar o registro acadêmico dos alunos matriculados no curso;  Verificar “in loco” o bom andamento dos cursos;  Acompanhar e supervisionar as atividades: dos tutores, dos professores, do coordenador de tutoria e dos coordenadores de polo;  Informar para o coordenador UAB a relação mensal de bolsistas aptos e inaptos para recebimento. 3.4 NÚCLEO DOCENTE ESTRUTURANTE (NDE) O NDE é o órgão consultivo, propositivo e de assessoria corresponsável pela elaboração, implementação e consolidação do Projeto Pedagógico do respectivo curso. São atribuições do constantes do currículo; promover e incentivar o desenvolvimento de linhas de pesquisa e extensão, oriundas de necessidades da graduação, de exigências do mercado de trabalho e afinadas com as políticas públicas relativas à área de conhecimento do curso; zelar pelo cumprimento das Diretrizes Curriculares Nacionais para o curso; o NDE instituirá o colegiado do curso. O Núcleo Docente Estruturante é constituído por no mínimo 5 professores efetivos pertencentes ao corpo docente do curso; o coordenador do curso atua no NDE, como seu presidente; todos os membros devem ter experiência docente na instituição; os

[Trecho 4 | Fonte: RESOLUÇÃO Nº 79-2025-Aprova a Reformulação do Curso de Licenciatura Intercultural Indígena, do PARFOR EQUIDADE, no âmbito do Instituto Federal de Educação, Ciência e Tecnologia do Piauí (IFPI) e Anexo.pdf]
das exigências curriculares, sem comprometer os princípios que orientam a licenciatura. O Estágio Supervisionado Obrigatório, requer, no mínimo: I. um discente regularmente matriculado no curso de Licenciatura do campus e com frequência efetiva; II. Diretoria de Extensão ou Coordenação de Extensão e Serviço de Integração Empresa- Escola (SIE-E); III. um coordenador de estágio supervisionado do quadro de docentes do campus, do Núcleo Disciplinar ou Pedagógico do curso de Licenciatura; IV. um professor do componente curricular de estágio supervisionado pertencente ao quadro de docentes do campus, licenciado ou com formação ou complementação pedagógica ou pós-graduação; V. uma unidade concedente, onde o estágio supervisionado obrigatório será realizado, denominada Escola Campo de Estágio; VI. um professor regente da escola campo de estágio, com formação na área de conhecimento ou área afim ao curso do estagiário; VII. celebração de termo de compromisso entre o discente, escola campo de estágio e o IFPI; VIII. compatibilidade entre as atividades desenvolvidas no estágio e aquelas previstas no termo de compromisso. É válido ressaltar que, ao final de cada componente curricular, ocorre a socialização das práticas pedagógicas e das vivências no estágio supervisionado. 2.10.3 AVALIAÇÃO DO ESTÁGIO SUPERVISIONADO O desenvolvimento do Estágio Supervisionado deverá se basear no seguinte direcionamento metodológico: I. Conhecimento do contexto da educação escolar indígena; II. Reflexão","[""RESOLUÇÃO NORMATIVA Nº 257-2025-Aprova o Regulamento de Estágio Curricular Supervisionado dos Cursos de Licenciatura do IFPI..pdf"", ""RESOLUÇÃO Nº 45-2024-Aprova a Reformulação do Curso de Licenciatura Intercultural Indígena, do PARFOR EQUIDADE, no âmbito do Instituto Federal de Educação, Ciência e Tecnologia do Piauí (IFPI) e Anexo.pdf"", ""RESOLUÇÃO Nº 48-2024-Aprova a criação do Curso de Licenciatura Letras Inglês, no âmbito do Instituto Federal de Educação, Ciência e Tecnologia do Piauí (IFPI) e Anexo.pdf"", ""RESOLUÇÃO Nº 79-2025-Aprova a Reformulação do Curso de Licenciatura Intercultural Indígena, do PARFOR EQUIDADE, no âmbito do Instituto Federal de Educação, Ciência e Tecnologia do Piauí (IFPI) e Anexo.pdf""]","[""RESOLUÇÃO NORMATIVA Nº 257-2025-Aprova o Regulamento de Estágio Curricular Supervisionado dos Cursos de Licenciatura do IFPI..pdf"", ""RESOLUÇÃO Nº 45-2024-Aprova a Reformulação do Curso de Licenciatura Intercultural Indígena, do PARFOR EQUIDADE, no âmbito do Instituto Federal de Educação, Ciência e Tecnologia do Piauí (IFPI) e Anexo.pdf"", ""RESOLUÇÃO Nº 48-2024-Aprova a criação do Curso de Licenciatura Letras Inglês, no âmbito do Instituto Federal de Educação, Ciência e Tecnologia do Piauí (IFPI) e Anexo.pdf"", ""RESOLUÇÃO Nº 79-2025-Aprova a Reformulação do Curso de Licenciatura Intercultural Indígena, do PARFOR EQUIDADE, no âmbito do Instituto Federal de Educação, Ciência e Tecnologia do Piauí (IFPI) e Anexo.pdf"", ""RESOLUÇÃO Nº 23-2024-Aprova a Criação do Curso de Licenciatura Intercultural Indígena, do PARFOR EQUIDADE, no âmbito do Instituto Federal de Educação, Ciência e Tecnologia do Piauí (IFPI)e Anexo.pdf"", ""RESOLUÇÃO Nº 45-2024-Aprova a Reformulação do Curso de Licenciatura Intercultural Indígena, do PARFOR EQUIDADE, no âmbito do Instituto Federal de Educação, Ciência e Tecnologia do Piauí (IFPI) e Anexo.pdf"", ""RESOLUÇÃO Nº 59-2025- Aprova a Criação do Curso de Licenciatura em  Pedagogia,  no âmbito do Instituto Federal de Educação, Ciência e Tecnologia do Piauí (IFPI) e Anexo.pdf"", ""RESOLUÇÃO Nº 23-2024-Aprova a Criação do Curso de Licenciatura Intercultural Indígena, do PARFOR EQUIDADE, no âmbito do Instituto Federal de Educação, Ciência e Tecnologia do Piauí (IFPI)e Anexo.pdf"", ""RESOLUÇÃO Nº 79-2025-Aprova a Reformulação do Curso de Licenciatura Intercultural Indígena, do PARFOR EQUIDADE, no âmbito do Instituto Federal de Educação, Ciência e Tecnologia do Piauí (IFPI) e Anexo.pdf"", ""RESOLUÇÃO Nº 30-2024-Aprova a Reformulação do Projeto Pedagógico do Curso Técnico de Nível Médio em Segurança do Trabalho, do IFPI e Anexo.pdf""]","[""RESOLUÇÃO NORMATIVA Nº 257-2025-Aprova o Regulamento de Estágio Curricular Supervisionado dos Cursos de Licenciatura do IFPI..pdf"", ""RESOLUÇÃO Nº 45-2024-Aprova a Reformulação do Curso de Licenciatura Intercultural Indígena, do PARFOR EQUIDADE, no âmbito do Instituto Federal de Educação, Ciência e Tecnologia do Piauí (IFPI) e Anexo.pdf"", ""RESOLUÇÃO Nº 48-2024-Aprova a criação do Curso de Licenciatura Letras Inglês, no âmbito do Instituto Federal de Educação, Ciência e Tecnologia do Piauí (IFPI) e Anexo.pdf"", ""RESOLUÇÃO Nº 79-2025-Aprova a Reformulação do Curso de Licenciatura Intercultural Indígena, do PARFOR EQUIDADE, no âmbito do Instituto Federal de Educação, Ciência e Tecnologia do Piauí (IFPI) e Anexo.pdf"", ""RESOLUÇÃO Nº 23-2024-Aprova a Criação do Curso de Licenciatura Intercultural Indígena, do PARFOR EQUIDADE, no âmbito do Instituto Federal de Educação, Ciência e Tecnologia do Piauí (IFPI)e Anexo.pdf"", ""RESOLUÇÃO Nº 45-2024-Aprova a Reformulação do Curso de Licenciatura Intercultural Indígena, do PARFOR EQUIDADE, no âmbito do Instituto Federal de Educação, Ciência e Tecnologia do Piauí (IFPI) e Anexo.pdf"", ""RESOLUÇÃO Nº 59-2025- Aprova a Criação do Curso de Licenciatura em  Pedagogia,  no âmbito do Instituto Federal de Educação, Ciência e Tecnologia do Piauí (IFPI) e Anexo.pdf"", ""RESOLUÇÃO Nº 23-2024-Aprova a Criação do Curso de Licenciatura Intercultural Indígena, do PARFOR EQUIDADE, no âmbito do Instituto Federal de Educação, Ciência e Tecnologia do Piauí (IFPI)e Anexo.pdf"", ""RESOLUÇÃO Nº 79-2025-Aprova a Reformulação do Curso de Licenciatura Intercultural Indígena, do PARFOR EQUIDADE, no âmbito do Instituto Federal de Educação, Ciência e Tecnologia do Piauí (IFPI) e Anexo.pdf"", ""RESOLUÇÃO Nº 30-2024-Aprova a Reformulação do Projeto Pedagógico do Curso Técnico de Nível Médio em Segurança do Trabalho, do IFPI e Anexo.pdf""]",,,0.0,0.0,0.0,0.0,0.0,0.0,0.0,0.0,0.0,0.0,0.0,10,10,4,3.3157
1,43,bm25,"RESOLUÇÃO NORMATIVA Nº 236-2025-Prorroga o Plano Diretor de Tecnologia da Informação e Comunicação (PDTIC-2022-2024), do Instituto Federal de Educação, Ciência e Tecnologia do Piauí (IFPI) e Anexo.pdf",Para qual exercício foi prorrogada a vigência do PDTIC-2022/2024 do IFPI?,A vigência do PDTIC-2022/2024 foi prorrogada para o exercício de 2025.,O Plano de Desenvolvimento Institucional (PDI) do IFPI teve vigência de 2020 a 2024.,"[Trecho 1 | Fonte: RESOLUÇÃO NORMATIVA Nº 203-2024 -Aprova a Prestação de Contas Ordinária Anual -IFPI - Relatóio de Gestão -2023 e Anexo.pdf]
84-2020, de 22 de abril de 2020 e Portaria nº 75/2023, 29 de março de 2023. Para tanto, foi aplicado o pensamento coletivo na preparação e na apresentação do relatório integrado, conforme Estrutura Internacional do Relato Integrado, International Integrated Reporting Council (IIRC), por meio da participação dos diversos setores, na busca pelo(s/a/as): foco estratégico e orientação para o futuro; conectividade da informação; relações com partes interessadas; materialidade; concisão; confiabilidade e completude; coerência e comparabilidade. Cabe ressaltar a participação das equipes técnicas responsáveis pelo fornecimento de dados e informações e da alta administração, imprescindíveis para a construção do relato integrado do exercício de 2023, o qual está fundamentado também em valores institucionais, como ética, respeito, solidariedade, diálogo, participação, transparência, equidade e responsabilidade. Declaramos, então, que o Relatório de Gestão de 2023 (Processo Eletrônico nº 23172.004155/2023-43, encontra-se de acordo com a estrutura de um relato integrado. A declaração é assinada eletronicamente por representantes da Governança do IFPI. José Luís de Oliveira e Silva Conselho de Ensino, Pesquisa e Extensão Ricardo Martins Ramos Conselho Editorial (CE) (CEPEX) Ceilânia Maria Figueiredo de Sousa Coelho Paulo Henrique Gomes de Lima Comitê de Governança Institucional Danilo Rodrigues Guedes Procuradoria Federal Elyne Cavalcanti de Sousa Araújo Controladoria Interna Auditoria

[Trecho 2 | Fonte: RESOLUÇÃO NORMATIVA Nº 241-2025-Aprova a Prestação de Contas Ordinária Anual, através do Relatório de Gestão, exercício 2024, do IFPI e Anexo.pdf]
ENSINO No exercício de 2024, foram cadastradas 26 iniciativas e 75 planos de ação, no Sistema de Planejamento Estratégico, GEPLANES 2024. Status concluídos (66). Para consultar o detalhamento dos Planos de Ação, acesse o link: http://ifpi.edu.br/area-do-servidor/geplanes/relatorios, No exercício de 2024, foram cadastradas 26 iniciativas e 75 planos de ação, no Sistema de Planejamento Estratégico, GEPLANES 2024. Como resultado, Status concluídos (66) e Saldos com justificativas: Em Andamento (8) e Planejado (1). Para consultar o detalhamento dos Planos de Ação, acesse o link: http://www.ifpi.edu.br/area-do- servidor/geplanes/relatorios. • A previsão era que em 2024 ocorresse a reestruturação do PDI e a devida formatação no ForPDI, contudo ainda aguarda a resolução de pendências;; • Previsão 2025. • Em 2022 iniciou a configuração do Farol de desempenho para registro e controle de indicadores institucionais. Algumas pendências de configuração do sistema ainda persistem e aguardam resolução para a completa implantação. Sistema Monitor SETEC/MEC Os dados foram lançados e publicados exercício 2024.1, contudo a Plataforma foi descontinuada. Indicador EXTENSÃO https://monitorsetec.mec.gov.br/painel/1/?mes=1&mes=2&mes=3&mes=4&mes=5&mes=6& mes=7&mes=8&mes=9&mes=10&mes=11&mes=12&ano=2024&instituicao=12&area=0&indi cador=1&indicador=8&indicador=3&indicador=9&indicador=2&indicador=10 Ingresso Classificatório 2024.1 Classificatório 2024.2 Vestibular 2024.1 • 20 Campi • 92 Cursos • 4470

[Trecho 3 | Fonte: RESOLUÇÃO NORMATIVA Nº 204-2024-Estabelece os procedimentos para regulamentar a comercialização dos excedentes de produção agropecuária, nos campi do IFPI.pdf]
serão juntadas aos autos que acompanharam todo o processo de comercialização dos excedentes de produção agropecuária durante o exercício; VI - as consultas terão a mesma vigência do exercício financeiro; e VII - será considerada a formalização do preço com base na média de, no mínimo, 03 (três) consultas. Art. 9º Os valores arrecadados no processo de comercialização de excedentes deverão ser recolhidos pelos adquirentes através de Guia de Recolhimento da União (GRU), à conta única do Tesouro Nacional. § 1º Os dados necessários ao preenchimento da GRU serão divulgados pela Diretoria de Orçamento, Contabilidade e Finanças da Reitoria (DIOCF). § 2º Cada Unidade Produtora deverá solicitar ao DAP do seu respectivo campus, os dados necessários à emissão dos documentos hábeis referentes às vendas, quando aplicável. § 3º Foram criados dois códigos de arrecadação de receitas, sendo um da produção vegetal (28811-0) e outro relacionado com a produção animal e derivados (28812-8). CAPÍTULO IV DO CONTROLE DE PRODUTOS EXCEDENTES E DA ARRECADAÇÃO Art. 10. As unidades produtoras deverão enviar semestralmente, em janeiro e em junho, ao DAP a estimativa de arrecadação do ano. Art. 11. A cada mês, até o 5º dia úBl, deve ser enviado pela Unidade Produtora ao setor de contabilidade um demonstraBvo que reﬂita as vendas da produção agropecuária excedente decorrente das aBvidades de ensino, extensão, pesquisa e inovação nos campi do IFPI do mês anterior, para veriﬁcar se o valor foi recolhido. Na

[Trecho 4 | Fonte: RESOLUÇÃO NORMATIVA Nº 203-2024 -Aprova a Prestação de Contas Ordinária Anual -IFPI - Relatóio de Gestão -2023 e Anexo.pdf]
regulamento da Ouvidoria e o Código de ética dos servidores da Ouvidoria do IFPI. Além disso, o regulamento do Serviço de Informação ao Cidadão também foi elaborado e encaminhado para aprovação pelo CONSUP/IFPI. 3.10 Perfil integrado de governança Quanto ao Acórdão 588/2018-TCU, o IFPI está acompanhando os resultados do levantamento sobre o Perfil Integrado de Governança Pública, Governança e Gestão de Pessoas, Tecnologia da Informação e Contratações. Desde 2017 o IFPI participa dos levantamentos. O desempenho do IFPI nos anos de 2017 a 2021 apresentam um crescimento e amadurecimentos nos processos de gestão. Contudo, cabe destacar e lembrar que nos anos de 2017 e 2018, alguns itens do Fonte: DIRPLAIN/PRODIN, adaptado, conforme resultados 2021 TCU. O Planejamento Estratégico do IFPI está fundamentado no Plano de Desenvolvimento Institucional (PDI), com vigência de 2020 a 2024, disponível no link https://www.ifpi.edu.br/acesso-a- informacao/transparencia-e-prestacao-de- contas/informacoes/a/objetivos-e-metas. O PDI foi aprovado por meio da Resolução nº 9, do CONSUP, de 17 de fevereiro de 2020. A estrutura do documento seguiu as orientações de conteúdo, previstas em normativos vigentes. 3.11.1 Mapa Estratégico O Mapa Estratégico possibilita a representação visual de causa e efeito entre os componentes da estratégia, bem como comunica a estratégia de negócio e a Governança Corporativa. O Mapa Estratégico do IFPI apresenta a missão, visão de futuro e valores, Fonte:","[""RESOLUÇÃO NORMATIVA Nº 203-2024 -Aprova a Prestação de Contas Ordinária Anual -IFPI - Relatóio de Gestão -2023 e Anexo.pdf"", ""RESOLUÇÃO NORMATIVA Nº 241-2025-Aprova a Prestação de Contas Ordinária Anual, através do Relatório de Gestão, exercício 2024, do IFPI e Anexo.pdf"", ""RESOLUÇÃO NORMATIVA Nº 204-2024-Estabelece os procedimentos para regulamentar a comercialização dos excedentes de produção agropecuária, nos campi do IFPI.pdf"", ""RESOLUÇÃO NORMATIVA Nº 203-2024 -Aprova a Prestação de Contas Ordinária Anual -IFPI - Relatóio de Gestão -2023 e Anexo.pdf""]","[""RESOLUÇÃO NORMATIVA Nº 203-2024 -Aprova a Prestação de Contas Ordinária Anual -IFPI - Relatóio de Gestão -2023 e Anexo.pdf"", ""RESOLUÇÃO NORMATIVA Nº 241-2025-Aprova a Prestação de Contas Ordinária Anual, através do Relatório de Gestão, exercício 2024, do IFPI e Anexo.pdf"", ""RESOLUÇÃO NORMATIVA Nº 204-2024-Estabelece os procedimentos para regulamentar a comercialização dos excedentes de produção agropecuária, nos campi do IFPI.pdf"", ""RESOLUÇÃO NORMATIVA Nº 203-2024 -Aprova a Prestação de Contas Ordinária Anual -IFPI - Relatóio de Gestão -2023 e Anexo.pdf"", ""RESOLUÇÃO NORMATIVA Nº 245-2025-Aprova o Plano de Integridade, 2025-2026,  do Instituto Federal de Educação, Ciência e Tecnologia do Piauí (IFPI) e Anexo.pdf"", ""RESOLUÇÃO Nº 127-2024-Aprova o Plano de Gestão de Riscos, no âmbito do Instituto Federal de Educação, Ciência e Tecnologia do Piauí (IFPI), biênio 2024-2026 e Anexo.pdf"", ""RESOLUÇÃO Nº 89-2025-Aprova o Plano Anual de Auditoria Interna - PAINT-2026, do Instituto Federal de Educação, Ciência e Tecnologia do Piauí (IFPI) e Anexo.pdf"", ""RESOLUÇÃO Nº 76-2024-Estabelece normas, critérios e procedimentos para a participação de docentes do IFPI, com Regime de DE, em atividades remuneradas -REVOGADA PELA RESOLUÇÃO Nº 77_2024..pdf"", ""RESOLUÇÃO NORMATIVA Nº 218-2024-Estab. normas, critérios e proc. para a participação de docentes (DE) em atividades remuneradas.pdf"", ""RESOLUÇÃO NORMATIVA Nº 214-2024-Estabelece os procedimentos a serem adotados no atendimento a denúncia, por estudante ou testemunha, de assédio e-ou violência sofrida no âmbito do IFPI e Anexo.pdf""]","[""RESOLUÇÃO NORMATIVA Nº 203-2024 -Aprova a Prestação de Contas Ordinária Anual -IFPI - Relatóio de Gestão -2023 e Anexo.pdf"", ""RESOLUÇÃO NORMATIVA Nº 241-2025-Aprova a Prestação de Contas Ordinária Anual, através do Relatório de Gestão, exercício 2024, do IFPI e Anexo.pdf"", ""RESOLUÇÃO NORMATIVA Nº 204-2024-Estabelece os procedimentos para regulamentar a comercialização dos excedentes de produção agropecuária, nos campi do IFPI.pdf"", ""RESOLUÇÃO NORMATIVA Nº 203-2024 -Aprova a Prestação de Contas Ordinária Anual -IFPI - Relatóio de Gestão -2023 e Anexo.pdf"", ""RESOLUÇÃO NORMATIVA Nº 245-2025-Aprova o Plano de Integridade, 2025-2026,  do Instituto Federal de Educação, Ciência e Tecnologia do Piauí (IFPI) e Anexo.pdf"", ""RESOLUÇÃO Nº 127-2024-Aprova o Plano de Gestão de Riscos, no âmbito do Instituto Federal de Educação, Ciência e Tecnologia do Piauí (IFPI), biênio 2024-2026 e Anexo.pdf"", ""RESOLUÇÃO Nº 89-2025-Aprova o Plano Anual de Auditoria Interna - PAINT-2026, do Instituto Federal de Educação, Ciência e Tecnologia do Piauí (IFPI) e Anexo.pdf"", ""RESOLUÇÃO Nº 76-2024-Estabelece normas, critérios e procedimentos para a participação de docentes do IFPI, com Regime de DE, em atividades remuneradas -REVOGADA PELA RESOLUÇÃO Nº 77_2024..pdf"", ""RESOLUÇÃO NORMATIVA Nº 218-2024-Estab. normas, critérios e proc. para a participação de docentes (DE) em atividades remuneradas.pdf"", ""RESOLUÇÃO NORMATIVA Nº 214-2024-Estabelece os procedimentos a serem adotados no atendimento a denúncia, por estudante ou testemunha, de assédio e-ou violência sofrida no âmbito do IFPI e Anexo.pdf""]",,,0.0,0.0,0.0,0.0,0.0,0.0,0.0,0.0,0.0,0.0,0.0,10,10,4,3.8744
1,43,bm25,"RESOLUÇÃO NORMATIVA Nº 236-2025-Prorroga o Plano Diretor de Tecnologia da Informação e Comunicação (PDTIC-2022-2024), do Instituto Federal de Educação, Ciência e Tecnologia do Piauí (IFPI) e Anexo.pdf",Qual resolução foi revogada pela Resolução Normativa nº 236 de 2025?,"Foi revogada a Resolução Normativa nº 133/2022 - CONSELHO SUPERIOR, de 29 de abril de 2022.",A Resolução Normativa nº 236 de 2025 revogou a Resolução Normativa nº 43/2021 do Conselho Superior.,"[Trecho 1 | Fonte: RESOLUÇÃO NORMATIVA Nº 203-2024 -Aprova a Prestação de Contas Ordinária Anual -IFPI - Relatóio de Gestão -2023 e Anexo.pdf]
Normativa Nº 31, datada de 23 de março de 2021, foi promulgada pela Secretaria de Governo Digital do Ministério da Economia (SGD/ME). Esta instrução normativa estabelece o processo de contratação de Soluções de Tecnologia da Informação e Comunicação (TIC) pelos órgãos e entidades que integram o Sistema de Administração dos Recursos de Tecnologia da Informação (SISP) do Poder Executivo Federal. No que se refere às atividades desempenhadas pela Diretoria de Tecnologia da Informação (DTI), relacionadas à governança e gestão de processos no Instituto Federal do Piauí (IFPI) durante o ano de 2023, destacam-se: Fonte: DTI, 2023. g. Reestruturação da infraestrutura dos Campi) No período compreendido entre Janeiro e Dezembro de 2023, a equipe do Departamento de Redes e Telecomunicações conduziu uma série de visitas aos campi do IFPI, com o propósito de reestruturar a infraestrutura de rede e telecomunicações dessas instalações. CAMPUS PERÍODO ANGICAL Maio CAMPO MAIOR CORRENTE Junho PIRIPIRI DIRCEU PEDRO II COCAL Julho • Atualização da Resolução nº 087/2018 - Conselho Superior por meio da Resolução Normativa nº 188/2023 (POSIC) ; • Elaboração da Resolução Normativa nº 189/2023 - Conselho Superior para instituir a ETIR; • Elaboração da Resolução Normativa N° 191, de 13 de dezembro de 2023 que normatiza o desenvolvimento de software no IFPI. • Elaboração do processo para aquisição de material de consumo; • Elaboração de processo para aquisição de equipamentos de Redes LAN/WLAN; •

[Trecho 2 | Fonte: RESOLUÇÃO NORMATIVA Nº 235-2024-Atualiza a Política de Gestão de Riscos e Controles Internos, no âmbito do Instituto Federal de Educação, Ciência e Tecnologia do Piauí (IFPI)-.pdf]
- CONINT; e IV - Diretoria de Comunicação Social - DIRCOM. Art. 34. Compete às unidades de apoio do Comitê de Governança Institucional: III - sugerir iniciativas e boas práticas relacionadas ao aprimoramento dos controles internos administrativos, ao gerenciamento de riscos e à transparência; IV - assessorar o Comitê em assuntos relacionados à comunicação institucional; e V - desenvolver outras atividades relacionadas com sua área de competência que forem determinadas pelo Comitê de Governança Institucional. CAPÍTULO VI DAS DISPOSIÇÕES FINAIS E TRANSITÓRIAS Art. 35. O Comitê de Governança Institucional, instituído pela Portaria nº 4.079, de 09 de dezembro de 2019, terá o prazo de 180 dias, a contar da data de publicação da resolução que aprovar este normativo, para expedir portaria designando os nomes dos representantes titulares e seus respectivos suplentes, bem como para elaborar normativo interno, dispondo da organização e do funcionamento do Comitê, que deverá ser encaminhado para apreciação e aprovação do Conselho Superior do IFPI - CONSUP. Art. 36. Os casos omissos relacionados à gestão de riscos, no âmbito do IFPI, serão resolvidos pelo Comitê de Governança Institucional. Art. 37. Fica revogada a Resolução NormaIva nº 43/2021 - CONSELHO SUPERIOR, de 10 de junho de 2021. Art. 38. Esta Resolução entra em vigor na data de sua publicação PAULO BORGES DA CUNHA Presidente do CONSUP

[Trecho 3 | Fonte: RESOLUÇÃO NORMATIVA Nº 250-2025-Aprova a alteração da política de ações afirmativas para negros (pretos e pardos), indígenas e pessoas com deficiência (PCD) nos cursos de Pós-Graduação, no âmbito do IFPI.pdf]
suporte necessário aos colegiados na tarefa de que trata o caput. Art. 14. Esta Resolução entra em vigor na data de sua publicação e terá vigência pelo prazo de 10 (dez) anos, prorrogáveis a par?r de avaliações favoráveis por uma comissão específica ou ainda por força de lei. Parágrafo único. A comissão de avaliação será composta por representante da Pró-Reitoria de Pesquisa, Pós-Graduação e Inovação, coordenadores dos cursos de pós- graduação stricto sensu e um discente representante do seu respectivo programa. Art. 15. Esta Resolução não se aplicará aos processos sele?vos cujos editais já tiverem sido publicados antes de sua entrada em vigor. Art. 16. Os casos omissos serão resolvidos pelas coordenações dos cursos de pós-graduação auxiliados pela Pró-Reitoria de Pesquisa, Pós-Graduação e Inovação. Art. 17. Fica revogada a Resolução Normativa nº 1/2020 - CONSELHO SUPERIOR, de 5 de dezembro de 2020. Art. 18. Esta Resolução entra em vigor na data de sua publicação. PAULO BORGES DA CUNHA Presidente do CONSUP ANEXO I - EDITAL Nº XX DE XX DE ______________ DE XXXX ANEXO I - EDITAL Nº XX DE XX DE ______________ DE XXXX AUTODECLARAÇÃO ÉTNICO-RACIAL AUTODECLARAÇÃO ÉTNICO-RACIAL À Comissão Organizadora do Processo Sele?vo regido pelo Edital nº XX/XXXX para ________________ Instituto Federal de Educação, Ciência e Tecnologia do Piauí. Nome do Candidato: Nº de Inscrição: Vaga pretendida: CPF.: RG.: E-mail: Telefone: Declaro que sou negro (preto ou pardo), para o ﬁm especíﬁco de

[Trecho 4 | Fonte: RESOLUÇÃO NORMATIVA Nº 241-2025-Aprova a Prestação de Contas Ordinária Anual, através do Relatório de Gestão, exercício 2024, do IFPI e Anexo.pdf]
instituída pelo Decreto nº 12.069, de 21 de junho de 2024; • a Instrução Normativa SGD/ME n° 94/2022; Principais contratações de serviços de TI em 2024 A POSIC-IFPI foi regulamentada pela Resolução Nº 085/2018 CONSUP, em 14 de novembro de 2018. Da mesma forma, as Normas de Segurança para Criação de Senhas foram estabelecidas pela Resolução Nº 086/2018 CONSUP, em 14 de novembro de 2018. A Política de Uso do Correio Eletrônico Institucional do IFPI também foi regulamentada pela Resolução Nº 087/2018 CONSUP, em 14 de novembro de 2018. Sua revisão foi realizada pela Resolução Nº 188/2023 CONSUP, em 12 de dezembro de 2023 e, mais recentemente, pela Resolução CONSUP N° 232, de 19 de dezembro de 2024. Montante de recursos aplicados em TI Fonte: DTI, 2024. Fonte: DTI, 2024. Fonte: DTI, 2024. SISTEMA DETALHES VALOR Gera relatório para acompanhar a montagem dos horários, onde são exibidos os conflitos Conflito de horários Facilita a montagem do horário. Plano de ensino Implantar o módulo plano de ensino Maior integração dos processos internos Adequar a infraestrutura computacional à realidade do IFPI. Novo moodle Nova infraestrutura para implantação do moodle Adequação do módulo de diploma eletrônico do SUAP à organização didática do IFPI Emissão de diploma em formato eletrônico para os cursos técnicos, pós, FIC. Diploma eletrônico Estabelecer contato e acompanhar a execução do contrato de sistemas e serviços no contexto da instituição; Solução integrada ao SUAP que permitirá","[""RESOLUÇÃO NORMATIVA Nº 203-2024 -Aprova a Prestação de Contas Ordinária Anual -IFPI - Relatóio de Gestão -2023 e Anexo.pdf"", ""RESOLUÇÃO NORMATIVA Nº 235-2024-Atualiza a Política de Gestão de Riscos e Controles Internos, no âmbito do Instituto Federal de Educação, Ciência e Tecnologia do Piauí (IFPI)-.pdf"", ""RESOLUÇÃO NORMATIVA Nº 250-2025-Aprova a alteração da política de ações afirmativas para negros (pretos e pardos), indígenas e pessoas com deficiência (PCD) nos cursos de Pós-Graduação, no âmbito do IFPI.pdf"", ""RESOLUÇÃO NORMATIVA Nº 241-2025-Aprova a Prestação de Contas Ordinária Anual, através do Relatório de Gestão, exercício 2024, do IFPI e Anexo.pdf""]","[""RESOLUÇÃO NORMATIVA Nº 203-2024 -Aprova a Prestação de Contas Ordinária Anual -IFPI - Relatóio de Gestão -2023 e Anexo.pdf"", ""RESOLUÇÃO NORMATIVA Nº 235-2024-Atualiza a Política de Gestão de Riscos e Controles Internos, no âmbito do Instituto Federal de Educação, Ciência e Tecnologia do Piauí (IFPI)-.pdf"", ""RESOLUÇÃO NORMATIVA Nº 250-2025-Aprova a alteração da política de ações afirmativas para negros (pretos e pardos), indígenas e pessoas com deficiência (PCD) nos cursos de Pós-Graduação, no âmbito do IFPI.pdf"", ""RESOLUÇÃO NORMATIVA Nº 241-2025-Aprova a Prestação de Contas Ordinária Anual, através do Relatório de Gestão, exercício 2024, do IFPI e Anexo.pdf"", ""RESOLUÇÃO NORMATIVA Nº 203-2024 -Aprova a Prestação de Contas Ordinária Anual -IFPI - Relatóio de Gestão -2023 e Anexo.pdf"", ""RESOLUÇÃO NORMATIVA Nº 203-2024 -Aprova a Prestação de Contas Ordinária Anual -IFPI - Relatóio de Gestão -2023 e Anexo.pdf"", ""RESOLUÇÃO NORMATIVA Nº 255-2025-Aprova o Regulamento Unificado para o Desenvolvimento das Atividades dos Cursos de Graduação do IFPI.pdf"", ""RESOLUÇÃO NORMATIVA Nº 236-2025-Prorroga o Plano Diretor de Tecnologia da Informação e Comunicação (PDTIC-2022-2024), do Instituto Federal de Educação, Ciência e Tecnologia do Piauí (IFPI) e Anexo.pdf"", ""RESOLUÇÃO Nº 3-2025-Aprova o Relatório de Gestão da Corregedoria do Instituto Federal de Educação, Ciência e Tecnologia do Piauí (IFPI), exercício 2024 e Anexo-1.pdf"", ""RESOLUÇÃO Nº 12-2025-Autoriza o funcionamento do curso de Especialização, lato sensu, em  Física Geral, Campus Teresina Central..pdf""]","[""RESOLUÇÃO NORMATIVA Nº 203-2024 -Aprova a Prestação de Contas Ordinária Anual -IFPI - Relatóio de Gestão -2023 e Anexo.pdf"", ""RESOLUÇÃO NORMATIVA Nº 235-2024-Atualiza a Política de Gestão de Riscos e Controles Internos, no âmbito do Instituto Federal de Educação, Ciência e Tecnologia do Piauí (IFPI)-.pdf"", ""RESOLUÇÃO NORMATIVA Nº 250-2025-Aprova a alteração da política de ações afirmativas para negros (pretos e pardos), indígenas e pessoas com deficiência (PCD) nos cursos de Pós-Graduação, no âmbito do IFPI.pdf"", ""RESOLUÇÃO NORMATIVA Nº 241-2025-Aprova a Prestação de Contas Ordinária Anual, através do Relatório de Gestão, exercício 2024, do IFPI e Anexo.pdf"", ""RESOLUÇÃO NORMATIVA Nº 203-2024 -Aprova a Prestação de Contas Ordinária Anual -IFPI - Relatóio de Gestão -2023 e Anexo.pdf"", ""RESOLUÇÃO NORMATIVA Nº 203-2024 -Aprova a Prestação de Contas Ordinária Anual -IFPI - Relatóio de Gestão -2023 e Anexo.pdf"", ""RESOLUÇÃO NORMATIVA Nº 255-2025-Aprova o Regulamento Unificado para o Desenvolvimento das Atividades dos Cursos de Graduação do IFPI.pdf"", ""RESOLUÇÃO NORMATIVA Nº 236-2025-Prorroga o Plano Diretor de Tecnologia da Informação e Comunicação (PDTIC-2022-2024), do Instituto Federal de Educação, Ciência e Tecnologia do Piauí (IFPI) e Anexo.pdf"", ""RESOLUÇÃO Nº 3-2025-Aprova o Relatório de Gestão da Corregedoria do Instituto Federal de Educação, Ciência e Tecnologia do Piauí (IFPI), exercício 2024 e Anexo-1.pdf"", ""RESOLUÇÃO Nº 12-2025-Autoriza o funcionamento do curso de Especialização, lato sensu, em  Física Geral, Campus Teresina Central..pdf""]",8.0,8.0,0.125,0.125,0.0,0.0,0.0,1.0,0.0,0.0,0.0,1.0,0.0,10,10,4,4.2664
1,43,bm25,"RESOLUÇÃO NORMATIVA Nº 236-2025-Prorroga o Plano Diretor de Tecnologia da Informação e Comunicação (PDTIC-2022-2024), do Instituto Federal de Educação, Ciência e Tecnologia do Piauí (IFPI) e Anexo.pdf",Quais são as três fases da metodologia de elaboração do PDTIC descritas no documento?,"As três fases da metodologia de elaboração do PDTIC são Preparação, Diagnóstico e Planejamento.","As três fases da metodologia de elaboração do PDTIC são Preparação, Diagnóstico e Planejamento.","[Trecho 1 | Fonte: RESOLUÇÃO NORMATIVA Nº 236-2025-Prorroga o Plano Diretor de Tecnologia da Informação e Comunicação (PDTIC-2022-2024), do Instituto Federal de Educação, Ciência e Tecnologia do Piauí (IFPI) e Anexo.pdf]
propostas que permitam a instauração de um processo de melhoria continuada em Tecnologia da Informação e Comunicação para os itens de hardware, software, organização administrativa, processos de trabalho, investimentos e recursos humanos, além de apontar soluções para os problemas atuais identificados em TIC. Para esses itens, o PDTIC também define metas que deverão ser perseguidas pelo IFPI, as quais possibilitam a verificação do alcance dos objetivos propostos, tudo alinhado com o Planejamento Estratégico de TIC do IFPI. O Planejamento Estratégico de TIC pode ser realizado em três níveis: estratégico, tático e operacional. No Planejamento Estratégico é estabelecida a direção a ser seguida, por meio da definição dos objetivos e planos da instituição. O Planejamento Tático traduz os objetivos gerais e as estratégias da instituição em objetivos e atividades mais específicas. E por fim, o Planejamento Operacional descreve os recursos necessários para a implementação dos objetivos e atividades definidos no planejamento tático. METODOLOGIA DE ELABORAÇÃO A metodologia utilizada para a elaboração deste documento baseou-se no Guia de PDTIC do SISP, versão 2.0, adaptado à realidade do IFPI, onde divide-se em 03 (três) fases: Preparação, Diagnóstico e Planejamento. Cada fase compreende a execução de processos específicos em harmonia com os instrumentos de planejamento da instituição, tais como: Plano de Desenvolvimento Institucional - PDI, Estratégia de Governança Digital (EGD), a

[Trecho 2 | Fonte: RESOLUÇÃO Nº 32-2025-Aprova a Criação do Curso de Costureiro(a) Industrial, no âmbito do Projeto Alvorada, no IFPI, campus Teresina Zona Sul  e Anexo..pdf]
Mentoria Técnica – Psicologia: realiza escuta qualificada, oficinas de autoestima e pertencimento, mediação de crises e orientações à equipe sobre cuidado emocional e pedagógico. ●​ Equipe de Apoio Administrativo e Logístico: composta por servidoras(es) do IFPI, atua no suporte às ações pedagógicas, controle de frequência, organização de ambientes e acompanhamento da rotina institucional do curso. Essa equipe atua de forma interdisciplinar e articulada, com encontros regulares e canais permanentes de comunicação, promovendo uma formação que reconhece trajetórias, respeita singularidades e sustenta o recomeço digno e autônomo das alunas. 18. Metodologia das três fases do Projeto Alvorada A metodologia de execução do Projeto Alvorada – Ciclo II estrutura-se em três fases complementares e sequenciais, desenhadas para garantir a efetiva inclusão social e produtiva das alunas participantes. Cada fase corresponde a um momento específico da formação e contempla ações integradas entre ensino, mentoria, rede de apoio e acompanhamento pedagógico, com foco no fortalecimento da cidadania e na inserção qualificada no mundo do trabalho. Fase 1 – Mobilização, capacitação da equipe e seleção das alunas (Janeiro a Março de 2025) A fase inicial compreende a formação da equipe executora, alinhamento com os parceiros institucionais e mobilização do público-alvo. Nesta etapa, é promovida a formação inicial da equipe em temáticas como educação de pessoas egressas do sistema prisional, abordagem

[Trecho 3 | Fonte: RESOLUÇÃO NORMATIVA Nº 236-2025-Prorroga o Plano Diretor de Tecnologia da Informação e Comunicação (PDTIC-2022-2024), do Instituto Federal de Educação, Ciência e Tecnologia do Piauí (IFPI) e Anexo.pdf]
06 são apresentados os indicadores com as respectivas metas a serem alcançadas neste PDTIC. A tabela apresenta o nome do indicador, a descrição, a fórmula, a frequência e a interpretação. Tabela 06 - Plano de Metas do PDTIC Indicador Descrição Fórmula Frequência Interpretação Meta (Número de necessidades do PDTIC que tiveram todos os projetos associados concluídos / Número total de necessidades do PDTIC, desconsiderando as canceladas) x 100 Demonstra o percentual de atendimento das necessidades previstas no PDTIC. M1 – Percentual de atendimento das necessidades previstas no PDTIC. Quadrimestral Maior melhor 2022: =>20% 2023: =>50% (Número de projetos e ações do PDTIC que foram concluídos / Número total de projetos e ações do PDTIC, desconsiderando os cancelados) x 100 Demonstra o percentual de conclusão dos projetos/ações previstos no PDTIC. M2 – Percentual de conclusão dos projetos do PDTIC. Quadrimestral Maior melhor 2022: =>25% 2023: =>50% Somatório do percentual de execução dos projetos e ações do PDTIC / Número total de projetos e ações do PDTIC, desconsiderando os cancelados Demonstra o percentual de execução dos projetos/ações previstos no PDTIC. M3 – Percentual de execução dos projetos do PDTIC. Quadrimestral Maior melhor 2022: =>35% 2023: =>75% (((Número de servidores que entraram + Número de servidores que saíram) / 2) / Média de servidores da DTI neste período) x 100 Medir a taxa percentual de movimentação do número de servidores da DTI. M4 – Taxa percentual de

[Trecho 4 | Fonte: RESOLUÇÃO NORMATIVA Nº 236-2025-Prorroga o Plano Diretor de Tecnologia da Informação e Comunicação (PDTIC-2022-2024), do Instituto Federal de Educação, Ciência e Tecnologia do Piauí (IFPI) e Anexo.pdf]
nos projetos por demora nas aquisições e contratações Atrasos ou inexecução das ações planejadas. Criar rotina para apresentar mensalmente o monitoramento das ações do PDTIC junto à Alta Gestão. R05 Falta de comunicação com a Alta Gestão 2 5 10 Planejamento não atender às necessidades da 2 4 8 Realizar a revisão anual do PDTIC. R06 Dimensionamento inadequado do PDTIC. Instituição. PROCESSO DE REVISÃO DO PDTIC Este PDTIC deverá ser revisto e atualizado a cada ano ou a qualquer tempo, de forma que possa acompanhar as mudanças do ambiente interno e externo e manter o alinhamento com os objetivos estratégicos e as diretrizes do IFPI. Vários motivos podem provocar atualizações no documento do PDTIC, como por exemplo: alterações nas necessidades, objetivos, metas, ações ou projetos, proposta orçamentária etc. No entanto, sugere-se que haja um motivo relevante, devidamente justificado, para a atualização do documento, de forma que não haja alterações que prejudiquem a finalidade do instrumento. É de responsabilidade da DTI monitorar a execução deste PDTIC e apresentar ao CGTIC a evolução da execução deste instrumento. A responsabilidade de revisão e deliberação do PDTIC é da DTI e do CGTIC, respectivamente. Vale ressaltar que o PDTIC só tem validade com a devida aprovação do CGTIC e publicação do resumo no DOU por meio de Portaria. Contudo, atualizações no plano de metas, no plano de ações e na proposta orçamentária podem ocorrer a qualquer tempo, mediante a aprovação do Presidente","[""RESOLUÇÃO NORMATIVA Nº 236-2025-Prorroga o Plano Diretor de Tecnologia da Informação e Comunicação (PDTIC-2022-2024), do Instituto Federal de Educação, Ciência e Tecnologia do Piauí (IFPI) e Anexo.pdf"", ""RESOLUÇÃO Nº 32-2025-Aprova a Criação do Curso de Costureiro(a) Industrial, no âmbito do Projeto Alvorada, no IFPI, campus Teresina Zona Sul  e Anexo..pdf"", ""RESOLUÇÃO NORMATIVA Nº 236-2025-Prorroga o Plano Diretor de Tecnologia da Informação e Comunicação (PDTIC-2022-2024), do Instituto Federal de Educação, Ciência e Tecnologia do Piauí (IFPI) e Anexo.pdf"", ""RESOLUÇÃO NORMATIVA Nº 236-2025-Prorroga o Plano Diretor de Tecnologia da Informação e Comunicação (PDTIC-2022-2024), do Instituto Federal de Educação, Ciência e Tecnologia do Piauí (IFPI) e Anexo.pdf""]","[""RESOLUÇÃO NORMATIVA Nº 236-2025-Prorroga o Plano Diretor de Tecnologia da Informação e Comunicação (PDTIC-2022-2024), do Instituto Federal de Educação, Ciência e Tecnologia do Piauí (IFPI) e Anexo.pdf"", ""RESOLUÇÃO Nº 32-2025-Aprova a Criação do Curso de Costureiro(a) Industrial, no âmbito do Projeto Alvorada, no IFPI, campus Teresina Zona Sul  e Anexo..pdf"", ""RESOLUÇÃO NORMATIVA Nº 236-2025-Prorroga o Plano Diretor de Tecnologia da Informação e Comunicação (PDTIC-2022-2024), do Instituto Federal de Educação, Ciência e Tecnologia do Piauí (IFPI) e Anexo.pdf"", ""RESOLUÇÃO NORMATIVA Nº 236-2025-Prorroga o Plano Diretor de Tecnologia da Informação e Comunicação (PDTIC-2022-2024), do Instituto Federal de Educação, Ciência e Tecnologia do Piauí (IFPI) e Anexo.pdf"", ""RESOLUÇÃO NORMATIVA Nº 236-2025-Prorroga o Plano Diretor de Tecnologia da Informação e Comunicação (PDTIC-2022-2024), do Instituto Federal de Educação, Ciência e Tecnologia do Piauí (IFPI) e Anexo.pdf"", ""RESOLUÇÃO NORMATIVA Nº 236-2025-Prorroga o Plano Diretor de Tecnologia da Informação e Comunicação (PDTIC-2022-2024), do Instituto Federal de Educação, Ciência e Tecnologia do Piauí (IFPI) e Anexo.pdf"", ""RESOLUÇÃO NORMATIVA Nº 236-2025-Prorroga o Plano Diretor de Tecnologia da Informação e Comunicação (PDTIC-2022-2024), do Instituto Federal de Educação, Ciência e Tecnologia do Piauí (IFPI) e Anexo.pdf"", ""RESOLUÇÃO NORMATIVA Nº 236-2025-Prorroga o Plano Diretor de Tecnologia da Informação e Comunicação (PDTIC-2022-2024), do Instituto Federal de Educação, Ciência e Tecnologia do Piauí (IFPI) e Anexo.pdf"", ""RESOLUÇÃO NORMATIVA Nº 208-2024-Aprova a revisão do Plano de Desenvolvimento Institucional (PDI), 2020-2024, do IFPI e Anexo.pdf"", ""RESOLUÇÃO Nº 32-2025-Aprova a Criação do Curso de Costureiro(a) Industrial, no âmbito do Projeto Alvorada, no IFPI, campus Teresina Zona Sul  e Anexo..pdf""]","[""RESOLUÇÃO NORMATIVA Nº 236-2025-Prorroga o Plano Diretor de Tecnologia da Informação e Comunicação (PDTIC-2022-2024), do Instituto Federal de Educação, Ciência e Tecnologia do Piauí (IFPI) e Anexo.pdf"", ""RESOLUÇÃO Nº 32-2025-Aprova a Criação do Curso de Costureiro(a) Industrial, no âmbito do Projeto Alvorada, no IFPI, campus Teresina Zona Sul  e Anexo..pdf"", ""RESOLUÇÃO NORMATIVA Nº 236-2025-Prorroga o Plano Diretor de Tecnologia da Informação e Comunicação (PDTIC-2022-2024), do Instituto Federal de Educação, Ciência e Tecnologia do Piauí (IFPI) e Anexo.pdf"", ""RESOLUÇÃO NORMATIVA Nº 236-2025-Prorroga o Plano Diretor de Tecnologia da Informação e Comunicação (PDTIC-2022-2024), do Instituto Federal de Educação, Ciência e Tecnologia do Piauí (IFPI) e Anexo.pdf"", ""RESOLUÇÃO NORMATIVA Nº 236-2025-Prorroga o Plano Diretor de Tecnologia da Informação e Comunicação (PDTIC-2022-2024), do Instituto Federal de Educação, Ciência e Tecnologia do Piauí (IFPI) e Anexo.pdf"", ""RESOLUÇÃO NORMATIVA Nº 236-2025-Prorroga o Plano Diretor de Tecnologia da Informação e Comunicação (PDTIC-2022-2024), do Instituto Federal de Educação, Ciência e Tecnologia do Piauí (IFPI) e Anexo.pdf"", ""RESOLUÇÃO NORMATIVA Nº 236-2025-Prorroga o Plano Diretor de Tecnologia da Informação e Comunicação (PDTIC-2022-2024), do Instituto Federal de Educação, Ciência e Tecnologia do Piauí (IFPI) e Anexo.pdf"", ""RESOLUÇÃO NORMATIVA Nº 236-2025-Prorroga o Plano Diretor de Tecnologia da Informação e Comunicação (PDTIC-2022-2024), do Instituto Federal de Educação, Ciência e Tecnologia do Piauí (IFPI) e Anexo.pdf"", ""RESOLUÇÃO NORMATIVA Nº 208-2024-Aprova a revisão do Plano de Desenvolvimento Institucional (PDI), 2020-2024, do IFPI e Anexo.pdf"", ""RESOLUÇÃO Nº 32-2025-Aprova a Criação do Curso de Costureiro(a) Industrial, no âmbito do Projeto Alvorada, no IFPI, campus Teresina Zona Sul  e Anexo..pdf""]",1.0,1.0,1.0,1.0,1.0,1.0,1.0,1.0,1.0,1.0,1.0,1.0,1.0,10,10,4,3.3257
1,43,bm25,"RESOLUÇÃO NORMATIVA Nº 236-2025-Prorroga o Plano Diretor de Tecnologia da Informação e Comunicação (PDTIC-2022-2024), do Instituto Federal de Educação, Ciência e Tecnologia do Piauí (IFPI) e Anexo.pdf",Em que guia se baseou a metodologia de elaboração do PDTIC do IFPI?,"A metodologia de elaboração do PDTIC do IFPI baseou-se no Guia de PDTIC do SISP, versão 2.0, adaptado à realidade do IFPI.","A metodologia utilizada para a elaboração do documento baseou-se no Guia de PDTIC do SISP, versão 2.0, adaptado à realidade do IFPI.","[Trecho 1 | Fonte: RESOLUÇÃO NORMATIVA Nº 236-2025-Prorroga o Plano Diretor de Tecnologia da Informação e Comunicação (PDTIC-2022-2024), do Instituto Federal de Educação, Ciência e Tecnologia do Piauí (IFPI) e Anexo.pdf]
a execução de processos específicos em harmonia com os instrumentos de planejamento da instituição, tais como: Plano de Desenvolvimento Institucional - PDI, Estratégia de Governança Digital (EGD), a Instrução Normativa SGD/ME Nº 31/2021, entre outros. Figura 01 - Macroprocesso de elaboração do PDTIC Registra-se que a elaboração do PDTIC 2022-2024, conduzida pela Diretoria de Tecnologia da Informação (DTI), foi executada pela Equipe de Elaboração (Portaria nº 1.231/2021 de 29 de junho de 2021), constituída por representantes da Reitoria e dos diversos campi do IFPI. 1ª FASE: PREPARAÇÃO É a fase inicial que reúne aspectos decisórios de caráter superior, como a aprovação de documentos e atividades diretamente voltadas ao processo de elaboração do PDTIC. Nesta etapa elabora-se o Plano de Trabalho a ser apreciado pelo Comitê de Governança Digital ou equivalente. As atividades que compõem a fase “Preparação” são: a) Definir abrangência e período do PDTIC; b) Definir a Equipe de Elaboração do PDTIC; c) Descrever a metodologia de elaboração; d) Consolidar documentos de referência; e) Identificar estratégias da organização; f) Identificar princípios e diretrizes; g) Elaborar o Plano de Trabalho do PDTIC; h) Aprovar o Plano de Trabalho do PDTIC. 2ª FASE: DIAGNÓSTICO Essa fase é caracterizada pela compreensão da situação atual da TIC na organização e tem como objetivo identificar necessidades, problemas ou oportunidades que se espera resolver/alcançar. É uma fase marcada pela interação

[Trecho 2 | Fonte: RESOLUÇÃO NORMATIVA Nº 236-2025-Prorroga o Plano Diretor de Tecnologia da Informação e Comunicação (PDTIC-2022-2024), do Instituto Federal de Educação, Ciência e Tecnologia do Piauí (IFPI) e Anexo.pdf]
propostas que permitam a instauração de um processo de melhoria continuada em Tecnologia da Informação e Comunicação para os itens de hardware, software, organização administrativa, processos de trabalho, investimentos e recursos humanos, além de apontar soluções para os problemas atuais identificados em TIC. Para esses itens, o PDTIC também define metas que deverão ser perseguidas pelo IFPI, as quais possibilitam a verificação do alcance dos objetivos propostos, tudo alinhado com o Planejamento Estratégico de TIC do IFPI. O Planejamento Estratégico de TIC pode ser realizado em três níveis: estratégico, tático e operacional. No Planejamento Estratégico é estabelecida a direção a ser seguida, por meio da definição dos objetivos e planos da instituição. O Planejamento Tático traduz os objetivos gerais e as estratégias da instituição em objetivos e atividades mais específicas. E por fim, o Planejamento Operacional descreve os recursos necessários para a implementação dos objetivos e atividades definidos no planejamento tático. METODOLOGIA DE ELABORAÇÃO A metodologia utilizada para a elaboração deste documento baseou-se no Guia de PDTIC do SISP, versão 2.0, adaptado à realidade do IFPI, onde divide-se em 03 (três) fases: Preparação, Diagnóstico e Planejamento. Cada fase compreende a execução de processos específicos em harmonia com os instrumentos de planejamento da instituição, tais como: Plano de Desenvolvimento Institucional - PDI, Estratégia de Governança Digital (EGD), a

[Trecho 3 | Fonte: RESOLUÇÃO NORMATIVA Nº 241-2025-Aprova a Prestação de Contas Ordinária Anual, através do Relatório de Gestão, exercício 2024, do IFPI e Anexo.pdf]
de boas práticas de segurança da informação; • Atualização da POSIC, Política de Uso de Armazenamento na Nuvem do Google, e outras políticas relacionadas. O Instituto Federal do Piauí concluiu a entrega do Ciclo 3 do Programa de Privacidade e Segurança da Informação (PPSI), uma iniciativa da Secretaria de Governo Digital (SGD). O objetivo deste programa é promover a maturidade da segurança da informação e garantir a conformidade com a Lei Geral de Proteção de Dados (LGPD). Neste contexto, é essencial destacar o Índice de Maturidade em Governança de Tecnologia da Informação do Sistema de Administração dos Recursos de Tecnologia da Informação (iGOVSISP), através do Autodiagnóstico SISP 2023 da qual apresentaremos nossos resultados. A avaliação em questão constituiu um processo rigoroso e abrangente, que se baseou em parâmetros criteriosos e em conformidade com as diretrizes estabelecidas pela SGDP. Utilizaremos o iGOVSISP como um instrumento fundamental para fomentar a maturidade de nossa governança de Tecnologia da Informação (TI). Destacamos que a metodologia adotada contempla uma análise multifacetada, englobando diferentes dimensões da governança de TI, desde processos e políticas até recursos humanos e tecnológicos. Por meio de indicadores específicos, pudemos quantificar e qualificar nossa Fonte: Sistema de Administração dos Recursos de Tecnologia da Informação (SISP), 2024 Fonte: Sistema de Administração dos Recursos de Tecnologia da Informação (SISP), 2024 Publicar

[Trecho 4 | Fonte: RESOLUÇÃO NORMATIVA Nº 236-2025-Prorroga o Plano Diretor de Tecnologia da Informação e Comunicação (PDTIC-2022-2024), do Instituto Federal de Educação, Ciência e Tecnologia do Piauí (IFPI) e Anexo.pdf]
nos projetos por demora nas aquisições e contratações Atrasos ou inexecução das ações planejadas. Criar rotina para apresentar mensalmente o monitoramento das ações do PDTIC junto à Alta Gestão. R05 Falta de comunicação com a Alta Gestão 2 5 10 Planejamento não atender às necessidades da 2 4 8 Realizar a revisão anual do PDTIC. R06 Dimensionamento inadequado do PDTIC. Instituição. PROCESSO DE REVISÃO DO PDTIC Este PDTIC deverá ser revisto e atualizado a cada ano ou a qualquer tempo, de forma que possa acompanhar as mudanças do ambiente interno e externo e manter o alinhamento com os objetivos estratégicos e as diretrizes do IFPI. Vários motivos podem provocar atualizações no documento do PDTIC, como por exemplo: alterações nas necessidades, objetivos, metas, ações ou projetos, proposta orçamentária etc. No entanto, sugere-se que haja um motivo relevante, devidamente justificado, para a atualização do documento, de forma que não haja alterações que prejudiquem a finalidade do instrumento. É de responsabilidade da DTI monitorar a execução deste PDTIC e apresentar ao CGTIC a evolução da execução deste instrumento. A responsabilidade de revisão e deliberação do PDTIC é da DTI e do CGTIC, respectivamente. Vale ressaltar que o PDTIC só tem validade com a devida aprovação do CGTIC e publicação do resumo no DOU por meio de Portaria. Contudo, atualizações no plano de metas, no plano de ações e na proposta orçamentária podem ocorrer a qualquer tempo, mediante a aprovação do Presidente","[""RESOLUÇÃO NORMATIVA Nº 236-2025-Prorroga o Plano Diretor de Tecnologia da Informação e Comunicação (PDTIC-2022-2024), do Instituto Federal de Educação, Ciência e Tecnologia do Piauí (IFPI) e Anexo.pdf"", ""RESOLUÇÃO NORMATIVA Nº 236-2025-Prorroga o Plano Diretor de Tecnologia da Informação e Comunicação (PDTIC-2022-2024), do Instituto Federal de Educação, Ciência e Tecnologia do Piauí (IFPI) e Anexo.pdf"", ""RESOLUÇÃO NORMATIVA Nº 241-2025-Aprova a Prestação de Contas Ordinária Anual, através do Relatório de Gestão, exercício 2024, do IFPI e Anexo.pdf"", ""RESOLUÇÃO NORMATIVA Nº 236-2025-Prorroga o Plano Diretor de Tecnologia da Informação e Comunicação (PDTIC-2022-2024), do Instituto Federal de Educação, Ciência e Tecnologia do Piauí (IFPI) e Anexo.pdf""]","[""RESOLUÇÃO NORMATIVA Nº 236-2025-Prorroga o Plano Diretor de Tecnologia da Informação e Comunicação (PDTIC-2022-2024), do Instituto Federal de Educação, Ciência e Tecnologia do Piauí (IFPI) e Anexo.pdf"", ""RESOLUÇÃO NORMATIVA Nº 236-2025-Prorroga o Plano Diretor de Tecnologia da Informação e Comunicação (PDTIC-2022-2024), do Instituto Federal de Educação, Ciência e Tecnologia do Piauí (IFPI) e Anexo.pdf"", ""RESOLUÇÃO NORMATIVA Nº 241-2025-Aprova a Prestação de Contas Ordinária Anual, através do Relatório de Gestão, exercício 2024, do IFPI e Anexo.pdf"", ""RESOLUÇÃO NORMATIVA Nº 236-2025-Prorroga o Plano Diretor de Tecnologia da Informação e Comunicação (PDTIC-2022-2024), do Instituto Federal de Educação, Ciência e Tecnologia do Piauí (IFPI) e Anexo.pdf"", ""RESOLUÇÃO NORMATIVA Nº 236-2025-Prorroga o Plano Diretor de Tecnologia da Informação e Comunicação (PDTIC-2022-2024), do Instituto Federal de Educação, Ciência e Tecnologia do Piauí (IFPI) e Anexo.pdf"", ""RESOLUÇÃO NORMATIVA Nº 236-2025-Prorroga o Plano Diretor de Tecnologia da Informação e Comunicação (PDTIC-2022-2024), do Instituto Federal de Educação, Ciência e Tecnologia do Piauí (IFPI) e Anexo.pdf"", ""RESOLUÇÃO NORMATIVA Nº 236-2025-Prorroga o Plano Diretor de Tecnologia da Informação e Comunicação (PDTIC-2022-2024), do Instituto Federal de Educação, Ciência e Tecnologia do Piauí (IFPI) e Anexo.pdf"", ""RESOLUÇÃO NORMATIVA Nº 236-2025-Prorroga o Plano Diretor de Tecnologia da Informação e Comunicação (PDTIC-2022-2024), do Instituto Federal de Educação, Ciência e Tecnologia do Piauí (IFPI) e Anexo.pdf"", ""RESOLUÇÃO NORMATIVA Nº 236-2025-Prorroga o Plano Diretor de Tecnologia da Informação e Comunicação (PDTIC-2022-2024), do Instituto Federal de Educação, Ciência e Tecnologia do Piauí (IFPI) e Anexo.pdf"", ""RESOLUÇÃO NORMATIVA Nº 236-2025-Prorroga o Plano Diretor de Tecnologia da Informação e Comunicação (PDTIC-2022-2024), do Instituto Federal de Educação, Ciência e Tecnologia do Piauí (IFPI) e Anexo.pdf""]","[""RESOLUÇÃO NORMATIVA Nº 236-2025-Prorroga o Plano Diretor de Tecnologia da Informação e Comunicação (PDTIC-2022-2024), do Instituto Federal de Educação, Ciência e Tecnologia do Piauí (IFPI) e Anexo.pdf"", ""RESOLUÇÃO NORMATIVA Nº 236-2025-Prorroga o Plano Diretor de Tecnologia da Informação e Comunicação (PDTIC-2022-2024), do Instituto Federal de Educação, Ciência e Tecnologia do Piauí (IFPI) e Anexo.pdf"", ""RESOLUÇÃO NORMATIVA Nº 241-2025-Aprova a Prestação de Contas Ordinária Anual, através do Relatório de Gestão, exercício 2024, do IFPI e Anexo.pdf"", ""RESOLUÇÃO NORMATIVA Nº 236-2025-Prorroga o Plano Diretor de Tecnologia da Informação e Comunicação (PDTIC-2022-2024), do Instituto Federal de Educação, Ciência e Tecnologia do Piauí (IFPI) e Anexo.pdf"", ""RESOLUÇÃO NORMATIVA Nº 236-2025-Prorroga o Plano Diretor de Tecnologia da Informação e Comunicação (PDTIC-2022-2024), do Instituto Federal de Educação, Ciência e Tecnologia do Piauí (IFPI) e Anexo.pdf"", ""RESOLUÇÃO NORMATIVA Nº 236-2025-Prorroga o Plano Diretor de Tecnologia da Informação e Comunicação (PDTIC-2022-2024), do Instituto Federal de Educação, Ciência e Tecnologia do Piauí (IFPI) e Anexo.pdf"", ""RESOLUÇÃO NORMATIVA Nº 236-2025-Prorroga o Plano Diretor de Tecnologia da Informação e Comunicação (PDTIC-2022-2024), do Instituto Federal de Educação, Ciência e Tecnologia do Piauí (IFPI) e Anexo.pdf"", ""RESOLUÇÃO NORMATIVA Nº 236-2025-Prorroga o Plano Diretor de Tecnologia da Informação e Comunicação (PDTIC-2022-2024), do Instituto Federal de Educação, Ciência e Tecnologia do Piauí (IFPI) e Anexo.pdf"", ""RESOLUÇÃO NORMATIVA Nº 236-2025-Prorroga o Plano Diretor de Tecnologia da Informação e Comunicação (PDTIC-2022-2024), do Instituto Federal de Educação, Ciência e Tecnologia do Piauí (IFPI) e Anexo.pdf"", ""RESOLUÇÃO NORMATIVA Nº 236-2025-Prorroga o Plano Diretor de Tecnologia da Informação e Comunicação (PDTIC-2022-2024), do Instituto Federal de Educação, Ciência e Tecnologia do Piauí (IFPI) e Anexo.pdf""]",1.0,1.0,1.0,1.0,1.0,1.0,1.0,1.0,1.0,1.0,1.0,1.0,1.0,10,10,4,4.1294
1,43,bm25,"RESOLUÇÃO NORMATIVA Nº 223-2024-Atualiza a Regulamentação do planejamento e o registro das atividades acadêmicas dos docentes da Carreira do Magistério do Ensino Básico, Técnico e Tecnológico do IFPI.pdf",Quais são os regimes de trabalho previstos para os docentes do EBTT no IFPI?,"Os regimes de trabalho previstos são 40 horas com dedicação exclusiva, 40 horas e 20 horas semanais.","Os regimes de trabalho previstos para os docentes do EBTT no IFPI são de tempo integral, com 40 horas semanais, ou tempo parcial, com 20 horas semanais.","[Trecho 1 | Fonte: RESOLUÇÃO NORMATIVA Nº 223-2024-Atualiza a Regulamentação do planejamento e o registro das atividades acadêmicas dos docentes da Carreira do Magistério do Ensino Básico, Técnico e Tecnológico do IFPI.pdf]
Art. 4º Para os fins de regulamentação das atividades docentes, entende-se por: I - mediação pedagógica: atuação docente no processo de ensino a distância, com a promoção de espaços de construção colaboraAva do conhecimento, a parAcipação em processos avaliativos, a orientação e a correção de atividades, entre outras; e II - ações curricularizadas: programas ou projetos de pesquisa ou extensão, previstos nos projetos pedagógicos dos cursos. CAPÍTULO II DO REGIME DE TRABALHO E ATRIBUIÇÕES DO DOCENTE DO EBTT Art. 5º A carga horária a ser cumprida pelo Docente do EBTT será correspondente ao respecAvo regime de trabalho, considerando os valores referenciais estabelecidos na forma deste Regulamento. Parágrafo único. As aAvidades docentes previstas neste Regulamento devem ser cumpridas dentro da jornada de trabalho semanal do Docente do EBTT, exceto nos casos previstos no parágrafo 1º, do artigo 19 da Lei nº 8.112/1990. II - tempo integral de 40 (quarenta) horas semanais de trabalho; ou III - tempo parcial de 20 (vinte) horas semanais de trabalho. Parágrafo único. O regime de 40 (quarenta) horas com dedicação exclusiva implica o impedimento do exercício de outra aAvidade remunerada, pública ou privada, com as exceções previstas na Lei nº 12.772, de 2012. Art. 7º A soma das aAvidades docentes totalizará a quanAdade de horas semanais previstas nos seus respecAvos regimes de trabalho e deverão ser cumpridas de acordo com as necessidades dos campi. § 1º O lançamento das horas

[Trecho 2 | Fonte: RESOLUÇÃO NORMATIVA Nº 223-2024-Atualiza a Regulamentação do planejamento e o registro das atividades acadêmicas dos docentes da Carreira do Magistério do Ensino Básico, Técnico e Tecnológico do IFPI.pdf]
carga horária equivalente à carga horária de aula da disciplina, sendo computadas como Regência de Aulas. Art. 20. Os docentes do IFPI devem dedicar às aAvidades de Regência de Aulas o mínimo de: I - 10 (dez) horas semanais para os docentes em regime de tempo integral; e II - 08 (oito) horas semanais para os docentes em regime de tempo parcial. § 1º Não havendo possibilidade de atender ao disposto no caput, o docente poderá planejar e submeter à apreciação da sua área de lotação, departamento ou coordenação de curso/área a oferta de cursos ou componentes curriculares, observando as seguintes alternativas, em ordem de prioridade: I - cursos de Formação Inicial e Continuada; II - turmas extras, visando a minimizar os impactos na retenção dos estudantes; III - disciplinas eletivas livres, que serão regulamentadas em resolução específica. § 2º A proposta de oferta das aAvidades relacionadas no parágrafo anterior deve ser aprovada pelo Colegiado do Curso ou Área de lotação do docente, com registro em ata, e encaminhada para autorização da Direção de Ensino do campus. Art. 21. Os docentes em cargo de Reitor, Pró-reitor, Diretor-Geral e Diretor de campus avançado são dispensados das aAvidades de regências de aula, podendo desAnar até 40 horas por semana para as atividades de Gestão Institucional. Art. 22. De acordo com a Portaria MEC Nº 750/2024, os Docentes do EBTT do IFPI que estejam desempenhando AAvidades de Gestão InsAtucional terão ﬁxados os limites de carga horária semanal

[Trecho 3 | Fonte: RESOLUÇÃO NORMATIVA Nº 208-2024-Aprova a revisão do Plano de Desenvolvimento Institucional (PDI), 2020-2024, do IFPI e Anexo.pdf]
inovadora, os currículos caracterizam-se pela flexibilidade, itinerários de formação que permitam um diálogo rico e com integração dos diferentes níveis da educação básica e do ensino superior, da educação profissional e tecnológica, na formação inicial e na formação continuada. 3 PLANEJAMENTO ESTRATÉGICO Este capítulo apresenta as perspectivas estratégicas, a cadeia de valor, os objetivos estratégicos selecionados para o período, o mapa estratégico e as políticas institucionais conforme as dimensões. 3.1 Perspectivas estratégicas O Planejamento Estratégico do IFPI está fundamentado no Balanced Scorecard, a partir das políticas em cada dimensão, com abordagem em 4 (quatro) perspectivas e definição de 23 (vinte e três) objetivos estratégicos. As perspectivas são: financeira, sociedade, processos internos e aprendizado e crescimento (Figura 5). Figura 5 – Perspectivas estratégicas do IFPI 2020-2024 Perspectiva 04 Descrição Objetivos 23 Financeira Que resultados financeiros queremos alcançar? 01 Sociedade Como gostaríamos que a sociedade nos visse? 02 Quais os processos-chave para a satisfação dos clientes? Processos 18 Internos Quais os desafios para atingirmos os resultados esperados? Aprendizado Quais recursos devemos ter? 02 e Crescimento Como aprender a melhorar? Fonte: DIRPLAIN, dez. 2019. 3.2 Cadeia de valor A partir dos objetivos definidos pela lei nº 11.892/2008 e em consonância com a missão e finalidades do IFPI, foi identificada sua Cadeia de Valor (Figura 6). A

[Trecho 4 | Fonte: RESOLUÇÃO Nº 1-2024 - Aprova a Criação do  Curso Técnico em Analises Clinicas - Integrado ao Médio, no IFPI.pdf]
alguns aspectos são importantes na oferta de eletivas como integradoras do currículo escolar: Propositura de temas e de práticas pedagógicas interdisciplinares; monitoramento sistemático do trabalho pedagógico por uma avaliação contínua, processual e diferenciada. As unidades curriculares eletivas deverão manter equivalência entre os demais componentes curriculares previstos para o curso no que se refere às metodologias, formas de integração curricular, colaboração interdisciplinar, elementos constituintes, procedimentos de avaliação e a natureza interdisciplinar. Deverão ter carga horária mínima de 40 horas e não poderão ser compostas por menos de 2 unidades curriculares, visto que apresentam caráter eminentemente integrador, numa propositura de temas e de práticas pedagógicas interdisciplinares, de modo a contemplar as áreas de conhecimento e os núcleos instituídos no PPC. Não há a obrigatoriedade de os educandos estarem matriculados na mesma série/turma para cursarem um componente curricular eletivo. A oferta se estende a estudantes de períodos letivos diversos, desde que não exceda o tempo de duração do curso: três anos. No histórico escolar do aluno constará a relação das eletivas com as respectivas cargas horárias; o desempenho e a frequência do aluno. Da organização curricular das competências complementares eletivas como complementação de carga horária As unidades curriculares eletivas são de oferta obrigatória para todos os cursos integrados e podem girar em torno","[""RESOLUÇÃO NORMATIVA Nº 223-2024-Atualiza a Regulamentação do planejamento e o registro das atividades acadêmicas dos docentes da Carreira do Magistério do Ensino Básico, Técnico e Tecnológico do IFPI.pdf"", ""RESOLUÇÃO NORMATIVA Nº 223-2024-Atualiza a Regulamentação do planejamento e o registro das atividades acadêmicas dos docentes da Carreira do Magistério do Ensino Básico, Técnico e Tecnológico do IFPI.pdf"", ""RESOLUÇÃO NORMATIVA Nº 208-2024-Aprova a revisão do Plano de Desenvolvimento Institucional (PDI), 2020-2024, do IFPI e Anexo.pdf"", ""RESOLUÇÃO Nº 1-2024 - Aprova a Criação do  Curso Técnico em Analises Clinicas - Integrado ao Médio, no IFPI.pdf""]","[""RESOLUÇÃO NORMATIVA Nº 223-2024-Atualiza a Regulamentação do planejamento e o registro das atividades acadêmicas dos docentes da Carreira do Magistério do Ensino Básico, Técnico e Tecnológico do IFPI.pdf"", ""RESOLUÇÃO NORMATIVA Nº 223-2024-Atualiza a Regulamentação do planejamento e o registro das atividades acadêmicas dos docentes da Carreira do Magistério do Ensino Básico, Técnico e Tecnológico do IFPI.pdf"", ""RESOLUÇÃO NORMATIVA Nº 208-2024-Aprova a revisão do Plano de Desenvolvimento Institucional (PDI), 2020-2024, do IFPI e Anexo.pdf"", ""RESOLUÇÃO Nº 1-2024 - Aprova a Criação do  Curso Técnico em Analises Clinicas - Integrado ao Médio, no IFPI.pdf"", ""RESOLUÇÃO Nº 43-2025-Aprova a Criação do Curso de Especialização em Educação a Distância, na Educação Profissional e Tecnológica, no IFPI e Anexo.pdf"", ""RESOLUÇÃO NORMATIVA Nº 223-2024-Atualiza a Regulamentação do planejamento e o registro das atividades acadêmicas dos docentes da Carreira do Magistério do Ensino Básico, Técnico e Tecnológico do IFPI.pdf"", ""RESOLUÇÃO Nº 91-2025-Aprova a reformulação do Curso Técnico em Serviços Jurídicos, integrado ao Ensino Médio, no âmbito do IFPI e Anexo..pdf"", ""RESOLUÇÃO Nº 75-2024-Atualiza o Regimento Interno da Comissão Permanente de Pessoal Docente (CPPD), no âmbito do Instituto Federal de Educação, Ciência e Tecnologia do Piauí (IFPI) -REVOGADA PELA RESOLUÇÃO Nº 77_2024..pdf"", ""RESOLUÇÃO NORMATIVA Nº 217-2024-Atualiza o Regimento Interno da Comissão Permanente de Pessoal Docente (CPPD), no âmbito do Instituto Federal de Educação, Ciência e Tecnologia do Piauí (IFPI)..pdf"", ""RESOLUÇÃO NORMATIVA Nº 208-2024-Aprova a revisão do Plano de Desenvolvimento Institucional (PDI), 2020-2024, do IFPI e Anexo.pdf""]","[""RESOLUÇÃO NORMATIVA Nº 223-2024-Atualiza a Regulamentação do planejamento e o registro das atividades acadêmicas dos docentes da Carreira do Magistério do Ensino Básico, Técnico e Tecnológico do IFPI.pdf"", ""RESOLUÇÃO NORMATIVA Nº 223-2024-Atualiza a Regulamentação do planejamento e o registro das atividades acadêmicas dos docentes da Carreira do Magistério do Ensino Básico, Técnico e Tecnológico do IFPI.pdf"", ""RESOLUÇÃO NORMATIVA Nº 208-2024-Aprova a revisão do Plano de Desenvolvimento Institucional (PDI), 2020-2024, do IFPI e Anexo.pdf"", ""RESOLUÇÃO Nº 1-2024 - Aprova a Criação do  Curso Técnico em Analises Clinicas - Integrado ao Médio, no IFPI.pdf"", ""RESOLUÇÃO Nº 43-2025-Aprova a Criação do Curso de Especialização em Educação a Distância, na Educação Profissional e Tecnológica, no IFPI e Anexo.pdf"", ""RESOLUÇÃO NORMATIVA Nº 223-2024-Atualiza a Regulamentação do planejamento e o registro das atividades acadêmicas dos docentes da Carreira do Magistério do Ensino Básico, Técnico e Tecnológico do IFPI.pdf"", ""RESOLUÇÃO Nº 91-2025-Aprova a reformulação do Curso Técnico em Serviços Jurídicos, integrado ao Ensino Médio, no âmbito do IFPI e Anexo..pdf"", ""RESOLUÇÃO Nº 75-2024-Atualiza o Regimento Interno da Comissão Permanente de Pessoal Docente (CPPD), no âmbito do Instituto Federal de Educação, Ciência e Tecnologia do Piauí (IFPI) -REVOGADA PELA RESOLUÇÃO Nº 77_2024..pdf"", ""RESOLUÇÃO NORMATIVA Nº 217-2024-Atualiza o Regimento Interno da Comissão Permanente de Pessoal Docente (CPPD), no âmbito do Instituto Federal de Educação, Ciência e Tecnologia do Piauí (IFPI)..pdf"", ""RESOLUÇÃO NORMATIVA Nº 208-2024-Aprova a revisão do Plano de Desenvolvimento Institucional (PDI), 2020-2024, do IFPI e Anexo.pdf""]",1.0,1.0,1.0,1.0,1.0,1.0,1.0,1.0,1.0,1.0,1.0,1.0,1.0,10,10,4,4.2794
1,43,bm25,"RESOLUÇÃO NORMATIVA Nº 223-2024-Atualiza a Regulamentação do planejamento e o registro das atividades acadêmicas dos docentes da Carreira do Magistério do Ensino Básico, Técnico e Tecnológico do IFPI.pdf","Para cada hora de regência de aulas, quantas horas adicionais o docente computará para atividades de organização e apoio ao ensino?","Para cada hora de regência de aulas, o docente computará uma hora adicional para atividades de organização e apoio ao ensino.","Para cada hora de Regência de Aula, o docente computará uma hora de Organização e Apoio ao Ensino.","[Trecho 1 | Fonte: RESOLUÇÃO Nº 28-2024-Aprova o Manual de Planilhas de Formação de Preços e Retenção de Conta Vinculada, no âmbito do IFPI e Anexo.pdf]
como décima terceira hora, por de fato se tratar de uma décima terceira hora para fins remuneratórios. ATENÇÃO: Deverá a Administração observar o Dissídio ou Convenção Coletiva. Ex: Cláusula ##### - Horas Extras - Convenção Coletiva de Trabalho - ####/#### - Registro MTE n° PI######/#### (OBSERVAÇÃO: DEVERÁ SER INFORMADO DE ACORDO COM A CCT) - As horas extras realizadas serão remuneradas com o percentual historicamente acertado nas Convenções anteriores, no importe de 60% (sessenta por cento) em relação à hora normal. Portanto, para fins de apuração, a hora noturna reduzida ou décima terceira hora será remunerada com o adicional de 60% em relação à hora normal, por se tratar de hora extra. Assim, devem-se somar salário-base e adicional de periculosidade, dividir por 220, divisor da categoria, em seguida ACRESCER de 60% (sessenta por cento) e depois multiplicar por 15 MINISTÉRIO DA EDUCAÇÃO Secretaria de Educação Profissional e Tecnológica Instituto Federal de Educação, Ciência e Tecnologia do Piauí (quinze), que são o número de horas noturnas reduzidas / décima terceira hora realizadas por mês, 01 (uma) hora por cada um dos 15 (quinze) plantões mensais. Fórmula: Adicional de Hora Noturna Reduzida / Décima Terceira Hora = ((Salário Base + Adicional de Periculosidade) / Divisor da Categoria) x acréscimo Percentual Hora Extra x Quantidade de horas extras mensais (MEMÓRIA DE CÁLCULO VIGILÂNCIA ARMADA ANO 202# - SINDESP/PI). Nota: O percentual de 60% é histórico, podendo a

[Trecho 2 | Fonte: RESOLUÇÃO NORMATIVA Nº 223-2024-Atualiza a Regulamentação do planejamento e o registro das atividades acadêmicas dos docentes da Carreira do Magistério do Ensino Básico, Técnico e Tecnológico do IFPI.pdf]
Aulas ministradas em diferentes níveis e modalidades, presencial e/ou à distância, em cursos regulares técnicos, de graduação, de pós-graduação e cursos de formação inicial e continuada. Disciplinas registradas no sistema acadêmico Regime de 40 h: Mínimo: 10 h Máximo: 20 h Regime de 20 h: Mínimo: 8 h, Máximo: 10 h Para cada hora de Regência de Aula será registrada uma hora de Organização e Apoio ao Ensino 1.2 Organização e Apoio ao Ensino Carga horária de Regência de Aulas 1.3 Coordenador de Programas e Projetos de Ensino Por programa ou projeto, não cumulativo Até 8 horas 1.4 Membro de Programas e Projetos de Ensino Por programa ou projeto Até 4 horas 1.5 Orientação de Trabalho de Conclusão de Curso de graduação Por trabalho orientado Até 2 horas 1.6 Orientação de Trabalho de Conclusão de Curso de Pós- graduação Por trabalho orientado Até 3 horas ATIVIDADES REFERÊNCIA CARGA HORÁRIA SEMANAL 1.7 Coorientação de Trabalho de Conclusão de Curso de Graduação Por trabalho orientado 1 hora 1.8 Coorientação de Trabalho de Conclusão de Curso de Pós-graduação Por trabalho orientado 1 hora 1.9 Orientação de Estágio Curricular ou Aprendizagem Profissional Por discente orientado 1 hora 1.10 orientação profissional nas dependências de empresas que promovam o regime dual de curso, em parceria com a instituição de ensino Por discente orientado 1 hora 1.11 Orientação de monitoria Por discente monitor 1 hora 1.12 Programa de Acolhimento ao Estudante Ingressante (PRAEI) Por discente monitor 1

[Trecho 3 | Fonte: RESOLUÇÃO NORMATIVA Nº 223-2024-Atualiza a Regulamentação do planejamento e o registro das atividades acadêmicas dos docentes da Carreira do Magistério do Ensino Básico, Técnico e Tecnológico do IFPI.pdf]
técnica de interesse institucional; III - parAcipação em projetos insAtucionais de cunho social, intercampi e interinstitucionais; IV - participação em comissões institucionais permanentes; V - participação em conselhos, comitês, colegiados e núcleos; VI - parAcipação em comissões de éAca, sindicância e de processos administraAvos disciplinares; VII - participação em comissões de licitação; VIII - parAcipação em comissões especíﬁcas designadas pela Reitoria ou pela Direção-Geral de campus; e Parágrafo único. Quando a carga horária não esAver prevista em resolução, deverá ser definida na respectiva portaria da Direção-Geral do campus ou do Reitor do IFPI. CAPÍTULO IV DA CARGA HORÁRIA DOCENTE Art. 19. Em conformidade com a Lei nº 12.772/2012, a carga horária semanal de atividades docentes deverá totalizar: I - 40 (quarenta) horas para docentes em regime de tempo integral, com ou sem dedicação exclusiva; e II - 20 (vinte) horas para docentes em regime de tempo parcial. § 1º A carga horária semanal do docente deverá ser distribuída entre as aAvidades previstas no capítulo III, respeitados os limites ﬁxados no anexo, tendo como referência os parâmetros estabelecidos nesta Resolução. § 2º Para o caso de componentes curriculares a distância, a aAvidade de mediação pedagógica computará carga horária equivalente à carga horária de aula da disciplina, sendo computadas como Regência de Aulas. Art. 20. Os docentes do IFPI devem dedicar às aAvidades de Regência de Aulas o mínimo de: I -

[Trecho 4 | Fonte: RESOLUÇÃO Nº 28-2024-Aprova o Manual de Planilhas de Formação de Preços e Retenção de Conta Vinculada, no âmbito do IFPI e Anexo.pdf]
o art. 73 da Consolidação das Leis do Trabalho. ATENÇÃO: Deverá a Administração observar o Dissídio ou Convenção Coletiva, considerando que, nestes instrumentos, poderão instituir percentual maior correspondente ao adicional noturno, situação em que será adotado o determinado no Dissídio ou Convenção. Ex: Cláusula ##### - Adicional Noturno - Convenção Coletiva de Trabalho - ####/#### - Registro MTE n° PI######/#### (OBSERVAÇÃO: DEVERÁ SER INFORMADO DE ACORDO COM A CCT) - Será remunerada com o adicional de 30% (trinta por cento) em relação à hora normal. Assim, para fins de apuração, deve-se somar salário-base e adicional de periculosidade, dividir por 220, divisor da categoria, em seguida multiplicar por 30% (trinta por cento) de adicional e depois por 120 (cento e vinte), que são o número de horas noturnas da escala 12x36, consideradas 8 (oito) horas por cada um dos 15 (quinze) plantões mensais, considerando-se aqui já a redução da hora noturna (de 22h às 5h da manhã, em que pese serem apenas sete horas de relógio, tem-se oito horas para fins de remuneração trabalhista, tendo em vista o que dispõe o art. 73 da CLT sobre a hora do trabalho noturno). Fórmula: Adicional Noturno Vigilante = (Salário Base + Adicional de Periculosidade) / Divisor da Categoria) x Percentual do Adicional Noturno x Quantidade mensal de horas noturnas trabalhadas. Fórmula: Adicional Noturno Motorista: (Salário Base/Divisor da Categoria) x Percentual do Adicional Noturno x Quantidade de dias do mês.","[""RESOLUÇÃO Nº 28-2024-Aprova o Manual de Planilhas de Formação de Preços e Retenção de Conta Vinculada, no âmbito do IFPI e Anexo.pdf"", ""RESOLUÇÃO NORMATIVA Nº 223-2024-Atualiza a Regulamentação do planejamento e o registro das atividades acadêmicas dos docentes da Carreira do Magistério do Ensino Básico, Técnico e Tecnológico do IFPI.pdf"", ""RESOLUÇÃO NORMATIVA Nº 223-2024-Atualiza a Regulamentação do planejamento e o registro das atividades acadêmicas dos docentes da Carreira do Magistério do Ensino Básico, Técnico e Tecnológico do IFPI.pdf"", ""RESOLUÇÃO Nº 28-2024-Aprova o Manual de Planilhas de Formação de Preços e Retenção de Conta Vinculada, no âmbito do IFPI e Anexo.pdf""]","[""RESOLUÇÃO Nº 28-2024-Aprova o Manual de Planilhas de Formação de Preços e Retenção de Conta Vinculada, no âmbito do IFPI e Anexo.pdf"", ""RESOLUÇÃO NORMATIVA Nº 223-2024-Atualiza a Regulamentação do planejamento e o registro das atividades acadêmicas dos docentes da Carreira do Magistério do Ensino Básico, Técnico e Tecnológico do IFPI.pdf"", ""RESOLUÇÃO NORMATIVA Nº 223-2024-Atualiza a Regulamentação do planejamento e o registro das atividades acadêmicas dos docentes da Carreira do Magistério do Ensino Básico, Técnico e Tecnológico do IFPI.pdf"", ""RESOLUÇÃO Nº 28-2024-Aprova o Manual de Planilhas de Formação de Preços e Retenção de Conta Vinculada, no âmbito do IFPI e Anexo.pdf"", ""RESOLUÇÃO NORMATIVA Nº 223-2024-Atualiza a Regulamentação do planejamento e o registro das atividades acadêmicas dos docentes da Carreira do Magistério do Ensino Básico, Técnico e Tecnológico do IFPI.pdf"", ""RESOLUÇÃO Nº 28-2024-Aprova o Manual de Planilhas de Formação de Preços e Retenção de Conta Vinculada, no âmbito do IFPI e Anexo.pdf"", ""RESOLUÇÃO Nº 12-2024-Aprova a Criação do Curso Técnico em Eventos, Integrado ao Ensino Médio, no âmbito do IFPI e Anexo..pdf"", ""RESOLUÇÃO Nº 59-2025- Aprova a Criação do Curso de Licenciatura em  Pedagogia,  no âmbito do Instituto Federal de Educação, Ciência e Tecnologia do Piauí (IFPI) e Anexo.pdf"", ""RESOLUÇÃO Nº 36-2025-Aprova a Criação do Curso de Formação Inicial e Continuada - Preparatório para o Ensino Médio - PARTIU IF, no âmbito do IFPI e Anexo.pdf"", ""RESOLUÇÃO Nº 48-2024-Aprova a criação do Curso de Licenciatura Letras Inglês, no âmbito do Instituto Federal de Educação, Ciência e Tecnologia do Piauí (IFPI) e Anexo.pdf""]","[""RESOLUÇÃO Nº 28-2024-Aprova o Manual de Planilhas de Formação de Preços e Retenção de Conta Vinculada, no âmbito do IFPI e Anexo.pdf"", ""RESOLUÇÃO NORMATIVA Nº 223-2024-Atualiza a Regulamentação do planejamento e o registro das atividades acadêmicas dos docentes da Carreira do Magistério do Ensino Básico, Técnico e Tecnológico do IFPI.pdf"", ""RESOLUÇÃO NORMATIVA Nº 223-2024-Atualiza a Regulamentação do planejamento e o registro das atividades acadêmicas dos docentes da Carreira do Magistério do Ensino Básico, Técnico e Tecnológico do IFPI.pdf"", ""RESOLUÇÃO Nº 28-2024-Aprova o Manual de Planilhas de Formação de Preços e Retenção de Conta Vinculada, no âmbito do IFPI e Anexo.pdf"", ""RESOLUÇÃO NORMATIVA Nº 223-2024-Atualiza a Regulamentação do planejamento e o registro das atividades acadêmicas dos docentes da Carreira do Magistério do Ensino Básico, Técnico e Tecnológico do IFPI.pdf"", ""RESOLUÇÃO Nº 28-2024-Aprova o Manual de Planilhas de Formação de Preços e Retenção de Conta Vinculada, no âmbito do IFPI e Anexo.pdf"", ""RESOLUÇÃO Nº 12-2024-Aprova a Criação do Curso Técnico em Eventos, Integrado ao Ensino Médio, no âmbito do IFPI e Anexo..pdf"", ""RESOLUÇÃO Nº 59-2025- Aprova a Criação do Curso de Licenciatura em  Pedagogia,  no âmbito do Instituto Federal de Educação, Ciência e Tecnologia do Piauí (IFPI) e Anexo.pdf"", ""RESOLUÇÃO Nº 36-2025-Aprova a Criação do Curso de Formação Inicial e Continuada - Preparatório para o Ensino Médio - PARTIU IF, no âmbito do IFPI e Anexo.pdf"", ""RESOLUÇÃO Nº 48-2024-Aprova a criação do Curso de Licenciatura Letras Inglês, no âmbito do Instituto Federal de Educação, Ciência e Tecnologia do Piauí (IFPI) e Anexo.pdf""]",2.0,2.0,0.5,0.5,0.0,1.0,1.0,1.0,0.0,1.0,1.0,1.0,1.0,10,10,4,3.6425
1,43,bm25,"RESOLUÇÃO NORMATIVA Nº 218-2024-Estab. normas, critérios e proc. para a participação de docentes (DE) em atividades remuneradas.pdf","Qual é o limite anual de horas para a participação esporádica remunerada em palestras, conferências e atividades artísticas e culturais de docentes em dedicação exclusiva?",O limite anual é de 30 horas.,"O limite anual de horas para a participação esporádica remunerada em palestras, conferências, atividades artísticas e culturais de docentes em dedicação exclusiva não pode exceder a 30 (trinta) horas anuais.","[Trecho 1 | Fonte: RESOLUÇÃO NORMATIVA Nº 218-2024-Estab. normas, critérios e proc. para a participação de docentes (DE) em atividades remuneradas.pdf]
autorizada pelo Reitor de acordo com esta Resolução Normativa. CAPÍTULO III DA RETRIBUIÇÃO PECUNIÁRIA PELA PARTICIPAÇÃO ESPORÁDICA EM PALESTRAS, CONFERÊNCIAS, ATIVIDADES ARTÍSTICAS E CULTURAIS Art. 5ºAo docente no Regime de Trabalho de Dedicação Exclusiva do IFPI, será admiAda a percepção de retribuição pecuniária, na forma de pró-labore ou cachê pago diretamente ao docente, por ente disAnto do IFPI, pela parAcipação esporádica em palestras, conferências, aAvidades arRsAcas e culturais relacionadas à área de atuação do docente. Art. 6º Considera-se esporádica a parAcipação remunerada nas aAvidades descritas neste Capítulo, autorizada pelo Reitor, que, no total, não exceda a 30 (trinta) horas anuais e atenda aos requisitos: I - possua caráter eventual, contingencial e não regular; II - tenha duração determinada, com data de início e fim previamente definida; III - não gere contrato de trabalho ou vínculo empregaRcio de qualquer natureza com a pessoa ou enAdade pública ou privada à qual forem prestados os serviços; e IV - seja realizada sem prejuízo às atividades regulares docentes. Parágrafo único. A colaboração esporádica deverá ser prestada fora da carga horária regular de trabalho do docente, não podendo ser computada em seus planos e relatório de aAvidades, à exceção das aAvidades permiAdas em atos normaAvos vigentes no âmbito do IFPI. CAPÍTULO IV DA RETRIBUIÇÃO PECUNIÁRIA EM CARÁTER EVENTUAL DE OUTRAS ATIVIDADES Art. 7º Ao docente no Regime de Trabalho de Dedicação

[Trecho 2 | Fonte: RESOLUÇÃO Nº 76-2024-Estabelece normas, critérios e procedimentos para a participação de docentes do IFPI, com Regime de DE, em atividades remuneradas -REVOGADA PELA RESOLUÇÃO Nº 77_2024..pdf]
autorizada pelo Reitor de acordo com esta Resolução Normativa. CAPÍTULO III DA RETRIBUIÇÃO PECUNIÁRIA PELA PARTICIPAÇÃO ESPORÁDICA EM PALESTRAS, CONFERÊNCIAS, ATIVIDADES ARTÍSTICAS E CULTURAIS Art. 5ºAo docente no Regime de Trabalho de Dedicação Exclusiva do IFPI, será admi@da a percepção de retribuição pecuniária, na forma de pró-labore ou cachê pago diretamente ao docente, por ente dis@nto do IFPI, pela par@cipação esporádica em palestras, conferências, a@vidades arQs@cas e culturais relacionadas à área de atuação do docente. Art. 6º Considera-se esporádica a par@cipação remunerada nas a@vidades descritas neste Capítulo, autorizada pelo Reitor, que, no total, não exceda a 30 (trinta) horas anuais e atenda aos requisitos: I - possua caráter eventual, contingencial e não regular; II - tenha duração determinada, com data de início e fim previamente definida; III - não gere contrato de trabalho ou vínculo empregaQcio de qualquer natureza com a pessoa ou en@dade pública ou privada à qual forem prestados os serviços; e IV - seja realizada sem prejuízo às atividades regulares docentes. Parágrafo único. A colaboração esporádica deverá ser prestada fora da carga horária regular de trabalho do docente, não podendo ser computada em seus planos e relatório de a@vidades, à exceção das a@vidades permi@das em atos norma@vos vigentes no âmbito do IFPI. CAPÍTULO IV DA RETRIBUIÇÃO PECUNIÁRIA EM CARÁTER EVENTUAL DE OUTRAS ATIVIDADES Art. 7º Ao docente no Regime de Trabalho de Dedicação

[Trecho 3 | Fonte: RESOLUÇÃO NORMATIVA Nº 223-2024-Atualiza a Regulamentação do planejamento e o registro das atividades acadêmicas dos docentes da Carreira do Magistério do Ensino Básico, Técnico e Tecnológico do IFPI.pdf]
técnica de interesse institucional; III - parAcipação em projetos insAtucionais de cunho social, intercampi e interinstitucionais; IV - participação em comissões institucionais permanentes; V - participação em conselhos, comitês, colegiados e núcleos; VI - parAcipação em comissões de éAca, sindicância e de processos administraAvos disciplinares; VII - participação em comissões de licitação; VIII - parAcipação em comissões especíﬁcas designadas pela Reitoria ou pela Direção-Geral de campus; e Parágrafo único. Quando a carga horária não esAver prevista em resolução, deverá ser definida na respectiva portaria da Direção-Geral do campus ou do Reitor do IFPI. CAPÍTULO IV DA CARGA HORÁRIA DOCENTE Art. 19. Em conformidade com a Lei nº 12.772/2012, a carga horária semanal de atividades docentes deverá totalizar: I - 40 (quarenta) horas para docentes em regime de tempo integral, com ou sem dedicação exclusiva; e II - 20 (vinte) horas para docentes em regime de tempo parcial. § 1º A carga horária semanal do docente deverá ser distribuída entre as aAvidades previstas no capítulo III, respeitados os limites ﬁxados no anexo, tendo como referência os parâmetros estabelecidos nesta Resolução. § 2º Para o caso de componentes curriculares a distância, a aAvidade de mediação pedagógica computará carga horária equivalente à carga horária de aula da disciplina, sendo computadas como Regência de Aulas. Art. 20. Os docentes do IFPI devem dedicar às aAvidades de Regência de Aulas o mínimo de: I -

[Trecho 4 | Fonte: RESOLUÇÃO Nº 36-2025-Aprova a Criação do Curso de Formação Inicial e Continuada - Preparatório para o Ensino Médio - PARTIU IF, no âmbito do IFPI e Anexo.pdf]
• Utilizar recursos tecnológicos adequados ao público envolvido para subsidiar as atividades pedagógicas; • Disponibilizar apoio pedagógico para os estudantes que apresentarem dificuldades, visando à melhoria contínua da aprendizagem; • Adotar atitude interdisciplinar e transdisciplinar nas práticas educativas, ou seja, envolver a assim, trabalho integrado dos professores, na busca pela formação integral do estudante; • Diversificar as atividades acadêmicas, utilizando aulas expositivas dialogadas e interativas, desenvolvimento de projetos, aulas experimentais (em laboratórios), apresentação de vídeos, palestras, seminários, debates, atividades individuais e em grupo, exposição de filmes, grupos de estudos e outros. Os docentes deverão privilegiar metodologias de ensino que reconheçam o professor como mediador do processo de ensino-aprendizagem. Salienta-se a necessidade dos docentes estarem permanentemente atentos ao comportamento, concentração, atenção e participação dos estudantes, uma vez que estes são parâmetros do processo educacional. 6.1 Estrutura Curricular A estrutura curricular do Curso Preparatório para o Ensino Médio – Partiu IF, na modalidade presencial, está organizada por componentes curriculares com uma carga horária total de 320 (trezentos e vinte) horas, divididas em 40 (quarenta) horas para cada elemento que compõe os eixos. A hora-aula do curso é definida como tendo 60 (sessenta) minutos de duração. Levando em conta a estruturação legal, no âmbito do","[""RESOLUÇÃO NORMATIVA Nº 218-2024-Estab. normas, critérios e proc. para a participação de docentes (DE) em atividades remuneradas.pdf"", ""RESOLUÇÃO Nº 76-2024-Estabelece normas, critérios e procedimentos para a participação de docentes do IFPI, com Regime de DE, em atividades remuneradas -REVOGADA PELA RESOLUÇÃO Nº 77_2024..pdf"", ""RESOLUÇÃO NORMATIVA Nº 223-2024-Atualiza a Regulamentação do planejamento e o registro das atividades acadêmicas dos docentes da Carreira do Magistério do Ensino Básico, Técnico e Tecnológico do IFPI.pdf"", ""RESOLUÇÃO Nº 36-2025-Aprova a Criação do Curso de Formação Inicial e Continuada - Preparatório para o Ensino Médio - PARTIU IF, no âmbito do IFPI e Anexo.pdf""]","[""RESOLUÇÃO NORMATIVA Nº 218-2024-Estab. normas, critérios e proc. para a participação de docentes (DE) em atividades remuneradas.pdf"", ""RESOLUÇÃO Nº 76-2024-Estabelece normas, critérios e procedimentos para a participação de docentes do IFPI, com Regime de DE, em atividades remuneradas -REVOGADA PELA RESOLUÇÃO Nº 77_2024..pdf"", ""RESOLUÇÃO NORMATIVA Nº 223-2024-Atualiza a Regulamentação do planejamento e o registro das atividades acadêmicas dos docentes da Carreira do Magistério do Ensino Básico, Técnico e Tecnológico do IFPI.pdf"", ""RESOLUÇÃO Nº 36-2025-Aprova a Criação do Curso de Formação Inicial e Continuada - Preparatório para o Ensino Médio - PARTIU IF, no âmbito do IFPI e Anexo.pdf"", ""RESOLUÇÃO Nº 59-2025- Aprova a Criação do Curso de Licenciatura em  Pedagogia,  no âmbito do Instituto Federal de Educação, Ciência e Tecnologia do Piauí (IFPI) e Anexo.pdf"", ""RESOLUÇÃO Nº 79-2025-Aprova a Reformulação do Curso de Licenciatura Intercultural Indígena, do PARFOR EQUIDADE, no âmbito do Instituto Federal de Educação, Ciência e Tecnologia do Piauí (IFPI) e Anexo.pdf"", ""CURSO_SUPERIOR_DE_TECNOLOGIA_EM_ANÁLISE_E_DESENVOLVIMENTO_DE_SISTEMAS.pdf"", ""RESOLUÇÃO Nº 105-2025-Aprova a reformulação do Curso Técnico em Edificações Integrado ao Ensino Médio, no âmbito do IFPI e Anexo-.pdf"", ""RESOLUÇÃO Nº 74-2025-Aprova a reformulação do Curso de Especialização em Física Geral, lato sensu, no âmbito do Instituto Federal de Educação, Ciência e Tecnologia do Piauí (IFPI) e Anexo.pdf"", ""RESOLUÇÃO NORMATIVA Nº 207-2024-Regulamenta a parceria entre o Instituto Federal de Educação, Ciência e Tecnologia do Piauí (IFPI) e a Fundação de Amparo à Pesquisa, Inovação, Ensino e Extensão do IFPI.pdf""]","[""RESOLUÇÃO NORMATIVA Nº 218-2024-Estab. normas, critérios e proc. para a participação de docentes (DE) em atividades remuneradas.pdf"", ""RESOLUÇÃO Nº 76-2024-Estabelece normas, critérios e procedimentos para a participação de docentes do IFPI, com Regime de DE, em atividades remuneradas -REVOGADA PELA RESOLUÇÃO Nº 77_2024..pdf"", ""RESOLUÇÃO NORMATIVA Nº 223-2024-Atualiza a Regulamentação do planejamento e o registro das atividades acadêmicas dos docentes da Carreira do Magistério do Ensino Básico, Técnico e Tecnológico do IFPI.pdf"", ""RESOLUÇÃO Nº 36-2025-Aprova a Criação do Curso de Formação Inicial e Continuada - Preparatório para o Ensino Médio - PARTIU IF, no âmbito do IFPI e Anexo.pdf"", ""RESOLUÇÃO Nº 59-2025- Aprova a Criação do Curso de Licenciatura em  Pedagogia,  no âmbito do Instituto Federal de Educação, Ciência e Tecnologia do Piauí (IFPI) e Anexo.pdf"", ""RESOLUÇÃO Nº 79-2025-Aprova a Reformulação do Curso de Licenciatura Intercultural Indígena, do PARFOR EQUIDADE, no âmbito do Instituto Federal de Educação, Ciência e Tecnologia do Piauí (IFPI) e Anexo.pdf"", ""CURSO_SUPERIOR_DE_TECNOLOGIA_EM_ANÁLISE_E_DESENVOLVIMENTO_DE_SISTEMAS.pdf"", ""RESOLUÇÃO Nº 105-2025-Aprova a reformulação do Curso Técnico em Edificações Integrado ao Ensino Médio, no âmbito do IFPI e Anexo-.pdf"", ""RESOLUÇÃO Nº 74-2025-Aprova a reformulação do Curso de Especialização em Física Geral, lato sensu, no âmbito do Instituto Federal de Educação, Ciência e Tecnologia do Piauí (IFPI) e Anexo.pdf"", ""RESOLUÇÃO NORMATIVA Nº 207-2024-Regulamenta a parceria entre o Instituto Federal de Educação, Ciência e Tecnologia do Piauí (IFPI) e a Fundação de Amparo à Pesquisa, Inovação, Ensino e Extensão do IFPI.pdf""]",1.0,1.0,1.0,1.0,1.0,1.0,1.0,1.0,1.0,1.0,1.0,1.0,1.0,10,10,4,4.7999
1,43,bm25,"RESOLUÇÃO NORMATIVA Nº 218-2024-Estab. normas, critérios e proc. para a participação de docentes (DE) em atividades remuneradas.pdf",Qual é o limite de carga horária para atividades remuneradas eventuais previstas no artigo 7º da Resolução Normativa nº 218 de 2024?,As atividades remuneradas eventuais não podem exceder 8 horas semanais ou 416 horas anuais.,"O limite máximo da soma da remuneração, retribuições e bolsas percebidas pelos ocupantes de cargos, funções e empregos públicos não poderá exceder o maior valor recebido pelo funcionalismo público federal.","[Trecho 1 | Fonte: RESOLUÇÃO NORMATIVA Nº 229-2024-Atualiza as normas que regulamentam a concessão de bolsas para apoiar e incentivar atividades de ensino, pesquisa, extensão e estímulo à inovação, no IFPI e Anexo.pdf]
de ensino, pesquisa, extensão e esCmulo à inovação no âmbito dos programas e projetos institucionais com recebimento de bolsas, apoiados ou não por fundação(ões) de apoio. Art. 15. Desde que haja compaAbilidade de horários, é permiAdo ao servidor do IFPI acumular as bolsas previstas neste Regulamento com outras que não façam restrições quanto a acúmulo e com outras remunerações e ganhos eventuais legalmente permitidos. Art. 16. Desde que haja compaAbilidade de horários, é permiAdo ao servidor do IFPI assumir carga horária de um ou mais planos de trabalho de bolsista, de acordo com a legislação pertinente e as normativas institucionais específicas. Parágrafo único. A inclusão de carga horária de programas e projetos insAtucionais nos assuntos de sua especialidade no PIT dos docentes do IFPI só poderá ocorrer quando para o desempenho das atividades não ocorrer o recebimento de bolsas. Art. 17. O limite máximo da soma da remuneração, retribuições e bolsas percebidas pelos ocupantes de cargos, funções e empregos públicos não poderá exceder o maior valor recebido pelo funcionalismo público federal. Art. 18. A concessão da bolsa será cancelada quando se veriﬁcar uma das seguintes hipóteses: I - o bolsista deixar de apresentar os relatórios ou não desempenhar as atividades especificadas no plano de trabalho do projeto, sem justificativa fundamentada; II - a pedido do gestor de programa ou coordenador de projeto, devidamente justificado, quando for necessária a substituição do

[Trecho 2 | Fonte: RESOLUÇÃO Nº 45-2024-Aprova a Reformulação do Curso de Licenciatura Intercultural Indígena, do PARFOR EQUIDADE, no âmbito do Instituto Federal de Educação, Ciência e Tecnologia do Piauí (IFPI) e Anexo.pdf]
possuem carga horária múltipla de 20 (vinte) horas. O mesmo vale para as disciplinas extensionistas existentes no currículo. 2.5 CURRICULARIZAÇÃO DA EXTENSÃO Com a intenção de promover a interação transformadora entre instituições de ensino superior e outros setores da sociedade, por meio da produção e da aplicação do conhecimento, em articulação permanente com o ensino e a pesquisa, a Resolução CNE/CES 7/2018 prevê em seu artigo 4º que as atividades de extensão devem compor, no mínimo, 10% (dez por cento) do total da carga horária dos cursos de graduação, as quais deverão fazer parte da matriz curricular dos cursos. A referida normativa apresenta as diretrizes para a extensão na educação superior brasileira e regimenta o que está disposto no Plano Nacional de Educação, aprovado pela Lei nº 13.005, de 25 de junho de 2014, para o decênio 2014-2024 que, em sua meta 12, estratégia 12.7, prevê assegurar a destinação de, no mínimo, dez por cento do total de créditos curriculares exigidos para a graduação em programas e projetos de extensão universitária, orientando sua ação, prioritariamente, para áreas de grande pertinência social. O IFPI regulamentou internamente a matéria, por meio da Resolução Normativa 131/2022 - CONSUP/OSUPCOL/REI/IFPI, de 25 de abril de 2022, que estabelece as Diretrizes para a Curricularização da Extensão nos cursos de graduação do Instituto Federal de Educação, Ciência e Tecnologia do Piauí (IFPI). A extensão é um processo educativo e formativo,

[Trecho 3 | Fonte: RESOLUÇÃO NORMATIVA Nº 226-2024-Atualiza as Normas que regulamentam a concessão de bolsas, no IFPI - TONRNADA SEM EFEITO PELA RN Nº 228_2024.pdf]
do cargo efetivo que deixou de ser executada. § 5º Quando autorizados pela cheﬁa imediata, os servidores do IFPI poderão colaborar esporadicamente em programas e projetos insAtucionais nos assuntos de sua especialidade, com ou sem recebimento de bolsa(s), quando não houver estudantes incluídos no plano de trabalho. § 6º Os servidores ocupantes de cargo em comissão ou função de conﬁança no IFPI e demais ICTs parceiras, se houver, poderão desenvolver aAvidades de ensino, pesquisa, extensão e esCmulo à inovação no âmbito dos programas e projetos institucionais com recebimento de bolsas, apoiados ou não por fundação(ões) de apoio. Art. 15. Desde que haja compaAbilidade de horários, é permiAdo ao servidor do IFPI acumular as bolsas previstas neste Regulamento com outras que não façam restrições quanto a acúmulo e com outras remunerações e ganhos eventuais legalmente permitidos. Art. 16. Desde que haja compaAbilidade de horários, é permiAdo ao servidor do IFPI assumir carga horária de um ou mais planos de trabalho de bolsista, de acordo com a legislação pertinente e as normativas institucionais específicas. Parágrafo único. A inclusão de carga horária de programas e projetos insAtucionais nos assuntos de sua especialidade no PIT dos docentes do IFPI só poderá ocorrer quando para o desempenho das atividades não ocorrer o recebimento de bolsas. Art. 17. O limite máximo da soma da remuneração, retribuições e bolsas percebidas pelos ocupantes de cargos, funções e empregos públicos não

[Trecho 4 | Fonte: RESOLUÇÃO Nº 48-2024-Aprova a criação do Curso de Licenciatura Letras Inglês, no âmbito do Instituto Federal de Educação, Ciência e Tecnologia do Piauí (IFPI) e Anexo.pdf]
docência, e de sua área específica de conhecimento, bem como às atividades de extensão curricularizadas. A carga horária mencionada está organizada em 8 (oito) módulos semestrais, cujos componentes curriculares independentemente da sua estruturação em parte teórica e 2.5 CURRICULARIZAÇÃO DA EXTENSÃO Com a intenção de promover a interação transformadora entre instituições de ensino superior e outros setores da sociedade, por meio da produção e da aplicação do conhecimento, em articulação permanente com o ensino e a pesquisa, a Resolução CNE/CES 7/2018 prevê em seu artigo 4º que as atividades de extensão devem compor, no mínimo, 10% (dez por cento) do total da carga horária dos cursos de graduação, as quais deverão fazer parte da matriz curricular dos cursos. A referida normativa apresenta as diretrizes para a extensão na educação superior brasileira e regimenta o que está disposto no Plano Nacional de Educação, aprovado pela Lei no 13.005, de 25 de junho de 2014, para o decênio 2014-2024 que, em sua meta 12, estratégia 12.7, prevê assegurar a destinação de, no mínimo, dez por cento do total de créditos curriculares exigidos para a graduação em programas e projetos de extensão universitária, orientando sua ação, prioritariamente, para áreas de grande pertinência social. O IFPI regulamentou internamente a matéria, por meio da Resolução Normativa 131/2022 - CONSUP/OSUPCOL/REI/IFPI, de 25 de abril de 2022, que estabelece as Diretrizes para a Curricularização da Extensão nos","[""RESOLUÇÃO NORMATIVA Nº 229-2024-Atualiza as normas que regulamentam a concessão de bolsas para apoiar e incentivar atividades de ensino, pesquisa, extensão e estímulo à inovação, no IFPI e Anexo.pdf"", ""RESOLUÇÃO Nº 45-2024-Aprova a Reformulação do Curso de Licenciatura Intercultural Indígena, do PARFOR EQUIDADE, no âmbito do Instituto Federal de Educação, Ciência e Tecnologia do Piauí (IFPI) e Anexo.pdf"", ""RESOLUÇÃO NORMATIVA Nº 226-2024-Atualiza as Normas que regulamentam a concessão de bolsas, no IFPI - TONRNADA SEM EFEITO PELA RN Nº 228_2024.pdf"", ""RESOLUÇÃO Nº 48-2024-Aprova a criação do Curso de Licenciatura Letras Inglês, no âmbito do Instituto Federal de Educação, Ciência e Tecnologia do Piauí (IFPI) e Anexo.pdf""]","[""RESOLUÇÃO NORMATIVA Nº 229-2024-Atualiza as normas que regulamentam a concessão de bolsas para apoiar e incentivar atividades de ensino, pesquisa, extensão e estímulo à inovação, no IFPI e Anexo.pdf"", ""RESOLUÇÃO Nº 45-2024-Aprova a Reformulação do Curso de Licenciatura Intercultural Indígena, do PARFOR EQUIDADE, no âmbito do Instituto Federal de Educação, Ciência e Tecnologia do Piauí (IFPI) e Anexo.pdf"", ""RESOLUÇÃO NORMATIVA Nº 226-2024-Atualiza as Normas que regulamentam a concessão de bolsas, no IFPI - TONRNADA SEM EFEITO PELA RN Nº 228_2024.pdf"", ""RESOLUÇÃO Nº 48-2024-Aprova a criação do Curso de Licenciatura Letras Inglês, no âmbito do Instituto Federal de Educação, Ciência e Tecnologia do Piauí (IFPI) e Anexo.pdf"", ""RESOLUÇÃO Nº 101-2025-Aprova a reformulação do Curso Técnico em Estradas Integrado ao Ensino Médio, no âmbito do IFPi e Anexo.pdf"", ""RESOLUÇÃO Nº 48-2024-Aprova a criação do Curso de Licenciatura Letras Inglês, no âmbito do Instituto Federal de Educação, Ciência e Tecnologia do Piauí (IFPI) e Anexo.pdf"", ""RESOLUÇÃO Nº 23-2024-Aprova a Criação do Curso de Licenciatura Intercultural Indígena, do PARFOR EQUIDADE, no âmbito do Instituto Federal de Educação, Ciência e Tecnologia do Piauí (IFPI)e Anexo.pdf"", ""RESOLUÇÃO Nº 84-2024-Aprova a Reformulação do Curso Técnico de Nível Médio em Química, no âmbito do Instituto Federal de Educação, Ciência e Tecnologia do Piauí (IFPI) e Anexo.pdf"", ""RESOLUÇÃO Nº 128-2024-Aprova a Criação do Curso Superior de Tecnologia em Sistemas para Internet, no âmbito do Instituto Federal de Educação, Ciência e Tecnologia do Piauí (IFPI) e Anexo.pdf"", ""RESOLUÇÃO Nº 109-2025-Aprova a refpormulçaõ do Curso Técnico em Agropecuária Integrado ao Ensino Médio, no âmbito do IFPI e Anexo-.pdf""]","[""RESOLUÇÃO NORMATIVA Nº 229-2024-Atualiza as normas que regulamentam a concessão de bolsas para apoiar e incentivar atividades de ensino, pesquisa, extensão e estímulo à inovação, no IFPI e Anexo.pdf"", ""RESOLUÇÃO Nº 45-2024-Aprova a Reformulação do Curso de Licenciatura Intercultural Indígena, do PARFOR EQUIDADE, no âmbito do Instituto Federal de Educação, Ciência e Tecnologia do Piauí (IFPI) e Anexo.pdf"", ""RESOLUÇÃO NORMATIVA Nº 226-2024-Atualiza as Normas que regulamentam a concessão de bolsas, no IFPI - TONRNADA SEM EFEITO PELA RN Nº 228_2024.pdf"", ""RESOLUÇÃO Nº 48-2024-Aprova a criação do Curso de Licenciatura Letras Inglês, no âmbito do Instituto Federal de Educação, Ciência e Tecnologia do Piauí (IFPI) e Anexo.pdf"", ""RESOLUÇÃO Nº 101-2025-Aprova a reformulação do Curso Técnico em Estradas Integrado ao Ensino Médio, no âmbito do IFPi e Anexo.pdf"", ""RESOLUÇÃO Nº 48-2024-Aprova a criação do Curso de Licenciatura Letras Inglês, no âmbito do Instituto Federal de Educação, Ciência e Tecnologia do Piauí (IFPI) e Anexo.pdf"", ""RESOLUÇÃO Nº 23-2024-Aprova a Criação do Curso de Licenciatura Intercultural Indígena, do PARFOR EQUIDADE, no âmbito do Instituto Federal de Educação, Ciência e Tecnologia do Piauí (IFPI)e Anexo.pdf"", ""RESOLUÇÃO Nº 84-2024-Aprova a Reformulação do Curso Técnico de Nível Médio em Química, no âmbito do Instituto Federal de Educação, Ciência e Tecnologia do Piauí (IFPI) e Anexo.pdf"", ""RESOLUÇÃO Nº 128-2024-Aprova a Criação do Curso Superior de Tecnologia em Sistemas para Internet, no âmbito do Instituto Federal de Educação, Ciência e Tecnologia do Piauí (IFPI) e Anexo.pdf"", ""RESOLUÇÃO Nº 109-2025-Aprova a refpormulçaõ do Curso Técnico em Agropecuária Integrado ao Ensino Médio, no âmbito do IFPI e Anexo-.pdf""]",,,0.0,0.0,0.0,0.0,0.0,0.0,0.0,0.0,0.0,0.0,0.0,10,10,4,4.5854
1,43,bm25,"RESOLUÇÃO NORMATIVA Nº 217-2024-Atualiza o Regimento Interno da Comissão Permanente de Pessoal Docente (CPPD), no âmbito do Instituto Federal de Educação, Ciência e Tecnologia do Piauí (IFPI)..pdf",Como é composta a CPPD do IFPI em número de membros titulares e suplentes?,"A CPPD do IFPI é composta por 10 docentes, sendo 5 representantes titulares e 5 representantes suplentes.","A CPPD do IFPI é composta por chapas com dois docentes, sendo um titular e um suplente.","[Trecho 1 | Fonte: RESOLUÇÃO Nº 75-2024-Atualiza o Regimento Interno da Comissão Permanente de Pessoal Docente (CPPD), no âmbito do Instituto Federal de Educação, Ciência e Tecnologia do Piauí (IFPI) -REVOGADA PELA RESOLUÇÃO Nº 77_2024..pdf]
de reformulação do presente Regimento, quando necessário, submetendo as alterações ao Conselho Superior para aprovação. CAPÍTULO V DO PROVIMENTO DA COMISSÃO Seção I Seção I Do processo eleitoral e do mandato Do processo eleitoral e do mandato Art. 8º Os membros da CPPD serão designados pelo Reitor, após escolha pelos seus pares, para cumprirem um mandato de 04 (quatro) anos, admiBda uma única reeleição para período subsequente, não existindo limite para mandatos alternados. Parágrafo único. O quadriênio é contado ininterruptamente, a parBr da publicação da Portaria de designação dos membros da CPPD. Art. 9º A escolha dos membros da CPPD dar-se-á mediante eleição direta com o voto em urna, ou de forma virtual/eletrônica, reunindo o maior número possível de professores ativos. § 1º O registro da candidatura será por chapa composta por 02 (dois) docentes, com indicação do Btular e suplente, que não obrigatoriamente precisam estar lotados e em exercício no mesmo campus. § 2º Havendo chapa com candidatos lotados em campi diferentes, o registro será validado de acordo com a lotação do candidato titular. § 3º O edital de deﬂagração do processo eleitoral disporá sobre as orientações de divulgação de propaganda das chapas registradas. Art. 10. O processo eleitoral será conduzido por comissão eleitoral composta por 04 (quatro) docentes, escolhidos a partir de edital publicado pela CPPD. § 3º Não poderá integrar comissão eleitoral o ocupante de vaga na CPPD. Art. 11. Poderá

[Trecho 2 | Fonte: RESOLUÇÃO NORMATIVA Nº 217-2024-Atualiza o Regimento Interno da Comissão Permanente de Pessoal Docente (CPPD), no âmbito do Instituto Federal de Educação, Ciência e Tecnologia do Piauí (IFPI)..pdf]
Regimento, quando necessário, submetendo as alterações ao Conselho Superior para aprovação. CAPÍTULO V DO PROVIMENTO DA COMISSÃO Seção I Seção I Do processo eleitoral e do mandato Do processo eleitoral e do mandato Art. 8º Os membros da CPPD serão designados pelo Reitor, após escolha pelos seus pares, para cumprirem um mandato de 04 (quatro) anos, admiDda uma única reeleição para período subsequente, não existindo limite para mandatos alternados. Parágrafo único. O quadriênio é contado ininterruptamente, a parDr da publicação da Portaria de designação dos membros da CPPD. Art. 9º A escolha dos membros da CPPD dar-se-á mediante eleição direta com o voto em urna, ou de forma virtual/eletrônica, reunindo o maior número possível de professores ativos. § 1º O registro da candidatura será por chapa composta por 02 (dois) docentes, com indicação do Dtular e suplente, que não obrigatoriamente precisam estar lotados e em exercício no mesmo campus. § 2º Havendo chapa com candidatos lotados em campi diferentes, o registro será validado de acordo com a lotação do candidato titular. § 3º O edital de deﬂagração do processo eleitoral disporá sobre as orientações de divulgação de propaganda das chapas registradas. Art. 10. O processo eleitoral será conduzido por comissão eleitoral composta por 04 (quatro) docentes, escolhidos a partir de edital publicado pela CPPD. § 3º Não poderá integrar comissão eleitoral o ocupante de vaga na CPPD. Art. 11. Poderá candidatar-se ao processo de eleição

[Trecho 3 | Fonte: RESOLUÇÃO Nº 75-2024-Atualiza o Regimento Interno da Comissão Permanente de Pessoal Docente (CPPD), no âmbito do Instituto Federal de Educação, Ciência e Tecnologia do Piauí (IFPI) -REVOGADA PELA RESOLUÇÃO Nº 77_2024..pdf]
por comissão eleitoral composta por 04 (quatro) docentes, escolhidos a partir de edital publicado pela CPPD. § 3º Não poderá integrar comissão eleitoral o ocupante de vaga na CPPD. Art. 11. Poderá candidatar-se ao processo de eleição para a CPPD o docente integrante do Plano de Carreiras e Cargos de Magistério Federal, ocupante de cargo efeBvo de Professor do Ensino Básico, Técnico e Tecnológico que: I - esteja em pleno exercício de suas atividades no IFPI; II - tenha cumprido o estágio probatório; III - não esteja ocupando cargo de Direção ou função de conﬁança, Funções GraBﬁcadas ou Comissionadas por Coordenação de Curso; e IV - não esteja cumprindo penalidade de suspensão por processo administraBvo disciplinar ou que não esteja afastado de suas funções, para responder a processo administrativo disciplinar; Art. 12. Terão direito a votar os docentes em exercício ocupantes de cargo efeBvo do quadro de pessoal do IFPI. Parágrafo único. O eleitor terá direito a votar em 05 (cinco) chapas. Art. 13. As chapas serão classificadas em ordem decrescente de votos recebidos. § 1º No caso de empate, no critério para desempate, deverá prevalecer o Btular da chapa com mais tempo de serviço na insBtuição e, persisBndo o empate, o de maior idade, considerando meses e dias de nascimento. § 2º Caso não sejam preenchidas as vagas, o Reitor do IFPI indicará membros para compor a Comissão. Seção II Seção II Dos Deveres e das Vedações Dos Deveres e das Vedações Art. 14. São deveres dos Membros

[Trecho 4 | Fonte: RESOLUÇÃO NORMATIVA Nº 217-2024-Atualiza o Regimento Interno da Comissão Permanente de Pessoal Docente (CPPD), no âmbito do Instituto Federal de Educação, Ciência e Tecnologia do Piauí (IFPI)..pdf]
da Presidência, assumirá o seu suplente. Art. 19. Compete ao presidente da CPPD: I - representar a CPPD no âmbito do IFPI ou em eventos externos; II - dirigir os trabalhos da Comissão, observando e fazendo cumprir este regimento; III - presidir as sessões ordinárias e convocar as extraordinárias; IV - colher votos e votar nos casos e, na forma prevista neste regimento, proclamar os resultados do julgamento dos processos; V - editar instruções normaDvas e ordens de serviço necessárias ao funcionamento da Comissão; VI - indicar os membros da CPPD que a representarão oﬁcialmente nas comissões, grupos de trabalho ou afins; Parágrafo único. A presidência da CPPD será equiparada à coordenação para ﬁns de registro no Plano Semestral de ADvidades Docentes - PSAD; Relatório Semestral de ADvidades Docentes - RSAD e outros documentos. Seção II Seção II Das Secretarias da Comissão Das Secretarias da Comissão Art. 20. A função de Secretário da Comissão deverá ser desenvolvida, sempre que possível, por, no mínimo, 2 (dois) servidores técnico-administraDvos efeDvos, dada a relevância e o volume de trabalho. Art. 21. As atividades de secretaria da CPPD envolvem: I - lavrar as atas das reuniões; II - distribuir, de acordo com a orientação do presidente ou coordenador, os processos constantes da pauta, para apreciação e parecer; III - manter organizados e atualizados os arquivos e fichários; IV - receber e expedir correspondências e documentos; V - providenciar os materiais e serviços","[""RESOLUÇÃO Nº 75-2024-Atualiza o Regimento Interno da Comissão Permanente de Pessoal Docente (CPPD), no âmbito do Instituto Federal de Educação, Ciência e Tecnologia do Piauí (IFPI) -REVOGADA PELA RESOLUÇÃO Nº 77_2024..pdf"", ""RESOLUÇÃO NORMATIVA Nº 217-2024-Atualiza o Regimento Interno da Comissão Permanente de Pessoal Docente (CPPD), no âmbito do Instituto Federal de Educação, Ciência e Tecnologia do Piauí (IFPI)..pdf"", ""RESOLUÇÃO Nº 75-2024-Atualiza o Regimento Interno da Comissão Permanente de Pessoal Docente (CPPD), no âmbito do Instituto Federal de Educação, Ciência e Tecnologia do Piauí (IFPI) -REVOGADA PELA RESOLUÇÃO Nº 77_2024..pdf"", ""RESOLUÇÃO NORMATIVA Nº 217-2024-Atualiza o Regimento Interno da Comissão Permanente de Pessoal Docente (CPPD), no âmbito do Instituto Federal de Educação, Ciência e Tecnologia do Piauí (IFPI)..pdf""]","[""RESOLUÇÃO Nº 75-2024-Atualiza o Regimento Interno da Comissão Permanente de Pessoal Docente (CPPD), no âmbito do Instituto Federal de Educação, Ciência e Tecnologia do Piauí (IFPI) -REVOGADA PELA RESOLUÇÃO Nº 77_2024..pdf"", ""RESOLUÇÃO NORMATIVA Nº 217-2024-Atualiza o Regimento Interno da Comissão Permanente de Pessoal Docente (CPPD), no âmbito do Instituto Federal de Educação, Ciência e Tecnologia do Piauí (IFPI)..pdf"", ""RESOLUÇÃO Nº 75-2024-Atualiza o Regimento Interno da Comissão Permanente de Pessoal Docente (CPPD), no âmbito do Instituto Federal de Educação, Ciência e Tecnologia do Piauí (IFPI) -REVOGADA PELA RESOLUÇÃO Nº 77_2024..pdf"", ""RESOLUÇÃO NORMATIVA Nº 217-2024-Atualiza o Regimento Interno da Comissão Permanente de Pessoal Docente (CPPD), no âmbito do Instituto Federal de Educação, Ciência e Tecnologia do Piauí (IFPI)..pdf"", ""RESOLUÇÃO NORMATIVA Nº 217-2024-Atualiza o Regimento Interno da Comissão Permanente de Pessoal Docente (CPPD), no âmbito do Instituto Federal de Educação, Ciência e Tecnologia do Piauí (IFPI)..pdf"", ""RESOLUÇÃO Nº 75-2024-Atualiza o Regimento Interno da Comissão Permanente de Pessoal Docente (CPPD), no âmbito do Instituto Federal de Educação, Ciência e Tecnologia do Piauí (IFPI) -REVOGADA PELA RESOLUÇÃO Nº 77_2024..pdf"", ""RESOLUÇÃO NORMATIVA Nº 217-2024-Atualiza o Regimento Interno da Comissão Permanente de Pessoal Docente (CPPD), no âmbito do Instituto Federal de Educação, Ciência e Tecnologia do Piauí (IFPI)..pdf"", ""RESOLUÇÃO Nº 75-2024-Atualiza o Regimento Interno da Comissão Permanente de Pessoal Docente (CPPD), no âmbito do Instituto Federal de Educação, Ciência e Tecnologia do Piauí (IFPI) -REVOGADA PELA RESOLUÇÃO Nº 77_2024..pdf"", ""RESOLUÇÃO Nº 75-2024-Atualiza o Regimento Interno da Comissão Permanente de Pessoal Docente (CPPD), no âmbito do Instituto Federal de Educação, Ciência e Tecnologia do Piauí (IFPI) -REVOGADA PELA RESOLUÇÃO Nº 77_2024..pdf"", ""RESOLUÇÃO NORMATIVA Nº 217-2024-Atualiza o Regimento Interno da Comissão Permanente de Pessoal Docente (CPPD), no âmbito do Instituto Federal de Educação, Ciência e Tecnologia do Piauí (IFPI)..pdf""]","[""RESOLUÇÃO Nº 75-2024-Atualiza o Regimento Interno da Comissão Permanente de Pessoal Docente (CPPD), no âmbito do Instituto Federal de Educação, Ciência e Tecnologia do Piauí (IFPI) -REVOGADA PELA RESOLUÇÃO Nº 77_2024..pdf"", ""RESOLUÇÃO NORMATIVA Nº 217-2024-Atualiza o Regimento Interno da Comissão Permanente de Pessoal Docente (CPPD), no âmbito do Instituto Federal de Educação, Ciência e Tecnologia do Piauí (IFPI)..pdf"", ""RESOLUÇÃO Nº 75-2024-Atualiza o Regimento Interno da Comissão Permanente de Pessoal Docente (CPPD), no âmbito do Instituto Federal de Educação, Ciência e Tecnologia do Piauí (IFPI) -REVOGADA PELA RESOLUÇÃO Nº 77_2024..pdf"", ""RESOLUÇÃO NORMATIVA Nº 217-2024-Atualiza o Regimento Interno da Comissão Permanente de Pessoal Docente (CPPD), no âmbito do Instituto Federal de Educação, Ciência e Tecnologia do Piauí (IFPI)..pdf"", ""RESOLUÇÃO NORMATIVA Nº 217-2024-Atualiza o Regimento Interno da Comissão Permanente de Pessoal Docente (CPPD), no âmbito do Instituto Federal de Educação, Ciência e Tecnologia do Piauí (IFPI)..pdf"", ""RESOLUÇÃO Nº 75-2024-Atualiza o Regimento Interno da Comissão Permanente de Pessoal Docente (CPPD), no âmbito do Instituto Federal de Educação, Ciência e Tecnologia do Piauí (IFPI) -REVOGADA PELA RESOLUÇÃO Nº 77_2024..pdf"", ""RESOLUÇÃO NORMATIVA Nº 217-2024-Atualiza o Regimento Interno da Comissão Permanente de Pessoal Docente (CPPD), no âmbito do Instituto Federal de Educação, Ciência e Tecnologia do Piauí (IFPI)..pdf"", ""RESOLUÇÃO Nº 75-2024-Atualiza o Regimento Interno da Comissão Permanente de Pessoal Docente (CPPD), no âmbito do Instituto Federal de Educação, Ciência e Tecnologia do Piauí (IFPI) -REVOGADA PELA RESOLUÇÃO Nº 77_2024..pdf"", ""RESOLUÇÃO Nº 75-2024-Atualiza o Regimento Interno da Comissão Permanente de Pessoal Docente (CPPD), no âmbito do Instituto Federal de Educação, Ciência e Tecnologia do Piauí (IFPI) -REVOGADA PELA RESOLUÇÃO Nº 77_2024..pdf"", ""RESOLUÇÃO NORMATIVA Nº 217-2024-Atualiza o Regimento Interno da Comissão Permanente de Pessoal Docente (CPPD), no âmbito do Instituto Federal de Educação, Ciência e Tecnologia do Piauí (IFPI)..pdf""]",2.0,2.0,0.5,0.5,0.0,1.0,1.0,1.0,0.0,1.0,1.0,1.0,1.0,10,10,4,3.4616
1,43,bm25,"RESOLUÇÃO NORMATIVA Nº 217-2024-Atualiza o Regimento Interno da Comissão Permanente de Pessoal Docente (CPPD), no âmbito do Instituto Federal de Educação, Ciência e Tecnologia do Piauí (IFPI)..pdf",Qual é o mandato dos integrantes da CPPD do IFPI?,"O mandato dos integrantes da CPPD é de 4 anos, com possibilidade de uma única recondução por igual período.","O mandato dos integrantes da CPPD do IFPI é de 04 (quatro) anos, admitida uma única reeleição para período subsequente, não existindo limite para mandatos alternados.","[Trecho 1 | Fonte: RESOLUÇÃO Nº 75-2024-Atualiza o Regimento Interno da Comissão Permanente de Pessoal Docente (CPPD), no âmbito do Instituto Federal de Educação, Ciência e Tecnologia do Piauí (IFPI) -REVOGADA PELA RESOLUÇÃO Nº 77_2024..pdf]
de reformulação do presente Regimento, quando necessário, submetendo as alterações ao Conselho Superior para aprovação. CAPÍTULO V DO PROVIMENTO DA COMISSÃO Seção I Seção I Do processo eleitoral e do mandato Do processo eleitoral e do mandato Art. 8º Os membros da CPPD serão designados pelo Reitor, após escolha pelos seus pares, para cumprirem um mandato de 04 (quatro) anos, admiBda uma única reeleição para período subsequente, não existindo limite para mandatos alternados. Parágrafo único. O quadriênio é contado ininterruptamente, a parBr da publicação da Portaria de designação dos membros da CPPD. Art. 9º A escolha dos membros da CPPD dar-se-á mediante eleição direta com o voto em urna, ou de forma virtual/eletrônica, reunindo o maior número possível de professores ativos. § 1º O registro da candidatura será por chapa composta por 02 (dois) docentes, com indicação do Btular e suplente, que não obrigatoriamente precisam estar lotados e em exercício no mesmo campus. § 2º Havendo chapa com candidatos lotados em campi diferentes, o registro será validado de acordo com a lotação do candidato titular. § 3º O edital de deﬂagração do processo eleitoral disporá sobre as orientações de divulgação de propaganda das chapas registradas. Art. 10. O processo eleitoral será conduzido por comissão eleitoral composta por 04 (quatro) docentes, escolhidos a partir de edital publicado pela CPPD. § 3º Não poderá integrar comissão eleitoral o ocupante de vaga na CPPD. Art. 11. Poderá

[Trecho 2 | Fonte: RESOLUÇÃO NORMATIVA Nº 217-2024-Atualiza o Regimento Interno da Comissão Permanente de Pessoal Docente (CPPD), no âmbito do Instituto Federal de Educação, Ciência e Tecnologia do Piauí (IFPI)..pdf]
Regimento, quando necessário, submetendo as alterações ao Conselho Superior para aprovação. CAPÍTULO V DO PROVIMENTO DA COMISSÃO Seção I Seção I Do processo eleitoral e do mandato Do processo eleitoral e do mandato Art. 8º Os membros da CPPD serão designados pelo Reitor, após escolha pelos seus pares, para cumprirem um mandato de 04 (quatro) anos, admiDda uma única reeleição para período subsequente, não existindo limite para mandatos alternados. Parágrafo único. O quadriênio é contado ininterruptamente, a parDr da publicação da Portaria de designação dos membros da CPPD. Art. 9º A escolha dos membros da CPPD dar-se-á mediante eleição direta com o voto em urna, ou de forma virtual/eletrônica, reunindo o maior número possível de professores ativos. § 1º O registro da candidatura será por chapa composta por 02 (dois) docentes, com indicação do Dtular e suplente, que não obrigatoriamente precisam estar lotados e em exercício no mesmo campus. § 2º Havendo chapa com candidatos lotados em campi diferentes, o registro será validado de acordo com a lotação do candidato titular. § 3º O edital de deﬂagração do processo eleitoral disporá sobre as orientações de divulgação de propaganda das chapas registradas. Art. 10. O processo eleitoral será conduzido por comissão eleitoral composta por 04 (quatro) docentes, escolhidos a partir de edital publicado pela CPPD. § 3º Não poderá integrar comissão eleitoral o ocupante de vaga na CPPD. Art. 11. Poderá candidatar-se ao processo de eleição

[Trecho 3 | Fonte: RESOLUÇÃO NORMATIVA Nº 217-2024-Atualiza o Regimento Interno da Comissão Permanente de Pessoal Docente (CPPD), no âmbito do Instituto Federal de Educação, Ciência e Tecnologia do Piauí (IFPI)..pdf]
reuniões ordinárias consecuDvas ou 06 (seis) reuniões ordinárias alternadas, no período de 1 (um) ano; IV - afastar-se das atividades funcionais docentes por mais de 06 (seis) meses consecutivos; V - integrar Comissão Permanente, desde que não haja compaDbilidade na carga horária, no âmbito do IFPI; ou VI - receber sanção ética ou administrativa que comprometa sua atuação nesta comissão. Art. 17. O docente que incorrer em qualquer dos itens deste arDgo será comunicado pelo Presidente da CPPD e terá prazo de 03 (três) dias para apresentar defesa. § 1º A perda de mandato será deliberada pela CPPD em reunião extraordinária, com quórum de, no mínimo, 50% (cinquenta por cento) dos membros e deliberação por maioria simples. § 2º A perda de mandato será seguida de publicação de Portaria com a nova composição com a designação do suplente para assumir como Titular. § 3º A perda de mandato implicará impedimento à candidatura à CPPD da eleição imediatamente seguinte à desvinculação da Comissão. CAPÍTULO VI DA ORGANIZAÇÃO ADMINISTRATIVA Seção I Seção I Da Comissão Permanente de Pessoal Docente Da Comissão Permanente de Pessoal Docente Art. 18. A Comissão terá presidente escolhido por seus pares, na primeira reunião ordinária, após designação dos membros. Parágrafo único. No caso de vacância da Presidência, assumirá o seu suplente. Art. 19. Compete ao presidente da CPPD: I - representar a CPPD no âmbito do IFPI ou em eventos externos; II - dirigir os trabalhos da Comissão, observando e

[Trecho 4 | Fonte: RESOLUÇÃO Nº 75-2024-Atualiza o Regimento Interno da Comissão Permanente de Pessoal Docente (CPPD), no âmbito do Instituto Federal de Educação, Ciência e Tecnologia do Piauí (IFPI) -REVOGADA PELA RESOLUÇÃO Nº 77_2024..pdf]
jusBﬁcado, a mais de 3 (três) reuniões ordinárias consecuBvas ou 06 (seis) reuniões ordinárias alternadas, no período de 1 (um) ano; IV - afastar-se das atividades funcionais docentes por mais de 06 (seis) meses consecutivos; V - integrar Comissão Permanente, desde que não haja compaBbilidade na carga horária, no âmbito do IFPI; ou VI - receber sanção ética ou administrativa que comprometa sua atuação nesta comissão. Art. 17. O docente que incorrer em qualquer dos itens deste arBgo será comunicado pelo Presidente da CPPD e terá prazo de 03 (três) dias para apresentar defesa. § 1º A perda de mandato será deliberada pela CPPD em reunião extraordinária, com quórum de, no mínimo, 50% (cinquenta por cento) dos membros e deliberação por maioria simples. § 2º A perda de mandato será seguida de publicação de Portaria com a nova composição com a designação do suplente para assumir como Titular. § 3º A perda de mandato implicará impedimento à candidatura à CPPD da eleição imediatamente seguinte à desvinculação da Comissão. CAPÍTULO VI DA ORGANIZAÇÃO ADMINISTRATIVA Seção I Seção I Da Comissão Permanente de Pessoal Docente Da Comissão Permanente de Pessoal Docente Art. 18. A Comissão terá presidente escolhido por seus pares, na primeira reunião ordinária, após designação dos membros. Parágrafo único. No caso de vacância da Presidência, assumirá o seu suplente. Art. 19. Compete ao presidente da CPPD: I - representar a CPPD no âmbito do IFPI ou em eventos externos; II - dirigir os","[""RESOLUÇÃO Nº 75-2024-Atualiza o Regimento Interno da Comissão Permanente de Pessoal Docente (CPPD), no âmbito do Instituto Federal de Educação, Ciência e Tecnologia do Piauí (IFPI) -REVOGADA PELA RESOLUÇÃO Nº 77_2024..pdf"", ""RESOLUÇÃO NORMATIVA Nº 217-2024-Atualiza o Regimento Interno da Comissão Permanente de Pessoal Docente (CPPD), no âmbito do Instituto Federal de Educação, Ciência e Tecnologia do Piauí (IFPI)..pdf"", ""RESOLUÇÃO NORMATIVA Nº 217-2024-Atualiza o Regimento Interno da Comissão Permanente de Pessoal Docente (CPPD), no âmbito do Instituto Federal de Educação, Ciência e Tecnologia do Piauí (IFPI)..pdf"", ""RESOLUÇÃO Nº 75-2024-Atualiza o Regimento Interno da Comissão Permanente de Pessoal Docente (CPPD), no âmbito do Instituto Federal de Educação, Ciência e Tecnologia do Piauí (IFPI) -REVOGADA PELA RESOLUÇÃO Nº 77_2024..pdf""]","[""RESOLUÇÃO Nº 75-2024-Atualiza o Regimento Interno da Comissão Permanente de Pessoal Docente (CPPD), no âmbito do Instituto Federal de Educação, Ciência e Tecnologia do Piauí (IFPI) -REVOGADA PELA RESOLUÇÃO Nº 77_2024..pdf"", ""RESOLUÇÃO NORMATIVA Nº 217-2024-Atualiza o Regimento Interno da Comissão Permanente de Pessoal Docente (CPPD), no âmbito do Instituto Federal de Educação, Ciência e Tecnologia do Piauí (IFPI)..pdf"", ""RESOLUÇÃO NORMATIVA Nº 217-2024-Atualiza o Regimento Interno da Comissão Permanente de Pessoal Docente (CPPD), no âmbito do Instituto Federal de Educação, Ciência e Tecnologia do Piauí (IFPI)..pdf"", ""RESOLUÇÃO Nº 75-2024-Atualiza o Regimento Interno da Comissão Permanente de Pessoal Docente (CPPD), no âmbito do Instituto Federal de Educação, Ciência e Tecnologia do Piauí (IFPI) -REVOGADA PELA RESOLUÇÃO Nº 77_2024..pdf"", ""RESOLUÇÃO NORMATIVA Nº 249-2025-Aprova o Regulamento do Núcleo de Estudos sobre Gênero, Diversidade e Sexualidade (NUGEDS), no âmbito  do Instituto Federal de Educação, Ciência e Tecnologia do Piauí (IFPI)..pdf"", ""RESOLUÇÃO NORMATIVA Nº 217-2024-Atualiza o Regimento Interno da Comissão Permanente de Pessoal Docente (CPPD), no âmbito do Instituto Federal de Educação, Ciência e Tecnologia do Piauí (IFPI)..pdf"", ""RESOLUÇÃO Nº 75-2024-Atualiza o Regimento Interno da Comissão Permanente de Pessoal Docente (CPPD), no âmbito do Instituto Federal de Educação, Ciência e Tecnologia do Piauí (IFPI) -REVOGADA PELA RESOLUÇÃO Nº 77_2024..pdf"", ""RESOLUÇÃO Nº 75-2024-Atualiza o Regimento Interno da Comissão Permanente de Pessoal Docente (CPPD), no âmbito do Instituto Federal de Educação, Ciência e Tecnologia do Piauí (IFPI) -REVOGADA PELA RESOLUÇÃO Nº 77_2024..pdf"", ""RESOLUÇÃO NORMATIVA Nº 217-2024-Atualiza o Regimento Interno da Comissão Permanente de Pessoal Docente (CPPD), no âmbito do Instituto Federal de Educação, Ciência e Tecnologia do Piauí (IFPI)..pdf"", ""RESOLUÇÃO NORMATIVA Nº 205-2024-Atualiza o Regulamento da Comissão Própria de Avaliação (CPA), do Instituto Federal de Educação, Ciência e Tecnologia do Piauí (IFPI)..pdf""]","[""RESOLUÇÃO Nº 75-2024-Atualiza o Regimento Interno da Comissão Permanente de Pessoal Docente (CPPD), no âmbito do Instituto Federal de Educação, Ciência e Tecnologia do Piauí (IFPI) -REVOGADA PELA RESOLUÇÃO Nº 77_2024..pdf"", ""RESOLUÇÃO NORMATIVA Nº 217-2024-Atualiza o Regimento Interno da Comissão Permanente de Pessoal Docente (CPPD), no âmbito do Instituto Federal de Educação, Ciência e Tecnologia do Piauí (IFPI)..pdf"", ""RESOLUÇÃO NORMATIVA Nº 217-2024-Atualiza o Regimento Interno da Comissão Permanente de Pessoal Docente (CPPD), no âmbito do Instituto Federal de Educação, Ciência e Tecnologia do Piauí (IFPI)..pdf"", ""RESOLUÇÃO Nº 75-2024-Atualiza o Regimento Interno da Comissão Permanente de Pessoal Docente (CPPD), no âmbito do Instituto Federal de Educação, Ciência e Tecnologia do Piauí (IFPI) -REVOGADA PELA RESOLUÇÃO Nº 77_2024..pdf"", ""RESOLUÇÃO NORMATIVA Nº 249-2025-Aprova o Regulamento do Núcleo de Estudos sobre Gênero, Diversidade e Sexualidade (NUGEDS), no âmbito  do Instituto Federal de Educação, Ciência e Tecnologia do Piauí (IFPI)..pdf"", ""RESOLUÇÃO NORMATIVA Nº 217-2024-Atualiza o Regimento Interno da Comissão Permanente de Pessoal Docente (CPPD), no âmbito do Instituto Federal de Educação, Ciência e Tecnologia do Piauí (IFPI)..pdf"", ""RESOLUÇÃO Nº 75-2024-Atualiza o Regimento Interno da Comissão Permanente de Pessoal Docente (CPPD), no âmbito do Instituto Federal de Educação, Ciência e Tecnologia do Piauí (IFPI) -REVOGADA PELA RESOLUÇÃO Nº 77_2024..pdf"", ""RESOLUÇÃO Nº 75-2024-Atualiza o Regimento Interno da Comissão Permanente de Pessoal Docente (CPPD), no âmbito do Instituto Federal de Educação, Ciência e Tecnologia do Piauí (IFPI) -REVOGADA PELA RESOLUÇÃO Nº 77_2024..pdf"", ""RESOLUÇÃO NORMATIVA Nº 217-2024-Atualiza o Regimento Interno da Comissão Permanente de Pessoal Docente (CPPD), no âmbito do Instituto Federal de Educação, Ciência e Tecnologia do Piauí (IFPI)..pdf"", ""RESOLUÇÃO NORMATIVA Nº 205-2024-Atualiza o Regulamento da Comissão Própria de Avaliação (CPA), do Instituto Federal de Educação, Ciência e Tecnologia do Piauí (IFPI)..pdf""]",2.0,2.0,0.5,0.5,0.0,1.0,1.0,1.0,0.0,1.0,1.0,1.0,1.0,10,10,4,4.5248
1,43,bm25,"RESOLUÇÃO Nº 27-2024-Aprova  a criação do curso de Qualificação Profissional, de Formação Inicial e Continuada (FIC) em Aquicultor, no âmbito do IFPI e Anexo.pdf",Quantas vagas são ofertadas no curso FIC em Aquicultor?,O curso FIC em Aquicultor oferta 40 vagas.,Não encontrei essa informação no contexto fornecido.,"[Trecho 1 | Fonte: RESOLUÇÃO NORMATIVA Nº 195-2024-Atualiza a Política de Cotas e  os procedimentos do Processo de  Heteroidentificação para ingresso nos cursos técnicos e de graduação, no âmbito do IFPI.pdf]
ofertadas e as vagas estabelecidas nos incisos I e II. § 1º As vagas previstas no inciso I deste ar@go serão distribuídas conforme especificação dos incisos I, II e III do Art. 6º. CAPÍTULO III DA MODALIDADE DE RESERVA DE VAGAS Art. 5º A reserva de vagas nos editais de processos sele@vos regulares dos cursos e modalidades previstos no Art. 3º, por curso e turno, para autodeclarados pretos, pardos, indígenas (PPI) e quilombolas e para Pessoas com Deﬁciência (PcD), serão preenchidas, nos termos da legislação, em proporção ao total de vagas, sendo que o mínimo será igual à soma de pretos, pardos, indígenas e quilombolas e de pessoas com deﬁciência do Estado do Piauí, segundo o úl@mo Censo Demográﬁco divulgado pelo Instituto Brasileiro de Geografia e Estatística (IBGE). I - deﬁne-se o total de vagas por curso e turno a ser ofertado no concurso seletivo; II - reserva-se o percentual mínimo de 50% (cinquenta por cento) do total de vagas deﬁnido no inciso I, por curso e turno, para os estudantes que tenham cursado integralmente o ensino fundamental ou médio, conforme o caso, em escolas públicas; III - reserva-se o percentual de 50% (cinquenta por cento) do total de vagas apurado após a aplicação da regra do inciso II, por curso e turno, para os estudantes com renda familiar bruta igual ou inferior a 1 (um) salário-mínimo per capita, e tendo em vista as vagas resultantes deste inciso, determinam-se as reservas de vagas menor renda conforme o que segue: a) sobre o número calculado

[Trecho 2 | Fonte: RESOLUÇÃO NORMATIVA Nº 195-2024-Atualiza a Política de Cotas e  os procedimentos do Processo de  Heteroidentificação para ingresso nos cursos técnicos e de graduação, no âmbito do IFPI.pdf]
III do caput; III - alínea ""c"" do inciso III do caput; IV - alínea ""d"" do inciso III do caput; V - alínea ""a"" do inciso IV do caput; VI - alínea ""c"" do inciso IV do caput; e VII - alínea ""d"" do inciso IV do caput. Art. 7º É reservado o percentual mínimo de 5% do número de vagas ofertadas no concurso sele@vo, por curso e por turno, aos estudantes com deﬁciência, independente da origem escolar, raça/etnia ou renda. § 1º Sempre que a aplicação do percentual para a apuração da reserva de vagas de que trata o caput caput implicar resultados com decimais, será adotado o número inteiro imediatamente superior. CAPÍTULO IV § 1º Os estudantes que concorram às vagas reservadas de que trata esta resolução, que, na classiﬁcação geral referida no Art. 8º, tenham nota para serem selecionados dentro do número de vagas ofertadas por curso, turno e local de oferta da instituição, serão classificados na modalidade de ampla concorrência. § 2º Os estudantes que concorram às vagas reservadas e não sejam selecionados nos termos do § 1º deste artigo serão classificados na seguinte ordem: I - integralmente em escola pública, independentemente de renda; II - integralmente em escola pública, independentemente de renda, que sejam pessoas com deficiência; III - integralmente em escola pública, independentemente de renda, que se autodeclarem quilombolas; IV - integralmente em escola pública, independentemente de renda, que se autodeclarem pretos, pardos ou indígenas; V - integralmente em escola pública,

[Trecho 3 | Fonte: RESOLUÇÃO Nº 16-2025-Atualiza  a Reformulação do Curso Técnico de Nível Médio em Cuidados de Idosos, no âmbito do Instituto Federal de Educação, Ciência e Tecnologia do Piauí (IFPI) e Anexo..pdf]
com as capacidades físicas e técnicas do Campus. Serão oferecidas 40 (quarenta) vagas por semestre, podendo esse número ser modificado conforme proposição do Conselho Superior - CONSUP, visando adequar-se às necessidades da Instituição. 3.2 Chamadas Públicas Caso não ocorra o preenchimento de todas as vagas ofertadas no processo seletivo, será realizado processo de Chamada Pública, com a seleção de candidatos para provimento das vagas remanescentes, respeitando-se a quantidade de vagas oferecidas em cada processo. 3.3 Políticas Institucionais no Âmbito do Curso O curso Técnico em Cuidados de Idosos, pretende uma formação integral do aluno e, para tanto, estes deverão entrar em contato com o meio onde deverão atuar, experimentando, ainda no decorrer de sua formação, as realidades, os problemas e as atividades relacionadas à sua futura profissão. Nesse sentido, o curso busca oferecer oportunidades de intercâmbio de conhecimento entre os alunos e as diversas instituições públicas ou privadas que atuam na área de assitência ao idoso como as Instituições de Longa Permanência (ILP), por meio de visitas técnicas, que proporcionam experiências valiosas. As políticas de ensino da instituição pautam-se pela busca da expansão da sua área de atuação para os níveis mais elevados de ensino, investimento na qualificação docente, melhoria da infraestrutura e atualização de seus cursos e currículos. Para além, no âmbito do curso Técnico em Cuidados de Idosos, as ações materializam-se por

[Trecho 4 | Fonte: RESOLUÇÃO Nº 13-2024-Aprova a Criação do Curso de Qualificação Profissional em Relações Étnico-Raciais, no âmbito do Instituto Federal de Educação, Ciência e Tecnologia do Piauí (IFPI) e Anexo..pdf]
tenham renda familiar bruta per capita igual ou inferior a 1,5 salário mínimo e que tenham cursado integralmente o ensino médio em escolas públicas (Lei nº14.723/2023); ● Candidatos com deficiência autodeclarados pretos, pardos ou indígenas que, independentemente da renda (art. 14, II, Portaria Normativa nº 18/2012), tenham cursado integralmente o ensino médio em escolas públicas (Lei nº 14.723/2023). Além da política de cotas, o IFPI adota, como ação afirmativa própria, uma reserva de vagas de 5% para estudantes com deficiência (PcD) que não são egressos da escola pública, conforme Resolução Normativa nº 195/2024 - CONSUP/OSUPCOL/REI/IFPI, de 18 de janeiro de 2024, que atualiza a Política de Cotas e os procedimentos de heteroidentificação para ingresso nos Cursos Técnicos e de Graduação, no âmbito do IFPI. Chamadas Públicas Caso não ocorra o preenchimento de todas as vagas ofertadas no processo seletivo, será realizado processo de Chamada Pública, com a seleção de candidatos para provimento das vagas remanescentes com base na maior nota obtida pelo candidato na avaliação de titulos seguindo a tabela de pontuação posteriormente públicada. Processo Pedagógico A proposta será desenvolvida de forma virtual por meio da educação a distância(EAD), havendo etapas remotas; o curso está organizado três(03) disciplinas/ módulo de 40h e duas (02) disciplinas/módulos de 30h, totalizando 180 horas; cada módulo aborda um eixo temático (descritos abaixo), sendo compostos por vários","[""RESOLUÇÃO NORMATIVA Nº 195-2024-Atualiza a Política de Cotas e  os procedimentos do Processo de  Heteroidentificação para ingresso nos cursos técnicos e de graduação, no âmbito do IFPI.pdf"", ""RESOLUÇÃO NORMATIVA Nº 195-2024-Atualiza a Política de Cotas e  os procedimentos do Processo de  Heteroidentificação para ingresso nos cursos técnicos e de graduação, no âmbito do IFPI.pdf"", ""RESOLUÇÃO Nº 16-2025-Atualiza  a Reformulação do Curso Técnico de Nível Médio em Cuidados de Idosos, no âmbito do Instituto Federal de Educação, Ciência e Tecnologia do Piauí (IFPI) e Anexo..pdf"", ""RESOLUÇÃO Nº 13-2024-Aprova a Criação do Curso de Qualificação Profissional em Relações Étnico-Raciais, no âmbito do Instituto Federal de Educação, Ciência e Tecnologia do Piauí (IFPI) e Anexo..pdf""]","[""RESOLUÇÃO NORMATIVA Nº 195-2024-Atualiza a Política de Cotas e  os procedimentos do Processo de  Heteroidentificação para ingresso nos cursos técnicos e de graduação, no âmbito do IFPI.pdf"", ""RESOLUÇÃO NORMATIVA Nº 195-2024-Atualiza a Política de Cotas e  os procedimentos do Processo de  Heteroidentificação para ingresso nos cursos técnicos e de graduação, no âmbito do IFPI.pdf"", ""RESOLUÇÃO Nº 16-2025-Atualiza  a Reformulação do Curso Técnico de Nível Médio em Cuidados de Idosos, no âmbito do Instituto Federal de Educação, Ciência e Tecnologia do Piauí (IFPI) e Anexo..pdf"", ""RESOLUÇÃO Nº 13-2024-Aprova a Criação do Curso de Qualificação Profissional em Relações Étnico-Raciais, no âmbito do Instituto Federal de Educação, Ciência e Tecnologia do Piauí (IFPI) e Anexo..pdf"", ""CURSO_SUPERIOR_DE_TECNOLOGIA_EM_ANÁLISE_E_DESENVOLVIMENTO_DE_SISTEMAS.pdf"", ""RESOLUÇÃO NORMATIVA Nº 208-2024-Aprova a revisão do Plano de Desenvolvimento Institucional (PDI), 2020-2024, do IFPI e Anexo.pdf"", ""RESOLUÇÃO NORMATIVA Nº 241-2025-Aprova a Prestação de Contas Ordinária Anual, através do Relatório de Gestão, exercício 2024, do IFPI e Anexo.pdf"", ""RESOLUÇÃO Nº 44-2024 -Aprova a criação do Curso Superior de Tecnologia em Marketing, no IFPI e Anexo.pdf"", ""RESOLUÇÃO Nº 128-2024-Aprova a Criação do Curso Superior de Tecnologia em Sistemas para Internet, no âmbito do Instituto Federal de Educação, Ciência e Tecnologia do Piauí (IFPI) e Anexo.pdf"", ""RESOLUÇÃO Nº 44-2024 -Aprova a criação do Curso Superior de Tecnologia em Marketing, no IFPI e Anexo.pdf""]","[""RESOLUÇÃO NORMATIVA Nº 195-2024-Atualiza a Política de Cotas e  os procedimentos do Processo de  Heteroidentificação para ingresso nos cursos técnicos e de graduação, no âmbito do IFPI.pdf"", ""RESOLUÇÃO NORMATIVA Nº 195-2024-Atualiza a Política de Cotas e  os procedimentos do Processo de  Heteroidentificação para ingresso nos cursos técnicos e de graduação, no âmbito do IFPI.pdf"", ""RESOLUÇÃO Nº 16-2025-Atualiza  a Reformulação do Curso Técnico de Nível Médio em Cuidados de Idosos, no âmbito do Instituto Federal de Educação, Ciência e Tecnologia do Piauí (IFPI) e Anexo..pdf"", ""RESOLUÇÃO Nº 13-2024-Aprova a Criação do Curso de Qualificação Profissional em Relações Étnico-Raciais, no âmbito do Instituto Federal de Educação, Ciência e Tecnologia do Piauí (IFPI) e Anexo..pdf"", ""CURSO_SUPERIOR_DE_TECNOLOGIA_EM_ANÁLISE_E_DESENVOLVIMENTO_DE_SISTEMAS.pdf"", ""RESOLUÇÃO NORMATIVA Nº 208-2024-Aprova a revisão do Plano de Desenvolvimento Institucional (PDI), 2020-2024, do IFPI e Anexo.pdf"", ""RESOLUÇÃO NORMATIVA Nº 241-2025-Aprova a Prestação de Contas Ordinária Anual, através do Relatório de Gestão, exercício 2024, do IFPI e Anexo.pdf"", ""RESOLUÇÃO Nº 44-2024 -Aprova a criação do Curso Superior de Tecnologia em Marketing, no IFPI e Anexo.pdf"", ""RESOLUÇÃO Nº 128-2024-Aprova a Criação do Curso Superior de Tecnologia em Sistemas para Internet, no âmbito do Instituto Federal de Educação, Ciência e Tecnologia do Piauí (IFPI) e Anexo.pdf"", ""RESOLUÇÃO Nº 44-2024 -Aprova a criação do Curso Superior de Tecnologia em Marketing, no IFPI e Anexo.pdf""]",,,0.0,0.0,0.0,0.0,0.0,0.0,0.0,0.0,0.0,0.0,0.0,10,10,4,2.7018
1,43,bm25,"RESOLUÇÃO Nº 27-2024-Aprova  a criação do curso de Qualificação Profissional, de Formação Inicial e Continuada (FIC) em Aquicultor, no âmbito do IFPI e Anexo.pdf",Qual é a forma de acesso ao curso FIC em Aquicultor?,A forma de acesso ao curso FIC em Aquicultor é por meio de sorteio.,"O acesso para o curso FIC será por meio de edital de seleção, e o processo seletivo ocorrerá através de prova escrita específica.","[Trecho 1 | Fonte: RESOLUÇÃO Nº 56-2024-Aprova a criação do Curso de Qualificação Profissional, de Formação Inicial e Continuada (FIC), em Cadista para Construção Civil, no IFPI e Anexo.pdf]
e dos indivíduos, atuação em bases científicas. Nunca o conhecimento foi tão indispensável. De forma especial, o IFPI, Campus Floriano entende que a oferta de cursos FIC na área de Infraestrutura, em particular o de Cadista para a Construção Civil, é de suma importância para o desenvolvimento local e regional. Tendo em vista os fatos supracitados, este PPC justifica-se por desenvolver um curso FIC de Cadista para a Construção Civil que visa preparar os estudantes para atender a essa demanda crescente, fornecendo-lhes as habilidades e conhecimentos necessários para ter sucesso no mercado de trabalho regional. 5. OBJETIVOS DO CURSO 5.1 OBJETIVO GERAL  Capacitar o aluno a utilizar ferramentas computacionais para realizar desenhos da construção civil. 5.2 OBJETIVOS ESPECÍFICOS  Conhecer as normas relacionadas ao desenho na área da construção civil.  Realizar levantamentos e desenho de croqui.  Representar graficamente projetos de edificações, de acordo com as normas e procedimentos técnicos de qualidade.  Utilizar software (CAD) para representação em duas dimensões. 6. PÚBLICO-ALVO O Curso FIC de CADISTA PARA A CONSTRUÇÃO CIVIL, na modalidade presencial, é destinada a comunidade em geral, alunos e servidores do IFPI do Município de Floriano e região, que tenham concluído o Ensino Fundamental. 7. REQUISITOS E FORMAS DE ACESSO O acesso para o referido curso FIC será por meio de edital de seleção. O processo seletivo ocorrerá através de prova escrita específica, em atendimento

[Trecho 2 | Fonte: RESOLUÇÃO Nº 55-2024-Aprova a criação do Curso de Qualificação Profissional, de Formação Inicial e Continuada (FIC), em Inglês aplicado a serviços turísticos, no IFPI e Anexo.pdf]
inglesa em nível básico, no setor turístico, com vistas a atender às demandas e expectativas dos clientes de forma a atendê-los com objetividade e cordialidade. 5.2 OBJETIVOS ESPECÍFICOS  Esclarecer dúvidas usuais no setor turístico e apresentar as principais informações referentes à região em que atua;  Compreender e produzir gêneros textuais básicos do setor turístico;  Reconhecer variações culturais e linguísticas do universo em inglês;  Usar estruturas da língua inglesa em situações comunicativas reais. 6. PÚBLICO-ALVO O Curso FIC de Inglês Aplicado a Serviços Turísticos, na modalidade presencial, é destinada a comunidade em geral, alunos e servidores do IFPI do Município de Floriano e região. 7. REQUISITOS E FORMAS DE ACESSO O acesso para o referido curso FIC será por meio de edital de seleção. O processo seletivo ocorrerá através de prova escrita específica, em atendimento à legislação vigente conforme edital específico a ser lançado por Comissão Designada pela Diretoria Geral do IFPI, Campus Floriano. 8. PERFIL PROFISSIONAL DE CONCLUSÃO Consoante o Guia Pronatec de Cursos FIC, após a conclusão do curso FIC de Inglês Aplicado a Serviços Turísticos, o concluinte deverá ser capaz de: compreender e produzir mensagens orais e escritas em língua inglesa em nível básico, no setor turístico, com vistas a atender às demandas e expectativas dos clientes de forma a atendê-lo com objetividade e cordialidade. Esclarecer dúvidas usuais no setor turístico e apresentar as

[Trecho 3 | Fonte: RESOLUÇÃO Nº 52-2024-Aprova a criação do Curso de Qualificação Profissional, de Formação Inicial e Continuada (FIC), em Redator de Textos Técnicos, no IFPI e Anexo.pdf]
incluindo-o em um cenário de aquisição de conhecimentos possibilitadores de acesso à empregos nos meios de comunicação e marketing. Considerando-se também que, ao escrever melhor, o egresso terá maiores chances no ingresso e permanência no mercado de trabalho. 4. JUSTIFICATIVA DA OFERTA Ao se olhar para o atual contexto social, percebe-se que a demanda por redatores de textos técnicos é crescente em diversos setores da economia, uma vez que a comunicação eficaz é essencial para a disseminação e compreensão de informações especializadas. Dessa forma, a execução de um curso FIC de Redator de Textos Técnicos se torna uma necessidade premente para Floriano, região e o Brasil. O intuito do IFPI, Campus Floriano é ofertar um curso que contribua para uma formação especializada na produção de textos que transmitem informações técnicas de maneira clara e objetiva. Com as constantes inovações tecnológicas e avanços em diversas áreas, é fundamental que existam profissionais capazes de traduzir conceitos complexos em linguagem acessível, facilitando o entendimento tanto para especialistas quanto para o público leigo. Além disso, a execução do supracitado curso preenche uma lacuna no mercado de trabalho local, fornecendo profissionais qualificados para atender às demandas específicas de empresas, veículos de comunicação e instituições que necessitam de documentação técnica, bem redigida e com base científica. Por fim, a execução desse curso FIC irá contribuir para o desenvolvimento

[Trecho 4 | Fonte: RESOLUÇÃO Nº 54-2024-Aprova a criação do curso de Qualificação Profissional, FIC, em Inglês Intermediário, no IFPI e Anexo.pdf]
profissional aos estudantes, bem como ampliar a qualificação daqueles que já concluíram algum curso de Inglês Básico. 5.2 OBJETIVOS ESPECÍFICOS  Ampliar o conhecimento do idioma;  Dominar a utilização de expressões familiares e cotidianas, bem como enunciados simples, que visam a satisfazer necessidades concretas;  Aprofundar nas funções linguísticas e estruturas básicas da língua e aplicá-las à comunicação oral e escrita: fazer perguntas, dar respostas sobre aspectos pessoais, como, por exemplo, falar sobre o lugar onde mora e sobre a rotina diária;  Compreender e produzir textos orais e escritos em inglês em nível intermediário;  Ler e interpretar pequenos textos e comentá-los. 6. PÚBLICO-ALVO O Curso FIC de Inglês Aplicado a Serviços Turísticos, na modalidade presencial, é destinada a comunidade em geral, alunos e servidores do IFPI do Município de Floriano e região, que tenham concluído o Ensino Fundamental. 7. REQUISITOS E FORMAS DE ACESSO O acesso para o referido curso FIC será por meio de edital de seleção. O processo seletivo ocorrerá através de prova escrita específica, em atendimento à legislação vigente conforme edital específico a ser lançado por Comissão Designada pela Diretoria Geral do IFPI, Campus Floriano. 8. PERFIL PROFISSIONAL DE CONCLUSÃO Após a conclusão do curso FIC de Inglês Intermediário, espera-se que o concluinte apresente condições plenas para:  Compreender frases isoladas e expressões frequentes relacionadas com áreas de prioridade imediata","[""RESOLUÇÃO Nº 56-2024-Aprova a criação do Curso de Qualificação Profissional, de Formação Inicial e Continuada (FIC), em Cadista para Construção Civil, no IFPI e Anexo.pdf"", ""RESOLUÇÃO Nº 55-2024-Aprova a criação do Curso de Qualificação Profissional, de Formação Inicial e Continuada (FIC), em Inglês aplicado a serviços turísticos, no IFPI e Anexo.pdf"", ""RESOLUÇÃO Nº 52-2024-Aprova a criação do Curso de Qualificação Profissional, de Formação Inicial e Continuada (FIC), em Redator de Textos Técnicos, no IFPI e Anexo.pdf"", ""RESOLUÇÃO Nº 54-2024-Aprova a criação do curso de Qualificação Profissional, FIC, em Inglês Intermediário, no IFPI e Anexo.pdf""]","[""RESOLUÇÃO Nº 56-2024-Aprova a criação do Curso de Qualificação Profissional, de Formação Inicial e Continuada (FIC), em Cadista para Construção Civil, no IFPI e Anexo.pdf"", ""RESOLUÇÃO Nº 55-2024-Aprova a criação do Curso de Qualificação Profissional, de Formação Inicial e Continuada (FIC), em Inglês aplicado a serviços turísticos, no IFPI e Anexo.pdf"", ""RESOLUÇÃO Nº 52-2024-Aprova a criação do Curso de Qualificação Profissional, de Formação Inicial e Continuada (FIC), em Redator de Textos Técnicos, no IFPI e Anexo.pdf"", ""RESOLUÇÃO Nº 54-2024-Aprova a criação do curso de Qualificação Profissional, FIC, em Inglês Intermediário, no IFPI e Anexo.pdf"", ""RESOLUÇÃO Nº 55-2024-Aprova a criação do Curso de Qualificação Profissional, de Formação Inicial e Continuada (FIC), em Inglês aplicado a serviços turísticos, no IFPI e Anexo.pdf"", ""RESOLUÇÃO Nº 52-2024-Aprova a criação do Curso de Qualificação Profissional, de Formação Inicial e Continuada (FIC), em Redator de Textos Técnicos, no IFPI e Anexo.pdf"", ""RESOLUÇÃO Nº 38-2025-Aprova a Reformulação do Projeto Pedagógico do Curso de Qualificação Profissional em Intérprete Instrumentista - Violão, no IFPI e Anexo.pdf"", ""RESOLUÇÃO NORMATIVA Nº 208-2024-Aprova a revisão do Plano de Desenvolvimento Institucional (PDI), 2020-2024, do IFPI e Anexo.pdf"", ""RESOLUÇÃO Nº 20-2024-Aprova  a criação do curso de Qualificação Profissional, de Formação Inicial e Continuada (FIC) em Pizzaiolo, no âmbito do IFPI e Anexo.pdf"", ""RESOLUÇÃO Nº 56-2024-Aprova a criação do Curso de Qualificação Profissional, de Formação Inicial e Continuada (FIC), em Cadista para Construção Civil, no IFPI e Anexo.pdf""]","[""RESOLUÇÃO Nº 56-2024-Aprova a criação do Curso de Qualificação Profissional, de Formação Inicial e Continuada (FIC), em Cadista para Construção Civil, no IFPI e Anexo.pdf"", ""RESOLUÇÃO Nº 55-2024-Aprova a criação do Curso de Qualificação Profissional, de Formação Inicial e Continuada (FIC), em Inglês aplicado a serviços turísticos, no IFPI e Anexo.pdf"", ""RESOLUÇÃO Nº 52-2024-Aprova a criação do Curso de Qualificação Profissional, de Formação Inicial e Continuada (FIC), em Redator de Textos Técnicos, no IFPI e Anexo.pdf"", ""RESOLUÇÃO Nº 54-2024-Aprova a criação do curso de Qualificação Profissional, FIC, em Inglês Intermediário, no IFPI e Anexo.pdf"", ""RESOLUÇÃO Nº 55-2024-Aprova a criação do Curso de Qualificação Profissional, de Formação Inicial e Continuada (FIC), em Inglês aplicado a serviços turísticos, no IFPI e Anexo.pdf"", ""RESOLUÇÃO Nº 52-2024-Aprova a criação do Curso de Qualificação Profissional, de Formação Inicial e Continuada (FIC), em Redator de Textos Técnicos, no IFPI e Anexo.pdf"", ""RESOLUÇÃO Nº 38-2025-Aprova a Reformulação do Projeto Pedagógico do Curso de Qualificação Profissional em Intérprete Instrumentista - Violão, no IFPI e Anexo.pdf"", ""RESOLUÇÃO NORMATIVA Nº 208-2024-Aprova a revisão do Plano de Desenvolvimento Institucional (PDI), 2020-2024, do IFPI e Anexo.pdf"", ""RESOLUÇÃO Nº 20-2024-Aprova  a criação do curso de Qualificação Profissional, de Formação Inicial e Continuada (FIC) em Pizzaiolo, no âmbito do IFPI e Anexo.pdf"", ""RESOLUÇÃO Nº 56-2024-Aprova a criação do Curso de Qualificação Profissional, de Formação Inicial e Continuada (FIC), em Cadista para Construção Civil, no IFPI e Anexo.pdf""]",,,0.0,0.0,0.0,0.0,0.0,0.0,0.0,0.0,0.0,0.0,0.0,10,10,4,3.5644
1,43,tfidf,CURSO_SUPERIOR_DE_TECNOLOGIA_EM_ANÁLISE_E_DESENVOLVIMENTO_DE_SISTEMAS.pdf,Em que ano o Curso Superior de Tecnologia em Análise e Desenvolvimento de Sistemas foi criado no Campus de Picos?,O Curso Superior de Tecnologia em Análise e Desenvolvimento de Sistemas foi criado no Campus de Picos em 2013.,O Curso Superior de Tecnologia em Análise e Desenvolvimento de Sistemas foi criado no Campus de Picos em 2013.,"[Trecho 1 | Fonte: CURSO_SUPERIOR_DE_TECNOLOGIA_EM_ANÁLISE_E_DESENVOLVIMENTO_DE_SISTEMAS.pdf]
do ano referido, com uma oferta de 64 vagas, distribuídas igualmente entres os turnos tarde e noite. Os cursos de Tecnologia da Informação foram aperfeiçoados e receberam outra denominação: Análise e Desenvolvimento de Sistemas. Em 2002 foi autorizado a criação do Curso Superior de Tecnologia em Análise e Desenvolvimento de Sistemas no Campus Teresina Central, em 2006 no Campus de Floriano, em 2013 no Campus de Picos, 2018 no Campus de Corrente, 2020 no Campus de Pedro II e o mais recente em Parnaíba que iniciou em 2022. 1.7 Justificativa de Oferta do Curso e demandas sociais no mundo do trabalho A identificação das necessidades de conhecimento, habilidades e atitudes apresenta-se como uma preocupação permanente das áreas/instituições envolvidas com a oferta de produtos/serviços de sistemas e processos de gestão empresarial. Independente do seu porte, não importando a área de atuação, as empresas necessitam de sistemas de informação para controlar e automatizar o fluxo de informação entre os seus setores internos, prestadores de serviços, fornecedores e apoio à decisão. Nesse sentido, o Curso Superior de Tecnologia em Análise e Desenvolvimento de Sistemas (ADS) contribuirá com essa demanda de profissionais para atuar no projeto e implementação de Sistemas de Informação de acordo com as necessidades institucionais, que coordenam as infraestruturas de tecnologia da informação, elaborando políticas e diretrizes a partir da análise de necessidades e, que, atuem na forma de

[Trecho 2 | Fonte: RESOLUÇÃO Nº 98-2025-Aprova a reformulação do Curso Técnico em Informática para Internet Integrado ao Ensino Médio, no âmbito do IFPI e Anexo.pdf]
de sistemas • Departamento de desenvolvimento de sistemas em organizações governamentais e não governamentais • Empresas de consultoria em sistemas • Empresas de Help-Desk • Empresas de soluções em análise de dados • Profissional autônomo • Ocupações CBO Associadas 3171 - Técnicos de Desenvolvimento de Sistemas e Aplicações • 3172 - Técnicos em Operação e Monitoração de Computadores • Itinerários Formativos Sugestões de formação continuada em cursos de especialização técnica (pós-técnico): Especialização Técnica em Desenvolvimento de Aplicações para Dispositivos Móveis • Especialização Técnica em Desenvolvimento de Comércio Eletrônico • Especialização Técnica em Segurança da Informação • Especialização Técnica em Desenvolvimento de Aplicações para Inteligência Artificial • Especialização Técnica em Desenvolvimento de Aplicações para Internet das Coisas • Especialização Técnica em Desenvolvimento de Aplicações para Machine Learning • Especialização Técnica em Desenvolvimento de Aplicações para Ciência de Dados • Especialização Técnica em Desenvolvimento de Aplicações para Analytics • Sugestões de verticalização para cursos de graduação (Curso Superior de Tecnologia, Bacharelado e Licenciatura): Curso Superior de Tecnologia em Análise e Desenvolvimento de Sistemas • Curso Superior de Tecnologia em Gestão de Tecnologia da Informação • Curso Superior de Tecnologia em Banco de Dados • Curso Superior de Tecnologia em Jogos Digitais • Curso Superior de Tecnologia em Segurança da

[Trecho 3 | Fonte: CURSO_SUPERIOR_DE_TECNOLOGIA_EM_ANÁLISE_E_DESENVOLVIMENTO_DE_SISTEMAS.pdf]
campi em Pedro II, Oeiras e São João; e, em 2014, houve a inauguração dos campi de Campo Maior, Valença e Cocal. Nesse período, foi criado também o Programa Nacional de Acesso ao Ensino Técnico e ao Emprego (Pronatec), reforçando o desenvolvimento e a interiorização da educação profissional. Em 2014, foram publicadas as portarias de criação dos Campi Avançados Dirceu Arcoverde e Pio IX. Nesse mesmo ano, foi realizado o I Fórum das Licenciaturas, realizado em Parnaíba. Em 2015, a sede da Reitoria foi inaugurada, constituindo-se na unidade organizacional executiva central, responsável pela administração e supervisão de todas as atividades do Instituto Federal do Piauí. Atualmente, o IFPI conta um total de 20 Campi, distribuídos em 17 cidades, em todos os territórios de desenvolvimento do estado do Piauí. Desse total, 17 Campi ofertam ensino superior. São eles: Campus Angical, Campus Campo Maior, Campus Cocal, Campus Corrente, Campus Floriano, Campus Oeiras, Campus Parnaíba, Campus Paulistana, Campus Pedro II, Campus Picos, Campus Piripirí, Campus São João do Piauí, Campus São Raimundo Nonato, Campus Teresina Central, Campus Teresina Zona Sul, Campus Uruçuí e Campus Valença. O IFPI possui, no momento, 58 cursos superiores presenciais, 3 cursos superiores a distância, 4 mestrados e 11 cursos de especialização em funcionamento em 2022. As licenciaturas apresentam 5.110 matrículas e correspondem a 18,5% das matrículas da instituição. Uma média de 84% dos alunos do ensino superior

[Trecho 4 | Fonte: RESOLUÇÃO Nº 79-2025-Aprova a Reformulação do Curso de Licenciatura Intercultural Indígena, do PARFOR EQUIDADE, no âmbito do Instituto Federal de Educação, Ciência e Tecnologia do Piauí (IFPI) e Anexo.pdf]
IFPI com a inauguração dos seguintes campi: Angical, Corrente, Piripiri, Paulistana, São Raimundo Nonato e Uruçuí. Em 2012, foram inaugurados campi em Pedro II, Oeiras e São João; e, em 2014, houve a inauguração dos campi de Campo Maior, Valença e Cocal. Nesse período, foi criado também o Programa Nacional de Acesso ao Ensino Técnico e ao Emprego (Pronatec), reforçando o desenvolvimento e a interiorização da educação profissional. Em 2014, foram publicadas as portarias de criação dos Campi Avançados Dirceu Arcoverde e Pio IX. Nesse mesmo ano, foi realizado o I Fórum das Licenciaturas, em Parnaíba. Em 2015, a sede da Reitoria foi inaugurada, constituindo-se na unidade organizacional executiva central, responsável pela administração e supervisão de todas as atividades do Instituto Federal do Piauí. Atualmente, o IFPI conta com um total de 20 campi, distribuídos em 17 cidades, em todos os territórios de desenvolvimento do Estado do Piauí. Desse total, 17 campi ofertam ensino superior. São eles: Campus Angical, Campus Campo Maior, Campus Cocal, Campus Corrente, Campus Floriano, Campus Oeiras, Campus Parnaíba, Campus Paulistana, Campus Pedro II, Campus Picos, Campus Piripiri, Campus São João do Piauí, Campus São Raimundo Nonato, Campus Teresina Central, Campus Teresina Zona Sul, Campus Uruçuí e Campus Valença. O IFPI possui, no momento, 63(sessenta e três) cursos superiores presenciais, 4 (quatro) cursos superiores a distância, 5 (cinco) mestrados e 17 (dezessete) cursos de","[""CURSO_SUPERIOR_DE_TECNOLOGIA_EM_ANÁLISE_E_DESENVOLVIMENTO_DE_SISTEMAS.pdf"", ""RESOLUÇÃO Nº 98-2025-Aprova a reformulação do Curso Técnico em Informática para Internet Integrado ao Ensino Médio, no âmbito do IFPI e Anexo.pdf"", ""CURSO_SUPERIOR_DE_TECNOLOGIA_EM_ANÁLISE_E_DESENVOLVIMENTO_DE_SISTEMAS.pdf"", ""RESOLUÇÃO Nº 79-2025-Aprova a Reformulação do Curso de Licenciatura Intercultural Indígena, do PARFOR EQUIDADE, no âmbito do Instituto Federal de Educação, Ciência e Tecnologia do Piauí (IFPI) e Anexo.pdf""]","[""CURSO_SUPERIOR_DE_TECNOLOGIA_EM_ANÁLISE_E_DESENVOLVIMENTO_DE_SISTEMAS.pdf"", ""RESOLUÇÃO Nº 98-2025-Aprova a reformulação do Curso Técnico em Informática para Internet Integrado ao Ensino Médio, no âmbito do IFPI e Anexo.pdf"", ""CURSO_SUPERIOR_DE_TECNOLOGIA_EM_ANÁLISE_E_DESENVOLVIMENTO_DE_SISTEMAS.pdf"", ""RESOLUÇÃO Nº 79-2025-Aprova a Reformulação do Curso de Licenciatura Intercultural Indígena, do PARFOR EQUIDADE, no âmbito do Instituto Federal de Educação, Ciência e Tecnologia do Piauí (IFPI) e Anexo.pdf"", ""RESOLUÇÃO Nº 44-2024 -Aprova a criação do Curso Superior de Tecnologia em Marketing, no IFPI e Anexo.pdf"", ""RESOLUÇÃO Nº 57-2024-Aprova a Criação do Curso de Especialização Técnica de Nível Médio em Hidrogênio Verde, no IFPI e Anexo.pdf"", ""RESOLUÇÃO Nº 16-2025-Atualiza  a Reformulação do Curso Técnico de Nível Médio em Cuidados de Idosos, no âmbito do Instituto Federal de Educação, Ciência e Tecnologia do Piauí (IFPI) e Anexo..pdf"", ""RESOLUÇÃO Nº 99-2025-Aprova a Reformulação do Curso Técnico em Informática Integrado ao Ensino Médio, no âmbito do IFPi e Anexo.pdf"", ""RESOLUÇÃO Nº 35-2024-Aprova a Criação do curso de Jovem Aprendiz em Administração, no âmbito do IFPI e Anexo.pdf"", ""RESOLUÇÃO Nº 73-2025-Aprova a criação do Curso de Especialização em Ensino de Ciências da Natureza, modalidade EaD, no âmbito do Instituto Federal de Educação, Ciência e Tecnologia do Piauí (IFPI) e Anexo.pdf""]","[""CURSO_SUPERIOR_DE_TECNOLOGIA_EM_ANÁLISE_E_DESENVOLVIMENTO_DE_SISTEMAS.pdf"", ""RESOLUÇÃO Nº 98-2025-Aprova a reformulação do Curso Técnico em Informática para Internet Integrado ao Ensino Médio, no âmbito do IFPI e Anexo.pdf"", ""CURSO_SUPERIOR_DE_TECNOLOGIA_EM_ANÁLISE_E_DESENVOLVIMENTO_DE_SISTEMAS.pdf"", ""RESOLUÇÃO Nº 79-2025-Aprova a Reformulação do Curso de Licenciatura Intercultural Indígena, do PARFOR EQUIDADE, no âmbito do Instituto Federal de Educação, Ciência e Tecnologia do Piauí (IFPI) e Anexo.pdf"", ""RESOLUÇÃO Nº 44-2024 -Aprova a criação do Curso Superior de Tecnologia em Marketing, no IFPI e Anexo.pdf"", ""RESOLUÇÃO Nº 57-2024-Aprova a Criação do Curso de Especialização Técnica de Nível Médio em Hidrogênio Verde, no IFPI e Anexo.pdf"", ""RESOLUÇÃO Nº 16-2025-Atualiza  a Reformulação do Curso Técnico de Nível Médio em Cuidados de Idosos, no âmbito do Instituto Federal de Educação, Ciência e Tecnologia do Piauí (IFPI) e Anexo..pdf"", ""RESOLUÇÃO Nº 99-2025-Aprova a Reformulação do Curso Técnico em Informática Integrado ao Ensino Médio, no âmbito do IFPi e Anexo.pdf"", ""RESOLUÇÃO Nº 35-2024-Aprova a Criação do curso de Jovem Aprendiz em Administração, no âmbito do IFPI e Anexo.pdf"", ""RESOLUÇÃO Nº 73-2025-Aprova a criação do Curso de Especialização em Ensino de Ciências da Natureza, modalidade EaD, no âmbito do Instituto Federal de Educação, Ciência e Tecnologia do Piauí (IFPI) e Anexo.pdf""]",1.0,1.0,1.0,1.0,1.0,1.0,1.0,1.0,1.0,1.0,1.0,1.0,1.0,10,10,4,3.4795
1,43,tfidf,CURSO_SUPERIOR_DE_TECNOLOGIA_EM_ANÁLISE_E_DESENVOLVIMENTO_DE_SISTEMAS.pdf,Qual é a unidade de oferta do Curso Superior de Tecnologia em Análise e Desenvolvimento de Sistemas descrita no PPC?,A unidade de oferta do curso é o Campus Teresina Central.,O Curso Superior de Tecnologia em Análise e Desenvolvimento de Sistemas contribui com a demanda de profissionais para atuar no projeto e implementação de Sistemas de Informação de acordo com as necessidades institucionais.,"[Trecho 1 | Fonte: CURSO_SUPERIOR_DE_TECNOLOGIA_EM_ANÁLISE_E_DESENVOLVIMENTO_DE_SISTEMAS.pdf]
do ano referido, com uma oferta de 64 vagas, distribuídas igualmente entres os turnos tarde e noite. Os cursos de Tecnologia da Informação foram aperfeiçoados e receberam outra denominação: Análise e Desenvolvimento de Sistemas. Em 2002 foi autorizado a criação do Curso Superior de Tecnologia em Análise e Desenvolvimento de Sistemas no Campus Teresina Central, em 2006 no Campus de Floriano, em 2013 no Campus de Picos, 2018 no Campus de Corrente, 2020 no Campus de Pedro II e o mais recente em Parnaíba que iniciou em 2022. 1.7 Justificativa de Oferta do Curso e demandas sociais no mundo do trabalho A identificação das necessidades de conhecimento, habilidades e atitudes apresenta-se como uma preocupação permanente das áreas/instituições envolvidas com a oferta de produtos/serviços de sistemas e processos de gestão empresarial. Independente do seu porte, não importando a área de atuação, as empresas necessitam de sistemas de informação para controlar e automatizar o fluxo de informação entre os seus setores internos, prestadores de serviços, fornecedores e apoio à decisão. Nesse sentido, o Curso Superior de Tecnologia em Análise e Desenvolvimento de Sistemas (ADS) contribuirá com essa demanda de profissionais para atuar no projeto e implementação de Sistemas de Informação de acordo com as necessidades institucionais, que coordenam as infraestruturas de tecnologia da informação, elaborando políticas e diretrizes a partir da análise de necessidades e, que, atuem na forma de

[Trecho 2 | Fonte: RESOLUÇÃO Nº 98-2025-Aprova a reformulação do Curso Técnico em Informática para Internet Integrado ao Ensino Médio, no âmbito do IFPI e Anexo.pdf]
de sistemas • Departamento de desenvolvimento de sistemas em organizações governamentais e não governamentais • Empresas de consultoria em sistemas • Empresas de Help-Desk • Empresas de soluções em análise de dados • Profissional autônomo • Ocupações CBO Associadas 3171 - Técnicos de Desenvolvimento de Sistemas e Aplicações • 3172 - Técnicos em Operação e Monitoração de Computadores • Itinerários Formativos Sugestões de formação continuada em cursos de especialização técnica (pós-técnico): Especialização Técnica em Desenvolvimento de Aplicações para Dispositivos Móveis • Especialização Técnica em Desenvolvimento de Comércio Eletrônico • Especialização Técnica em Segurança da Informação • Especialização Técnica em Desenvolvimento de Aplicações para Inteligência Artificial • Especialização Técnica em Desenvolvimento de Aplicações para Internet das Coisas • Especialização Técnica em Desenvolvimento de Aplicações para Machine Learning • Especialização Técnica em Desenvolvimento de Aplicações para Ciência de Dados • Especialização Técnica em Desenvolvimento de Aplicações para Analytics • Sugestões de verticalização para cursos de graduação (Curso Superior de Tecnologia, Bacharelado e Licenciatura): Curso Superior de Tecnologia em Análise e Desenvolvimento de Sistemas • Curso Superior de Tecnologia em Gestão de Tecnologia da Informação • Curso Superior de Tecnologia em Banco de Dados • Curso Superior de Tecnologia em Jogos Digitais • Curso Superior de Tecnologia em Segurança da

[Trecho 3 | Fonte: RESOLUÇÃO Nº 99-2025-Aprova a Reformulação do Curso Técnico em Informática Integrado ao Ensino Médio, no âmbito do IFPi e Anexo.pdf]
de Comércio Eletrônico. • Sugestões de verticalização para cursos de graduação (Curso Superior de Tecnologia, Bacharelado e Licenciatura): Curso Superior de Tecnologia em Análise e Desenvolvimento de Sistemas. • Curso Superior de Tecnologia em Gestão de Tecnologia da Informação. • Curso Superior de Tecnologia em Jogos Digitais. • Curso Superior de Tecnologia em Sistemas para Internet. • Bacharelado em Ciência da Computação. • Bacharelado em Sistemas de Informação. • Bacharelado em Engenharia de Software. • Bacharelado em Engenharia da Computação. • Bacharelado em Engenharia de Computação. • 7 ORGANIZAÇÃO CURRICULAR A Organização Curricular do CursoTécnico em Informática Integrado ao Ensino Médio é orientada pelos princípios e finalidades da educação profissional contidos na Lei Nº 9.394/1996- LDB, como também pelas Diretrizes Curriculares Nacionais para a Educação Profissional Técnica de Nível Médio (Resolução CNE/CP Nº 1 de 5 de Janeiro de 2021), pelas Diretrizes Curriculares Nacionais para o Ensino Médio(Resolução CNE/CEB Nº 2, de 13 de novembro de 2024) e pelas normas complementares dos respectivos Sistemas de Ensino. Assim, em consonância com a legislação referida e com o compromisso ético do IFPI em relação à concretização do perfil do egresso, a organização curricular do CursoTécnico em Informática Integrado ao Ensino Médio, com base no princípio da interdisciplinaridade, está estruturada a partir da articulação e integração entre a Formação Profissional Técnica e a

[Trecho 4 | Fonte: RESOLUÇÃO Nº 112-2025- Aprova a reformulação do Curso Técnico em Administração Integrado ao Ensino Médio, no âmbiro do IFPI e Anexo-.pdf]
de Materiais • Especialização Técnica em Administração de Produção • Especialização Técnica em Educação Ambiental • Sugestões de verticalização para cursos de graduação (Curso Superior de Tecnologia, bacharelado e licenciatura): Curso Superior de Tecnologia em Processos Gerenciais • Curso Superior de Tecnologia em Gestão de Recursos Humanos • Curso Superior de Tecnologia em Marketing • Curso Superior de Tecnologia em Logística • Curso Superior de Tecnologia em Gestão Financeira • Bacharelado em Administração • Bacharelado em Ciências Contábeis • A Organização Curricular do CursoTécnico em Administração Integrado ao Ensino Médio é orientada pelos princípios e finalidades da educação profissional contidos na Lei Nº 9.394/1996- LDB, como também pelas Diretrizes Curriculares Nacionais para a Educação Profissional Técnica de Nível Médio (Resolução CNE/CP Nº 1 de 5 de Janeiro de 2021), pelas Diretrizes Curriculares Nacionais para o Ensino Médio(Resolução CNE/CEB Nº 2, de 13 de novembro de 2024) e pelas normas complementares dos respectivos Sistemas de Ensino. Assim, em consonância com a legislação referida e com o compromisso ético do IFPI em relação à concretização do perfil do egresso, a organização curricular do CursoTécnico em Administração Integrado ao Ensino Médio, com base no princípio da interdisciplinaridade, está estruturada a partir da articulação e integração entre a Formação Profissional Técnica e a Formação Geral Básica em três núcleos: Básico, Tecnológico e","[""CURSO_SUPERIOR_DE_TECNOLOGIA_EM_ANÁLISE_E_DESENVOLVIMENTO_DE_SISTEMAS.pdf"", ""RESOLUÇÃO Nº 98-2025-Aprova a reformulação do Curso Técnico em Informática para Internet Integrado ao Ensino Médio, no âmbito do IFPI e Anexo.pdf"", ""RESOLUÇÃO Nº 99-2025-Aprova a Reformulação do Curso Técnico em Informática Integrado ao Ensino Médio, no âmbito do IFPi e Anexo.pdf"", ""RESOLUÇÃO Nº 112-2025- Aprova a reformulação do Curso Técnico em Administração Integrado ao Ensino Médio, no âmbiro do IFPI e Anexo-.pdf""]","[""CURSO_SUPERIOR_DE_TECNOLOGIA_EM_ANÁLISE_E_DESENVOLVIMENTO_DE_SISTEMAS.pdf"", ""RESOLUÇÃO Nº 98-2025-Aprova a reformulação do Curso Técnico em Informática para Internet Integrado ao Ensino Médio, no âmbito do IFPI e Anexo.pdf"", ""RESOLUÇÃO Nº 99-2025-Aprova a Reformulação do Curso Técnico em Informática Integrado ao Ensino Médio, no âmbito do IFPi e Anexo.pdf"", ""RESOLUÇÃO Nº 112-2025- Aprova a reformulação do Curso Técnico em Administração Integrado ao Ensino Médio, no âmbiro do IFPI e Anexo-.pdf"", ""RESOLUÇÃO Nº 110-2025-Aprova a reformulação do Curso Técnico em Agroindústria Integrado ao Ensino Médio, no âmbito do IFPI e Anexo-.pdf"", ""RESOLUÇÃO Nº 108-2025-Aprova a reformulação do Curso Técnico em Alimentos Integrado ao Ensino Médio, no âmbito do IFPI e Anexo-.pdf"", ""RESOLUÇÃO Nº 57-2024-Aprova a Criação do Curso de Especialização Técnica de Nível Médio em Hidrogênio Verde, no IFPI e Anexo.pdf"", ""RESOLUÇÃO Nº 98-2025-Aprova a reformulação do Curso Técnico em Informática para Internet Integrado ao Ensino Médio, no âmbito do IFPI e Anexo.pdf"", ""RESOLUÇÃO Nº 109-2025-Aprova a refpormulçaõ do Curso Técnico em Agropecuária Integrado ao Ensino Médio, no âmbito do IFPI e Anexo-.pdf"", ""RESOLUÇÃO Nº 94-2025-Aprova a reformulação do Curso Técnico em Mineração Integrado ao Ensino Médio, no âmbito do IFPI e Anexo.pdf""]","[""CURSO_SUPERIOR_DE_TECNOLOGIA_EM_ANÁLISE_E_DESENVOLVIMENTO_DE_SISTEMAS.pdf"", ""RESOLUÇÃO Nº 98-2025-Aprova a reformulação do Curso Técnico em Informática para Internet Integrado ao Ensino Médio, no âmbito do IFPI e Anexo.pdf"", ""RESOLUÇÃO Nº 99-2025-Aprova a Reformulação do Curso Técnico em Informática Integrado ao Ensino Médio, no âmbito do IFPi e Anexo.pdf"", ""RESOLUÇÃO Nº 112-2025- Aprova a reformulação do Curso Técnico em Administração Integrado ao Ensino Médio, no âmbiro do IFPI e Anexo-.pdf"", ""RESOLUÇÃO Nº 110-2025-Aprova a reformulação do Curso Técnico em Agroindústria Integrado ao Ensino Médio, no âmbito do IFPI e Anexo-.pdf"", ""RESOLUÇÃO Nº 108-2025-Aprova a reformulação do Curso Técnico em Alimentos Integrado ao Ensino Médio, no âmbito do IFPI e Anexo-.pdf"", ""RESOLUÇÃO Nº 57-2024-Aprova a Criação do Curso de Especialização Técnica de Nível Médio em Hidrogênio Verde, no IFPI e Anexo.pdf"", ""RESOLUÇÃO Nº 98-2025-Aprova a reformulação do Curso Técnico em Informática para Internet Integrado ao Ensino Médio, no âmbito do IFPI e Anexo.pdf"", ""RESOLUÇÃO Nº 109-2025-Aprova a refpormulçaõ do Curso Técnico em Agropecuária Integrado ao Ensino Médio, no âmbito do IFPI e Anexo-.pdf"", ""RESOLUÇÃO Nº 94-2025-Aprova a reformulação do Curso Técnico em Mineração Integrado ao Ensino Médio, no âmbito do IFPI e Anexo.pdf""]",1.0,1.0,1.0,1.0,1.0,1.0,1.0,1.0,1.0,1.0,1.0,1.0,1.0,10,10,4,4.1236
1,43,tfidf,CURSO_SUPERIOR_DE_TECNOLOGIA_EM_ANÁLISE_E_DESENVOLVIMENTO_DE_SISTEMAS.pdf,Qual é a carga horária total do Curso Superior de Tecnologia em Análise e Desenvolvimento de Sistemas?,A carga horária total do curso é de 2100 horas.,Não encontrei essa informação no contexto fornecido.,"[Trecho 1 | Fonte: RESOLUÇÃO Nº 98-2025-Aprova a reformulação do Curso Técnico em Informática para Internet Integrado ao Ensino Médio, no âmbito do IFPI e Anexo.pdf]
de sistemas • Departamento de desenvolvimento de sistemas em organizações governamentais e não governamentais • Empresas de consultoria em sistemas • Empresas de Help-Desk • Empresas de soluções em análise de dados • Profissional autônomo • Ocupações CBO Associadas 3171 - Técnicos de Desenvolvimento de Sistemas e Aplicações • 3172 - Técnicos em Operação e Monitoração de Computadores • Itinerários Formativos Sugestões de formação continuada em cursos de especialização técnica (pós-técnico): Especialização Técnica em Desenvolvimento de Aplicações para Dispositivos Móveis • Especialização Técnica em Desenvolvimento de Comércio Eletrônico • Especialização Técnica em Segurança da Informação • Especialização Técnica em Desenvolvimento de Aplicações para Inteligência Artificial • Especialização Técnica em Desenvolvimento de Aplicações para Internet das Coisas • Especialização Técnica em Desenvolvimento de Aplicações para Machine Learning • Especialização Técnica em Desenvolvimento de Aplicações para Ciência de Dados • Especialização Técnica em Desenvolvimento de Aplicações para Analytics • Sugestões de verticalização para cursos de graduação (Curso Superior de Tecnologia, Bacharelado e Licenciatura): Curso Superior de Tecnologia em Análise e Desenvolvimento de Sistemas • Curso Superior de Tecnologia em Gestão de Tecnologia da Informação • Curso Superior de Tecnologia em Banco de Dados • Curso Superior de Tecnologia em Jogos Digitais • Curso Superior de Tecnologia em Segurança da

[Trecho 2 | Fonte: CURSO_SUPERIOR_DE_TECNOLOGIA_EM_ANÁLISE_E_DESENVOLVIMENTO_DE_SISTEMAS.pdf]
do ano referido, com uma oferta de 64 vagas, distribuídas igualmente entres os turnos tarde e noite. Os cursos de Tecnologia da Informação foram aperfeiçoados e receberam outra denominação: Análise e Desenvolvimento de Sistemas. Em 2002 foi autorizado a criação do Curso Superior de Tecnologia em Análise e Desenvolvimento de Sistemas no Campus Teresina Central, em 2006 no Campus de Floriano, em 2013 no Campus de Picos, 2018 no Campus de Corrente, 2020 no Campus de Pedro II e o mais recente em Parnaíba que iniciou em 2022. 1.7 Justificativa de Oferta do Curso e demandas sociais no mundo do trabalho A identificação das necessidades de conhecimento, habilidades e atitudes apresenta-se como uma preocupação permanente das áreas/instituições envolvidas com a oferta de produtos/serviços de sistemas e processos de gestão empresarial. Independente do seu porte, não importando a área de atuação, as empresas necessitam de sistemas de informação para controlar e automatizar o fluxo de informação entre os seus setores internos, prestadores de serviços, fornecedores e apoio à decisão. Nesse sentido, o Curso Superior de Tecnologia em Análise e Desenvolvimento de Sistemas (ADS) contribuirá com essa demanda de profissionais para atuar no projeto e implementação de Sistemas de Informação de acordo com as necessidades institucionais, que coordenam as infraestruturas de tecnologia da informação, elaborando políticas e diretrizes a partir da análise de necessidades e, que, atuem na forma de

[Trecho 3 | Fonte: RESOLUÇÃO Nº 99-2025-Aprova a Reformulação do Curso Técnico em Informática Integrado ao Ensino Médio, no âmbito do IFPi e Anexo.pdf]
de Comércio Eletrônico. • Sugestões de verticalização para cursos de graduação (Curso Superior de Tecnologia, Bacharelado e Licenciatura): Curso Superior de Tecnologia em Análise e Desenvolvimento de Sistemas. • Curso Superior de Tecnologia em Gestão de Tecnologia da Informação. • Curso Superior de Tecnologia em Jogos Digitais. • Curso Superior de Tecnologia em Sistemas para Internet. • Bacharelado em Ciência da Computação. • Bacharelado em Sistemas de Informação. • Bacharelado em Engenharia de Software. • Bacharelado em Engenharia da Computação. • Bacharelado em Engenharia de Computação. • 7 ORGANIZAÇÃO CURRICULAR A Organização Curricular do CursoTécnico em Informática Integrado ao Ensino Médio é orientada pelos princípios e finalidades da educação profissional contidos na Lei Nº 9.394/1996- LDB, como também pelas Diretrizes Curriculares Nacionais para a Educação Profissional Técnica de Nível Médio (Resolução CNE/CP Nº 1 de 5 de Janeiro de 2021), pelas Diretrizes Curriculares Nacionais para o Ensino Médio(Resolução CNE/CEB Nº 2, de 13 de novembro de 2024) e pelas normas complementares dos respectivos Sistemas de Ensino. Assim, em consonância com a legislação referida e com o compromisso ético do IFPI em relação à concretização do perfil do egresso, a organização curricular do CursoTécnico em Informática Integrado ao Ensino Médio, com base no princípio da interdisciplinaridade, está estruturada a partir da articulação e integração entre a Formação Profissional Técnica e a

[Trecho 4 | Fonte: RESOLUÇÃO Nº 112-2025- Aprova a reformulação do Curso Técnico em Administração Integrado ao Ensino Médio, no âmbiro do IFPI e Anexo-.pdf]
de Materiais • Especialização Técnica em Administração de Produção • Especialização Técnica em Educação Ambiental • Sugestões de verticalização para cursos de graduação (Curso Superior de Tecnologia, bacharelado e licenciatura): Curso Superior de Tecnologia em Processos Gerenciais • Curso Superior de Tecnologia em Gestão de Recursos Humanos • Curso Superior de Tecnologia em Marketing • Curso Superior de Tecnologia em Logística • Curso Superior de Tecnologia em Gestão Financeira • Bacharelado em Administração • Bacharelado em Ciências Contábeis • A Organização Curricular do CursoTécnico em Administração Integrado ao Ensino Médio é orientada pelos princípios e finalidades da educação profissional contidos na Lei Nº 9.394/1996- LDB, como também pelas Diretrizes Curriculares Nacionais para a Educação Profissional Técnica de Nível Médio (Resolução CNE/CP Nº 1 de 5 de Janeiro de 2021), pelas Diretrizes Curriculares Nacionais para o Ensino Médio(Resolução CNE/CEB Nº 2, de 13 de novembro de 2024) e pelas normas complementares dos respectivos Sistemas de Ensino. Assim, em consonância com a legislação referida e com o compromisso ético do IFPI em relação à concretização do perfil do egresso, a organização curricular do CursoTécnico em Administração Integrado ao Ensino Médio, com base no princípio da interdisciplinaridade, está estruturada a partir da articulação e integração entre a Formação Profissional Técnica e a Formação Geral Básica em três núcleos: Básico, Tecnológico e","[""RESOLUÇÃO Nº 98-2025-Aprova a reformulação do Curso Técnico em Informática para Internet Integrado ao Ensino Médio, no âmbito do IFPI e Anexo.pdf"", ""CURSO_SUPERIOR_DE_TECNOLOGIA_EM_ANÁLISE_E_DESENVOLVIMENTO_DE_SISTEMAS.pdf"", ""RESOLUÇÃO Nº 99-2025-Aprova a Reformulação do Curso Técnico em Informática Integrado ao Ensino Médio, no âmbito do IFPi e Anexo.pdf"", ""RESOLUÇÃO Nº 112-2025- Aprova a reformulação do Curso Técnico em Administração Integrado ao Ensino Médio, no âmbiro do IFPI e Anexo-.pdf""]","[""RESOLUÇÃO Nº 98-2025-Aprova a reformulação do Curso Técnico em Informática para Internet Integrado ao Ensino Médio, no âmbito do IFPI e Anexo.pdf"", ""CURSO_SUPERIOR_DE_TECNOLOGIA_EM_ANÁLISE_E_DESENVOLVIMENTO_DE_SISTEMAS.pdf"", ""RESOLUÇÃO Nº 99-2025-Aprova a Reformulação do Curso Técnico em Informática Integrado ao Ensino Médio, no âmbito do IFPi e Anexo.pdf"", ""RESOLUÇÃO Nº 112-2025- Aprova a reformulação do Curso Técnico em Administração Integrado ao Ensino Médio, no âmbiro do IFPI e Anexo-.pdf"", ""RESOLUÇÃO Nº 110-2025-Aprova a reformulação do Curso Técnico em Agroindústria Integrado ao Ensino Médio, no âmbito do IFPI e Anexo-.pdf"", ""RESOLUÇÃO Nº 108-2025-Aprova a reformulação do Curso Técnico em Alimentos Integrado ao Ensino Médio, no âmbito do IFPI e Anexo-.pdf"", ""RESOLUÇÃO Nº 109-2025-Aprova a refpormulçaõ do Curso Técnico em Agropecuária Integrado ao Ensino Médio, no âmbito do IFPI e Anexo-.pdf"", ""RESOLUÇÃO Nº 98-2025-Aprova a reformulação do Curso Técnico em Informática para Internet Integrado ao Ensino Médio, no âmbito do IFPI e Anexo.pdf"", ""RESOLUÇÃO Nº 94-2025-Aprova a reformulação do Curso Técnico em Mineração Integrado ao Ensino Médio, no âmbito do IFPI e Anexo.pdf"", ""RESOLUÇÃO Nº 39-2025-Aprova a oferta de vagas dos cursos técnicos e dos cursos superiores, para o segundo semestre de 2025, no IFPI e Anexo.pdf""]","[""RESOLUÇÃO Nº 98-2025-Aprova a reformulação do Curso Técnico em Informática para Internet Integrado ao Ensino Médio, no âmbito do IFPI e Anexo.pdf"", ""CURSO_SUPERIOR_DE_TECNOLOGIA_EM_ANÁLISE_E_DESENVOLVIMENTO_DE_SISTEMAS.pdf"", ""RESOLUÇÃO Nº 99-2025-Aprova a Reformulação do Curso Técnico em Informática Integrado ao Ensino Médio, no âmbito do IFPi e Anexo.pdf"", ""RESOLUÇÃO Nº 112-2025- Aprova a reformulação do Curso Técnico em Administração Integrado ao Ensino Médio, no âmbiro do IFPI e Anexo-.pdf"", ""RESOLUÇÃO Nº 110-2025-Aprova a reformulação do Curso Técnico em Agroindústria Integrado ao Ensino Médio, no âmbito do IFPI e Anexo-.pdf"", ""RESOLUÇÃO Nº 108-2025-Aprova a reformulação do Curso Técnico em Alimentos Integrado ao Ensino Médio, no âmbito do IFPI e Anexo-.pdf"", ""RESOLUÇÃO Nº 109-2025-Aprova a refpormulçaõ do Curso Técnico em Agropecuária Integrado ao Ensino Médio, no âmbito do IFPI e Anexo-.pdf"", ""RESOLUÇÃO Nº 98-2025-Aprova a reformulação do Curso Técnico em Informática para Internet Integrado ao Ensino Médio, no âmbito do IFPI e Anexo.pdf"", ""RESOLUÇÃO Nº 94-2025-Aprova a reformulação do Curso Técnico em Mineração Integrado ao Ensino Médio, no âmbito do IFPI e Anexo.pdf"", ""RESOLUÇÃO Nº 39-2025-Aprova a oferta de vagas dos cursos técnicos e dos cursos superiores, para o segundo semestre de 2025, no IFPI e Anexo.pdf""]",2.0,2.0,0.5,0.5,0.0,1.0,1.0,1.0,0.0,1.0,1.0,1.0,1.0,10,10,4,2.4895
1,43,tfidf,CURSO_SUPERIOR_DE_TECNOLOGIA_EM_ANÁLISE_E_DESENVOLVIMENTO_DE_SISTEMAS.pdf,Quantas vagas por ano são ofertadas no Curso Superior de Tecnologia em Análise e Desenvolvimento de Sistemas?,O curso oferta 40 vagas por ano.,"O Curso Superior de Tecnologia em Análise e Desenvolvimento de Sistemas teve uma oferta de 64 vagas, distribuídas igualmente entre os turnos tarde e noite.","[Trecho 1 | Fonte: CURSO_SUPERIOR_DE_TECNOLOGIA_EM_ANÁLISE_E_DESENVOLVIMENTO_DE_SISTEMAS.pdf]
do ano referido, com uma oferta de 64 vagas, distribuídas igualmente entres os turnos tarde e noite. Os cursos de Tecnologia da Informação foram aperfeiçoados e receberam outra denominação: Análise e Desenvolvimento de Sistemas. Em 2002 foi autorizado a criação do Curso Superior de Tecnologia em Análise e Desenvolvimento de Sistemas no Campus Teresina Central, em 2006 no Campus de Floriano, em 2013 no Campus de Picos, 2018 no Campus de Corrente, 2020 no Campus de Pedro II e o mais recente em Parnaíba que iniciou em 2022. 1.7 Justificativa de Oferta do Curso e demandas sociais no mundo do trabalho A identificação das necessidades de conhecimento, habilidades e atitudes apresenta-se como uma preocupação permanente das áreas/instituições envolvidas com a oferta de produtos/serviços de sistemas e processos de gestão empresarial. Independente do seu porte, não importando a área de atuação, as empresas necessitam de sistemas de informação para controlar e automatizar o fluxo de informação entre os seus setores internos, prestadores de serviços, fornecedores e apoio à decisão. Nesse sentido, o Curso Superior de Tecnologia em Análise e Desenvolvimento de Sistemas (ADS) contribuirá com essa demanda de profissionais para atuar no projeto e implementação de Sistemas de Informação de acordo com as necessidades institucionais, que coordenam as infraestruturas de tecnologia da informação, elaborando políticas e diretrizes a partir da análise de necessidades e, que, atuem na forma de

[Trecho 2 | Fonte: RESOLUÇÃO Nº 98-2025-Aprova a reformulação do Curso Técnico em Informática para Internet Integrado ao Ensino Médio, no âmbito do IFPI e Anexo.pdf]
de sistemas • Departamento de desenvolvimento de sistemas em organizações governamentais e não governamentais • Empresas de consultoria em sistemas • Empresas de Help-Desk • Empresas de soluções em análise de dados • Profissional autônomo • Ocupações CBO Associadas 3171 - Técnicos de Desenvolvimento de Sistemas e Aplicações • 3172 - Técnicos em Operação e Monitoração de Computadores • Itinerários Formativos Sugestões de formação continuada em cursos de especialização técnica (pós-técnico): Especialização Técnica em Desenvolvimento de Aplicações para Dispositivos Móveis • Especialização Técnica em Desenvolvimento de Comércio Eletrônico • Especialização Técnica em Segurança da Informação • Especialização Técnica em Desenvolvimento de Aplicações para Inteligência Artificial • Especialização Técnica em Desenvolvimento de Aplicações para Internet das Coisas • Especialização Técnica em Desenvolvimento de Aplicações para Machine Learning • Especialização Técnica em Desenvolvimento de Aplicações para Ciência de Dados • Especialização Técnica em Desenvolvimento de Aplicações para Analytics • Sugestões de verticalização para cursos de graduação (Curso Superior de Tecnologia, Bacharelado e Licenciatura): Curso Superior de Tecnologia em Análise e Desenvolvimento de Sistemas • Curso Superior de Tecnologia em Gestão de Tecnologia da Informação • Curso Superior de Tecnologia em Banco de Dados • Curso Superior de Tecnologia em Jogos Digitais • Curso Superior de Tecnologia em Segurança da

[Trecho 3 | Fonte: CURSO_SUPERIOR_DE_TECNOLOGIA_EM_ANÁLISE_E_DESENVOLVIMENTO_DE_SISTEMAS.pdf]
em nuvem, o mercado mostrou crescimentos bem diversos em 2021. As soluções SaaS (Software as a Service) tiveram aumento de 6%, enquanto as soluções PaaS (Plataform as a Service) cresceram 31,6%. Já no segmento de IoT (Internet of Things), incluindo hardware de conectividade, software e serviços, o mercado também cresceu, a uma taxa de 8,0% em relação ao ano de 2020. Profissionais egressos do curso de ADS do IFPI irão trabalhar no mercado de TI que está em amplo crescimento. 1.8 Requisitos e Formas de Acesso ao Curso A oferta de cursos/vagas para os certames de seleção do IFPI estão em consonância com o planejamento da oferta de cursos/vagas constantes no Plano de Desenvolvimento Institucional- PDI vigente e são submetidos à aprovação do Conselho Superior do IFPI- Consup. O ingresso nos cursos do IFPI nos cursos superiores de graduação acontece mediante processo seletivo público: Vestibular/Exame Nacional do Ensino Médio/Transferências/Portadores de Diplomas, obedecendo ao Edital que determinará o número de vagas e os critérios de seleção, conforme prescrito na Organização Didática do IFPI. O total de vagas de cada curso é determinado levando-se em consideração a estrutura física e os espaços pedagógicos garantidos para o desenvolvimento do processo formativo a que o curso se propõe. O quantitativo de vagas indicado para os cursos de licenciatura do IFPI é de 40 vagas. As vagas são distribuídas considerando o percentual de 50% para ampla concorrência e 50% para as vagas

[Trecho 4 | Fonte: RESOLUÇÃO Nº 39-2025-Aprova a oferta de vagas dos cursos técnicos e dos cursos superiores, para o segundo semestre de 2025, no IFPI e Anexo.pdf]
e Comunicação Corrente Tecnologia em Análise e Desenvolvimento de Sistemas Tecnologia Noite 40 TOTAL 40 2025.2 Eixo Curso Nível/Modalidade Turno Vagas Floriano Informação e Comunicação Tecnologia em Análise e Desenvolvimento de Sistemas Tecnologia Tarde 35 TOTAL 35 2025.2 Eixo Curso Nível/Modalidade Turno Vagas Informação e Comunicação Tecnologia em Análise e Desenvolvimento de Sistemas Tecnologia Noite 40 Picos TOTAL 40 Oferta de vagas 2025.2 Assunto: Oferta de vagas 2025.2 Assinado por: Nalva Sousa Tipo do Documento: Lista Situação: Finalizado Nível de Acesso: Público Tipo do Conferência: Documento Original Documento assinado eletronicamente por: Nalva Maria Rodrigues de Sousa, DIRETOR(A) - CD4 - DIETEC-IFPI, em 14/05/2025 19:38:11. Este documento foi armazenado no SUAP em 14/05/2025. Para comprovar sua integridade, faça a leitura do QRCode ao lado ou acesse https://suap.ifpi.edu.br/verificar-documento-externo/ e forneça os dados abaixo: Código Verificador: 656798 Código de Autenticação: 1f75556734","[""CURSO_SUPERIOR_DE_TECNOLOGIA_EM_ANÁLISE_E_DESENVOLVIMENTO_DE_SISTEMAS.pdf"", ""RESOLUÇÃO Nº 98-2025-Aprova a reformulação do Curso Técnico em Informática para Internet Integrado ao Ensino Médio, no âmbito do IFPI e Anexo.pdf"", ""CURSO_SUPERIOR_DE_TECNOLOGIA_EM_ANÁLISE_E_DESENVOLVIMENTO_DE_SISTEMAS.pdf"", ""RESOLUÇÃO Nº 39-2025-Aprova a oferta de vagas dos cursos técnicos e dos cursos superiores, para o segundo semestre de 2025, no IFPI e Anexo.pdf""]","[""CURSO_SUPERIOR_DE_TECNOLOGIA_EM_ANÁLISE_E_DESENVOLVIMENTO_DE_SISTEMAS.pdf"", ""RESOLUÇÃO Nº 98-2025-Aprova a reformulação do Curso Técnico em Informática para Internet Integrado ao Ensino Médio, no âmbito do IFPI e Anexo.pdf"", ""CURSO_SUPERIOR_DE_TECNOLOGIA_EM_ANÁLISE_E_DESENVOLVIMENTO_DE_SISTEMAS.pdf"", ""RESOLUÇÃO Nº 39-2025-Aprova a oferta de vagas dos cursos técnicos e dos cursos superiores, para o segundo semestre de 2025, no IFPI e Anexo.pdf"", ""RESOLUÇÃO Nº 99-2025-Aprova a Reformulação do Curso Técnico em Informática Integrado ao Ensino Médio, no âmbito do IFPi e Anexo.pdf"", ""RESOLUÇÃO NORMATIVA Nº 208-2024-Aprova a revisão do Plano de Desenvolvimento Institucional (PDI), 2020-2024, do IFPI e Anexo.pdf"", ""RESOLUÇÃO NORMATIVA Nº 195-2024-Atualiza a Política de Cotas e  os procedimentos do Processo de  Heteroidentificação para ingresso nos cursos técnicos e de graduação, no âmbito do IFPI.pdf"", ""RESOLUÇÃO NORMATIVA Nº 241-2025-Aprova a Prestação de Contas Ordinária Anual, através do Relatório de Gestão, exercício 2024, do IFPI e Anexo.pdf"", ""RESOLUÇÃO Nº 128-2024-Aprova a Criação do Curso Superior de Tecnologia em Sistemas para Internet, no âmbito do Instituto Federal de Educação, Ciência e Tecnologia do Piauí (IFPI) e Anexo.pdf"", ""RESOLUÇÃO Nº 44-2024 -Aprova a criação do Curso Superior de Tecnologia em Marketing, no IFPI e Anexo.pdf""]","[""CURSO_SUPERIOR_DE_TECNOLOGIA_EM_ANÁLISE_E_DESENVOLVIMENTO_DE_SISTEMAS.pdf"", ""RESOLUÇÃO Nº 98-2025-Aprova a reformulação do Curso Técnico em Informática para Internet Integrado ao Ensino Médio, no âmbito do IFPI e Anexo.pdf"", ""CURSO_SUPERIOR_DE_TECNOLOGIA_EM_ANÁLISE_E_DESENVOLVIMENTO_DE_SISTEMAS.pdf"", ""RESOLUÇÃO Nº 39-2025-Aprova a oferta de vagas dos cursos técnicos e dos cursos superiores, para o segundo semestre de 2025, no IFPI e Anexo.pdf"", ""RESOLUÇÃO Nº 99-2025-Aprova a Reformulação do Curso Técnico em Informática Integrado ao Ensino Médio, no âmbito do IFPi e Anexo.pdf"", ""RESOLUÇÃO NORMATIVA Nº 208-2024-Aprova a revisão do Plano de Desenvolvimento Institucional (PDI), 2020-2024, do IFPI e Anexo.pdf"", ""RESOLUÇÃO NORMATIVA Nº 195-2024-Atualiza a Política de Cotas e  os procedimentos do Processo de  Heteroidentificação para ingresso nos cursos técnicos e de graduação, no âmbito do IFPI.pdf"", ""RESOLUÇÃO NORMATIVA Nº 241-2025-Aprova a Prestação de Contas Ordinária Anual, através do Relatório de Gestão, exercício 2024, do IFPI e Anexo.pdf"", ""RESOLUÇÃO Nº 128-2024-Aprova a Criação do Curso Superior de Tecnologia em Sistemas para Internet, no âmbito do Instituto Federal de Educação, Ciência e Tecnologia do Piauí (IFPI) e Anexo.pdf"", ""RESOLUÇÃO Nº 44-2024 -Aprova a criação do Curso Superior de Tecnologia em Marketing, no IFPI e Anexo.pdf""]",1.0,1.0,1.0,1.0,1.0,1.0,1.0,1.0,1.0,1.0,1.0,1.0,1.0,10,10,4,3.6532
1,43,tfidf,"RESOLUÇÃO Nº 14-2025-Aprova a Criação do Curso de Aperfeiçoamento Escola da Terra, no âmbito do Instituto Federal de Educação, Ciência e Tecnologia do Piauí (IFPI) e Anexo..pdf",Qual é a carga horária total do curso Escola da Terra?,A carga horária total do curso Escola da Terra é de 180 horas.,"A carga horária total do Curso de Educação do Campo e Quilombola, também conhecido como Escola da Terra, é de 495 horas, sendo 257 horas no Tempo Universidade e 103 horas no Tempo Escola/Comunidade.","[Trecho 1 | Fonte: RESOLUÇÃO nº 111-2025-Aprova a reformulação do Curso Técnico em Agrimensura Integrado ao Ensino Médio, no âmbito do IFPI e Anexo-.pdf]
Terra Carga horária: 72h EMENTA Questão agrária: história da estrutura fundiária brasileira nos períodos colonial e imperial; o Estatuto da Terra: a função social da terra; a função social da terra segundo a Constituição Federal de 1988; a violência no campo e a reforma agrária; sistemas produtivos agrícolas; relações de trabalho no campo brasileiro; impactos sociais e ambientais da modernização agropecuária e a expansão da fronteira agrícola brasileira; novas ruralidades e pluriatividades no campo brasileiro. Disciplinas da Integração Curricular: História, Geografia e Georreferenciamento. Destaca a importância da terra ao longo da história do Brasil e no contexto atual, principalmente, na questão socioeconômica. PROGRAMA 1 OBJETIVO GERAL/COMPETÊNCIAS: Compreender a concepção de função social da terra nas perspectivas do uso e da propriedade da terra e das relações do trabalho e dos impactos socioambientais. 2 OBJETIVOS ESPECÍFICOS/HABILIDADES a) Caracterizar o processo de domínio e exploração da terra no Brasil nos períodos colonial, imperial e republicano, destacando os mecanismos políticos para o cenário posto; b) Descrever as relações de trabalho e dos sistemas produtivos no rural brasileiro; c) Discutir a estrutura fundiária brasileira e suas repercussões no desenvolvimento socioeconômico e na política de reforma agrária; d) Analisar a função social da terra como perspectiva de direitos sociais, das relações do trabalho e da produtividade da terra e do uso dos recursos

[Trecho 2 | Fonte: RESOLUÇÃO Nº 19-2025-Aprova a Criação do Curso de Especialização Escola da Terra, no âmbito do Instituto Federal de Educação, Ciência e Tecnologia do Piauí (IFPI) e Anexo.pdf]
MINISTÉRIO DA EDUCAÇÃO SECRETARIA DE MODALIDADES ESPECIALIZADAS DE EDUCAÇÃO INSTITUTO FEDERAL DE EDUCAÇÃO, CIÊNCIA E TECNOLOGIA DO PIAUÍ PROJETO DE CURSO | Plano de Trabalho – Oferta 2024 I. IDENTIFICAÇÃO Instituição: Instituto Federal de Educação, Ciência e Tecnologia do Piauí CNPJ: 10.806.496/0001-49 Av. Pres. Jânio Quadros, 330 - Santa Isabel, Teresina - PI, 64053- 390 Contatos: Telefone: (86) 3131-1409 / (86) 98821-4863 Endereço: Curso: Educação do Campo e Quilombola (Ação Escola da Terra: Programa Práticas Pedagógicas em Classes Multisseriadas da Educação Escolar do Campo) Nível: Pós-Graduação Lato Sensu - Especialização Modalidade: Presencial/Regime de Alternância (Tempo Universidade – Tempo Escola/Comunidade) Total: 495 horas - Alternância Pedagógica TU/TEC Presencial (Tempo-Universidade): 257 h/a Tempo-Escola/Comunidade: 103 h/a Carga Horária: 60 vagas para Professores da Educação Básica - Escolas do Campo, que possuem certificação em curso de aperfeiçoamento (mínimo de 180) Programa Escola da Terra/MEC/IFPI Custeio: R$ 120.000,00 Local de Realização: Meta Física: Instituto Federal de Educação, Ciência e Tecnologia do Piauí – Campi São João do Piauí, São Raimundo Nonato, Oeiras e Paulistana Municípios de abrangência Municípios participantes da primeira edição do Programa Escola da Terra (Aperfeiçoamento) no sul do Piauí Atividades com prof. Cursistas Out/2024 a Nov./2025 Vigência do projeto/TED Set./2024 a Dez./2025 Emanuel Alcântara da Silva - CPF: 013.686.243-83

[Trecho 3 | Fonte: RESOLUÇÃO Nº 79-2024-Autoriza  o funcionamento do Curso Aperfeiçoamento Escola da Terra, no IFPI - Tornada sem efeito pela Resolução nº 80_2024.pdf]
Ministério da Educação Instituto Federal de Educação, Ciência e Tecnologia do Piauí IFPI Av. Jânio Quadros, Santa Isabel, TERESINA / PI, CEP 64053-390 Fone: (86) 3131-1443 Site: www.ifpi.edu.br RESOLUÇÃO 79/2024 - CONSUP/OSUPCOL/REI/IFPI, de 6 de agosto de 2024. Autoriza o funcionamento do Curso Aperfeiçoamento Escola da Terra, no Ins?tuto Federal de Educação, Ciência e Tecnologia do Piauí (IFPI). O Presidente do Conselho Superior do Ins?tuto Federal de Educação, Ciência e Tecnologia do Piauí, no uso de suas atribuições conferidas no Estatuto deste Ins?tuto Federal, aprovado pela Resolução Norma?va nº 59, de 20 de agosto de 2021, publicada no Diário Oﬁcial da União de 23 de agosto de 2021, considerando o processo nº 23172.002191/2024-53, RESOLVE: RESOLVE: Art. 1º Autorizar, ad referendum, ad referendum, o funcionamento do Curso Aperfeiçoamento Escola da Terra, no Ins?tuto Federal de Educação, Ciência e Tecnologia do Piauí (IFPI), a par?r do primeiro semestre de 2024, conforme descrição abaixo: CAMPUS CAMPUS ENDEREÇO ENDEREÇO CURSO CURSO VAGAS VAGAS CARGA CARGA HORÁRIA HORÁRIA ATO DE CRIAÇÃO/ ATO DE CRIAÇÃO/ REFORMULAÇÃO REFORMULAÇÃO Rua Projetada, s/n, Bairro Uberaba II, Oeiras (PI) - CEP: 64.500-000 Oeiras Escola da Terra 30 180 h Paulistana Rodovia BR 407, S/N, Centro - CEP: 64.750-000 Escola da Terra 30 180 h Travessa Sete de Setembro, S/N, Centro, São João do Piauí/ PI, CEP 64.760-000. São João do Piauí Escola da Terra 30 180 h São Raimundo Nonato Rodovia BR 020, S/N,

[Trecho 4 | Fonte: RESOLUÇÃO Nº 80-2024-Autoriza  o funcionamento do Curso Aperfeiçoamento Escola da Terra, no Instituto Federal de Educação, Ciência e Tecnologia do Piauí (IFPI)..pdf]
Ministério da Educação Instituto Federal de Educação, Ciência e Tecnologia do Piauí IFPI Av. Jânio Quadros, Santa Isabel, TERESINA / PI, CEP 64053-390 Fone: (86) 3131-1443 Site: www.ifpi.edu.br RESOLUÇÃO 80/2024 - CONSUP/OSUPCOL/REI/IFPI, de 7 de agosto de 2024. Autoriza o funcionamento do Curso Aperfeiçoamento Escola da Terra, no Ins?tuto Federal de Educação, Ciência e Tecnologia do Piauí (IFPI). O Presidente do Conselho Superior do Ins?tuto Federal de Educação, Ciência e Tecnologia do Piauí, no uso de suas atribuições conferidas no Estatuto deste Ins?tuto Federal, aprovado pela Resolução Norma?va nº 59, de 20 de agosto de 2021, publicada no Diário Oﬁcial da União de 23 de agosto de 2021, considerando o processo nº 23172.002191/2024-53, RESOLVE: RESOLVE: Art. 1º Autorizar, ad referendum, ad referendum, o funcionamento do Curso Aperfeiçoamento Escola da Terra, no Ins?tuto Federal de Educação, Ciência e Tecnologia do Piauí (IFPI), a par?r do primeiro semestre de 2024, conforme descrição abaixo: ATO DE ATO DE CRIAÇÃO CRIAÇÃO CAMPUS CAMPUS ENDEREÇO ENDEREÇO CURSO CURSO VAGAS VAGAS CARGA CARGA HORÁRIA HORÁRIA Oeiras Rua Projetada, s/n, Bairro Uberaba II, Oeiras (PI) - CEP: 64.500-000 Escola da Terra 30 180 h Resolução nº 78/2024 Paulistana Rodovia BR 407, S/N, Centro - CEP: 64.750-000 Escola da Terra 30 180 h Resolução nº 78/2024 Travessa Sete de Setembro, S/N, Centro, São João do Piauí/ PI, CEP 64.760-000. Escola da Terra 30 180 h Resolução nº 78/2024 São João do Piauí São","[""RESOLUÇÃO nº 111-2025-Aprova a reformulação do Curso Técnico em Agrimensura Integrado ao Ensino Médio, no âmbito do IFPI e Anexo-.pdf"", ""RESOLUÇÃO Nº 19-2025-Aprova a Criação do Curso de Especialização Escola da Terra, no âmbito do Instituto Federal de Educação, Ciência e Tecnologia do Piauí (IFPI) e Anexo.pdf"", ""RESOLUÇÃO Nº 79-2024-Autoriza  o funcionamento do Curso Aperfeiçoamento Escola da Terra, no IFPI - Tornada sem efeito pela Resolução nº 80_2024.pdf"", ""RESOLUÇÃO Nº 80-2024-Autoriza  o funcionamento do Curso Aperfeiçoamento Escola da Terra, no Instituto Federal de Educação, Ciência e Tecnologia do Piauí (IFPI)..pdf""]","[""RESOLUÇÃO nº 111-2025-Aprova a reformulação do Curso Técnico em Agrimensura Integrado ao Ensino Médio, no âmbito do IFPI e Anexo-.pdf"", ""RESOLUÇÃO Nº 19-2025-Aprova a Criação do Curso de Especialização Escola da Terra, no âmbito do Instituto Federal de Educação, Ciência e Tecnologia do Piauí (IFPI) e Anexo.pdf"", ""RESOLUÇÃO Nº 79-2024-Autoriza  o funcionamento do Curso Aperfeiçoamento Escola da Terra, no IFPI - Tornada sem efeito pela Resolução nº 80_2024.pdf"", ""RESOLUÇÃO Nº 80-2024-Autoriza  o funcionamento do Curso Aperfeiçoamento Escola da Terra, no Instituto Federal de Educação, Ciência e Tecnologia do Piauí (IFPI)..pdf"", ""RESOLUÇÃO Nº 79-2024-Autoriza  o funcionamento do Curso Aperfeiçoamento Escola da Terra, no IFPI - Tornada sem efeito pela Resolução nº 80_2024.pdf"", ""RESOLUÇÃO Nº 1-2024 - Aprova a Criação do  Curso Técnico em Analises Clinicas - Integrado ao Médio, no IFPI.pdf"", ""RESOLUÇÃO Nº 19-2025-Aprova a Criação do Curso de Especialização Escola da Terra, no âmbito do Instituto Federal de Educação, Ciência e Tecnologia do Piauí (IFPI) e Anexo.pdf"", ""RESOLUÇÃO Nº 15-2025-Aprova  a Reformulação do Curso Técnico de Nível Médio em Informática para Internet, no âmbito do Instituto Federal de Educação, Ciência e Tecnologia do Piauí (IFPI) e Anexo..pdf"", ""RESOLUÇÃO Nº 45-2024-Aprova a Reformulação do Curso de Licenciatura Intercultural Indígena, do PARFOR EQUIDADE, no âmbito do Instituto Federal de Educação, Ciência e Tecnologia do Piauí (IFPI) e Anexo.pdf"", ""RESOLUÇÃO Nº 80-2024-Autoriza  o funcionamento do Curso Aperfeiçoamento Escola da Terra, no Instituto Federal de Educação, Ciência e Tecnologia do Piauí (IFPI)..pdf""]","[""RESOLUÇÃO nº 111-2025-Aprova a reformulação do Curso Técnico em Agrimensura Integrado ao Ensino Médio, no âmbito do IFPI e Anexo-.pdf"", ""RESOLUÇÃO Nº 19-2025-Aprova a Criação do Curso de Especialização Escola da Terra, no âmbito do Instituto Federal de Educação, Ciência e Tecnologia do Piauí (IFPI) e Anexo.pdf"", ""RESOLUÇÃO Nº 79-2024-Autoriza  o funcionamento do Curso Aperfeiçoamento Escola da Terra, no IFPI - Tornada sem efeito pela Resolução nº 80_2024.pdf"", ""RESOLUÇÃO Nº 80-2024-Autoriza  o funcionamento do Curso Aperfeiçoamento Escola da Terra, no Instituto Federal de Educação, Ciência e Tecnologia do Piauí (IFPI)..pdf"", ""RESOLUÇÃO Nº 79-2024-Autoriza  o funcionamento do Curso Aperfeiçoamento Escola da Terra, no IFPI - Tornada sem efeito pela Resolução nº 80_2024.pdf"", ""RESOLUÇÃO Nº 1-2024 - Aprova a Criação do  Curso Técnico em Analises Clinicas - Integrado ao Médio, no IFPI.pdf"", ""RESOLUÇÃO Nº 19-2025-Aprova a Criação do Curso de Especialização Escola da Terra, no âmbito do Instituto Federal de Educação, Ciência e Tecnologia do Piauí (IFPI) e Anexo.pdf"", ""RESOLUÇÃO Nº 15-2025-Aprova  a Reformulação do Curso Técnico de Nível Médio em Informática para Internet, no âmbito do Instituto Federal de Educação, Ciência e Tecnologia do Piauí (IFPI) e Anexo..pdf"", ""RESOLUÇÃO Nº 45-2024-Aprova a Reformulação do Curso de Licenciatura Intercultural Indígena, do PARFOR EQUIDADE, no âmbito do Instituto Federal de Educação, Ciência e Tecnologia do Piauí (IFPI) e Anexo.pdf"", ""RESOLUÇÃO Nº 80-2024-Autoriza  o funcionamento do Curso Aperfeiçoamento Escola da Terra, no Instituto Federal de Educação, Ciência e Tecnologia do Piauí (IFPI)..pdf""]",,,0.0,0.0,0.0,0.0,0.0,0.0,0.0,0.0,0.0,0.0,0.0,10,10,4,5.3492
1,43,tfidf,"RESOLUÇÃO Nº 14-2025-Aprova a Criação do Curso de Aperfeiçoamento Escola da Terra, no âmbito do Instituto Federal de Educação, Ciência e Tecnologia do Piauí (IFPI) e Anexo..pdf",Qual é a meta física do curso Escola da Terra em número de vagas?,A meta física do curso Escola da Terra é de 120 vagas.,"O curso Escola da Terra possui 60 vagas para Professores da Educação Básica - Escolas do Campo, que possuem certificação em curso de aperfeiçoamento (mínimo de 180).","[Trecho 1 | Fonte: RESOLUÇÃO NORMATIVA Nº 208-2024-Aprova a revisão do Plano de Desenvolvimento Institucional (PDI), 2020-2024, do IFPI e Anexo.pdf]
Os indicadores do IFPI estão destacados nos tópicos abaixo, tendo, como referência, dispositivos legais e instruções normativas, conforme sua área de competência. 3.7.1 Indicadores de administração Segundo a Secretaria de Orçamento Federal (SOF), os indicadores são medidas que operacionalizam um conceito abstrato ou processo decisório. Sendo uma medida, uma forma de mensuração, um parâmetro, o indicador é um instrumento que sintetiza um conjunto de informações em um ""número"", auxiliando na interpretação da realidade. É importante destacar que o acompanhamento da execução física e financeira será expresso por meio de indicadores de eficiência e eficácia, em consonância com o Acordão do Tribunal de Contas da União (TCU), conforme Quadro 13 e por meio de relatórios extraídos do Tesouro Gerencial, Sistema de Orçamento Público (SIOP) e Sistema de Monitoramento da Execução e Controle (SIMEC). Quadro 13 – Indicadores de desempenho da PROAD DIMENSÃO DE ADMINISTRAÇÃO INDICADORES DE DESEMPENHO Eficiência em relação à meta na LOA (EFLOA) ( Valor da Dotação Atual (em R$ 1,00) / Meta Física na LOA ) X 100 Valor Liquidado (em R$ 1,00) / Meta Física Realizada Eficiência em relação à meta após a reprogramação (EFREP) ( Valor da Reprogramação Financeira (em R$ 1,00) / Meta Física reprogramada na LOA ) X 100 Valor Liquidado (em R$ 1,00) / Meta Física Realizada Eficácia em relação à meta da LOA (ECLOA) ( Meta Física Realizada ) X 100 Meta Física na LOA Eficácia em relação à meta após a

[Trecho 2 | Fonte: RESOLUÇÃO NORMATIVA Nº 208-2024-Aprova a revisão do Plano de Desenvolvimento Institucional (PDI), 2020-2024, do IFPI e Anexo.pdf]
• Percentual de estudantes envolvidos em programas e projetos; • Percentual de servidores envolvidos em programas e projetos. Dimensão 3 - Estágio e Emprego • Número de estudantes encaminhados para estágio; • Número de empresas cadastradas como ofertantes de estágio/emprego; • Número de oferta anual de estágios; • Número de estudantes encaminhados para emprego; • Número de empresas cadastradas com oferta anual de emprego. Dimensão 4 - Cursos de Extensão ou Formação Inicial e Continuada • Número de cursos ofertados; • Número de estudantes matriculados; • Número de estudantes concluintes; • Carga horária dos cursos; • Modalidade do curso; • Área do conhecimento/eixo tecnológico do curso. • Número de projetos registrados; • Número de estudantes envolvidos; • Número de servidores envolvidos; • Número de pessoas da comunidade externa envolvida; • Número de pessoas da comunidade interna envolvida; • Público-alvo atingido; • Percentual de estudantes envolvidos em programas e projetos; • Percentual de servidores envolvidos em programas e projetos. Dimensão 5 - Projetos Culturais Artísticos, Científicos, Tecnológicos e Esportivos Dimensão 6 - Visitas Técnicas • Número de estudantes envolvidos; • Número de servidores envolvidos; • Número de visitas efetuadas. • Número de estudantes envolvidos nas ações de Empreendedorismo/Associativismo; • Número de servidores envolvidos nas ações de Empreendedorismo/Associativismo; • Número de empresas residentes na incubadora; • Número de empresas

[Trecho 3 | Fonte: RESOLUÇÃO Nº 19-2025-Aprova a Criação do Curso de Especialização Escola da Terra, no âmbito do Instituto Federal de Educação, Ciência e Tecnologia do Piauí (IFPI) e Anexo.pdf]
MINISTÉRIO DA EDUCAÇÃO SECRETARIA DE MODALIDADES ESPECIALIZADAS DE EDUCAÇÃO INSTITUTO FEDERAL DE EDUCAÇÃO, CIÊNCIA E TECNOLOGIA DO PIAUÍ PROJETO DE CURSO | Plano de Trabalho – Oferta 2024 I. IDENTIFICAÇÃO Instituição: Instituto Federal de Educação, Ciência e Tecnologia do Piauí CNPJ: 10.806.496/0001-49 Av. Pres. Jânio Quadros, 330 - Santa Isabel, Teresina - PI, 64053- 390 Contatos: Telefone: (86) 3131-1409 / (86) 98821-4863 Endereço: Curso: Educação do Campo e Quilombola (Ação Escola da Terra: Programa Práticas Pedagógicas em Classes Multisseriadas da Educação Escolar do Campo) Nível: Pós-Graduação Lato Sensu - Especialização Modalidade: Presencial/Regime de Alternância (Tempo Universidade – Tempo Escola/Comunidade) Total: 495 horas - Alternância Pedagógica TU/TEC Presencial (Tempo-Universidade): 257 h/a Tempo-Escola/Comunidade: 103 h/a Carga Horária: 60 vagas para Professores da Educação Básica - Escolas do Campo, que possuem certificação em curso de aperfeiçoamento (mínimo de 180) Programa Escola da Terra/MEC/IFPI Custeio: R$ 120.000,00 Local de Realização: Meta Física: Instituto Federal de Educação, Ciência e Tecnologia do Piauí – Campi São João do Piauí, São Raimundo Nonato, Oeiras e Paulistana Municípios de abrangência Municípios participantes da primeira edição do Programa Escola da Terra (Aperfeiçoamento) no sul do Piauí Atividades com prof. Cursistas Out/2024 a Nov./2025 Vigência do projeto/TED Set./2024 a Dez./2025 Emanuel Alcântara da Silva - CPF: 013.686.243-83

[Trecho 4 | Fonte: RESOLUÇÃO NORMATIVA Nº 208-2024-Aprova a revisão do Plano de Desenvolvimento Institucional (PDI), 2020-2024, do IFPI e Anexo.pdf]
em programas de pós- graduação stricto sensu; • Número de servidores em formação continuada em nível de mestrado e doutorado. Atividades de formação continuada (pós-doutorado) • Número de bolsas implementadas. Eventos para intercâmbio entre pesquisadores • Número de eventos promovidos nos campi. • Número de atividades realizadas por semestre. Seminários e reuniões com a participação das unidades acadêmicas e administrativas Grupos de pesquisa • Número de grupos de pesquisa existentes. Programa Institucional de Pesquisa e Inovação. • Número de projetos desenvolvidos Financiamento de bolsas de iniciação científica Número de bolsas ((Ano atual / Ano base) - 1) x 100 Financiamento de bolsas de produtividade em pesquisa e inovação. • Número de bolsas Eventos de iniciação científica • Número de eventos realizados • Valor de investimento Investimento para infraestrutura laboratorial a partir de programas de fomento. Cursos de pós-graduação lato sensu. • Número de cursos ofertados • Número de cursos criados Cursos de mestrado profissional na modalidade Institucional. Cursos de mestrado acadêmico na modalidade institucional • Número de cursos criados Proteção do conhecimento gerado a partir de trabalhos desenvolvidos pelos professores do IFPI Número de depósitos ((Ano atual / Ano base) - 1) x 100 Capacitação da equipe da PROPI em planejamento estratégico e gestão de programas e projetos. • Capacitações realizadas • Número de encontros realizados Encontros e palestras sobre","[""RESOLUÇÃO NORMATIVA Nº 208-2024-Aprova a revisão do Plano de Desenvolvimento Institucional (PDI), 2020-2024, do IFPI e Anexo.pdf"", ""RESOLUÇÃO NORMATIVA Nº 208-2024-Aprova a revisão do Plano de Desenvolvimento Institucional (PDI), 2020-2024, do IFPI e Anexo.pdf"", ""RESOLUÇÃO Nº 19-2025-Aprova a Criação do Curso de Especialização Escola da Terra, no âmbito do Instituto Federal de Educação, Ciência e Tecnologia do Piauí (IFPI) e Anexo.pdf"", ""RESOLUÇÃO NORMATIVA Nº 208-2024-Aprova a revisão do Plano de Desenvolvimento Institucional (PDI), 2020-2024, do IFPI e Anexo.pdf""]","[""RESOLUÇÃO NORMATIVA Nº 208-2024-Aprova a revisão do Plano de Desenvolvimento Institucional (PDI), 2020-2024, do IFPI e Anexo.pdf"", ""RESOLUÇÃO NORMATIVA Nº 208-2024-Aprova a revisão do Plano de Desenvolvimento Institucional (PDI), 2020-2024, do IFPI e Anexo.pdf"", ""RESOLUÇÃO Nº 19-2025-Aprova a Criação do Curso de Especialização Escola da Terra, no âmbito do Instituto Federal de Educação, Ciência e Tecnologia do Piauí (IFPI) e Anexo.pdf"", ""RESOLUÇÃO NORMATIVA Nº 208-2024-Aprova a revisão do Plano de Desenvolvimento Institucional (PDI), 2020-2024, do IFPI e Anexo.pdf"", ""CURSO_SUPERIOR_DE_TECNOLOGIA_EM_ANÁLISE_E_DESENVOLVIMENTO_DE_SISTEMAS.pdf"", ""RESOLUÇÃO Nº 128-2024-Aprova a Criação do Curso Superior de Tecnologia em Sistemas para Internet, no âmbito do Instituto Federal de Educação, Ciência e Tecnologia do Piauí (IFPI) e Anexo.pdf"", ""RESOLUÇÃO Nº 1-2025-Aprova a criação do curso de Especialização em Organizações, Sustentabilidade e Sociedade, no âmbito do Instituto Federal de Educação, Ciência e Tecnologia do Piauí (IFPI) e Anexo.pdf"", ""RESOLUÇÃO NORMATIVA Nº 208-2024-Aprova a revisão do Plano de Desenvolvimento Institucional (PDI), 2020-2024, do IFPI e Anexo.pdf"", ""RESOLUÇÃO Nº 1-2024 - Aprova a Criação do  Curso Técnico em Analises Clinicas - Integrado ao Médio, no IFPI.pdf"", ""RESOLUÇÃO Nº 79-2024-Autoriza  o funcionamento do Curso Aperfeiçoamento Escola da Terra, no IFPI - Tornada sem efeito pela Resolução nº 80_2024.pdf""]","[""RESOLUÇÃO NORMATIVA Nº 208-2024-Aprova a revisão do Plano de Desenvolvimento Institucional (PDI), 2020-2024, do IFPI e Anexo.pdf"", ""RESOLUÇÃO NORMATIVA Nº 208-2024-Aprova a revisão do Plano de Desenvolvimento Institucional (PDI), 2020-2024, do IFPI e Anexo.pdf"", ""RESOLUÇÃO Nº 19-2025-Aprova a Criação do Curso de Especialização Escola da Terra, no âmbito do Instituto Federal de Educação, Ciência e Tecnologia do Piauí (IFPI) e Anexo.pdf"", ""RESOLUÇÃO NORMATIVA Nº 208-2024-Aprova a revisão do Plano de Desenvolvimento Institucional (PDI), 2020-2024, do IFPI e Anexo.pdf"", ""CURSO_SUPERIOR_DE_TECNOLOGIA_EM_ANÁLISE_E_DESENVOLVIMENTO_DE_SISTEMAS.pdf"", ""RESOLUÇÃO Nº 128-2024-Aprova a Criação do Curso Superior de Tecnologia em Sistemas para Internet, no âmbito do Instituto Federal de Educação, Ciência e Tecnologia do Piauí (IFPI) e Anexo.pdf"", ""RESOLUÇÃO Nº 1-2025-Aprova a criação do curso de Especialização em Organizações, Sustentabilidade e Sociedade, no âmbito do Instituto Federal de Educação, Ciência e Tecnologia do Piauí (IFPI) e Anexo.pdf"", ""RESOLUÇÃO NORMATIVA Nº 208-2024-Aprova a revisão do Plano de Desenvolvimento Institucional (PDI), 2020-2024, do IFPI e Anexo.pdf"", ""RESOLUÇÃO Nº 1-2024 - Aprova a Criação do  Curso Técnico em Analises Clinicas - Integrado ao Médio, no IFPI.pdf"", ""RESOLUÇÃO Nº 79-2024-Autoriza  o funcionamento do Curso Aperfeiçoamento Escola da Terra, no IFPI - Tornada sem efeito pela Resolução nº 80_2024.pdf""]",,,0.0,0.0,0.0,0.0,0.0,0.0,0.0,0.0,0.0,0.0,0.0,10,10,4,4.5371
1,43,tfidf,"RESOLUÇÃO Nº 14-2025-Aprova a Criação do Curso de Aperfeiçoamento Escola da Terra, no âmbito do Instituto Federal de Educação, Ciência e Tecnologia do Piauí (IFPI) e Anexo..pdf",Quando está previsto o início do curso Escola da Terra?,O início do curso Escola da Terra está previsto para março de 2025.,O Curso Aperfeiçoamento Escola da Terra está previsto para iniciar no primeiro semestre de 2024.,"[Trecho 1 | Fonte: RESOLUÇÃO nº 111-2025-Aprova a reformulação do Curso Técnico em Agrimensura Integrado ao Ensino Médio, no âmbito do IFPI e Anexo-.pdf]
Terra Carga horária: 72h EMENTA Questão agrária: história da estrutura fundiária brasileira nos períodos colonial e imperial; o Estatuto da Terra: a função social da terra; a função social da terra segundo a Constituição Federal de 1988; a violência no campo e a reforma agrária; sistemas produtivos agrícolas; relações de trabalho no campo brasileiro; impactos sociais e ambientais da modernização agropecuária e a expansão da fronteira agrícola brasileira; novas ruralidades e pluriatividades no campo brasileiro. Disciplinas da Integração Curricular: História, Geografia e Georreferenciamento. Destaca a importância da terra ao longo da história do Brasil e no contexto atual, principalmente, na questão socioeconômica. PROGRAMA 1 OBJETIVO GERAL/COMPETÊNCIAS: Compreender a concepção de função social da terra nas perspectivas do uso e da propriedade da terra e das relações do trabalho e dos impactos socioambientais. 2 OBJETIVOS ESPECÍFICOS/HABILIDADES a) Caracterizar o processo de domínio e exploração da terra no Brasil nos períodos colonial, imperial e republicano, destacando os mecanismos políticos para o cenário posto; b) Descrever as relações de trabalho e dos sistemas produtivos no rural brasileiro; c) Discutir a estrutura fundiária brasileira e suas repercussões no desenvolvimento socioeconômico e na política de reforma agrária; d) Analisar a função social da terra como perspectiva de direitos sociais, das relações do trabalho e da produtividade da terra e do uso dos recursos

[Trecho 2 | Fonte: RESOLUÇÃO Nº 79-2024-Autoriza  o funcionamento do Curso Aperfeiçoamento Escola da Terra, no IFPI - Tornada sem efeito pela Resolução nº 80_2024.pdf]
64.750-000 Escola da Terra 30 180 h Travessa Sete de Setembro, S/N, Centro, São João do Piauí/ PI, CEP 64.760-000. São João do Piauí Escola da Terra 30 180 h São Raimundo Nonato Rodovia BR 020, S/N, Bairro Primavera - CEP: 64.670-000 Escola da Terra 30 180 h Art. 2º Esta Resolução entra em vigor na data de sua publicação. PAULO BORGES DA CUNHA Presidente do CONSUP

[Trecho 3 | Fonte: RESOLUÇÃO Nº 79-2024-Autoriza  o funcionamento do Curso Aperfeiçoamento Escola da Terra, no IFPI - Tornada sem efeito pela Resolução nº 80_2024.pdf]
Ministério da Educação Instituto Federal de Educação, Ciência e Tecnologia do Piauí IFPI Av. Jânio Quadros, Santa Isabel, TERESINA / PI, CEP 64053-390 Fone: (86) 3131-1443 Site: www.ifpi.edu.br RESOLUÇÃO 79/2024 - CONSUP/OSUPCOL/REI/IFPI, de 6 de agosto de 2024. Autoriza o funcionamento do Curso Aperfeiçoamento Escola da Terra, no Ins?tuto Federal de Educação, Ciência e Tecnologia do Piauí (IFPI). O Presidente do Conselho Superior do Ins?tuto Federal de Educação, Ciência e Tecnologia do Piauí, no uso de suas atribuições conferidas no Estatuto deste Ins?tuto Federal, aprovado pela Resolução Norma?va nº 59, de 20 de agosto de 2021, publicada no Diário Oﬁcial da União de 23 de agosto de 2021, considerando o processo nº 23172.002191/2024-53, RESOLVE: RESOLVE: Art. 1º Autorizar, ad referendum, ad referendum, o funcionamento do Curso Aperfeiçoamento Escola da Terra, no Ins?tuto Federal de Educação, Ciência e Tecnologia do Piauí (IFPI), a par?r do primeiro semestre de 2024, conforme descrição abaixo: CAMPUS CAMPUS ENDEREÇO ENDEREÇO CURSO CURSO VAGAS VAGAS CARGA CARGA HORÁRIA HORÁRIA ATO DE CRIAÇÃO/ ATO DE CRIAÇÃO/ REFORMULAÇÃO REFORMULAÇÃO Rua Projetada, s/n, Bairro Uberaba II, Oeiras (PI) - CEP: 64.500-000 Oeiras Escola da Terra 30 180 h Paulistana Rodovia BR 407, S/N, Centro - CEP: 64.750-000 Escola da Terra 30 180 h Travessa Sete de Setembro, S/N, Centro, São João do Piauí/ PI, CEP 64.760-000. São João do Piauí Escola da Terra 30 180 h São Raimundo Nonato Rodovia BR 020, S/N,

[Trecho 4 | Fonte: RESOLUÇÃO Nº 80-2024-Autoriza  o funcionamento do Curso Aperfeiçoamento Escola da Terra, no Instituto Federal de Educação, Ciência e Tecnologia do Piauí (IFPI)..pdf]
Ministério da Educação Instituto Federal de Educação, Ciência e Tecnologia do Piauí IFPI Av. Jânio Quadros, Santa Isabel, TERESINA / PI, CEP 64053-390 Fone: (86) 3131-1443 Site: www.ifpi.edu.br RESOLUÇÃO 80/2024 - CONSUP/OSUPCOL/REI/IFPI, de 7 de agosto de 2024. Autoriza o funcionamento do Curso Aperfeiçoamento Escola da Terra, no Ins?tuto Federal de Educação, Ciência e Tecnologia do Piauí (IFPI). O Presidente do Conselho Superior do Ins?tuto Federal de Educação, Ciência e Tecnologia do Piauí, no uso de suas atribuições conferidas no Estatuto deste Ins?tuto Federal, aprovado pela Resolução Norma?va nº 59, de 20 de agosto de 2021, publicada no Diário Oﬁcial da União de 23 de agosto de 2021, considerando o processo nº 23172.002191/2024-53, RESOLVE: RESOLVE: Art. 1º Autorizar, ad referendum, ad referendum, o funcionamento do Curso Aperfeiçoamento Escola da Terra, no Ins?tuto Federal de Educação, Ciência e Tecnologia do Piauí (IFPI), a par?r do primeiro semestre de 2024, conforme descrição abaixo: ATO DE ATO DE CRIAÇÃO CRIAÇÃO CAMPUS CAMPUS ENDEREÇO ENDEREÇO CURSO CURSO VAGAS VAGAS CARGA CARGA HORÁRIA HORÁRIA Oeiras Rua Projetada, s/n, Bairro Uberaba II, Oeiras (PI) - CEP: 64.500-000 Escola da Terra 30 180 h Resolução nº 78/2024 Paulistana Rodovia BR 407, S/N, Centro - CEP: 64.750-000 Escola da Terra 30 180 h Resolução nº 78/2024 Travessa Sete de Setembro, S/N, Centro, São João do Piauí/ PI, CEP 64.760-000. Escola da Terra 30 180 h Resolução nº 78/2024 São João do Piauí São","[""RESOLUÇÃO nº 111-2025-Aprova a reformulação do Curso Técnico em Agrimensura Integrado ao Ensino Médio, no âmbito do IFPI e Anexo-.pdf"", ""RESOLUÇÃO Nº 79-2024-Autoriza  o funcionamento do Curso Aperfeiçoamento Escola da Terra, no IFPI - Tornada sem efeito pela Resolução nº 80_2024.pdf"", ""RESOLUÇÃO Nº 79-2024-Autoriza  o funcionamento do Curso Aperfeiçoamento Escola da Terra, no IFPI - Tornada sem efeito pela Resolução nº 80_2024.pdf"", ""RESOLUÇÃO Nº 80-2024-Autoriza  o funcionamento do Curso Aperfeiçoamento Escola da Terra, no Instituto Federal de Educação, Ciência e Tecnologia do Piauí (IFPI)..pdf""]","[""RESOLUÇÃO nº 111-2025-Aprova a reformulação do Curso Técnico em Agrimensura Integrado ao Ensino Médio, no âmbito do IFPI e Anexo-.pdf"", ""RESOLUÇÃO Nº 79-2024-Autoriza  o funcionamento do Curso Aperfeiçoamento Escola da Terra, no IFPI - Tornada sem efeito pela Resolução nº 80_2024.pdf"", ""RESOLUÇÃO Nº 79-2024-Autoriza  o funcionamento do Curso Aperfeiçoamento Escola da Terra, no IFPI - Tornada sem efeito pela Resolução nº 80_2024.pdf"", ""RESOLUÇÃO Nº 80-2024-Autoriza  o funcionamento do Curso Aperfeiçoamento Escola da Terra, no Instituto Federal de Educação, Ciência e Tecnologia do Piauí (IFPI)..pdf"", ""RESOLUÇÃO Nº 19-2025-Aprova a Criação do Curso de Especialização Escola da Terra, no âmbito do Instituto Federal de Educação, Ciência e Tecnologia do Piauí (IFPI) e Anexo.pdf"", ""RESOLUÇÃO Nº 57-2024-Aprova a Criação do Curso de Especialização Técnica de Nível Médio em Hidrogênio Verde, no IFPI e Anexo.pdf"", ""RESOLUÇÃO Nº 45-2024-Aprova a Reformulação do Curso de Licenciatura Intercultural Indígena, do PARFOR EQUIDADE, no âmbito do Instituto Federal de Educação, Ciência e Tecnologia do Piauí (IFPI) e Anexo.pdf"", ""RESOLUÇÃO Nº 80-2024-Autoriza  o funcionamento do Curso Aperfeiçoamento Escola da Terra, no Instituto Federal de Educação, Ciência e Tecnologia do Piauí (IFPI)..pdf"", ""RESOLUÇÃO Nº 19-2025-Aprova a Criação do Curso de Especialização Escola da Terra, no âmbito do Instituto Federal de Educação, Ciência e Tecnologia do Piauí (IFPI) e Anexo.pdf"", ""RESOLUÇÃO Nº 48-2024-Aprova a criação do Curso de Licenciatura Letras Inglês, no âmbito do Instituto Federal de Educação, Ciência e Tecnologia do Piauí (IFPI) e Anexo.pdf""]","[""RESOLUÇÃO nº 111-2025-Aprova a reformulação do Curso Técnico em Agrimensura Integrado ao Ensino Médio, no âmbito do IFPI e Anexo-.pdf"", ""RESOLUÇÃO Nº 79-2024-Autoriza  o funcionamento do Curso Aperfeiçoamento Escola da Terra, no IFPI - Tornada sem efeito pela Resolução nº 80_2024.pdf"", ""RESOLUÇÃO Nº 79-2024-Autoriza  o funcionamento do Curso Aperfeiçoamento Escola da Terra, no IFPI - Tornada sem efeito pela Resolução nº 80_2024.pdf"", ""RESOLUÇÃO Nº 80-2024-Autoriza  o funcionamento do Curso Aperfeiçoamento Escola da Terra, no Instituto Federal de Educação, Ciência e Tecnologia do Piauí (IFPI)..pdf"", ""RESOLUÇÃO Nº 19-2025-Aprova a Criação do Curso de Especialização Escola da Terra, no âmbito do Instituto Federal de Educação, Ciência e Tecnologia do Piauí (IFPI) e Anexo.pdf"", ""RESOLUÇÃO Nº 57-2024-Aprova a Criação do Curso de Especialização Técnica de Nível Médio em Hidrogênio Verde, no IFPI e Anexo.pdf"", ""RESOLUÇÃO Nº 45-2024-Aprova a Reformulação do Curso de Licenciatura Intercultural Indígena, do PARFOR EQUIDADE, no âmbito do Instituto Federal de Educação, Ciência e Tecnologia do Piauí (IFPI) e Anexo.pdf"", ""RESOLUÇÃO Nº 80-2024-Autoriza  o funcionamento do Curso Aperfeiçoamento Escola da Terra, no Instituto Federal de Educação, Ciência e Tecnologia do Piauí (IFPI)..pdf"", ""RESOLUÇÃO Nº 19-2025-Aprova a Criação do Curso de Especialização Escola da Terra, no âmbito do Instituto Federal de Educação, Ciência e Tecnologia do Piauí (IFPI) e Anexo.pdf"", ""RESOLUÇÃO Nº 48-2024-Aprova a criação do Curso de Licenciatura Letras Inglês, no âmbito do Instituto Federal de Educação, Ciência e Tecnologia do Piauí (IFPI) e Anexo.pdf""]",,,0.0,0.0,0.0,0.0,0.0,0.0,0.0,0.0,0.0,0.0,0.0,10,10,4,3.4195
1,43,tfidf,"RESOLUÇÃO Nº 14-2025-Aprova a Criação do Curso de Aperfeiçoamento Escola da Terra, no âmbito do Instituto Federal de Educação, Ciência e Tecnologia do Piauí (IFPI) e Anexo..pdf",Quem é o coordenador do curso Escola da Terra?,O coordenador do curso Escola da Terra é Gilson Mendes Araújo.,Não encontrei essa informação no contexto fornecido.,"[Trecho 1 | Fonte: RESOLUÇÃO nº 111-2025-Aprova a reformulação do Curso Técnico em Agrimensura Integrado ao Ensino Médio, no âmbito do IFPI e Anexo-.pdf]
Terra Carga horária: 72h EMENTA Questão agrária: história da estrutura fundiária brasileira nos períodos colonial e imperial; o Estatuto da Terra: a função social da terra; a função social da terra segundo a Constituição Federal de 1988; a violência no campo e a reforma agrária; sistemas produtivos agrícolas; relações de trabalho no campo brasileiro; impactos sociais e ambientais da modernização agropecuária e a expansão da fronteira agrícola brasileira; novas ruralidades e pluriatividades no campo brasileiro. Disciplinas da Integração Curricular: História, Geografia e Georreferenciamento. Destaca a importância da terra ao longo da história do Brasil e no contexto atual, principalmente, na questão socioeconômica. PROGRAMA 1 OBJETIVO GERAL/COMPETÊNCIAS: Compreender a concepção de função social da terra nas perspectivas do uso e da propriedade da terra e das relações do trabalho e dos impactos socioambientais. 2 OBJETIVOS ESPECÍFICOS/HABILIDADES a) Caracterizar o processo de domínio e exploração da terra no Brasil nos períodos colonial, imperial e republicano, destacando os mecanismos políticos para o cenário posto; b) Descrever as relações de trabalho e dos sistemas produtivos no rural brasileiro; c) Discutir a estrutura fundiária brasileira e suas repercussões no desenvolvimento socioeconômico e na política de reforma agrária; d) Analisar a função social da terra como perspectiva de direitos sociais, das relações do trabalho e da produtividade da terra e do uso dos recursos

[Trecho 2 | Fonte: RESOLUÇÃO NORMATIVA Nº 210-2024 - Atualiza o Programa de Pós-Graduação em Engenharia de Materiais e Processos Industriais (PPGEM), no âmbito do Instituto Federal de Educação, Ciência e Tecnologia do Piauí (IFPI)..pdf]
de Trabalho de Conclusão de Curso; IX - aprovar, consultado o atual orientador, a mudança de professor orientador; X - aprovar, baseado em parecer de um relator membro do Colegiado do Programa, o aproveitamento de créditos de pós-graduação; XI - cancelar, mediante solicitação do docente interessado, a oferta de disciplina sob sua responsabilidade; XII - decidir sobre propostas de desligamento de alunos, encaminhadas pela Coordenação; Seção II Seção II Da Coordenação Da Coordenação Art. 9º A coordenação do PPGEM será exercida pelos membros eleitos nos termos do inciso I do artigo anterior. Art. 10. A Coordenação do PPGEM será integrada pelo Coordenador e Coordenador SubsCtuto Eventual (Vice-Coordenador), pertencentes ao Colegiado respectivo. Parágrafo único. O mandato do Coordenador e Coordenador SubsCtuto Eventual do PPGEM será de 02 (dois) anos, podendo ser renovado por igual período consecutivo, uma única vez. Art. 11. Nas faltas e impedimentos do Coordenador do PPGEM suas funções serão exercidas, para todos os efeitos, pelo Coordenador Substituto Eventual. § 1º Nas faltas e impedimentos simultâneos do Coordenador e Coordenador SubsCtuto Eventual, a função de Coordenador será exercida pelo membro mais anCgo no magistério da IFPI, pertencente ao Colegiado do Programa. § 2º No impedimento permanente ou na renúncia do Coordenador e do Coordenador SubsCtuto Eventual, a subsCtuição será feita através de eleição em reunião do Colegiado do Programa, convocada para este ﬁm pelo

[Trecho 3 | Fonte: RESOLUÇÃO NORMATIVA Nº 224-2024-Atualiza a Estrutura Organizacional do Instituto Federal de Educação, Ciência e Tecnologia do Piauí (IFPI) e Anexo-REVOGADA PELA RESOLUÇÃO Nº 225_2024.pdf]
Coordenadoria do Curso Técnico em Administração Coordenador 01 FCC 3.3.2.2. Coordenadoria do Curso Técnico em Agropecuária Coordenador 01 FCC 3.3.2.3. Coordenadoria do Curso Técnico em Informática Coordenador 01 FCC 3.3.2.4. Coordenadoria do Curso Técnico em Meio Ambiente Coordenador 01 FCC 3.3.2.5. Coordenadoria do Curso Técnico em Administração (PROEJA) Coordenador 01 FCC 3.3.2.6. Coordenadoria do Curso de Licenciatura em Física Coordenador 01 FCC 3.3.2.7. Coordenadoria do Curso de Licenciatura em Matemática Coordenador 01 FCC 3.3.2.8. Coordenadoria do Curso de Bacharelado em Administração Coordenador 01 FCC 3.3.2.9. Coordenadoria do Curso de Tecnologia em Análise e Desenvolvimento de Sistemas Coordenador 01 FCC 3.3.2.10. Coordenadoria do Curso de Tecnologia em Gestão Ambiental Coordenador 01 FCC 3.3.2.11. Coordenadoria das Áreas da Natureza, Humanas e Letras Coordenador 01 FG-1 3.3.2.12. Coordenadoria Pedagógica Coordenador 01 FG-1 3.3.2.13. Coordenadoria de Biblioteca Coordenador 01 FG-2 3.3.2.14. Coordenadoria de Controle Acadêmico Coordenador 01 FG-2 3.3.2.15. Coordenadoria do NAPNE Coordenador 01 FG-1 3.3.3. Departamento de Administração e Planejamento Chefe de Departamento 01 CD-4 3.3.3.1. Coordenadoria de Orçamento, Contabilidade e Finanças Coordenador 01 FG-2 3.3.3.2. Coordenadoria de Compras e Licitação Coordenador 01 FG-1 3.3.3.3. Coordenadoria de Patrimônio e Almoxarifado Coordenador 01 FG-2 3.3.3.4. Coordenadoria de Logística e Manutenção Coordenador 01 FG-2

[Trecho 4 | Fonte: RESOLUÇÃO NORMATIVA Nº 240-2025-Atualiza a Estrutura Organizacional do Instituto Federal de Educação, Ciência e Tecnologia do Piauí (IFPI) e Anexo.pdf]
Coordenadoria do Curso Técnico em Administração Coordenador 01 FCC 3.3.2.2. Coordenadoria do Curso Técnico em Agropecuária Coordenador 01 FCC 3.3.2.3. Coordenadoria do Curso Técnico em Informática Coordenador 01 FCC 3.3.2.4. Coordenadoria do Curso Técnico em Meio Ambiente Coordenador 01 FCC 3.3.2.5. Coordenadoria do Curso Técnico em Administração (PROEJA) Coordenador 01 FCC 3.3.2.6. Coordenadoria do Curso de Licenciatura em Física Coordenador 01 FCC 3.3.2.7. Coordenadoria do Curso de Licenciatura em Matemática Coordenador 01 FCC 3.3.2.8. Coordenadoria do Curso de Bacharelado em Administração Coordenador 01 FCC 3.3.2.9. Coordenadoria do Curso de Tecnologia em Análise e Desenvolvimento de Sistemas Coordenador 01 FCC 3.3.2.10. Coordenadoria do Curso de Tecnologia em Gestão Ambiental Coordenador 01 FCC 3.3.2.11. Coordenadoria das Áreas da Natureza, Humanas e Letras Coordenador 01 FG-1 3.3.2.12. Coordenadoria Pedagógica Coordenador 01 FG-1 3.3.2.13. Coordenadoria de Biblioteca Coordenador 01 FG-2 3.3.2.14. Coordenadoria de Controle Acadêmico Coordenador 01 FG-2 3.3.2.15. Coordenadoria do NAPNE Coordenador 01 FG-1 3.3.3. Departamento de Administração e Planejamento Chefe de Departamento 01 CD-4 3.3.3.1. Coordenadoria de Orçamento, Contabilidade e Finanças Coordenador 01 FG-2 3.3.3.2. Coordenadoria de Compras e Licitação Coordenador 01 FG-1 3.3.3.3. Coordenadoria de Patrimônio e Almoxarifado Coordenador 01 FG-2 3.3.3.4. Coordenadoria de Logística e Manutenção Coordenador 01 FG-2","[""RESOLUÇÃO nº 111-2025-Aprova a reformulação do Curso Técnico em Agrimensura Integrado ao Ensino Médio, no âmbito do IFPI e Anexo-.pdf"", ""RESOLUÇÃO NORMATIVA Nº 210-2024 - Atualiza o Programa de Pós-Graduação em Engenharia de Materiais e Processos Industriais (PPGEM), no âmbito do Instituto Federal de Educação, Ciência e Tecnologia do Piauí (IFPI)..pdf"", ""RESOLUÇÃO NORMATIVA Nº 224-2024-Atualiza a Estrutura Organizacional do Instituto Federal de Educação, Ciência e Tecnologia do Piauí (IFPI) e Anexo-REVOGADA PELA RESOLUÇÃO Nº 225_2024.pdf"", ""RESOLUÇÃO NORMATIVA Nº 240-2025-Atualiza a Estrutura Organizacional do Instituto Federal de Educação, Ciência e Tecnologia do Piauí (IFPI) e Anexo.pdf""]","[""RESOLUÇÃO nº 111-2025-Aprova a reformulação do Curso Técnico em Agrimensura Integrado ao Ensino Médio, no âmbito do IFPI e Anexo-.pdf"", ""RESOLUÇÃO NORMATIVA Nº 210-2024 - Atualiza o Programa de Pós-Graduação em Engenharia de Materiais e Processos Industriais (PPGEM), no âmbito do Instituto Federal de Educação, Ciência e Tecnologia do Piauí (IFPI)..pdf"", ""RESOLUÇÃO NORMATIVA Nº 224-2024-Atualiza a Estrutura Organizacional do Instituto Federal de Educação, Ciência e Tecnologia do Piauí (IFPI) e Anexo-REVOGADA PELA RESOLUÇÃO Nº 225_2024.pdf"", ""RESOLUÇÃO NORMATIVA Nº 240-2025-Atualiza a Estrutura Organizacional do Instituto Federal de Educação, Ciência e Tecnologia do Piauí (IFPI) e Anexo.pdf"", ""RESOLUÇÃO NORMATIVA Nº 196-2024 - Atualiza a Estrutura Organizacional do Instituto Federal de Educação, Ciência e Tecnologia do Piauí (IFPI) e Anexo -  REVOGADA PELA RESOLUÇÃO NORMATIVA Nº 224_2024 .pdf"", ""RESOLUÇÃO NORMATIVA Nº 240-2025-Atualiza a Estrutura Organizacional do Instituto Federal de Educação, Ciência e Tecnologia do Piauí (IFPI) e Anexo.pdf"", ""RESOLUÇÃO NORMATIVA Nº 224-2024-Atualiza a Estrutura Organizacional do Instituto Federal de Educação, Ciência e Tecnologia do Piauí (IFPI) e Anexo-REVOGADA PELA RESOLUÇÃO Nº 225_2024.pdf"", ""RESOLUÇÃO NORMATIVA Nº 196-2024 - Atualiza a Estrutura Organizacional do Instituto Federal de Educação, Ciência e Tecnologia do Piauí (IFPI) e Anexo -  REVOGADA PELA RESOLUÇÃO NORMATIVA Nº 224_2024 .pdf"", ""RESOLUÇÃO NORMATIVA Nº 224-2024-Atualiza a Estrutura Organizacional do Instituto Federal de Educação, Ciência e Tecnologia do Piauí (IFPI) e Anexo-REVOGADA PELA RESOLUÇÃO Nº 225_2024.pdf"", ""RESOLUÇÃO NORMATIVA Nº 224-2024-Atualiza a Estrutura Organizacional do Instituto Federal de Educação, Ciência e Tecnologia do Piauí (IFPI) e Anexo-REVOGADA PELA RESOLUÇÃO Nº 225_2024.pdf""]","[""RESOLUÇÃO nº 111-2025-Aprova a reformulação do Curso Técnico em Agrimensura Integrado ao Ensino Médio, no âmbito do IFPI e Anexo-.pdf"", ""RESOLUÇÃO NORMATIVA Nº 210-2024 - Atualiza o Programa de Pós-Graduação em Engenharia de Materiais e Processos Industriais (PPGEM), no âmbito do Instituto Federal de Educação, Ciência e Tecnologia do Piauí (IFPI)..pdf"", ""RESOLUÇÃO NORMATIVA Nº 224-2024-Atualiza a Estrutura Organizacional do Instituto Federal de Educação, Ciência e Tecnologia do Piauí (IFPI) e Anexo-REVOGADA PELA RESOLUÇÃO Nº 225_2024.pdf"", ""RESOLUÇÃO NORMATIVA Nº 240-2025-Atualiza a Estrutura Organizacional do Instituto Federal de Educação, Ciência e Tecnologia do Piauí (IFPI) e Anexo.pdf"", ""RESOLUÇÃO NORMATIVA Nº 196-2024 - Atualiza a Estrutura Organizacional do Instituto Federal de Educação, Ciência e Tecnologia do Piauí (IFPI) e Anexo -  REVOGADA PELA RESOLUÇÃO NORMATIVA Nº 224_2024 .pdf"", ""RESOLUÇÃO NORMATIVA Nº 240-2025-Atualiza a Estrutura Organizacional do Instituto Federal de Educação, Ciência e Tecnologia do Piauí (IFPI) e Anexo.pdf"", ""RESOLUÇÃO NORMATIVA Nº 224-2024-Atualiza a Estrutura Organizacional do Instituto Federal de Educação, Ciência e Tecnologia do Piauí (IFPI) e Anexo-REVOGADA PELA RESOLUÇÃO Nº 225_2024.pdf"", ""RESOLUÇÃO NORMATIVA Nº 196-2024 - Atualiza a Estrutura Organizacional do Instituto Federal de Educação, Ciência e Tecnologia do Piauí (IFPI) e Anexo -  REVOGADA PELA RESOLUÇÃO NORMATIVA Nº 224_2024 .pdf"", ""RESOLUÇÃO NORMATIVA Nº 224-2024-Atualiza a Estrutura Organizacional do Instituto Federal de Educação, Ciência e Tecnologia do Piauí (IFPI) e Anexo-REVOGADA PELA RESOLUÇÃO Nº 225_2024.pdf"", ""RESOLUÇÃO NORMATIVA Nº 224-2024-Atualiza a Estrutura Organizacional do Instituto Federal de Educação, Ciência e Tecnologia do Piauí (IFPI) e Anexo-REVOGADA PELA RESOLUÇÃO Nº 225_2024.pdf""]",,,0.0,0.0,0.0,0.0,0.0,0.0,0.0,0.0,0.0,0.0,0.0,10,10,4,2.8749
1,43,tfidf,"RESOLUÇÃO NORMATIVA Nº 236-2025-Prorroga o Plano Diretor de Tecnologia da Informação e Comunicação (PDTIC-2022-2024), do Instituto Federal de Educação, Ciência e Tecnologia do Piauí (IFPI) e Anexo.pdf",Para qual exercício foi prorrogada a vigência do PDTIC-2022/2024 do IFPI?,A vigência do PDTIC-2022/2024 foi prorrogada para o exercício de 2025.,O Plano Diretor de Tecnologia da Informação e Comunicação (PDTIC-2022/2024) do IFPI foi prorrogado por meio da Resolução Normativa nº 236-2025.,"[Trecho 1 | Fonte: RESOLUÇÃO NORMATIVA Nº 236-2025-Prorroga o Plano Diretor de Tecnologia da Informação e Comunicação (PDTIC-2022-2024), do Instituto Federal de Educação, Ciência e Tecnologia do Piauí (IFPI) e Anexo.pdf]
relacionadas. RESULTADOS DO PDTIC ANTERIOR Após a análise do PDTIC anterior, foi possível identificar quais ações foram concluídas, quais foram replanejadas ou não efetivadas. O PDTIC 2022-2024 é uma revisão do Plano Diretor de TIC atual do IFPI, previsto inicialmente para o horizonte temporal de 2019 a 2020, desta forma, os resultados apresentados neste item (Figura 04) são referentes ao último PDTIC vigente no âmbito do Instituto Federal do Piauí, o qual contemplava as ações de TIC para o período de vigência. O PDTIC 2019-2020 apresentou um plano de 79 necessidades a serem sanadas para o período de vigência. Algumas foram alcançadas com sucesso, tendo algumas necessidades atendidas total ou parcialmente. Desta forma, o propósito deste documento também é acompanhar o andamento das ações estabelecidas a fim de que eliminem as necessidades em relação à TIC para o IFPI. As necessidades não cumpridas serão avaliadas novamente e, caso ainda desejadas, serão inseridas novamente no PDTIC para que sejam contempladas em novos planos de ações e projetos. Figura 03 - Resultados do PDTIC anterior REFERENCIAL ESTRATÉGICO DE TIC O referencial estratégico de TIC é composto pela missão, visão, valores, objetivos estratégicos, análise do ambiente organizacional e princípios e diretrizes. O alinhamento estratégico corresponde ao alinhamento entre os instrumentos de planejamento de TIC adotados pelo IFPI. Os trabalhos realizados durante a execução do PDTIC seguiram as orientações do IFPI com

[Trecho 2 | Fonte: RESOLUÇÃO NORMATIVA Nº 236-2025-Prorroga o Plano Diretor de Tecnologia da Informação e Comunicação (PDTIC-2022-2024), do Instituto Federal de Educação, Ciência e Tecnologia do Piauí (IFPI) e Anexo.pdf]
06 são apresentados os indicadores com as respectivas metas a serem alcançadas neste PDTIC. A tabela apresenta o nome do indicador, a descrição, a fórmula, a frequência e a interpretação. Tabela 06 - Plano de Metas do PDTIC Indicador Descrição Fórmula Frequência Interpretação Meta (Número de necessidades do PDTIC que tiveram todos os projetos associados concluídos / Número total de necessidades do PDTIC, desconsiderando as canceladas) x 100 Demonstra o percentual de atendimento das necessidades previstas no PDTIC. M1 – Percentual de atendimento das necessidades previstas no PDTIC. Quadrimestral Maior melhor 2022: =>20% 2023: =>50% (Número de projetos e ações do PDTIC que foram concluídos / Número total de projetos e ações do PDTIC, desconsiderando os cancelados) x 100 Demonstra o percentual de conclusão dos projetos/ações previstos no PDTIC. M2 – Percentual de conclusão dos projetos do PDTIC. Quadrimestral Maior melhor 2022: =>25% 2023: =>50% Somatório do percentual de execução dos projetos e ações do PDTIC / Número total de projetos e ações do PDTIC, desconsiderando os cancelados Demonstra o percentual de execução dos projetos/ações previstos no PDTIC. M3 – Percentual de execução dos projetos do PDTIC. Quadrimestral Maior melhor 2022: =>35% 2023: =>75% (((Número de servidores que entraram + Número de servidores que saíram) / 2) / Média de servidores da DTI neste período) x 100 Medir a taxa percentual de movimentação do número de servidores da DTI. M4 – Taxa percentual de

[Trecho 3 | Fonte: RESOLUÇÃO NORMATIVA Nº 236-2025-Prorroga o Plano Diretor de Tecnologia da Informação e Comunicação (PDTIC-2022-2024), do Instituto Federal de Educação, Ciência e Tecnologia do Piauí (IFPI) e Anexo.pdf]
nos projetos por demora nas aquisições e contratações Atrasos ou inexecução das ações planejadas. Criar rotina para apresentar mensalmente o monitoramento das ações do PDTIC junto à Alta Gestão. R05 Falta de comunicação com a Alta Gestão 2 5 10 Planejamento não atender às necessidades da 2 4 8 Realizar a revisão anual do PDTIC. R06 Dimensionamento inadequado do PDTIC. Instituição. PROCESSO DE REVISÃO DO PDTIC Este PDTIC deverá ser revisto e atualizado a cada ano ou a qualquer tempo, de forma que possa acompanhar as mudanças do ambiente interno e externo e manter o alinhamento com os objetivos estratégicos e as diretrizes do IFPI. Vários motivos podem provocar atualizações no documento do PDTIC, como por exemplo: alterações nas necessidades, objetivos, metas, ações ou projetos, proposta orçamentária etc. No entanto, sugere-se que haja um motivo relevante, devidamente justificado, para a atualização do documento, de forma que não haja alterações que prejudiquem a finalidade do instrumento. É de responsabilidade da DTI monitorar a execução deste PDTIC e apresentar ao CGTIC a evolução da execução deste instrumento. A responsabilidade de revisão e deliberação do PDTIC é da DTI e do CGTIC, respectivamente. Vale ressaltar que o PDTIC só tem validade com a devida aprovação do CGTIC e publicação do resumo no DOU por meio de Portaria. Contudo, atualizações no plano de metas, no plano de ações e na proposta orçamentária podem ocorrer a qualquer tempo, mediante a aprovação do Presidente

[Trecho 4 | Fonte: RESOLUÇÃO NORMATIVA Nº 236-2025-Prorroga o Plano Diretor de Tecnologia da Informação e Comunicação (PDTIC-2022-2024), do Instituto Federal de Educação, Ciência e Tecnologia do Piauí (IFPI) e Anexo.pdf]
a execução de processos específicos em harmonia com os instrumentos de planejamento da instituição, tais como: Plano de Desenvolvimento Institucional - PDI, Estratégia de Governança Digital (EGD), a Instrução Normativa SGD/ME Nº 31/2021, entre outros. Figura 01 - Macroprocesso de elaboração do PDTIC Registra-se que a elaboração do PDTIC 2022-2024, conduzida pela Diretoria de Tecnologia da Informação (DTI), foi executada pela Equipe de Elaboração (Portaria nº 1.231/2021 de 29 de junho de 2021), constituída por representantes da Reitoria e dos diversos campi do IFPI. 1ª FASE: PREPARAÇÃO É a fase inicial que reúne aspectos decisórios de caráter superior, como a aprovação de documentos e atividades diretamente voltadas ao processo de elaboração do PDTIC. Nesta etapa elabora-se o Plano de Trabalho a ser apreciado pelo Comitê de Governança Digital ou equivalente. As atividades que compõem a fase “Preparação” são: a) Definir abrangência e período do PDTIC; b) Definir a Equipe de Elaboração do PDTIC; c) Descrever a metodologia de elaboração; d) Consolidar documentos de referência; e) Identificar estratégias da organização; f) Identificar princípios e diretrizes; g) Elaborar o Plano de Trabalho do PDTIC; h) Aprovar o Plano de Trabalho do PDTIC. 2ª FASE: DIAGNÓSTICO Essa fase é caracterizada pela compreensão da situação atual da TIC na organização e tem como objetivo identificar necessidades, problemas ou oportunidades que se espera resolver/alcançar. É uma fase marcada pela interação","[""RESOLUÇÃO NORMATIVA Nº 236-2025-Prorroga o Plano Diretor de Tecnologia da Informação e Comunicação (PDTIC-2022-2024), do Instituto Federal de Educação, Ciência e Tecnologia do Piauí (IFPI) e Anexo.pdf"", ""RESOLUÇÃO NORMATIVA Nº 236-2025-Prorroga o Plano Diretor de Tecnologia da Informação e Comunicação (PDTIC-2022-2024), do Instituto Federal de Educação, Ciência e Tecnologia do Piauí (IFPI) e Anexo.pdf"", ""RESOLUÇÃO NORMATIVA Nº 236-2025-Prorroga o Plano Diretor de Tecnologia da Informação e Comunicação (PDTIC-2022-2024), do Instituto Federal de Educação, Ciência e Tecnologia do Piauí (IFPI) e Anexo.pdf"", ""RESOLUÇÃO NORMATIVA Nº 236-2025-Prorroga o Plano Diretor de Tecnologia da Informação e Comunicação (PDTIC-2022-2024), do Instituto Federal de Educação, Ciência e Tecnologia do Piauí (IFPI) e Anexo.pdf""]","[""RESOLUÇÃO NORMATIVA Nº 236-2025-Prorroga o Plano Diretor de Tecnologia da Informação e Comunicação (PDTIC-2022-2024), do Instituto Federal de Educação, Ciência e Tecnologia do Piauí (IFPI) e Anexo.pdf"", ""RESOLUÇÃO NORMATIVA Nº 236-2025-Prorroga o Plano Diretor de Tecnologia da Informação e Comunicação (PDTIC-2022-2024), do Instituto Federal de Educação, Ciência e Tecnologia do Piauí (IFPI) e Anexo.pdf"", ""RESOLUÇÃO NORMATIVA Nº 236-2025-Prorroga o Plano Diretor de Tecnologia da Informação e Comunicação (PDTIC-2022-2024), do Instituto Federal de Educação, Ciência e Tecnologia do Piauí (IFPI) e Anexo.pdf"", ""RESOLUÇÃO NORMATIVA Nº 236-2025-Prorroga o Plano Diretor de Tecnologia da Informação e Comunicação (PDTIC-2022-2024), do Instituto Federal de Educação, Ciência e Tecnologia do Piauí (IFPI) e Anexo.pdf"", ""RESOLUÇÃO NORMATIVA Nº 236-2025-Prorroga o Plano Diretor de Tecnologia da Informação e Comunicação (PDTIC-2022-2024), do Instituto Federal de Educação, Ciência e Tecnologia do Piauí (IFPI) e Anexo.pdf"", ""RESOLUÇÃO NORMATIVA Nº 236-2025-Prorroga o Plano Diretor de Tecnologia da Informação e Comunicação (PDTIC-2022-2024), do Instituto Federal de Educação, Ciência e Tecnologia do Piauí (IFPI) e Anexo.pdf"", ""RESOLUÇÃO NORMATIVA Nº 236-2025-Prorroga o Plano Diretor de Tecnologia da Informação e Comunicação (PDTIC-2022-2024), do Instituto Federal de Educação, Ciência e Tecnologia do Piauí (IFPI) e Anexo.pdf"", ""RESOLUÇÃO NORMATIVA Nº 236-2025-Prorroga o Plano Diretor de Tecnologia da Informação e Comunicação (PDTIC-2022-2024), do Instituto Federal de Educação, Ciência e Tecnologia do Piauí (IFPI) e Anexo.pdf"", ""RESOLUÇÃO NORMATIVA Nº 236-2025-Prorroga o Plano Diretor de Tecnologia da Informação e Comunicação (PDTIC-2022-2024), do Instituto Federal de Educação, Ciência e Tecnologia do Piauí (IFPI) e Anexo.pdf"", ""RESOLUÇÃO NORMATIVA Nº 236-2025-Prorroga o Plano Diretor de Tecnologia da Informação e Comunicação (PDTIC-2022-2024), do Instituto Federal de Educação, Ciência e Tecnologia do Piauí (IFPI) e Anexo.pdf""]","[""RESOLUÇÃO NORMATIVA Nº 236-2025-Prorroga o Plano Diretor de Tecnologia da Informação e Comunicação (PDTIC-2022-2024), do Instituto Federal de Educação, Ciência e Tecnologia do Piauí (IFPI) e Anexo.pdf"", ""RESOLUÇÃO NORMATIVA Nº 236-2025-Prorroga o Plano Diretor de Tecnologia da Informação e Comunicação (PDTIC-2022-2024), do Instituto Federal de Educação, Ciência e Tecnologia do Piauí (IFPI) e Anexo.pdf"", ""RESOLUÇÃO NORMATIVA Nº 236-2025-Prorroga o Plano Diretor de Tecnologia da Informação e Comunicação (PDTIC-2022-2024), do Instituto Federal de Educação, Ciência e Tecnologia do Piauí (IFPI) e Anexo.pdf"", ""RESOLUÇÃO NORMATIVA Nº 236-2025-Prorroga o Plano Diretor de Tecnologia da Informação e Comunicação (PDTIC-2022-2024), do Instituto Federal de Educação, Ciência e Tecnologia do Piauí (IFPI) e Anexo.pdf"", ""RESOLUÇÃO NORMATIVA Nº 236-2025-Prorroga o Plano Diretor de Tecnologia da Informação e Comunicação (PDTIC-2022-2024), do Instituto Federal de Educação, Ciência e Tecnologia do Piauí (IFPI) e Anexo.pdf"", ""RESOLUÇÃO NORMATIVA Nº 236-2025-Prorroga o Plano Diretor de Tecnologia da Informação e Comunicação (PDTIC-2022-2024), do Instituto Federal de Educação, Ciência e Tecnologia do Piauí (IFPI) e Anexo.pdf"", ""RESOLUÇÃO NORMATIVA Nº 236-2025-Prorroga o Plano Diretor de Tecnologia da Informação e Comunicação (PDTIC-2022-2024), do Instituto Federal de Educação, Ciência e Tecnologia do Piauí (IFPI) e Anexo.pdf"", ""RESOLUÇÃO NORMATIVA Nº 236-2025-Prorroga o Plano Diretor de Tecnologia da Informação e Comunicação (PDTIC-2022-2024), do Instituto Federal de Educação, Ciência e Tecnologia do Piauí (IFPI) e Anexo.pdf"", ""RESOLUÇÃO NORMATIVA Nº 236-2025-Prorroga o Plano Diretor de Tecnologia da Informação e Comunicação (PDTIC-2022-2024), do Instituto Federal de Educação, Ciência e Tecnologia do Piauí (IFPI) e Anexo.pdf"", ""RESOLUÇÃO NORMATIVA Nº 236-2025-Prorroga o Plano Diretor de Tecnologia da Informação e Comunicação (PDTIC-2022-2024), do Instituto Federal de Educação, Ciência e Tecnologia do Piauí (IFPI) e Anexo.pdf""]",1.0,1.0,1.0,1.0,1.0,1.0,1.0,1.0,1.0,1.0,1.0,1.0,1.0,10,10,4,4.9427
1,43,tfidf,"RESOLUÇÃO NORMATIVA Nº 236-2025-Prorroga o Plano Diretor de Tecnologia da Informação e Comunicação (PDTIC-2022-2024), do Instituto Federal de Educação, Ciência e Tecnologia do Piauí (IFPI) e Anexo.pdf",Qual resolução foi revogada pela Resolução Normativa nº 236 de 2025?,"Foi revogada a Resolução Normativa nº 133/2022 - CONSELHO SUPERIOR, de 29 de abril de 2022.",A Resolução Normativa nº 236 de 2025 revogou a Resolução nº 111/2025.,"[Trecho 1 | Fonte: RESOLUÇÃO Nº 135-2025-Autoriza o funcionamento dos Cursos Integrado ao Ensino Médio, no campus Teresina Central-.pdf]
Infraestrutura 3492 h Resolução nº 111/2025 Agroindústria Produção Alimentícia 3384 h Resolução nº 110/2025 Contabilidade Gestão e Negócios 3312 h Resolução nº 106/2025 Eletrônica Controle e Processos Industriais 3492 h Resolução nº 103/2025 Eletrotécnica Controle e Processos Industriais 3492 h Resolução nº 102/2025 Praça da Liberdade, 1597, Centro - CEP: 64000- 040 Teresina Central 40 Informática Informação e Comunicação 3492 h Resolução nº 99/2025 Logística Gestão e Negócios 3312 h Resolução nº 97/2025 Mecânica Controle e Processos Industriais 3492 h Resolução nº 96/2025

[Trecho 2 | Fonte: RESOLUÇÃO Nº 129-2025-Autoriza o funcionamento dos Cursos Técnicos Integrados ao Ensino Médio, no Instituto Federal de Educação, Ciência e Tecnologia do Piauí (IFPI), Campus Piripiri..pdf]
h Resolução nº 112/2025 Administração Informática Informação e Comunicação 3492 h Resolução nº 99/2025 Piripiri 40 Vestuário Produção Industrial 3492 h Resolução nº 90/2025 Art. 2º Esta Resolução entra em vigor na data de sua publicação. PAULO BORGES DA CUNHA Presidente do CONSUP

[Trecho 3 | Fonte: RESOLUÇÃO Nº 125-2025-Autoriza o Funcionamento do Curso Técnico Integrado ao Ensino Médio no Instituto Federal de Educação, Ciência e Tecnologia do Piauí (IFPI), no campus Pedro II..pdf]
64.255- 000 Gestão e Negócios 3312 h Resolução nº 112/2025 Administração Informática Informação e Comunicação 3492 h Resolução nº 99/2025 Pedro II 40 Meio Ambiente Ambiente e Saúde 3492 h Resolução nº 95/2025 Art. 2º Esta Resolução entra em vigor na data de sua publicação. PAULO BORGES DA CUNHA Presidente do CONSUP

[Trecho 4 | Fonte: RESOLUÇÃO Nº 134-2025-Autoriza o Funcionamento do Curso Técnico Integrado ao Ensino Médio no Instituto Federal de Educação, Ciência e Tecnologia do Piauí (IFPI), no campus Teresina Zona Sul-.pdf]
3492 h Resolução nº 101/2025 Avenida Pedro Freitas, 1020, São Pedro - CEP: 64018- 000 Informática Informação e Comunicação 3492 h Resolução nº 99/2025 Teresina Zona Sul 40 Saneamento Infraestrutura 3492 h Resolução nº 93/2025 Vestuário Produção Industrial 3492 h Resolução nº 90/2025 Art. 2º Esta Resolução entra em vigor na data de sua publicação. PAULO BORGES DA CUNHA Presidente do CONSUP","[""RESOLUÇÃO Nº 135-2025-Autoriza o funcionamento dos Cursos Integrado ao Ensino Médio, no campus Teresina Central-.pdf"", ""RESOLUÇÃO Nº 129-2025-Autoriza o funcionamento dos Cursos Técnicos Integrados ao Ensino Médio, no Instituto Federal de Educação, Ciência e Tecnologia do Piauí (IFPI), Campus Piripiri..pdf"", ""RESOLUÇÃO Nº 125-2025-Autoriza o Funcionamento do Curso Técnico Integrado ao Ensino Médio no Instituto Federal de Educação, Ciência e Tecnologia do Piauí (IFPI), no campus Pedro II..pdf"", ""RESOLUÇÃO Nº 134-2025-Autoriza o Funcionamento do Curso Técnico Integrado ao Ensino Médio no Instituto Federal de Educação, Ciência e Tecnologia do Piauí (IFPI), no campus Teresina Zona Sul-.pdf""]","[""RESOLUÇÃO Nº 135-2025-Autoriza o funcionamento dos Cursos Integrado ao Ensino Médio, no campus Teresina Central-.pdf"", ""RESOLUÇÃO Nº 129-2025-Autoriza o funcionamento dos Cursos Técnicos Integrados ao Ensino Médio, no Instituto Federal de Educação, Ciência e Tecnologia do Piauí (IFPI), Campus Piripiri..pdf"", ""RESOLUÇÃO Nº 125-2025-Autoriza o Funcionamento do Curso Técnico Integrado ao Ensino Médio no Instituto Federal de Educação, Ciência e Tecnologia do Piauí (IFPI), no campus Pedro II..pdf"", ""RESOLUÇÃO Nº 134-2025-Autoriza o Funcionamento do Curso Técnico Integrado ao Ensino Médio no Instituto Federal de Educação, Ciência e Tecnologia do Piauí (IFPI), no campus Teresina Zona Sul-.pdf"", ""RESOLUÇÃO NORMATIVA Nº 203-2024 -Aprova a Prestação de Contas Ordinária Anual -IFPI - Relatóio de Gestão -2023 e Anexo.pdf"", ""RESOLUÇÃO Nº 128-2025-Autoriza o Funcionamento do Curso Técnico Integrado ao Ensino Médio no Instituto Federal de Educação, Ciência e Tecnologia do Piauí (IFPI), no campus Parnaíba..pdf"", ""RESOLUÇÃO Nº 121-2025-Autoriza o Funcionamento do Curso Técnico Integrado ao Ensino Médio no Instituto Federal de Educação, Ciência e Tecnologia do Piauí (IFPI), no campus Floriano..pdf"", ""RESOLUÇÃO Nº 131-2025-Autoriza o funcionamento dos Cursos Técnicos Integrados ao Ensino Médio, no Instituto Federal de Educação, Ciência e Tecnologia do Piauí (IFPI), Campus São João do Piauí..pdf"", ""RESOLUÇÃO Nº 135-2025-Autoriza o funcionamento dos Cursos Integrado ao Ensino Médio, no campus Teresina Central-.pdf"", ""RESOLUÇÃO Nº 116-2025-Autoriza o funcaionamento do Cursos Integrados ao Ensino Médio, no campus Corrente-.pdf""]","[""RESOLUÇÃO Nº 135-2025-Autoriza o funcionamento dos Cursos Integrado ao Ensino Médio, no campus Teresina Central-.pdf"", ""RESOLUÇÃO Nº 129-2025-Autoriza o funcionamento dos Cursos Técnicos Integrados ao Ensino Médio, no Instituto Federal de Educação, Ciência e Tecnologia do Piauí (IFPI), Campus Piripiri..pdf"", ""RESOLUÇÃO Nº 125-2025-Autoriza o Funcionamento do Curso Técnico Integrado ao Ensino Médio no Instituto Federal de Educação, Ciência e Tecnologia do Piauí (IFPI), no campus Pedro II..pdf"", ""RESOLUÇÃO Nº 134-2025-Autoriza o Funcionamento do Curso Técnico Integrado ao Ensino Médio no Instituto Federal de Educação, Ciência e Tecnologia do Piauí (IFPI), no campus Teresina Zona Sul-.pdf"", ""RESOLUÇÃO NORMATIVA Nº 203-2024 -Aprova a Prestação de Contas Ordinária Anual -IFPI - Relatóio de Gestão -2023 e Anexo.pdf"", ""RESOLUÇÃO Nº 128-2025-Autoriza o Funcionamento do Curso Técnico Integrado ao Ensino Médio no Instituto Federal de Educação, Ciência e Tecnologia do Piauí (IFPI), no campus Parnaíba..pdf"", ""RESOLUÇÃO Nº 121-2025-Autoriza o Funcionamento do Curso Técnico Integrado ao Ensino Médio no Instituto Federal de Educação, Ciência e Tecnologia do Piauí (IFPI), no campus Floriano..pdf"", ""RESOLUÇÃO Nº 131-2025-Autoriza o funcionamento dos Cursos Técnicos Integrados ao Ensino Médio, no Instituto Federal de Educação, Ciência e Tecnologia do Piauí (IFPI), Campus São João do Piauí..pdf"", ""RESOLUÇÃO Nº 135-2025-Autoriza o funcionamento dos Cursos Integrado ao Ensino Médio, no campus Teresina Central-.pdf"", ""RESOLUÇÃO Nº 116-2025-Autoriza o funcaionamento do Cursos Integrados ao Ensino Médio, no campus Corrente-.pdf""]",,,0.0,0.0,0.0,0.0,0.0,0.0,0.0,0.0,0.0,0.0,0.0,10,10,4,3.1684
1,43,tfidf,"RESOLUÇÃO NORMATIVA Nº 236-2025-Prorroga o Plano Diretor de Tecnologia da Informação e Comunicação (PDTIC-2022-2024), do Instituto Federal de Educação, Ciência e Tecnologia do Piauí (IFPI) e Anexo.pdf",Quais são as três fases da metodologia de elaboração do PDTIC descritas no documento?,"As três fases da metodologia de elaboração do PDTIC são Preparação, Diagnóstico e Planejamento.","As três fases da metodologia de elaboração do PDTIC descritas no documento são: Preparação, Diagnóstico e, por fim, a fase não especificada após o Diagnóstico.","[Trecho 1 | Fonte: RESOLUÇÃO NORMATIVA Nº 236-2025-Prorroga o Plano Diretor de Tecnologia da Informação e Comunicação (PDTIC-2022-2024), do Instituto Federal de Educação, Ciência e Tecnologia do Piauí (IFPI) e Anexo.pdf]
a execução de processos específicos em harmonia com os instrumentos de planejamento da instituição, tais como: Plano de Desenvolvimento Institucional - PDI, Estratégia de Governança Digital (EGD), a Instrução Normativa SGD/ME Nº 31/2021, entre outros. Figura 01 - Macroprocesso de elaboração do PDTIC Registra-se que a elaboração do PDTIC 2022-2024, conduzida pela Diretoria de Tecnologia da Informação (DTI), foi executada pela Equipe de Elaboração (Portaria nº 1.231/2021 de 29 de junho de 2021), constituída por representantes da Reitoria e dos diversos campi do IFPI. 1ª FASE: PREPARAÇÃO É a fase inicial que reúne aspectos decisórios de caráter superior, como a aprovação de documentos e atividades diretamente voltadas ao processo de elaboração do PDTIC. Nesta etapa elabora-se o Plano de Trabalho a ser apreciado pelo Comitê de Governança Digital ou equivalente. As atividades que compõem a fase “Preparação” são: a) Definir abrangência e período do PDTIC; b) Definir a Equipe de Elaboração do PDTIC; c) Descrever a metodologia de elaboração; d) Consolidar documentos de referência; e) Identificar estratégias da organização; f) Identificar princípios e diretrizes; g) Elaborar o Plano de Trabalho do PDTIC; h) Aprovar o Plano de Trabalho do PDTIC. 2ª FASE: DIAGNÓSTICO Essa fase é caracterizada pela compreensão da situação atual da TIC na organização e tem como objetivo identificar necessidades, problemas ou oportunidades que se espera resolver/alcançar. É uma fase marcada pela interação

[Trecho 2 | Fonte: RESOLUÇÃO NORMATIVA Nº 236-2025-Prorroga o Plano Diretor de Tecnologia da Informação e Comunicação (PDTIC-2022-2024), do Instituto Federal de Educação, Ciência e Tecnologia do Piauí (IFPI) e Anexo.pdf]
nos projetos por demora nas aquisições e contratações Atrasos ou inexecução das ações planejadas. Criar rotina para apresentar mensalmente o monitoramento das ações do PDTIC junto à Alta Gestão. R05 Falta de comunicação com a Alta Gestão 2 5 10 Planejamento não atender às necessidades da 2 4 8 Realizar a revisão anual do PDTIC. R06 Dimensionamento inadequado do PDTIC. Instituição. PROCESSO DE REVISÃO DO PDTIC Este PDTIC deverá ser revisto e atualizado a cada ano ou a qualquer tempo, de forma que possa acompanhar as mudanças do ambiente interno e externo e manter o alinhamento com os objetivos estratégicos e as diretrizes do IFPI. Vários motivos podem provocar atualizações no documento do PDTIC, como por exemplo: alterações nas necessidades, objetivos, metas, ações ou projetos, proposta orçamentária etc. No entanto, sugere-se que haja um motivo relevante, devidamente justificado, para a atualização do documento, de forma que não haja alterações que prejudiquem a finalidade do instrumento. É de responsabilidade da DTI monitorar a execução deste PDTIC e apresentar ao CGTIC a evolução da execução deste instrumento. A responsabilidade de revisão e deliberação do PDTIC é da DTI e do CGTIC, respectivamente. Vale ressaltar que o PDTIC só tem validade com a devida aprovação do CGTIC e publicação do resumo no DOU por meio de Portaria. Contudo, atualizações no plano de metas, no plano de ações e na proposta orçamentária podem ocorrer a qualquer tempo, mediante a aprovação do Presidente

[Trecho 3 | Fonte: RESOLUÇÃO NORMATIVA Nº 236-2025-Prorroga o Plano Diretor de Tecnologia da Informação e Comunicação (PDTIC-2022-2024), do Instituto Federal de Educação, Ciência e Tecnologia do Piauí (IFPI) e Anexo.pdf]
06 são apresentados os indicadores com as respectivas metas a serem alcançadas neste PDTIC. A tabela apresenta o nome do indicador, a descrição, a fórmula, a frequência e a interpretação. Tabela 06 - Plano de Metas do PDTIC Indicador Descrição Fórmula Frequência Interpretação Meta (Número de necessidades do PDTIC que tiveram todos os projetos associados concluídos / Número total de necessidades do PDTIC, desconsiderando as canceladas) x 100 Demonstra o percentual de atendimento das necessidades previstas no PDTIC. M1 – Percentual de atendimento das necessidades previstas no PDTIC. Quadrimestral Maior melhor 2022: =>20% 2023: =>50% (Número de projetos e ações do PDTIC que foram concluídos / Número total de projetos e ações do PDTIC, desconsiderando os cancelados) x 100 Demonstra o percentual de conclusão dos projetos/ações previstos no PDTIC. M2 – Percentual de conclusão dos projetos do PDTIC. Quadrimestral Maior melhor 2022: =>25% 2023: =>50% Somatório do percentual de execução dos projetos e ações do PDTIC / Número total de projetos e ações do PDTIC, desconsiderando os cancelados Demonstra o percentual de execução dos projetos/ações previstos no PDTIC. M3 – Percentual de execução dos projetos do PDTIC. Quadrimestral Maior melhor 2022: =>35% 2023: =>75% (((Número de servidores que entraram + Número de servidores que saíram) / 2) / Média de servidores da DTI neste período) x 100 Medir a taxa percentual de movimentação do número de servidores da DTI. M4 – Taxa percentual de

[Trecho 4 | Fonte: RESOLUÇÃO NORMATIVA Nº 236-2025-Prorroga o Plano Diretor de Tecnologia da Informação e Comunicação (PDTIC-2022-2024), do Instituto Federal de Educação, Ciência e Tecnologia do Piauí (IFPI) e Anexo.pdf]
relacionadas. RESULTADOS DO PDTIC ANTERIOR Após a análise do PDTIC anterior, foi possível identificar quais ações foram concluídas, quais foram replanejadas ou não efetivadas. O PDTIC 2022-2024 é uma revisão do Plano Diretor de TIC atual do IFPI, previsto inicialmente para o horizonte temporal de 2019 a 2020, desta forma, os resultados apresentados neste item (Figura 04) são referentes ao último PDTIC vigente no âmbito do Instituto Federal do Piauí, o qual contemplava as ações de TIC para o período de vigência. O PDTIC 2019-2020 apresentou um plano de 79 necessidades a serem sanadas para o período de vigência. Algumas foram alcançadas com sucesso, tendo algumas necessidades atendidas total ou parcialmente. Desta forma, o propósito deste documento também é acompanhar o andamento das ações estabelecidas a fim de que eliminem as necessidades em relação à TIC para o IFPI. As necessidades não cumpridas serão avaliadas novamente e, caso ainda desejadas, serão inseridas novamente no PDTIC para que sejam contempladas em novos planos de ações e projetos. Figura 03 - Resultados do PDTIC anterior REFERENCIAL ESTRATÉGICO DE TIC O referencial estratégico de TIC é composto pela missão, visão, valores, objetivos estratégicos, análise do ambiente organizacional e princípios e diretrizes. O alinhamento estratégico corresponde ao alinhamento entre os instrumentos de planejamento de TIC adotados pelo IFPI. Os trabalhos realizados durante a execução do PDTIC seguiram as orientações do IFPI com","[""RESOLUÇÃO NORMATIVA Nº 236-2025-Prorroga o Plano Diretor de Tecnologia da Informação e Comunicação (PDTIC-2022-2024), do Instituto Federal de Educação, Ciência e Tecnologia do Piauí (IFPI) e Anexo.pdf"", ""RESOLUÇÃO NORMATIVA Nº 236-2025-Prorroga o Plano Diretor de Tecnologia da Informação e Comunicação (PDTIC-2022-2024), do Instituto Federal de Educação, Ciência e Tecnologia do Piauí (IFPI) e Anexo.pdf"", ""RESOLUÇÃO NORMATIVA Nº 236-2025-Prorroga o Plano Diretor de Tecnologia da Informação e Comunicação (PDTIC-2022-2024), do Instituto Federal de Educação, Ciência e Tecnologia do Piauí (IFPI) e Anexo.pdf"", ""RESOLUÇÃO NORMATIVA Nº 236-2025-Prorroga o Plano Diretor de Tecnologia da Informação e Comunicação (PDTIC-2022-2024), do Instituto Federal de Educação, Ciência e Tecnologia do Piauí (IFPI) e Anexo.pdf""]","[""RESOLUÇÃO NORMATIVA Nº 236-2025-Prorroga o Plano Diretor de Tecnologia da Informação e Comunicação (PDTIC-2022-2024), do Instituto Federal de Educação, Ciência e Tecnologia do Piauí (IFPI) e Anexo.pdf"", ""RESOLUÇÃO NORMATIVA Nº 236-2025-Prorroga o Plano Diretor de Tecnologia da Informação e Comunicação (PDTIC-2022-2024), do Instituto Federal de Educação, Ciência e Tecnologia do Piauí (IFPI) e Anexo.pdf"", ""RESOLUÇÃO NORMATIVA Nº 236-2025-Prorroga o Plano Diretor de Tecnologia da Informação e Comunicação (PDTIC-2022-2024), do Instituto Federal de Educação, Ciência e Tecnologia do Piauí (IFPI) e Anexo.pdf"", ""RESOLUÇÃO NORMATIVA Nº 236-2025-Prorroga o Plano Diretor de Tecnologia da Informação e Comunicação (PDTIC-2022-2024), do Instituto Federal de Educação, Ciência e Tecnologia do Piauí (IFPI) e Anexo.pdf"", ""RESOLUÇÃO NORMATIVA Nº 236-2025-Prorroga o Plano Diretor de Tecnologia da Informação e Comunicação (PDTIC-2022-2024), do Instituto Federal de Educação, Ciência e Tecnologia do Piauí (IFPI) e Anexo.pdf"", ""RESOLUÇÃO NORMATIVA Nº 236-2025-Prorroga o Plano Diretor de Tecnologia da Informação e Comunicação (PDTIC-2022-2024), do Instituto Federal de Educação, Ciência e Tecnologia do Piauí (IFPI) e Anexo.pdf"", ""RESOLUÇÃO NORMATIVA Nº 236-2025-Prorroga o Plano Diretor de Tecnologia da Informação e Comunicação (PDTIC-2022-2024), do Instituto Federal de Educação, Ciência e Tecnologia do Piauí (IFPI) e Anexo.pdf"", ""RESOLUÇÃO NORMATIVA Nº 236-2025-Prorroga o Plano Diretor de Tecnologia da Informação e Comunicação (PDTIC-2022-2024), do Instituto Federal de Educação, Ciência e Tecnologia do Piauí (IFPI) e Anexo.pdf"", ""RESOLUÇÃO NORMATIVA Nº 236-2025-Prorroga o Plano Diretor de Tecnologia da Informação e Comunicação (PDTIC-2022-2024), do Instituto Federal de Educação, Ciência e Tecnologia do Piauí (IFPI) e Anexo.pdf"", ""RESOLUÇÃO NORMATIVA Nº 236-2025-Prorroga o Plano Diretor de Tecnologia da Informação e Comunicação (PDTIC-2022-2024), do Instituto Federal de Educação, Ciência e Tecnologia do Piauí (IFPI) e Anexo.pdf""]","[""RESOLUÇÃO NORMATIVA Nº 236-2025-Prorroga o Plano Diretor de Tecnologia da Informação e Comunicação (PDTIC-2022-2024), do Instituto Federal de Educação, Ciência e Tecnologia do Piauí (IFPI) e Anexo.pdf"", ""RESOLUÇÃO NORMATIVA Nº 236-2025-Prorroga o Plano Diretor de Tecnologia da Informação e Comunicação (PDTIC-2022-2024), do Instituto Federal de Educação, Ciência e Tecnologia do Piauí (IFPI) e Anexo.pdf"", ""RESOLUÇÃO NORMATIVA Nº 236-2025-Prorroga o Plano Diretor de Tecnologia da Informação e Comunicação (PDTIC-2022-2024), do Instituto Federal de Educação, Ciência e Tecnologia do Piauí (IFPI) e Anexo.pdf"", ""RESOLUÇÃO NORMATIVA Nº 236-2025-Prorroga o Plano Diretor de Tecnologia da Informação e Comunicação (PDTIC-2022-2024), do Instituto Federal de Educação, Ciência e Tecnologia do Piauí (IFPI) e Anexo.pdf"", ""RESOLUÇÃO NORMATIVA Nº 236-2025-Prorroga o Plano Diretor de Tecnologia da Informação e Comunicação (PDTIC-2022-2024), do Instituto Federal de Educação, Ciência e Tecnologia do Piauí (IFPI) e Anexo.pdf"", ""RESOLUÇÃO NORMATIVA Nº 236-2025-Prorroga o Plano Diretor de Tecnologia da Informação e Comunicação (PDTIC-2022-2024), do Instituto Federal de Educação, Ciência e Tecnologia do Piauí (IFPI) e Anexo.pdf"", ""RESOLUÇÃO NORMATIVA Nº 236-2025-Prorroga o Plano Diretor de Tecnologia da Informação e Comunicação (PDTIC-2022-2024), do Instituto Federal de Educação, Ciência e Tecnologia do Piauí (IFPI) e Anexo.pdf"", ""RESOLUÇÃO NORMATIVA Nº 236-2025-Prorroga o Plano Diretor de Tecnologia da Informação e Comunicação (PDTIC-2022-2024), do Instituto Federal de Educação, Ciência e Tecnologia do Piauí (IFPI) e Anexo.pdf"", ""RESOLUÇÃO NORMATIVA Nº 236-2025-Prorroga o Plano Diretor de Tecnologia da Informação e Comunicação (PDTIC-2022-2024), do Instituto Federal de Educação, Ciência e Tecnologia do Piauí (IFPI) e Anexo.pdf"", ""RESOLUÇÃO NORMATIVA Nº 236-2025-Prorroga o Plano Diretor de Tecnologia da Informação e Comunicação (PDTIC-2022-2024), do Instituto Federal de Educação, Ciência e Tecnologia do Piauí (IFPI) e Anexo.pdf""]",1.0,1.0,1.0,1.0,1.0,1.0,1.0,1.0,1.0,1.0,1.0,1.0,1.0,10,10,4,4.1823
1,43,tfidf,"RESOLUÇÃO NORMATIVA Nº 236-2025-Prorroga o Plano Diretor de Tecnologia da Informação e Comunicação (PDTIC-2022-2024), do Instituto Federal de Educação, Ciência e Tecnologia do Piauí (IFPI) e Anexo.pdf",Em que guia se baseou a metodologia de elaboração do PDTIC do IFPI?,"A metodologia de elaboração do PDTIC do IFPI baseou-se no Guia de PDTIC do SISP, versão 2.0, adaptado à realidade do IFPI.","A metodologia de elaboração do PDTIC do IFPI se baseou em documentos de referência, estratégias da organização, princípios e diretrizes, além da Instrução Normativa SGD/ME Nº 31/2021, entre outros instrumentos de planejamento da instituição.","[Trecho 1 | Fonte: RESOLUÇÃO NORMATIVA Nº 236-2025-Prorroga o Plano Diretor de Tecnologia da Informação e Comunicação (PDTIC-2022-2024), do Instituto Federal de Educação, Ciência e Tecnologia do Piauí (IFPI) e Anexo.pdf]
a execução de processos específicos em harmonia com os instrumentos de planejamento da instituição, tais como: Plano de Desenvolvimento Institucional - PDI, Estratégia de Governança Digital (EGD), a Instrução Normativa SGD/ME Nº 31/2021, entre outros. Figura 01 - Macroprocesso de elaboração do PDTIC Registra-se que a elaboração do PDTIC 2022-2024, conduzida pela Diretoria de Tecnologia da Informação (DTI), foi executada pela Equipe de Elaboração (Portaria nº 1.231/2021 de 29 de junho de 2021), constituída por representantes da Reitoria e dos diversos campi do IFPI. 1ª FASE: PREPARAÇÃO É a fase inicial que reúne aspectos decisórios de caráter superior, como a aprovação de documentos e atividades diretamente voltadas ao processo de elaboração do PDTIC. Nesta etapa elabora-se o Plano de Trabalho a ser apreciado pelo Comitê de Governança Digital ou equivalente. As atividades que compõem a fase “Preparação” são: a) Definir abrangência e período do PDTIC; b) Definir a Equipe de Elaboração do PDTIC; c) Descrever a metodologia de elaboração; d) Consolidar documentos de referência; e) Identificar estratégias da organização; f) Identificar princípios e diretrizes; g) Elaborar o Plano de Trabalho do PDTIC; h) Aprovar o Plano de Trabalho do PDTIC. 2ª FASE: DIAGNÓSTICO Essa fase é caracterizada pela compreensão da situação atual da TIC na organização e tem como objetivo identificar necessidades, problemas ou oportunidades que se espera resolver/alcançar. É uma fase marcada pela interação

[Trecho 2 | Fonte: RESOLUÇÃO NORMATIVA Nº 236-2025-Prorroga o Plano Diretor de Tecnologia da Informação e Comunicação (PDTIC-2022-2024), do Instituto Federal de Educação, Ciência e Tecnologia do Piauí (IFPI) e Anexo.pdf]
nos projetos por demora nas aquisições e contratações Atrasos ou inexecução das ações planejadas. Criar rotina para apresentar mensalmente o monitoramento das ações do PDTIC junto à Alta Gestão. R05 Falta de comunicação com a Alta Gestão 2 5 10 Planejamento não atender às necessidades da 2 4 8 Realizar a revisão anual do PDTIC. R06 Dimensionamento inadequado do PDTIC. Instituição. PROCESSO DE REVISÃO DO PDTIC Este PDTIC deverá ser revisto e atualizado a cada ano ou a qualquer tempo, de forma que possa acompanhar as mudanças do ambiente interno e externo e manter o alinhamento com os objetivos estratégicos e as diretrizes do IFPI. Vários motivos podem provocar atualizações no documento do PDTIC, como por exemplo: alterações nas necessidades, objetivos, metas, ações ou projetos, proposta orçamentária etc. No entanto, sugere-se que haja um motivo relevante, devidamente justificado, para a atualização do documento, de forma que não haja alterações que prejudiquem a finalidade do instrumento. É de responsabilidade da DTI monitorar a execução deste PDTIC e apresentar ao CGTIC a evolução da execução deste instrumento. A responsabilidade de revisão e deliberação do PDTIC é da DTI e do CGTIC, respectivamente. Vale ressaltar que o PDTIC só tem validade com a devida aprovação do CGTIC e publicação do resumo no DOU por meio de Portaria. Contudo, atualizações no plano de metas, no plano de ações e na proposta orçamentária podem ocorrer a qualquer tempo, mediante a aprovação do Presidente

[Trecho 3 | Fonte: RESOLUÇÃO NORMATIVA Nº 236-2025-Prorroga o Plano Diretor de Tecnologia da Informação e Comunicação (PDTIC-2022-2024), do Instituto Federal de Educação, Ciência e Tecnologia do Piauí (IFPI) e Anexo.pdf]
06 são apresentados os indicadores com as respectivas metas a serem alcançadas neste PDTIC. A tabela apresenta o nome do indicador, a descrição, a fórmula, a frequência e a interpretação. Tabela 06 - Plano de Metas do PDTIC Indicador Descrição Fórmula Frequência Interpretação Meta (Número de necessidades do PDTIC que tiveram todos os projetos associados concluídos / Número total de necessidades do PDTIC, desconsiderando as canceladas) x 100 Demonstra o percentual de atendimento das necessidades previstas no PDTIC. M1 – Percentual de atendimento das necessidades previstas no PDTIC. Quadrimestral Maior melhor 2022: =>20% 2023: =>50% (Número de projetos e ações do PDTIC que foram concluídos / Número total de projetos e ações do PDTIC, desconsiderando os cancelados) x 100 Demonstra o percentual de conclusão dos projetos/ações previstos no PDTIC. M2 – Percentual de conclusão dos projetos do PDTIC. Quadrimestral Maior melhor 2022: =>25% 2023: =>50% Somatório do percentual de execução dos projetos e ações do PDTIC / Número total de projetos e ações do PDTIC, desconsiderando os cancelados Demonstra o percentual de execução dos projetos/ações previstos no PDTIC. M3 – Percentual de execução dos projetos do PDTIC. Quadrimestral Maior melhor 2022: =>35% 2023: =>75% (((Número de servidores que entraram + Número de servidores que saíram) / 2) / Média de servidores da DTI neste período) x 100 Medir a taxa percentual de movimentação do número de servidores da DTI. M4 – Taxa percentual de

[Trecho 4 | Fonte: RESOLUÇÃO NORMATIVA Nº 236-2025-Prorroga o Plano Diretor de Tecnologia da Informação e Comunicação (PDTIC-2022-2024), do Instituto Federal de Educação, Ciência e Tecnologia do Piauí (IFPI) e Anexo.pdf]
relacionadas. RESULTADOS DO PDTIC ANTERIOR Após a análise do PDTIC anterior, foi possível identificar quais ações foram concluídas, quais foram replanejadas ou não efetivadas. O PDTIC 2022-2024 é uma revisão do Plano Diretor de TIC atual do IFPI, previsto inicialmente para o horizonte temporal de 2019 a 2020, desta forma, os resultados apresentados neste item (Figura 04) são referentes ao último PDTIC vigente no âmbito do Instituto Federal do Piauí, o qual contemplava as ações de TIC para o período de vigência. O PDTIC 2019-2020 apresentou um plano de 79 necessidades a serem sanadas para o período de vigência. Algumas foram alcançadas com sucesso, tendo algumas necessidades atendidas total ou parcialmente. Desta forma, o propósito deste documento também é acompanhar o andamento das ações estabelecidas a fim de que eliminem as necessidades em relação à TIC para o IFPI. As necessidades não cumpridas serão avaliadas novamente e, caso ainda desejadas, serão inseridas novamente no PDTIC para que sejam contempladas em novos planos de ações e projetos. Figura 03 - Resultados do PDTIC anterior REFERENCIAL ESTRATÉGICO DE TIC O referencial estratégico de TIC é composto pela missão, visão, valores, objetivos estratégicos, análise do ambiente organizacional e princípios e diretrizes. O alinhamento estratégico corresponde ao alinhamento entre os instrumentos de planejamento de TIC adotados pelo IFPI. Os trabalhos realizados durante a execução do PDTIC seguiram as orientações do IFPI com","[""RESOLUÇÃO NORMATIVA Nº 236-2025-Prorroga o Plano Diretor de Tecnologia da Informação e Comunicação (PDTIC-2022-2024), do Instituto Federal de Educação, Ciência e Tecnologia do Piauí (IFPI) e Anexo.pdf"", ""RESOLUÇÃO NORMATIVA Nº 236-2025-Prorroga o Plano Diretor de Tecnologia da Informação e Comunicação (PDTIC-2022-2024), do Instituto Federal de Educação, Ciência e Tecnologia do Piauí (IFPI) e Anexo.pdf"", ""RESOLUÇÃO NORMATIVA Nº 236-2025-Prorroga o Plano Diretor de Tecnologia da Informação e Comunicação (PDTIC-2022-2024), do Instituto Federal de Educação, Ciência e Tecnologia do Piauí (IFPI) e Anexo.pdf"", ""RESOLUÇÃO NORMATIVA Nº 236-2025-Prorroga o Plano Diretor de Tecnologia da Informação e Comunicação (PDTIC-2022-2024), do Instituto Federal de Educação, Ciência e Tecnologia do Piauí (IFPI) e Anexo.pdf""]","[""RESOLUÇÃO NORMATIVA Nº 236-2025-Prorroga o Plano Diretor de Tecnologia da Informação e Comunicação (PDTIC-2022-2024), do Instituto Federal de Educação, Ciência e Tecnologia do Piauí (IFPI) e Anexo.pdf"", ""RESOLUÇÃO NORMATIVA Nº 236-2025-Prorroga o Plano Diretor de Tecnologia da Informação e Comunicação (PDTIC-2022-2024), do Instituto Federal de Educação, Ciência e Tecnologia do Piauí (IFPI) e Anexo.pdf"", ""RESOLUÇÃO NORMATIVA Nº 236-2025-Prorroga o Plano Diretor de Tecnologia da Informação e Comunicação (PDTIC-2022-2024), do Instituto Federal de Educação, Ciência e Tecnologia do Piauí (IFPI) e Anexo.pdf"", ""RESOLUÇÃO NORMATIVA Nº 236-2025-Prorroga o Plano Diretor de Tecnologia da Informação e Comunicação (PDTIC-2022-2024), do Instituto Federal de Educação, Ciência e Tecnologia do Piauí (IFPI) e Anexo.pdf"", ""RESOLUÇÃO NORMATIVA Nº 236-2025-Prorroga o Plano Diretor de Tecnologia da Informação e Comunicação (PDTIC-2022-2024), do Instituto Federal de Educação, Ciência e Tecnologia do Piauí (IFPI) e Anexo.pdf"", ""RESOLUÇÃO NORMATIVA Nº 236-2025-Prorroga o Plano Diretor de Tecnologia da Informação e Comunicação (PDTIC-2022-2024), do Instituto Federal de Educação, Ciência e Tecnologia do Piauí (IFPI) e Anexo.pdf"", ""RESOLUÇÃO NORMATIVA Nº 236-2025-Prorroga o Plano Diretor de Tecnologia da Informação e Comunicação (PDTIC-2022-2024), do Instituto Federal de Educação, Ciência e Tecnologia do Piauí (IFPI) e Anexo.pdf"", ""RESOLUÇÃO NORMATIVA Nº 236-2025-Prorroga o Plano Diretor de Tecnologia da Informação e Comunicação (PDTIC-2022-2024), do Instituto Federal de Educação, Ciência e Tecnologia do Piauí (IFPI) e Anexo.pdf"", ""RESOLUÇÃO NORMATIVA Nº 236-2025-Prorroga o Plano Diretor de Tecnologia da Informação e Comunicação (PDTIC-2022-2024), do Instituto Federal de Educação, Ciência e Tecnologia do Piauí (IFPI) e Anexo.pdf"", ""RESOLUÇÃO NORMATIVA Nº 236-2025-Prorroga o Plano Diretor de Tecnologia da Informação e Comunicação (PDTIC-2022-2024), do Instituto Federal de Educação, Ciência e Tecnologia do Piauí (IFPI) e Anexo.pdf""]","[""RESOLUÇÃO NORMATIVA Nº 236-2025-Prorroga o Plano Diretor de Tecnologia da Informação e Comunicação (PDTIC-2022-2024), do Instituto Federal de Educação, Ciência e Tecnologia do Piauí (IFPI) e Anexo.pdf"", ""RESOLUÇÃO NORMATIVA Nº 236-2025-Prorroga o Plano Diretor de Tecnologia da Informação e Comunicação (PDTIC-2022-2024), do Instituto Federal de Educação, Ciência e Tecnologia do Piauí (IFPI) e Anexo.pdf"", ""RESOLUÇÃO NORMATIVA Nº 236-2025-Prorroga o Plano Diretor de Tecnologia da Informação e Comunicação (PDTIC-2022-2024), do Instituto Federal de Educação, Ciência e Tecnologia do Piauí (IFPI) e Anexo.pdf"", ""RESOLUÇÃO NORMATIVA Nº 236-2025-Prorroga o Plano Diretor de Tecnologia da Informação e Comunicação (PDTIC-2022-2024), do Instituto Federal de Educação, Ciência e Tecnologia do Piauí (IFPI) e Anexo.pdf"", ""RESOLUÇÃO NORMATIVA Nº 236-2025-Prorroga o Plano Diretor de Tecnologia da Informação e Comunicação (PDTIC-2022-2024), do Instituto Federal de Educação, Ciência e Tecnologia do Piauí (IFPI) e Anexo.pdf"", ""RESOLUÇÃO NORMATIVA Nº 236-2025-Prorroga o Plano Diretor de Tecnologia da Informação e Comunicação (PDTIC-2022-2024), do Instituto Federal de Educação, Ciência e Tecnologia do Piauí (IFPI) e Anexo.pdf"", ""RESOLUÇÃO NORMATIVA Nº 236-2025-Prorroga o Plano Diretor de Tecnologia da Informação e Comunicação (PDTIC-2022-2024), do Instituto Federal de Educação, Ciência e Tecnologia do Piauí (IFPI) e Anexo.pdf"", ""RESOLUÇÃO NORMATIVA Nº 236-2025-Prorroga o Plano Diretor de Tecnologia da Informação e Comunicação (PDTIC-2022-2024), do Instituto Federal de Educação, Ciência e Tecnologia do Piauí (IFPI) e Anexo.pdf"", ""RESOLUÇÃO NORMATIVA Nº 236-2025-Prorroga o Plano Diretor de Tecnologia da Informação e Comunicação (PDTIC-2022-2024), do Instituto Federal de Educação, Ciência e Tecnologia do Piauí (IFPI) e Anexo.pdf"", ""RESOLUÇÃO NORMATIVA Nº 236-2025-Prorroga o Plano Diretor de Tecnologia da Informação e Comunicação (PDTIC-2022-2024), do Instituto Federal de Educação, Ciência e Tecnologia do Piauí (IFPI) e Anexo.pdf""]",1.0,1.0,1.0,1.0,1.0,1.0,1.0,1.0,1.0,1.0,1.0,1.0,1.0,10,10,4,5.2282
1,43,tfidf,"RESOLUÇÃO NORMATIVA Nº 223-2024-Atualiza a Regulamentação do planejamento e o registro das atividades acadêmicas dos docentes da Carreira do Magistério do Ensino Básico, Técnico e Tecnológico do IFPI.pdf",Quais são os regimes de trabalho previstos para os docentes do EBTT no IFPI?,"Os regimes de trabalho previstos são 40 horas com dedicação exclusiva, 40 horas e 20 horas semanais.","Os regimes de trabalho previstos para os docentes do EBTT no IFPI são de tempo integral, com 40 horas semanais, ou tempo parcial, com 20 horas semanais.","[Trecho 1 | Fonte: RESOLUÇÃO NORMATIVA Nº 223-2024-Atualiza a Regulamentação do planejamento e o registro das atividades acadêmicas dos docentes da Carreira do Magistério do Ensino Básico, Técnico e Tecnológico do IFPI.pdf]
Art. 4º Para os fins de regulamentação das atividades docentes, entende-se por: I - mediação pedagógica: atuação docente no processo de ensino a distância, com a promoção de espaços de construção colaboraAva do conhecimento, a parAcipação em processos avaliativos, a orientação e a correção de atividades, entre outras; e II - ações curricularizadas: programas ou projetos de pesquisa ou extensão, previstos nos projetos pedagógicos dos cursos. CAPÍTULO II DO REGIME DE TRABALHO E ATRIBUIÇÕES DO DOCENTE DO EBTT Art. 5º A carga horária a ser cumprida pelo Docente do EBTT será correspondente ao respecAvo regime de trabalho, considerando os valores referenciais estabelecidos na forma deste Regulamento. Parágrafo único. As aAvidades docentes previstas neste Regulamento devem ser cumpridas dentro da jornada de trabalho semanal do Docente do EBTT, exceto nos casos previstos no parágrafo 1º, do artigo 19 da Lei nº 8.112/1990. II - tempo integral de 40 (quarenta) horas semanais de trabalho; ou III - tempo parcial de 20 (vinte) horas semanais de trabalho. Parágrafo único. O regime de 40 (quarenta) horas com dedicação exclusiva implica o impedimento do exercício de outra aAvidade remunerada, pública ou privada, com as exceções previstas na Lei nº 12.772, de 2012. Art. 7º A soma das aAvidades docentes totalizará a quanAdade de horas semanais previstas nos seus respecAvos regimes de trabalho e deverão ser cumpridas de acordo com as necessidades dos campi. § 1º O lançamento das horas

[Trecho 2 | Fonte: RESOLUÇÃO NORMATIVA Nº 223-2024-Atualiza a Regulamentação do planejamento e o registro das atividades acadêmicas dos docentes da Carreira do Magistério do Ensino Básico, Técnico e Tecnológico do IFPI.pdf]
Art. 22. De acordo com a Portaria MEC Nº 750/2024, os Docentes do EBTT do IFPI que estejam desempenhando AAvidades de Gestão InsAtucional terão ﬁxados os limites de carga horária semanal destinados à Gestão e Regência de Aulas, conforme o anexo. Art. 23. O Docente do EBTT do IFPI, em processo de capacitação, qualiﬁcação ou responsáveis por programas e projetos InsAtucionais, poderá ter dispensada sua carga horária de trabalho, total ou parcialmente, mediante portaria do Reitor do IFPI. Art. 24. O Plano Semestral de AAvidades Docentes (PSAD) é o documento administraAvo-pedagógico de planejamento e orientação das aAvidades de Ensino, Pesquisa, Pós-Graduação e Inovação, Extensão e Gestão e Representação InsAtucional, previamente atribuídas e planejadas pelo campus e pelo docente do EBTT no IFPI, no início do semestre letivo, previsto no inciso II, do artigo 13, da Lei Nº 9.394/1996. § 1º O PSAD será elaborado a parAr da Tabela de AAvidades nos termos deste regulamento. § 2º O docente que passe a integrar o quadro de servidores do campus, após o início do período leAvo, deve preencher seu PSAD em até 30 (trinta) dias corridos após a entrada em exercício. § 3º Ao retornar do afastamento, o docente deve preencher o PSAD em até 30 (trinta) dias corridos após a data do retorno ao campus. Art. 25. Na elaboração do PSAD, cada docente deverá observar: I - as horas declaradas devem totalizar a carga horária de cada regime de trabalho; II - a correspondência entre as aAvidades atribuídas

[Trecho 3 | Fonte: RESOLUÇÃO NORMATIVA Nº 223-2024-Atualiza a Regulamentação do planejamento e o registro das atividades acadêmicas dos docentes da Carreira do Magistério do Ensino Básico, Técnico e Tecnológico do IFPI.pdf]
docentes totalizará a quanAdade de horas semanais previstas nos seus respecAvos regimes de trabalho e deverão ser cumpridas de acordo com as necessidades dos campi. § 1º O lançamento das horas despendidas nas aAvidades docentes não poderá ultrapassar o limite da carga horária semanal de cada regime de trabalho. § 2º O tempo desAnado às aAvidades docentes será mensurado em horas de 60 (sessenta) minutos. § 3º A mensuração das horas deve ser realizada conforme Tabela de AAvidades, no anexo, e de acordo com os limites de horas a serem lançados em cada uma das atividades. § 4º As aAvidades planejadas e desenvolvidas pelo docente serão declaradas em dois momentos em cada semestre, respecAvamente: na construção do plano de trabalho e, posteriormente, no relatório de trabalho, conforme inciso II, do art. 13, da Lei Nº 9.394/1996. § 5º Caberá à Direção-Geral do campus no qual o docente esAver em exercício deﬁnir as aAvidades docentes para ﬁns de complementação da carga horária semanal, caso as aAvidades planejadas pelo docente não totalizem a carga horária prevista em seu regime de trabalho, respeitando a área/disciplina de ingresso e atuação do docente. Art. 8º São atribuições gerais do Professor do EBTT: I - desenvolver as atividades de ensino, pesquisa e extensão, no âmbito do IFPI; II - participar da elaboração da proposta pedagógica do estabelecimento de ensino; III - elaborar e cumprir o plano de trabalho, segundo a proposta pedagógica do estabelecimento de ensino; IV -

[Trecho 4 | Fonte: RESOLUÇÃO NORMATIVA Nº 223-2024-Atualiza a Regulamentação do planejamento e o registro das atividades acadêmicas dos docentes da Carreira do Magistério do Ensino Básico, Técnico e Tecnológico do IFPI.pdf]
carga horária equivalente à carga horária de aula da disciplina, sendo computadas como Regência de Aulas. Art. 20. Os docentes do IFPI devem dedicar às aAvidades de Regência de Aulas o mínimo de: I - 10 (dez) horas semanais para os docentes em regime de tempo integral; e II - 08 (oito) horas semanais para os docentes em regime de tempo parcial. § 1º Não havendo possibilidade de atender ao disposto no caput, o docente poderá planejar e submeter à apreciação da sua área de lotação, departamento ou coordenação de curso/área a oferta de cursos ou componentes curriculares, observando as seguintes alternativas, em ordem de prioridade: I - cursos de Formação Inicial e Continuada; II - turmas extras, visando a minimizar os impactos na retenção dos estudantes; III - disciplinas eletivas livres, que serão regulamentadas em resolução específica. § 2º A proposta de oferta das aAvidades relacionadas no parágrafo anterior deve ser aprovada pelo Colegiado do Curso ou Área de lotação do docente, com registro em ata, e encaminhada para autorização da Direção de Ensino do campus. Art. 21. Os docentes em cargo de Reitor, Pró-reitor, Diretor-Geral e Diretor de campus avançado são dispensados das aAvidades de regências de aula, podendo desAnar até 40 horas por semana para as atividades de Gestão Institucional. Art. 22. De acordo com a Portaria MEC Nº 750/2024, os Docentes do EBTT do IFPI que estejam desempenhando AAvidades de Gestão InsAtucional terão ﬁxados os limites de carga horária semanal","[""RESOLUÇÃO NORMATIVA Nº 223-2024-Atualiza a Regulamentação do planejamento e o registro das atividades acadêmicas dos docentes da Carreira do Magistério do Ensino Básico, Técnico e Tecnológico do IFPI.pdf"", ""RESOLUÇÃO NORMATIVA Nº 223-2024-Atualiza a Regulamentação do planejamento e o registro das atividades acadêmicas dos docentes da Carreira do Magistério do Ensino Básico, Técnico e Tecnológico do IFPI.pdf"", ""RESOLUÇÃO NORMATIVA Nº 223-2024-Atualiza a Regulamentação do planejamento e o registro das atividades acadêmicas dos docentes da Carreira do Magistério do Ensino Básico, Técnico e Tecnológico do IFPI.pdf"", ""RESOLUÇÃO NORMATIVA Nº 223-2024-Atualiza a Regulamentação do planejamento e o registro das atividades acadêmicas dos docentes da Carreira do Magistério do Ensino Básico, Técnico e Tecnológico do IFPI.pdf""]","[""RESOLUÇÃO NORMATIVA Nº 223-2024-Atualiza a Regulamentação do planejamento e o registro das atividades acadêmicas dos docentes da Carreira do Magistério do Ensino Básico, Técnico e Tecnológico do IFPI.pdf"", ""RESOLUÇÃO NORMATIVA Nº 223-2024-Atualiza a Regulamentação do planejamento e o registro das atividades acadêmicas dos docentes da Carreira do Magistério do Ensino Básico, Técnico e Tecnológico do IFPI.pdf"", ""RESOLUÇÃO NORMATIVA Nº 223-2024-Atualiza a Regulamentação do planejamento e o registro das atividades acadêmicas dos docentes da Carreira do Magistério do Ensino Básico, Técnico e Tecnológico do IFPI.pdf"", ""RESOLUÇÃO NORMATIVA Nº 223-2024-Atualiza a Regulamentação do planejamento e o registro das atividades acadêmicas dos docentes da Carreira do Magistério do Ensino Básico, Técnico e Tecnológico do IFPI.pdf"", ""RESOLUÇÃO Nº 91-2025-Aprova a reformulação do Curso Técnico em Serviços Jurídicos, integrado ao Ensino Médio, no âmbito do IFPI e Anexo..pdf"", ""RESOLUÇÃO NORMATIVA Nº 223-2024-Atualiza a Regulamentação do planejamento e o registro das atividades acadêmicas dos docentes da Carreira do Magistério do Ensino Básico, Técnico e Tecnológico do IFPI.pdf"", ""RESOLUÇÃO Nº 127-2024-Aprova o Plano de Gestão de Riscos, no âmbito do Instituto Federal de Educação, Ciência e Tecnologia do Piauí (IFPI), biênio 2024-2026 e Anexo.pdf"", ""RESOLUÇÃO NORMATIVA Nº 208-2024-Aprova a revisão do Plano de Desenvolvimento Institucional (PDI), 2020-2024, do IFPI e Anexo.pdf"", ""RESOLUÇÃO NORMATIVA Nº 223-2024-Atualiza a Regulamentação do planejamento e o registro das atividades acadêmicas dos docentes da Carreira do Magistério do Ensino Básico, Técnico e Tecnológico do IFPI.pdf"", ""RESOLUÇÃO NORMATIVA Nº 218-2024-Estab. normas, critérios e proc. para a participação de docentes (DE) em atividades remuneradas.pdf""]","[""RESOLUÇÃO NORMATIVA Nº 223-2024-Atualiza a Regulamentação do planejamento e o registro das atividades acadêmicas dos docentes da Carreira do Magistério do Ensino Básico, Técnico e Tecnológico do IFPI.pdf"", ""RESOLUÇÃO NORMATIVA Nº 223-2024-Atualiza a Regulamentação do planejamento e o registro das atividades acadêmicas dos docentes da Carreira do Magistério do Ensino Básico, Técnico e Tecnológico do IFPI.pdf"", ""RESOLUÇÃO NORMATIVA Nº 223-2024-Atualiza a Regulamentação do planejamento e o registro das atividades acadêmicas dos docentes da Carreira do Magistério do Ensino Básico, Técnico e Tecnológico do IFPI.pdf"", ""RESOLUÇÃO NORMATIVA Nº 223-2024-Atualiza a Regulamentação do planejamento e o registro das atividades acadêmicas dos docentes da Carreira do Magistério do Ensino Básico, Técnico e Tecnológico do IFPI.pdf"", ""RESOLUÇÃO Nº 91-2025-Aprova a reformulação do Curso Técnico em Serviços Jurídicos, integrado ao Ensino Médio, no âmbito do IFPI e Anexo..pdf"", ""RESOLUÇÃO NORMATIVA Nº 223-2024-Atualiza a Regulamentação do planejamento e o registro das atividades acadêmicas dos docentes da Carreira do Magistério do Ensino Básico, Técnico e Tecnológico do IFPI.pdf"", ""RESOLUÇÃO Nº 127-2024-Aprova o Plano de Gestão de Riscos, no âmbito do Instituto Federal de Educação, Ciência e Tecnologia do Piauí (IFPI), biênio 2024-2026 e Anexo.pdf"", ""RESOLUÇÃO NORMATIVA Nº 208-2024-Aprova a revisão do Plano de Desenvolvimento Institucional (PDI), 2020-2024, do IFPI e Anexo.pdf"", ""RESOLUÇÃO NORMATIVA Nº 223-2024-Atualiza a Regulamentação do planejamento e o registro das atividades acadêmicas dos docentes da Carreira do Magistério do Ensino Básico, Técnico e Tecnológico do IFPI.pdf"", ""RESOLUÇÃO NORMATIVA Nº 218-2024-Estab. normas, critérios e proc. para a participação de docentes (DE) em atividades remuneradas.pdf""]",1.0,1.0,1.0,1.0,1.0,1.0,1.0,1.0,1.0,1.0,1.0,1.0,1.0,10,10,4,4.3575
1,43,tfidf,"RESOLUÇÃO NORMATIVA Nº 223-2024-Atualiza a Regulamentação do planejamento e o registro das atividades acadêmicas dos docentes da Carreira do Magistério do Ensino Básico, Técnico e Tecnológico do IFPI.pdf","Para cada hora de regência de aulas, quantas horas adicionais o docente computará para atividades de organização e apoio ao ensino?","Para cada hora de regência de aulas, o docente computará uma hora adicional para atividades de organização e apoio ao ensino.","Para cada hora de Regência de Aula, o docente computará uma hora de Organização e Apoio ao Ensino.","[Trecho 1 | Fonte: RESOLUÇÃO NORMATIVA Nº 223-2024-Atualiza a Regulamentação do planejamento e o registro das atividades acadêmicas dos docentes da Carreira do Magistério do Ensino Básico, Técnico e Tecnológico do IFPI.pdf]
Aulas ministradas em diferentes níveis e modalidades, presencial e/ou à distância, em cursos regulares técnicos, de graduação, de pós-graduação e cursos de formação inicial e continuada. Disciplinas registradas no sistema acadêmico Regime de 40 h: Mínimo: 10 h Máximo: 20 h Regime de 20 h: Mínimo: 8 h, Máximo: 10 h Para cada hora de Regência de Aula será registrada uma hora de Organização e Apoio ao Ensino 1.2 Organização e Apoio ao Ensino Carga horária de Regência de Aulas 1.3 Coordenador de Programas e Projetos de Ensino Por programa ou projeto, não cumulativo Até 8 horas 1.4 Membro de Programas e Projetos de Ensino Por programa ou projeto Até 4 horas 1.5 Orientação de Trabalho de Conclusão de Curso de graduação Por trabalho orientado Até 2 horas 1.6 Orientação de Trabalho de Conclusão de Curso de Pós- graduação Por trabalho orientado Até 3 horas ATIVIDADES REFERÊNCIA CARGA HORÁRIA SEMANAL 1.7 Coorientação de Trabalho de Conclusão de Curso de Graduação Por trabalho orientado 1 hora 1.8 Coorientação de Trabalho de Conclusão de Curso de Pós-graduação Por trabalho orientado 1 hora 1.9 Orientação de Estágio Curricular ou Aprendizagem Profissional Por discente orientado 1 hora 1.10 orientação profissional nas dependências de empresas que promovam o regime dual de curso, em parceria com a instituição de ensino Por discente orientado 1 hora 1.11 Orientação de monitoria Por discente monitor 1 hora 1.12 Programa de Acolhimento ao Estudante Ingressante (PRAEI) Por discente monitor 1

[Trecho 2 | Fonte: RESOLUÇÃO NORMATIVA Nº 223-2024-Atualiza a Regulamentação do planejamento e o registro das atividades acadêmicas dos docentes da Carreira do Magistério do Ensino Básico, Técnico e Tecnológico do IFPI.pdf]
Convênio e/ou Cooperação Técnica sem remuneração extra ou bolsa Por projeto Até 4 horas 3.10 Consultor em Programas, Projetos e/ou Ações de Extensão (por iniciativa) Por programa, projeto ou ação Até 4 horas 4. Atividades de Gestão e Representação Institucional 4.1 Ocupante dos cargos de Reitor, Pró-reitor, Diretor-geral e Diretor de campus avançado Gestão: Até 40 horas por semana Regência de Aulas: mínimo de 0 horas 4.2 Ocupante de Cargo de Diretor de Ensino Gestão: mínimo de 30 horas Regência de Aulas: mínimo de 4 horas 4.3 Demais Ocupantes de Cargo de Diretoria Gestão: mínimo de 26 horas Regência de Aulas: mínimo de 6 horas ATIVIDADES REFERÊNCIA CARGA HORÁRIA SEMANAL 4.4 Ocupante de Cargo de Chefia de Departamento Gestão: mínimo de 24 horas Regência de Aulas: mínimo de 7 horas 4.5 Ocupante de Função de Coordenação Gestão: mínimo de 22 horas Regência de Aulas: mínimo de 8 horas 4.6 Presidente de comissões para elaboração, implantação e acompanhamento de projetos pedagógicos de cursos regulares, intercampi e interinstitucionais Por comissão Até 6 horas 4.7 Membro de comissões para elaboração, implantação e acompanhamento de projetos pedagógicos de cursos regulares, intercampi e interinstitucionais Por comissão Até 4 horas 4.8 Membro do Núcleo Docente Estruturante Por núcleo Até 2 horas 4.9 Membro de Colegiado de Curso ou Programa de Pós- graduação Por colegiado Até 2 horas 4.10 Presidente da Comissão Própria de Avaliação (CPA) Até 10 horas 4.11 Membro da Comissão Própria de

[Trecho 3 | Fonte: RESOLUÇÃO Nº 28-2024-Aprova o Manual de Planilhas de Formação de Preços e Retenção de Conta Vinculada, no âmbito do IFPI e Anexo.pdf]
como décima terceira hora, por de fato se tratar de uma décima terceira hora para fins remuneratórios. ATENÇÃO: Deverá a Administração observar o Dissídio ou Convenção Coletiva. Ex: Cláusula ##### - Horas Extras - Convenção Coletiva de Trabalho - ####/#### - Registro MTE n° PI######/#### (OBSERVAÇÃO: DEVERÁ SER INFORMADO DE ACORDO COM A CCT) - As horas extras realizadas serão remuneradas com o percentual historicamente acertado nas Convenções anteriores, no importe de 60% (sessenta por cento) em relação à hora normal. Portanto, para fins de apuração, a hora noturna reduzida ou décima terceira hora será remunerada com o adicional de 60% em relação à hora normal, por se tratar de hora extra. Assim, devem-se somar salário-base e adicional de periculosidade, dividir por 220, divisor da categoria, em seguida ACRESCER de 60% (sessenta por cento) e depois multiplicar por 15 MINISTÉRIO DA EDUCAÇÃO Secretaria de Educação Profissional e Tecnológica Instituto Federal de Educação, Ciência e Tecnologia do Piauí (quinze), que são o número de horas noturnas reduzidas / décima terceira hora realizadas por mês, 01 (uma) hora por cada um dos 15 (quinze) plantões mensais. Fórmula: Adicional de Hora Noturna Reduzida / Décima Terceira Hora = ((Salário Base + Adicional de Periculosidade) / Divisor da Categoria) x acréscimo Percentual Hora Extra x Quantidade de horas extras mensais (MEMÓRIA DE CÁLCULO VIGILÂNCIA ARMADA ANO 202# - SINDESP/PI). Nota: O percentual de 60% é histórico, podendo a

[Trecho 4 | Fonte: RESOLUÇÃO NORMATIVA Nº 223-2024-Atualiza a Regulamentação do planejamento e o registro das atividades acadêmicas dos docentes da Carreira do Magistério do Ensino Básico, Técnico e Tecnológico do IFPI.pdf]
técnica de interesse institucional; III - parAcipação em projetos insAtucionais de cunho social, intercampi e interinstitucionais; IV - participação em comissões institucionais permanentes; V - participação em conselhos, comitês, colegiados e núcleos; VI - parAcipação em comissões de éAca, sindicância e de processos administraAvos disciplinares; VII - participação em comissões de licitação; VIII - parAcipação em comissões especíﬁcas designadas pela Reitoria ou pela Direção-Geral de campus; e Parágrafo único. Quando a carga horária não esAver prevista em resolução, deverá ser definida na respectiva portaria da Direção-Geral do campus ou do Reitor do IFPI. CAPÍTULO IV DA CARGA HORÁRIA DOCENTE Art. 19. Em conformidade com a Lei nº 12.772/2012, a carga horária semanal de atividades docentes deverá totalizar: I - 40 (quarenta) horas para docentes em regime de tempo integral, com ou sem dedicação exclusiva; e II - 20 (vinte) horas para docentes em regime de tempo parcial. § 1º A carga horária semanal do docente deverá ser distribuída entre as aAvidades previstas no capítulo III, respeitados os limites ﬁxados no anexo, tendo como referência os parâmetros estabelecidos nesta Resolução. § 2º Para o caso de componentes curriculares a distância, a aAvidade de mediação pedagógica computará carga horária equivalente à carga horária de aula da disciplina, sendo computadas como Regência de Aulas. Art. 20. Os docentes do IFPI devem dedicar às aAvidades de Regência de Aulas o mínimo de: I -","[""RESOLUÇÃO NORMATIVA Nº 223-2024-Atualiza a Regulamentação do planejamento e o registro das atividades acadêmicas dos docentes da Carreira do Magistério do Ensino Básico, Técnico e Tecnológico do IFPI.pdf"", ""RESOLUÇÃO NORMATIVA Nº 223-2024-Atualiza a Regulamentação do planejamento e o registro das atividades acadêmicas dos docentes da Carreira do Magistério do Ensino Básico, Técnico e Tecnológico do IFPI.pdf"", ""RESOLUÇÃO Nº 28-2024-Aprova o Manual de Planilhas de Formação de Preços e Retenção de Conta Vinculada, no âmbito do IFPI e Anexo.pdf"", ""RESOLUÇÃO NORMATIVA Nº 223-2024-Atualiza a Regulamentação do planejamento e o registro das atividades acadêmicas dos docentes da Carreira do Magistério do Ensino Básico, Técnico e Tecnológico do IFPI.pdf""]","[""RESOLUÇÃO NORMATIVA Nº 223-2024-Atualiza a Regulamentação do planejamento e o registro das atividades acadêmicas dos docentes da Carreira do Magistério do Ensino Básico, Técnico e Tecnológico do IFPI.pdf"", ""RESOLUÇÃO NORMATIVA Nº 223-2024-Atualiza a Regulamentação do planejamento e o registro das atividades acadêmicas dos docentes da Carreira do Magistério do Ensino Básico, Técnico e Tecnológico do IFPI.pdf"", ""RESOLUÇÃO Nº 28-2024-Aprova o Manual de Planilhas de Formação de Preços e Retenção de Conta Vinculada, no âmbito do IFPI e Anexo.pdf"", ""RESOLUÇÃO NORMATIVA Nº 223-2024-Atualiza a Regulamentação do planejamento e o registro das atividades acadêmicas dos docentes da Carreira do Magistério do Ensino Básico, Técnico e Tecnológico do IFPI.pdf"", ""RESOLUÇÃO Nº 28-2024-Aprova o Manual de Planilhas de Formação de Preços e Retenção de Conta Vinculada, no âmbito do IFPI e Anexo.pdf"", ""RESOLUÇÃO NORMATIVA Nº 223-2024-Atualiza a Regulamentação do planejamento e o registro das atividades acadêmicas dos docentes da Carreira do Magistério do Ensino Básico, Técnico e Tecnológico do IFPI.pdf"", ""RESOLUÇÃO Nº 12-2024-Aprova a Criação do Curso Técnico em Eventos, Integrado ao Ensino Médio, no âmbito do IFPI e Anexo..pdf"", ""RESOLUÇÃO NORMATIVA Nº 223-2024-Atualiza a Regulamentação do planejamento e o registro das atividades acadêmicas dos docentes da Carreira do Magistério do Ensino Básico, Técnico e Tecnológico do IFPI.pdf"", ""RESOLUÇÃO NORMATIVA Nº 223-2024-Atualiza a Regulamentação do planejamento e o registro das atividades acadêmicas dos docentes da Carreira do Magistério do Ensino Básico, Técnico e Tecnológico do IFPI.pdf"", ""RESOLUÇÃO NORMATIVA Nº 223-2024-Atualiza a Regulamentação do planejamento e o registro das atividades acadêmicas dos docentes da Carreira do Magistério do Ensino Básico, Técnico e Tecnológico do IFPI.pdf""]","[""RESOLUÇÃO NORMATIVA Nº 223-2024-Atualiza a Regulamentação do planejamento e o registro das atividades acadêmicas dos docentes da Carreira do Magistério do Ensino Básico, Técnico e Tecnológico do IFPI.pdf"", ""RESOLUÇÃO NORMATIVA Nº 223-2024-Atualiza a Regulamentação do planejamento e o registro das atividades acadêmicas dos docentes da Carreira do Magistério do Ensino Básico, Técnico e Tecnológico do IFPI.pdf"", ""RESOLUÇÃO Nº 28-2024-Aprova o Manual de Planilhas de Formação de Preços e Retenção de Conta Vinculada, no âmbito do IFPI e Anexo.pdf"", ""RESOLUÇÃO NORMATIVA Nº 223-2024-Atualiza a Regulamentação do planejamento e o registro das atividades acadêmicas dos docentes da Carreira do Magistério do Ensino Básico, Técnico e Tecnológico do IFPI.pdf"", ""RESOLUÇÃO Nº 28-2024-Aprova o Manual de Planilhas de Formação de Preços e Retenção de Conta Vinculada, no âmbito do IFPI e Anexo.pdf"", ""RESOLUÇÃO NORMATIVA Nº 223-2024-Atualiza a Regulamentação do planejamento e o registro das atividades acadêmicas dos docentes da Carreira do Magistério do Ensino Básico, Técnico e Tecnológico do IFPI.pdf"", ""RESOLUÇÃO Nº 12-2024-Aprova a Criação do Curso Técnico em Eventos, Integrado ao Ensino Médio, no âmbito do IFPI e Anexo..pdf"", ""RESOLUÇÃO NORMATIVA Nº 223-2024-Atualiza a Regulamentação do planejamento e o registro das atividades acadêmicas dos docentes da Carreira do Magistério do Ensino Básico, Técnico e Tecnológico do IFPI.pdf"", ""RESOLUÇÃO NORMATIVA Nº 223-2024-Atualiza a Regulamentação do planejamento e o registro das atividades acadêmicas dos docentes da Carreira do Magistério do Ensino Básico, Técnico e Tecnológico do IFPI.pdf"", ""RESOLUÇÃO NORMATIVA Nº 223-2024-Atualiza a Regulamentação do planejamento e o registro das atividades acadêmicas dos docentes da Carreira do Magistério do Ensino Básico, Técnico e Tecnológico do IFPI.pdf""]",1.0,1.0,1.0,1.0,1.0,1.0,1.0,1.0,1.0,1.0,1.0,1.0,1.0,10,10,4,3.574
1,43,tfidf,"RESOLUÇÃO NORMATIVA Nº 218-2024-Estab. normas, critérios e proc. para a participação de docentes (DE) em atividades remuneradas.pdf","Qual é o limite anual de horas para a participação esporádica remunerada em palestras, conferências e atividades artísticas e culturais de docentes em dedicação exclusiva?",O limite anual é de 30 horas.,"O limite anual de horas para a participação esporádica remunerada em palestras, conferências, atividades artísticas e culturais de docentes em dedicação exclusiva não pode exceder a 30 horas anuais.","[Trecho 1 | Fonte: RESOLUÇÃO NORMATIVA Nº 218-2024-Estab. normas, critérios e proc. para a participação de docentes (DE) em atividades remuneradas.pdf]
autorizada pelo Reitor de acordo com esta Resolução Normativa. CAPÍTULO III DA RETRIBUIÇÃO PECUNIÁRIA PELA PARTICIPAÇÃO ESPORÁDICA EM PALESTRAS, CONFERÊNCIAS, ATIVIDADES ARTÍSTICAS E CULTURAIS Art. 5ºAo docente no Regime de Trabalho de Dedicação Exclusiva do IFPI, será admiAda a percepção de retribuição pecuniária, na forma de pró-labore ou cachê pago diretamente ao docente, por ente disAnto do IFPI, pela parAcipação esporádica em palestras, conferências, aAvidades arRsAcas e culturais relacionadas à área de atuação do docente. Art. 6º Considera-se esporádica a parAcipação remunerada nas aAvidades descritas neste Capítulo, autorizada pelo Reitor, que, no total, não exceda a 30 (trinta) horas anuais e atenda aos requisitos: I - possua caráter eventual, contingencial e não regular; II - tenha duração determinada, com data de início e fim previamente definida; III - não gere contrato de trabalho ou vínculo empregaRcio de qualquer natureza com a pessoa ou enAdade pública ou privada à qual forem prestados os serviços; e IV - seja realizada sem prejuízo às atividades regulares docentes. Parágrafo único. A colaboração esporádica deverá ser prestada fora da carga horária regular de trabalho do docente, não podendo ser computada em seus planos e relatório de aAvidades, à exceção das aAvidades permiAdas em atos normaAvos vigentes no âmbito do IFPI. CAPÍTULO IV DA RETRIBUIÇÃO PECUNIÁRIA EM CARÁTER EVENTUAL DE OUTRAS ATIVIDADES Art. 7º Ao docente no Regime de Trabalho de Dedicação

[Trecho 2 | Fonte: RESOLUÇÃO Nº 76-2024-Estabelece normas, critérios e procedimentos para a participação de docentes do IFPI, com Regime de DE, em atividades remuneradas -REVOGADA PELA RESOLUÇÃO Nº 77_2024..pdf]
autorizada pelo Reitor de acordo com esta Resolução Normativa. CAPÍTULO III DA RETRIBUIÇÃO PECUNIÁRIA PELA PARTICIPAÇÃO ESPORÁDICA EM PALESTRAS, CONFERÊNCIAS, ATIVIDADES ARTÍSTICAS E CULTURAIS Art. 5ºAo docente no Regime de Trabalho de Dedicação Exclusiva do IFPI, será admi@da a percepção de retribuição pecuniária, na forma de pró-labore ou cachê pago diretamente ao docente, por ente dis@nto do IFPI, pela par@cipação esporádica em palestras, conferências, a@vidades arQs@cas e culturais relacionadas à área de atuação do docente. Art. 6º Considera-se esporádica a par@cipação remunerada nas a@vidades descritas neste Capítulo, autorizada pelo Reitor, que, no total, não exceda a 30 (trinta) horas anuais e atenda aos requisitos: I - possua caráter eventual, contingencial e não regular; II - tenha duração determinada, com data de início e fim previamente definida; III - não gere contrato de trabalho ou vínculo empregaQcio de qualquer natureza com a pessoa ou en@dade pública ou privada à qual forem prestados os serviços; e IV - seja realizada sem prejuízo às atividades regulares docentes. Parágrafo único. A colaboração esporádica deverá ser prestada fora da carga horária regular de trabalho do docente, não podendo ser computada em seus planos e relatório de a@vidades, à exceção das a@vidades permi@das em atos norma@vos vigentes no âmbito do IFPI. CAPÍTULO IV DA RETRIBUIÇÃO PECUNIÁRIA EM CARÁTER EVENTUAL DE OUTRAS ATIVIDADES Art. 7º Ao docente no Regime de Trabalho de Dedicação

[Trecho 3 | Fonte: RESOLUÇÃO Nº 32-2024-Aprova a Reformulação do Projeto Pedagógico do Curso Técnico de Nível Médio em Agropecuária, modalidade Educação a Distância (EaD), do IFPI e Anexo.pdf]
exclusiva Catia Maria de Araujo Oliveira Doutora Espanhol Dedicação exclusiva Cleiton Araujo Domingos Doutor Agricultura Dedicação exclusiva Edvaldo Bispo Doutor Agricultura Dedicação Santana Junior exclusiva Elba Borges da Silva Soares Mestra Administração Dedicação exclusiva Elisângela Campos Damasceno Sarmento Doutora Língua Portuguesa Dedicação exclusiva Erika Maria Jamir de Oliveira Mestra Administração Dedicação exclusiva Flávio Pessoa Avelino Mestre Engenharia Civil Dedicação exclusiva Francisco Raimundo de Souza Neto Mestre Matemática Dedicação exclusiva Gil Mario Ferreira Gomes Doutor Agropecuária/Zootecnia Dedicação exclusiva Gilson Mendes Araujo Doutor Agropecuária/Zootecnia Dedicação exclusiva Gutenberg Lira Silva Mestre Agropecuária/Zootecnia Dedicação exclusiva Janiel Martins Neves Mestre Matemática Dedicação exclusiva José Carlos Justino da Silva Mestre Física Dedicação exclusiva Jose Mauricio Maciel Cavalcante Doutor Agropecuária/Zootecnia Dedicação exclusiva Kiscyla Oliveira de Andrade Mestra Biologia Dedicação exclusiva Layanny Samara da Silva Souza Mestra Química Dedicação exclusiva Maíla de Lima Claro Doutora Informática Dedicação exclusiva Maraylla Inacio de Moraes Doutora Química Dedicação exclusiva Marcio Harrison dos Santos Ferreira Mestre Biologia Dedicação exclusiva Marli Ferreira de Carvalho Negreiros Mestra Língua Portuguesa Dedicação exclusiva Ovídio Paulo Rodrigues da Silva Doutor Agricultura Dedicação exclusiva Josenara Daiane de Souza Costa

[Trecho 4 | Fonte: RESOLUÇÃO Nº 114-2024-Aprova a Criação do Curso Técnico em Veterinária, Subsequente, no âmbito do Instituto Federal de Educação, Ciência e Tecnologia do Piauí (IFPI) e Anexo.pdf]
Júnior Mestre Inglês exclusiva Dedicação Adriano Lobão de Aragão Mestre Língua Portuguesa exclusiva Dedicação Rogério da Silva Almeida Doutor Filosofia exclusiva Dedicação Ângela da Costa Machado Especialista Sociologia exclusiva Dedicação Lidiane Bezerra Oliveira Doutora Geografia exclusiva Thiago Oliveira da Silva Dedicação Brito Mestre História exclusiva Ana Paula Bezerra de Dedicação Sousa Especialista Administração exclusiva Dedicação Gilberto Nunes Neto Mestre Informática exclusiva Dedicação Matemática Ethiamara da Silva Sousa Vênus Mestra exclusiva Dedicação Dayseanny de Oliveira Bezerra Doutora Agropecuária/Zootec exclusiva nia Dedicação Francelino Neiva Rodrigues Doutor Agropecuária/Zootec exclusiva nia Dedicação Gilson Lages Fortes Portela Doutor Agronomia exclusiva Dedicação Luiz Carlos de Melo Junior Doutor Agronomia exclusiva Dedicação Antonio Luis Galvao de Almeida Doutor Agronomia exclusiva Dedicação Jose Roberto de Oliveira Doutor Agronomia exclusiva Dedicação Edmilson Gomes de Oliveira Mestre Agronomia exclusiva Dedicação Jose Claudio Barros Ferraz Doutor Agronomia exclusiva Quadro 5. Equipe técnica Equipe Técnica Crago/Função Felipe Cardoso de Brito Médico Veterinário Washigton de Oliveira Lima Técnico em Agropecuária Quadro 6. Equipe multidisciplinar Equipe multidisciplinar Crago/Função Francisca das Chagas da Silva Alves Técnica em Assuntos educacionais Roberta Kellen Borges de Oliveira Bibliotecária Silvana Maria Alves da Silva Assistente em","[""RESOLUÇÃO NORMATIVA Nº 218-2024-Estab. normas, critérios e proc. para a participação de docentes (DE) em atividades remuneradas.pdf"", ""RESOLUÇÃO Nº 76-2024-Estabelece normas, critérios e procedimentos para a participação de docentes do IFPI, com Regime de DE, em atividades remuneradas -REVOGADA PELA RESOLUÇÃO Nº 77_2024..pdf"", ""RESOLUÇÃO Nº 32-2024-Aprova a Reformulação do Projeto Pedagógico do Curso Técnico de Nível Médio em Agropecuária, modalidade Educação a Distância (EaD), do IFPI e Anexo.pdf"", ""RESOLUÇÃO Nº 114-2024-Aprova a Criação do Curso Técnico em Veterinária, Subsequente, no âmbito do Instituto Federal de Educação, Ciência e Tecnologia do Piauí (IFPI) e Anexo.pdf""]","[""RESOLUÇÃO NORMATIVA Nº 218-2024-Estab. normas, critérios e proc. para a participação de docentes (DE) em atividades remuneradas.pdf"", ""RESOLUÇÃO Nº 76-2024-Estabelece normas, critérios e procedimentos para a participação de docentes do IFPI, com Regime de DE, em atividades remuneradas -REVOGADA PELA RESOLUÇÃO Nº 77_2024..pdf"", ""RESOLUÇÃO Nº 32-2024-Aprova a Reformulação do Projeto Pedagógico do Curso Técnico de Nível Médio em Agropecuária, modalidade Educação a Distância (EaD), do IFPI e Anexo.pdf"", ""RESOLUÇÃO Nº 114-2024-Aprova a Criação do Curso Técnico em Veterinária, Subsequente, no âmbito do Instituto Federal de Educação, Ciência e Tecnologia do Piauí (IFPI) e Anexo.pdf"", ""RESOLUÇÃO Nº 114-2024-Aprova a Criação do Curso Técnico em Veterinária, Subsequente, no âmbito do Instituto Federal de Educação, Ciência e Tecnologia do Piauí (IFPI) e Anexo.pdf"", ""RESOLUÇÃO Nº 32-2024-Aprova a Reformulação do Projeto Pedagógico do Curso Técnico de Nível Médio em Agropecuária, modalidade Educação a Distância (EaD), do IFPI e Anexo.pdf"", ""RESOLUÇÃO Nº 16-2025-Atualiza  a Reformulação do Curso Técnico de Nível Médio em Cuidados de Idosos, no âmbito do Instituto Federal de Educação, Ciência e Tecnologia do Piauí (IFPI) e Anexo..pdf"", ""RESOLUÇÃO Nº 32-2024-Aprova a Reformulação do Projeto Pedagógico do Curso Técnico de Nível Médio em Agropecuária, modalidade Educação a Distância (EaD), do IFPI e Anexo.pdf"", ""RESOLUÇÃO NORMATIVA Nº 218-2024-Estab. normas, critérios e proc. para a participação de docentes (DE) em atividades remuneradas.pdf"", ""RESOLUÇÃO Nº 76-2024-Estabelece normas, critérios e procedimentos para a participação de docentes do IFPI, com Regime de DE, em atividades remuneradas -REVOGADA PELA RESOLUÇÃO Nº 77_2024..pdf""]","[""RESOLUÇÃO NORMATIVA Nº 218-2024-Estab. normas, critérios e proc. para a participação de docentes (DE) em atividades remuneradas.pdf"", ""RESOLUÇÃO Nº 76-2024-Estabelece normas, critérios e procedimentos para a participação de docentes do IFPI, com Regime de DE, em atividades remuneradas -REVOGADA PELA RESOLUÇÃO Nº 77_2024..pdf"", ""RESOLUÇÃO Nº 32-2024-Aprova a Reformulação do Projeto Pedagógico do Curso Técnico de Nível Médio em Agropecuária, modalidade Educação a Distância (EaD), do IFPI e Anexo.pdf"", ""RESOLUÇÃO Nº 114-2024-Aprova a Criação do Curso Técnico em Veterinária, Subsequente, no âmbito do Instituto Federal de Educação, Ciência e Tecnologia do Piauí (IFPI) e Anexo.pdf"", ""RESOLUÇÃO Nº 114-2024-Aprova a Criação do Curso Técnico em Veterinária, Subsequente, no âmbito do Instituto Federal de Educação, Ciência e Tecnologia do Piauí (IFPI) e Anexo.pdf"", ""RESOLUÇÃO Nº 32-2024-Aprova a Reformulação do Projeto Pedagógico do Curso Técnico de Nível Médio em Agropecuária, modalidade Educação a Distância (EaD), do IFPI e Anexo.pdf"", ""RESOLUÇÃO Nº 16-2025-Atualiza  a Reformulação do Curso Técnico de Nível Médio em Cuidados de Idosos, no âmbito do Instituto Federal de Educação, Ciência e Tecnologia do Piauí (IFPI) e Anexo..pdf"", ""RESOLUÇÃO Nº 32-2024-Aprova a Reformulação do Projeto Pedagógico do Curso Técnico de Nível Médio em Agropecuária, modalidade Educação a Distância (EaD), do IFPI e Anexo.pdf"", ""RESOLUÇÃO NORMATIVA Nº 218-2024-Estab. normas, critérios e proc. para a participação de docentes (DE) em atividades remuneradas.pdf"", ""RESOLUÇÃO Nº 76-2024-Estabelece normas, critérios e procedimentos para a participação de docentes do IFPI, com Regime de DE, em atividades remuneradas -REVOGADA PELA RESOLUÇÃO Nº 77_2024..pdf""]",1.0,1.0,1.0,1.0,1.0,1.0,1.0,1.0,1.0,1.0,1.0,1.0,1.0,10,10,4,4.4564
1,43,tfidf,"RESOLUÇÃO NORMATIVA Nº 218-2024-Estab. normas, critérios e proc. para a participação de docentes (DE) em atividades remuneradas.pdf",Qual é o limite de carga horária para atividades remuneradas eventuais previstas no artigo 7º da Resolução Normativa nº 218 de 2024?,As atividades remuneradas eventuais não podem exceder 8 horas semanais ou 416 horas anuais.,Não encontrei essa informação no contexto fornecido.,"[Trecho 1 | Fonte: RESOLUÇÃO NORMATIVA Nº 218-2024-Estab. normas, critérios e proc. para a participação de docentes (DE) em atividades remuneradas.pdf]
Ministério da Educação Instituto Federal de Educação, Ciência e Tecnologia do Piauí IFPI Av. Jânio Quadros, Santa Isabel, TERESINA / PI, CEP 64053-390 Fone: (86) 3131-1443 Site: www.ifpi.edu.br RESOLUÇÃO NORMATIVA CONSUP/OSUPCOL/REI/IFPI N° 218, de 30 de julho de 2024. Estabelece normas, critérios e procedimentos para a parAcipação de docentes do InsAtuto Federal de Educação, Ciência e Tecnologia do Piauí (IFPI), submetidos ao Regime de Trabalho de 40 (quarenta) horas semanais, com Dedicação Exclusiva (DE), em atividades remuneradas. O Presidente do Conselho Superior do InsAtuto Federal de Educação, Ciência e Tecnologia do Piauí, no uso de suas atribuições conferidas no Estatuto deste InsAtuto Federal, aprovado pela Resolução NormaAva nº 59, de 20 de agosto de 2021, publicada no Diário Oﬁcial da União de 23 de agosto de 2021, considerando o processo nº 23172.001816/2024-60, RESOLVE: RESOLVE: Art. 1º Estabelecer, ad referendum ad referendum, normas, critérios e procedimentos para a parAcipação de docentes do IIFPI, submeAdos ao Regime de Trabalho de 40 (quarenta) horas semanais, com Dedicação Exclusiva (DE), em aAvidades remuneradas, observado o disposto na Lei nº 12.772/2012 e suas alterações. CAPÍTULO I DAS DISPOSIÇÕES INICIAIS Art. 2º O Professor do IFPI, ocupante de cargo efeAvo do Plano de Carreiras e Cargos de Magistério Federal, será submetido a um dos seguintes regimes de trabalho: I - 40 (quarenta) horas semanais de trabalho, em tempo integral, com dedicação exclusiva

[Trecho 2 | Fonte: RESOLUÇÃO NORMATIVA Nº 241-2025-Aprova a Prestação de Contas Ordinária Anual, através do Relatório de Gestão, exercício 2024, do IFPI e Anexo.pdf]
no âmbito do IFPI e Anexo. 16 de maio de 2024 RESOLUÇÃO Nº 37-2024 Total 30 Aprova a criação do curso de Especialização em Gestão Escolar na Perspectiva da Educação Integral, modalidade Educação a Distância 16 de maio de 2024 Ações administrativas RESOLUÇÃO Nº 38-2024 Aprova a atualização do Curso de Pós- Graduação, lato sensu, em Docência na Educação Profissional e Tecnológica, no âmbito do Instituto Federal do Piauí 28 de maio de 2024 RESOLUÇÃO Nº 39-2024 Resoluções criadas ou atualizadas para pós- graduação Descrição Data Aprova a Criação do curso de Especialização em Atendimento Educacional Especializado no âmbito do Instituto Federal de Educação, 07 de junho de 2024 Autoriza o funcionamento do Curso de Especialização em Ensino de Ciências, nos campi do IFPI 16 de fevereiro de 2024 RESOLUÇÃO Nº 41-2024 RESOLUÇÃO Nº 4-2024 Aprova o Curso de Especialização em Marketing e Empreendedorismo em Moda, no Instituto Federal de Educação, Ciência e Tecnologia do Piauí Aprova a criação do Curso de Pós- Graduação Profissional em Propriedade Intelectual e seu Regimento Interno, no IFPI 15 de janeiro de 2024 29 de fevereiro de 2024 RESOLUÇÃO NORMATIVA Nº 193-2024 RESOLUÇÃO Nº 5-2024 Aprova o Regimento do Programa de Pós- Graduação em Gestão e Regulação de Recursos Hídricos-PROFÁGUA, IFPI 05 de março de 2024 RESOLUÇÃO NORMATIVA Nº 202-2024 Autoriza o funcionamento do curso de especialização em Marketing e Empreendedorismo em Moda, no Campus Piripiri. 29 de fevereiro de 2024 RESOLUÇÃO Nº

[Trecho 3 | Fonte: RESOLUÇÃO NORMATIVA Nº 203-2024 -Aprova a Prestação de Contas Ordinária Anual -IFPI - Relatóio de Gestão -2023 e Anexo.pdf]
das Atividades Teórico-Práticas de Aprofundamento (ATPAs) em áreas específicas de interesse dos estudantes dos cursos de licenciatura do IFPI - RESOLUÇÃO NORMATIVA Nº 163-2023. Expedição e registro do Diploma Digital de cursos de graduação - RESOLUÇÃO NORMATIVA Nº 165-2023. Desenvolvimento das atividades complementares em áreas específicas de interesse do estudante dos cursos de graduação. RESOLUÇÃO NORMATIVA Nº 166-2023. Plano de capacitação de professores formadores, tutores e mediadores que atuam nos cursos com componentes EaD - RESOLUÇÃO NORMATIVA Nº 172-2023. Planejamento e o registro das atividades acadêmicas dos docentes da Carreira do Magistério do Ensino Básico, Técnico e Tecnológico do IFPI - RESOLUÇÃO NORMATIVA Nº 173-2023. Planejamento e execução de Disciplinas Eletivas Livres, no IFPI. RESOLUÇÃO NORMATIVA Nº 177-2023. Regulamentação para Trabalho de Conclusão dos Cursos de Graduação - RESOLUÇÃO NORMATIVA Nº 180-2023. Regulamentação para a oferta de Cursos de Especialização Profissional Técnica de Nível Médio - RESOLUÇÃO NORMATIVA Nº 184-2023. Regulamentação para quebra de pré-requisito em disciplinas dos Cursos de graduação - RESOLUÇÃO NORMATIVA Nº 192-2023 Fonte: PROEN, dez/2023. Fonte: PROEN, dez/2023. implantada com 264 solicitações resolvidas em 2023, dentre as quais as solicitações de validações de Diplomas e Certificados no SISTEC são as mais demandadas. Residência pedagógica Fonte: PROEN, dez/2023. Reconhecimento de Cursos de Graduação O Programa de

[Trecho 4 | Fonte: RESOLUÇÃO NORMATIVA Nº 241-2025-Aprova a Prestação de Contas Ordinária Anual, através do Relatório de Gestão, exercício 2024, do IFPI e Anexo.pdf]
DE PÓS-GRADUAÇÃO INSCRITOS Fonte: DEPG/PROPI, 2024. EM EDITAIS PROPI/2024 APRESENTAÇÃO DE PROPOSTAS DE NOVOS CURSOS DE MESTRADO DO IFPI Resolução Normativa Proposta Tipo Vagas status Aprova a criação do Curso de Pós- Graduação Profissional em Propriedade Intelectual e seu Regimento Interno, no IFPI RESOLUÇÃO NORMATIVA Nº 193-2024 Qualificação de servidores Descrição: O Instituto Federal de Educação, Ciência e Tecnologia do Piauí (IFPI), através da Pró-Reitoria de Pesquisa, Pós-Graduação e Inovação (PROPI), abriu negociações junto a programas de pós-graduações para qualificação dos nossos servidores. Observa-se que as parcerias ainda não foram concretizadas por falta de disponibilidade financeira. profissional 10 aprovado Aprova o Regimento do Programa de Pós- Graduação em Gestão e Regulação de Recursos Hídricos-PROFÁGUA, IFPI RESOLUÇÃO NORMATIVA Nº 202-2024 profissional 10 Aprova a criação do Curso de Pós- Graduação Profissional em Educação e seu Regimento Interno, no IFPI aguardando Autoriza o funcionamento do curso de especialização em Energias Renováveis, no Campus Teresina Central. 12 de abril de 2024 RESOLUÇÃO Nº 26-2024 RESOLUÇÃO NORMATIVA Nº 194-2024 Profissional 10 Aprova a criação do curso de Especialização em Gestão Escolar, modalidade de Educação a Distância (EaD), no âmbito do IFPI e Anexo. 16 de maio de 2024 RESOLUÇÃO Nº 37-2024 Total 30 Aprova a criação do curso de Especialização em Gestão Escolar na Perspectiva da Educação Integral, modalidade Educação a","[""RESOLUÇÃO NORMATIVA Nº 218-2024-Estab. normas, critérios e proc. para a participação de docentes (DE) em atividades remuneradas.pdf"", ""RESOLUÇÃO NORMATIVA Nº 241-2025-Aprova a Prestação de Contas Ordinária Anual, através do Relatório de Gestão, exercício 2024, do IFPI e Anexo.pdf"", ""RESOLUÇÃO NORMATIVA Nº 203-2024 -Aprova a Prestação de Contas Ordinária Anual -IFPI - Relatóio de Gestão -2023 e Anexo.pdf"", ""RESOLUÇÃO NORMATIVA Nº 241-2025-Aprova a Prestação de Contas Ordinária Anual, através do Relatório de Gestão, exercício 2024, do IFPI e Anexo.pdf""]","[""RESOLUÇÃO NORMATIVA Nº 218-2024-Estab. normas, critérios e proc. para a participação de docentes (DE) em atividades remuneradas.pdf"", ""RESOLUÇÃO NORMATIVA Nº 241-2025-Aprova a Prestação de Contas Ordinária Anual, através do Relatório de Gestão, exercício 2024, do IFPI e Anexo.pdf"", ""RESOLUÇÃO NORMATIVA Nº 203-2024 -Aprova a Prestação de Contas Ordinária Anual -IFPI - Relatóio de Gestão -2023 e Anexo.pdf"", ""RESOLUÇÃO NORMATIVA Nº 241-2025-Aprova a Prestação de Contas Ordinária Anual, através do Relatório de Gestão, exercício 2024, do IFPI e Anexo.pdf"", ""RESOLUÇÃO NORMATIVA Nº 241-2025-Aprova a Prestação de Contas Ordinária Anual, através do Relatório de Gestão, exercício 2024, do IFPI e Anexo.pdf"", ""RESOLUÇÃO NORMATIVA Nº 241-2025-Aprova a Prestação de Contas Ordinária Anual, através do Relatório de Gestão, exercício 2024, do IFPI e Anexo.pdf"", ""RESOLUÇÃO Nº 76-2024-Estabelece normas, critérios e procedimentos para a participação de docentes do IFPI, com Regime de DE, em atividades remuneradas -REVOGADA PELA RESOLUÇÃO Nº 77_2024..pdf"", ""RESOLUÇÃO Nº 59-2025- Aprova a Criação do Curso de Licenciatura em  Pedagogia,  no âmbito do Instituto Federal de Educação, Ciência e Tecnologia do Piauí (IFPI) e Anexo.pdf"", ""RESOLUÇÃO NORMATIVA Nº 203-2024 -Aprova a Prestação de Contas Ordinária Anual -IFPI - Relatóio de Gestão -2023 e Anexo.pdf"", ""RESOLUÇÃO Nº 128-2024-Aprova a Criação do Curso Superior de Tecnologia em Sistemas para Internet, no âmbito do Instituto Federal de Educação, Ciência e Tecnologia do Piauí (IFPI) e Anexo.pdf""]","[""RESOLUÇÃO NORMATIVA Nº 218-2024-Estab. normas, critérios e proc. para a participação de docentes (DE) em atividades remuneradas.pdf"", ""RESOLUÇÃO NORMATIVA Nº 241-2025-Aprova a Prestação de Contas Ordinária Anual, através do Relatório de Gestão, exercício 2024, do IFPI e Anexo.pdf"", ""RESOLUÇÃO NORMATIVA Nº 203-2024 -Aprova a Prestação de Contas Ordinária Anual -IFPI - Relatóio de Gestão -2023 e Anexo.pdf"", ""RESOLUÇÃO NORMATIVA Nº 241-2025-Aprova a Prestação de Contas Ordinária Anual, através do Relatório de Gestão, exercício 2024, do IFPI e Anexo.pdf"", ""RESOLUÇÃO NORMATIVA Nº 241-2025-Aprova a Prestação de Contas Ordinária Anual, através do Relatório de Gestão, exercício 2024, do IFPI e Anexo.pdf"", ""RESOLUÇÃO NORMATIVA Nº 241-2025-Aprova a Prestação de Contas Ordinária Anual, através do Relatório de Gestão, exercício 2024, do IFPI e Anexo.pdf"", ""RESOLUÇÃO Nº 76-2024-Estabelece normas, critérios e procedimentos para a participação de docentes do IFPI, com Regime de DE, em atividades remuneradas -REVOGADA PELA RESOLUÇÃO Nº 77_2024..pdf"", ""RESOLUÇÃO Nº 59-2025- Aprova a Criação do Curso de Licenciatura em  Pedagogia,  no âmbito do Instituto Federal de Educação, Ciência e Tecnologia do Piauí (IFPI) e Anexo.pdf"", ""RESOLUÇÃO NORMATIVA Nº 203-2024 -Aprova a Prestação de Contas Ordinária Anual -IFPI - Relatóio de Gestão -2023 e Anexo.pdf"", ""RESOLUÇÃO Nº 128-2024-Aprova a Criação do Curso Superior de Tecnologia em Sistemas para Internet, no âmbito do Instituto Federal de Educação, Ciência e Tecnologia do Piauí (IFPI) e Anexo.pdf""]",1.0,1.0,1.0,1.0,1.0,1.0,1.0,1.0,1.0,1.0,1.0,1.0,1.0,10,10,4,2.9235
1,43,tfidf,"RESOLUÇÃO NORMATIVA Nº 217-2024-Atualiza o Regimento Interno da Comissão Permanente de Pessoal Docente (CPPD), no âmbito do Instituto Federal de Educação, Ciência e Tecnologia do Piauí (IFPI)..pdf",Como é composta a CPPD do IFPI em número de membros titulares e suplentes?,"A CPPD do IFPI é composta por 10 docentes, sendo 5 representantes titulares e 5 representantes suplentes.","A CPPD do IFPI terá membros titulares e suplentes, sendo que o registro da candidatura ocorrerá por chapa composta por dois docentes, com indicação do titular e suplente.","[Trecho 1 | Fonte: RESOLUÇÃO NORMATIVA Nº 217-2024-Atualiza o Regimento Interno da Comissão Permanente de Pessoal Docente (CPPD), no âmbito do Instituto Federal de Educação, Ciência e Tecnologia do Piauí (IFPI)..pdf]
com a confirmação da presença do seu respectivo suplente. § 1º As comunicações deverão ser encaminhadas para o e-mail institucional da CPPD. § 2º Os processos de relatoria do membro ausente serão inseridos em reunião subsequente. Art. 27. O Presidente da CPPD pode, expondo moDvação jusDﬁcada, comunicar o cancelamento de uma reunião ordinária. Art. 28. As decisões dar-se-ão por maioria simples dos seus membros presentes, ou seja, 50% (cinquenta por cento) mais um, cabendo ao Presidente, o voto de desempate. Art. 29. As decisões deverão constar em ata, reservado o direito de declaração de voto para todos os membros. Seção II Seção II Da Análise dos Processos Da Análise dos Processos Art. 30. A análise dos processos será feita por membro da CPPD, observada a ordem de distribuição e, posteriormente, levada para apreciação da Comissão. Parágrafo único. A ordem para distribuição e análise do processo será deliberada na primeira reunião ordinária da Comissão Permanente de Pessoal Docente - CPPD. Seção III Seção III Da carga horária dos membros da CPPD Da carga horária dos membros da CPPD Art. 31. Os membros Dtulares da Comissão deverão dedicar até 10 (dez) horas semanais para o desenvolvimento das atividades da comissão. Parágrafo único. Os membros suplentes deverão dedicar 2 (duas) horas semanais para se manterem atualizados sobre o andamento das atividades desenvolvidas pela comissão. CAPÍTULO VIII DAS DISPOSIÇÕES GERAIS E TRANSITÓRIAS Art. 32. O primeiro processo eleitoral será

[Trecho 2 | Fonte: RESOLUÇÃO Nº 75-2024-Atualiza o Regimento Interno da Comissão Permanente de Pessoal Docente (CPPD), no âmbito do Instituto Federal de Educação, Ciência e Tecnologia do Piauí (IFPI) -REVOGADA PELA RESOLUÇÃO Nº 77_2024..pdf]
48 (quarenta e oito) horas juntamente com a confirmação da presença do seu respectivo suplente. § 1º As comunicações deverão ser encaminhadas para o e-mail institucional da CPPD. § 2º Os processos de relatoria do membro ausente serão inseridos em reunião subsequente. Art. 27. O Presidente da CPPD pode, expondo moBvação jusBﬁcada, comunicar o cancelamento de uma reunião ordinária. Art. 28. As decisões dar-se-ão por maioria simples dos seus membros presentes, ou seja, 50% (cinquenta por cento) mais um, cabendo ao Presidente, o voto de desempate. Art. 29. As decisões deverão constar em ata, reservado o direito de declaração de voto para todos os membros. Seção II Seção II Da Análise dos Processos Da Análise dos Processos Art. 30. A análise dos processos será feita por membro da CPPD, observada a ordem de distribuição e, posteriormente, levada para apreciação da Comissão. Parágrafo único. A ordem para distribuição e análise do processo será deliberada na primeira reunião ordinária da Comissão Permanente de Pessoal Docente - CPPD. Seção III Seção III Da carga horária dos membros da CPPD Da carga horária dos membros da CPPD Art. 31. Os membros Btulares da Comissão deverão dedicar até 10 (dez) horas semanais para o desenvolvimento das atividades da comissão. Parágrafo único. Os membros suplentes deverão dedicar 2 (duas) horas semanais para se manterem atualizados sobre o andamento das atividades desenvolvidas pela comissão. CAPÍTULO VIII DAS DISPOSIÇÕES GERAIS E TRANSITÓRIAS Art.

[Trecho 3 | Fonte: RESOLUÇÃO Nº 75-2024-Atualiza o Regimento Interno da Comissão Permanente de Pessoal Docente (CPPD), no âmbito do Instituto Federal de Educação, Ciência e Tecnologia do Piauí (IFPI) -REVOGADA PELA RESOLUÇÃO Nº 77_2024..pdf]
suplentes deverão dedicar 2 (duas) horas semanais para se manterem atualizados sobre o andamento das atividades desenvolvidas pela comissão. CAPÍTULO VIII DAS DISPOSIÇÕES GERAIS E TRANSITÓRIAS Art. 32. O primeiro processo eleitoral será deﬂagrado pela Comissão, por meio de edital, em prazo de até 45 (quarenta e cinco) dias, após a expedição da portaria no DOU de nomeação do Reitor. Art. 33. Com a insBtuição da CPPD, ﬁca vedado o funcionamento de comissões ou órgãos, no âmbito do IFPI, com finalidades similares. Art. 34. A CPPD terá à sua disposição, na Reitoria e nos campi, apoio técnico-administraBvo e material necessário à execução de suas atividades. Art. 35. No exercício de suas atribuições, a CPPD, para melhor ajuizar suas decisões, poderá solicitar documentos, determinar diligências, ouvir interessados e pedir informações de quaisquer setores do IFPI. Art. 36. A CPPD poderá requerer à Reitoria e/ou Diretores-Gerais dos campi assessoramento específico, quando necessário, dentro do âmbito do IFPI. Art. 37. A CPPD deverá ter livre acesso a documentos que se relacionem com assuntos de sua competência. Art. 38. Nas discussões e decisões da insBtuição sobre matéria referente à políBca de pessoal docente, a CPPD deverá, a critério da autoridade competente, ser ouvida. Art. 39. Os casos omissos e dúvidas suscitadas na aplicação deste regimento serão resolvidos pela CPPD juntamente com o Reitor do IFPI e, se necessário, os temas poderão ser submetidos à apreciação do Conselho

[Trecho 4 | Fonte: RESOLUÇÃO Nº 75-2024-Atualiza o Regimento Interno da Comissão Permanente de Pessoal Docente (CPPD), no âmbito do Instituto Federal de Educação, Ciência e Tecnologia do Piauí (IFPI) -REVOGADA PELA RESOLUÇÃO Nº 77_2024..pdf]
de reformulação do presente Regimento, quando necessário, submetendo as alterações ao Conselho Superior para aprovação. CAPÍTULO V DO PROVIMENTO DA COMISSÃO Seção I Seção I Do processo eleitoral e do mandato Do processo eleitoral e do mandato Art. 8º Os membros da CPPD serão designados pelo Reitor, após escolha pelos seus pares, para cumprirem um mandato de 04 (quatro) anos, admiBda uma única reeleição para período subsequente, não existindo limite para mandatos alternados. Parágrafo único. O quadriênio é contado ininterruptamente, a parBr da publicação da Portaria de designação dos membros da CPPD. Art. 9º A escolha dos membros da CPPD dar-se-á mediante eleição direta com o voto em urna, ou de forma virtual/eletrônica, reunindo o maior número possível de professores ativos. § 1º O registro da candidatura será por chapa composta por 02 (dois) docentes, com indicação do Btular e suplente, que não obrigatoriamente precisam estar lotados e em exercício no mesmo campus. § 2º Havendo chapa com candidatos lotados em campi diferentes, o registro será validado de acordo com a lotação do candidato titular. § 3º O edital de deﬂagração do processo eleitoral disporá sobre as orientações de divulgação de propaganda das chapas registradas. Art. 10. O processo eleitoral será conduzido por comissão eleitoral composta por 04 (quatro) docentes, escolhidos a partir de edital publicado pela CPPD. § 3º Não poderá integrar comissão eleitoral o ocupante de vaga na CPPD. Art. 11. Poderá","[""RESOLUÇÃO NORMATIVA Nº 217-2024-Atualiza o Regimento Interno da Comissão Permanente de Pessoal Docente (CPPD), no âmbito do Instituto Federal de Educação, Ciência e Tecnologia do Piauí (IFPI)..pdf"", ""RESOLUÇÃO Nº 75-2024-Atualiza o Regimento Interno da Comissão Permanente de Pessoal Docente (CPPD), no âmbito do Instituto Federal de Educação, Ciência e Tecnologia do Piauí (IFPI) -REVOGADA PELA RESOLUÇÃO Nº 77_2024..pdf"", ""RESOLUÇÃO Nº 75-2024-Atualiza o Regimento Interno da Comissão Permanente de Pessoal Docente (CPPD), no âmbito do Instituto Federal de Educação, Ciência e Tecnologia do Piauí (IFPI) -REVOGADA PELA RESOLUÇÃO Nº 77_2024..pdf"", ""RESOLUÇÃO Nº 75-2024-Atualiza o Regimento Interno da Comissão Permanente de Pessoal Docente (CPPD), no âmbito do Instituto Federal de Educação, Ciência e Tecnologia do Piauí (IFPI) -REVOGADA PELA RESOLUÇÃO Nº 77_2024..pdf""]","[""RESOLUÇÃO NORMATIVA Nº 217-2024-Atualiza o Regimento Interno da Comissão Permanente de Pessoal Docente (CPPD), no âmbito do Instituto Federal de Educação, Ciência e Tecnologia do Piauí (IFPI)..pdf"", ""RESOLUÇÃO Nº 75-2024-Atualiza o Regimento Interno da Comissão Permanente de Pessoal Docente (CPPD), no âmbito do Instituto Federal de Educação, Ciência e Tecnologia do Piauí (IFPI) -REVOGADA PELA RESOLUÇÃO Nº 77_2024..pdf"", ""RESOLUÇÃO Nº 75-2024-Atualiza o Regimento Interno da Comissão Permanente de Pessoal Docente (CPPD), no âmbito do Instituto Federal de Educação, Ciência e Tecnologia do Piauí (IFPI) -REVOGADA PELA RESOLUÇÃO Nº 77_2024..pdf"", ""RESOLUÇÃO Nº 75-2024-Atualiza o Regimento Interno da Comissão Permanente de Pessoal Docente (CPPD), no âmbito do Instituto Federal de Educação, Ciência e Tecnologia do Piauí (IFPI) -REVOGADA PELA RESOLUÇÃO Nº 77_2024..pdf"", ""RESOLUÇÃO NORMATIVA Nº 217-2024-Atualiza o Regimento Interno da Comissão Permanente de Pessoal Docente (CPPD), no âmbito do Instituto Federal de Educação, Ciência e Tecnologia do Piauí (IFPI)..pdf"", ""RESOLUÇÃO Nº 75-2024-Atualiza o Regimento Interno da Comissão Permanente de Pessoal Docente (CPPD), no âmbito do Instituto Federal de Educação, Ciência e Tecnologia do Piauí (IFPI) -REVOGADA PELA RESOLUÇÃO Nº 77_2024..pdf"", ""RESOLUÇÃO NORMATIVA Nº 217-2024-Atualiza o Regimento Interno da Comissão Permanente de Pessoal Docente (CPPD), no âmbito do Instituto Federal de Educação, Ciência e Tecnologia do Piauí (IFPI)..pdf"", ""RESOLUÇÃO NORMATIVA Nº 217-2024-Atualiza o Regimento Interno da Comissão Permanente de Pessoal Docente (CPPD), no âmbito do Instituto Federal de Educação, Ciência e Tecnologia do Piauí (IFPI)..pdf"", ""RESOLUÇÃO Nº 75-2024-Atualiza o Regimento Interno da Comissão Permanente de Pessoal Docente (CPPD), no âmbito do Instituto Federal de Educação, Ciência e Tecnologia do Piauí (IFPI) -REVOGADA PELA RESOLUÇÃO Nº 77_2024..pdf"", ""RESOLUÇÃO NORMATIVA Nº 217-2024-Atualiza o Regimento Interno da Comissão Permanente de Pessoal Docente (CPPD), no âmbito do Instituto Federal de Educação, Ciência e Tecnologia do Piauí (IFPI)..pdf""]","[""RESOLUÇÃO NORMATIVA Nº 217-2024-Atualiza o Regimento Interno da Comissão Permanente de Pessoal Docente (CPPD), no âmbito do Instituto Federal de Educação, Ciência e Tecnologia do Piauí (IFPI)..pdf"", ""RESOLUÇÃO Nº 75-2024-Atualiza o Regimento Interno da Comissão Permanente de Pessoal Docente (CPPD), no âmbito do Instituto Federal de Educação, Ciência e Tecnologia do Piauí (IFPI) -REVOGADA PELA RESOLUÇÃO Nº 77_2024..pdf"", ""RESOLUÇÃO Nº 75-2024-Atualiza o Regimento Interno da Comissão Permanente de Pessoal Docente (CPPD), no âmbito do Instituto Federal de Educação, Ciência e Tecnologia do Piauí (IFPI) -REVOGADA PELA RESOLUÇÃO Nº 77_2024..pdf"", ""RESOLUÇÃO Nº 75-2024-Atualiza o Regimento Interno da Comissão Permanente de Pessoal Docente (CPPD), no âmbito do Instituto Federal de Educação, Ciência e Tecnologia do Piauí (IFPI) -REVOGADA PELA RESOLUÇÃO Nº 77_2024..pdf"", ""RESOLUÇÃO NORMATIVA Nº 217-2024-Atualiza o Regimento Interno da Comissão Permanente de Pessoal Docente (CPPD), no âmbito do Instituto Federal de Educação, Ciência e Tecnologia do Piauí (IFPI)..pdf"", ""RESOLUÇÃO Nº 75-2024-Atualiza o Regimento Interno da Comissão Permanente de Pessoal Docente (CPPD), no âmbito do Instituto Federal de Educação, Ciência e Tecnologia do Piauí (IFPI) -REVOGADA PELA RESOLUÇÃO Nº 77_2024..pdf"", ""RESOLUÇÃO NORMATIVA Nº 217-2024-Atualiza o Regimento Interno da Comissão Permanente de Pessoal Docente (CPPD), no âmbito do Instituto Federal de Educação, Ciência e Tecnologia do Piauí (IFPI)..pdf"", ""RESOLUÇÃO NORMATIVA Nº 217-2024-Atualiza o Regimento Interno da Comissão Permanente de Pessoal Docente (CPPD), no âmbito do Instituto Federal de Educação, Ciência e Tecnologia do Piauí (IFPI)..pdf"", ""RESOLUÇÃO Nº 75-2024-Atualiza o Regimento Interno da Comissão Permanente de Pessoal Docente (CPPD), no âmbito do Instituto Federal de Educação, Ciência e Tecnologia do Piauí (IFPI) -REVOGADA PELA RESOLUÇÃO Nº 77_2024..pdf"", ""RESOLUÇÃO NORMATIVA Nº 217-2024-Atualiza o Regimento Interno da Comissão Permanente de Pessoal Docente (CPPD), no âmbito do Instituto Federal de Educação, Ciência e Tecnologia do Piauí (IFPI)..pdf""]",1.0,1.0,1.0,1.0,1.0,1.0,1.0,1.0,1.0,1.0,1.0,1.0,1.0,10,10,4,4.2601
1,43,tfidf,"RESOLUÇÃO NORMATIVA Nº 217-2024-Atualiza o Regimento Interno da Comissão Permanente de Pessoal Docente (CPPD), no âmbito do Instituto Federal de Educação, Ciência e Tecnologia do Piauí (IFPI)..pdf",Qual é o mandato dos integrantes da CPPD do IFPI?,"O mandato dos integrantes da CPPD é de 4 anos, com possibilidade de uma única recondução por igual período.",O mandato dos integrantes da CPPD do IFPI não é especificado no contexto fornecido.,"[Trecho 1 | Fonte: RESOLUÇÃO Nº 75-2024-Atualiza o Regimento Interno da Comissão Permanente de Pessoal Docente (CPPD), no âmbito do Instituto Federal de Educação, Ciência e Tecnologia do Piauí (IFPI) -REVOGADA PELA RESOLUÇÃO Nº 77_2024..pdf]
jusBﬁcado, a mais de 3 (três) reuniões ordinárias consecuBvas ou 06 (seis) reuniões ordinárias alternadas, no período de 1 (um) ano; IV - afastar-se das atividades funcionais docentes por mais de 06 (seis) meses consecutivos; V - integrar Comissão Permanente, desde que não haja compaBbilidade na carga horária, no âmbito do IFPI; ou VI - receber sanção ética ou administrativa que comprometa sua atuação nesta comissão. Art. 17. O docente que incorrer em qualquer dos itens deste arBgo será comunicado pelo Presidente da CPPD e terá prazo de 03 (três) dias para apresentar defesa. § 1º A perda de mandato será deliberada pela CPPD em reunião extraordinária, com quórum de, no mínimo, 50% (cinquenta por cento) dos membros e deliberação por maioria simples. § 2º A perda de mandato será seguida de publicação de Portaria com a nova composição com a designação do suplente para assumir como Titular. § 3º A perda de mandato implicará impedimento à candidatura à CPPD da eleição imediatamente seguinte à desvinculação da Comissão. CAPÍTULO VI DA ORGANIZAÇÃO ADMINISTRATIVA Seção I Seção I Da Comissão Permanente de Pessoal Docente Da Comissão Permanente de Pessoal Docente Art. 18. A Comissão terá presidente escolhido por seus pares, na primeira reunião ordinária, após designação dos membros. Parágrafo único. No caso de vacância da Presidência, assumirá o seu suplente. Art. 19. Compete ao presidente da CPPD: I - representar a CPPD no âmbito do IFPI ou em eventos externos; II - dirigir os

[Trecho 2 | Fonte: RESOLUÇÃO NORMATIVA Nº 217-2024-Atualiza o Regimento Interno da Comissão Permanente de Pessoal Docente (CPPD), no âmbito do Instituto Federal de Educação, Ciência e Tecnologia do Piauí (IFPI)..pdf]
reuniões ordinárias consecuDvas ou 06 (seis) reuniões ordinárias alternadas, no período de 1 (um) ano; IV - afastar-se das atividades funcionais docentes por mais de 06 (seis) meses consecutivos; V - integrar Comissão Permanente, desde que não haja compaDbilidade na carga horária, no âmbito do IFPI; ou VI - receber sanção ética ou administrativa que comprometa sua atuação nesta comissão. Art. 17. O docente que incorrer em qualquer dos itens deste arDgo será comunicado pelo Presidente da CPPD e terá prazo de 03 (três) dias para apresentar defesa. § 1º A perda de mandato será deliberada pela CPPD em reunião extraordinária, com quórum de, no mínimo, 50% (cinquenta por cento) dos membros e deliberação por maioria simples. § 2º A perda de mandato será seguida de publicação de Portaria com a nova composição com a designação do suplente para assumir como Titular. § 3º A perda de mandato implicará impedimento à candidatura à CPPD da eleição imediatamente seguinte à desvinculação da Comissão. CAPÍTULO VI DA ORGANIZAÇÃO ADMINISTRATIVA Seção I Seção I Da Comissão Permanente de Pessoal Docente Da Comissão Permanente de Pessoal Docente Art. 18. A Comissão terá presidente escolhido por seus pares, na primeira reunião ordinária, após designação dos membros. Parágrafo único. No caso de vacância da Presidência, assumirá o seu suplente. Art. 19. Compete ao presidente da CPPD: I - representar a CPPD no âmbito do IFPI ou em eventos externos; II - dirigir os trabalhos da Comissão, observando e

[Trecho 3 | Fonte: RESOLUÇÃO NORMATIVA Nº 217-2024-Atualiza o Regimento Interno da Comissão Permanente de Pessoal Docente (CPPD), no âmbito do Instituto Federal de Educação, Ciência e Tecnologia do Piauí (IFPI)..pdf]
de trabalho docente; d) avaliação do desempenho para fins de progressão e promoção funcional; e) solicitação de afastamento de docentes para aperfeiçoamento, especialização, mestrado, doutorado ou pós-doutorado; f) liberação de professores para programas de cooperação técnica e colaboração esporádica docente com outras instituições, universitárias ou não, conforme regulamento interno do IFPI; i) distribuição de carga horária docente; j) reconhecimento de saberes e competências - RSC; e k) demais matérias/assuntos concernentes aos docentes. IV - deﬂagrar, aprovar as normas e coordenar o processo eleitoral junto à comunidade para escolha dos membros da CPPD; V - desenvolver ações de interlocução e integração entre os campi no que se refere às políticas para os servidores docentes; VI - apreciar e emiDr parecer em questões que sejam, originariamente, da competência da CPPD; VII - deliberar sobre a perda de mandato dos membros da Comissão nos casos previstos neste Regimento; VIII - encaminhar à Diretoria de Comunicação as atualizações para o site oﬁcial do IFPI - área da CPPD; IX - alterar, quando necessário, em votação por maioria qualiﬁcada de, no mínimo, 2/3 dos membros, as atribuições e/ou competências da CPPD; e X - encaminhar providências no processo de reformulação do presente Regimento, quando necessário, submetendo as alterações ao Conselho Superior para aprovação. CAPÍTULO V DO PROVIMENTO DA COMISSÃO Seção I Seção I Do processo eleitoral e do mandato Do processo

[Trecho 4 | Fonte: RESOLUÇÃO NORMATIVA Nº 217-2024-Atualiza o Regimento Interno da Comissão Permanente de Pessoal Docente (CPPD), no âmbito do Instituto Federal de Educação, Ciência e Tecnologia do Piauí (IFPI)..pdf]
semanais para se manterem atualizados sobre o andamento das atividades desenvolvidas pela comissão. CAPÍTULO VIII DAS DISPOSIÇÕES GERAIS E TRANSITÓRIAS Art. 32. O primeiro processo eleitoral será deﬂagrado pela Comissão, por meio de edital, em prazo de até 45 (quarenta e cinco) dias, após a expedição da portaria no DOU de nomeação do Reitor. Art. 33. Com a insDtuição da CPPD, ﬁca vedado o funcionamento de comissões ou órgãos, no âmbito do IFPI, com finalidades similares. Art. 34. A CPPD terá à sua disposição, na Reitoria e nos campi, apoio técnico-administraDvo e material necessário à execução de suas atividades. Art. 35. No exercício de suas atribuições, a CPPD, para melhor ajuizar suas decisões, poderá solicitar documentos, determinar diligências, ouvir interessados e pedir informações de quaisquer setores do IFPI. Art. 36. A CPPD poderá requerer à Reitoria e/ou Diretores-Gerais dos campi assessoramento específico, quando necessário, dentro do âmbito do IFPI. Art. 37. A CPPD deverá ter livre acesso a documentos que se relacionem com assuntos de sua competência. Art. 38. Nas discussões e decisões da insDtuição sobre matéria referente à políDca de pessoal docente, a CPPD deverá, a critério da autoridade competente, ser ouvida. Art. 39. Os casos omissos e dúvidas suscitadas na aplicação deste regimento serão resolvidos pela CPPD juntamente com o Reitor do IFPI e, se necessário, os temas poderão ser submetidos à apreciação do Conselho Superior.","[""RESOLUÇÃO Nº 75-2024-Atualiza o Regimento Interno da Comissão Permanente de Pessoal Docente (CPPD), no âmbito do Instituto Federal de Educação, Ciência e Tecnologia do Piauí (IFPI) -REVOGADA PELA RESOLUÇÃO Nº 77_2024..pdf"", ""RESOLUÇÃO NORMATIVA Nº 217-2024-Atualiza o Regimento Interno da Comissão Permanente de Pessoal Docente (CPPD), no âmbito do Instituto Federal de Educação, Ciência e Tecnologia do Piauí (IFPI)..pdf"", ""RESOLUÇÃO NORMATIVA Nº 217-2024-Atualiza o Regimento Interno da Comissão Permanente de Pessoal Docente (CPPD), no âmbito do Instituto Federal de Educação, Ciência e Tecnologia do Piauí (IFPI)..pdf"", ""RESOLUÇÃO NORMATIVA Nº 217-2024-Atualiza o Regimento Interno da Comissão Permanente de Pessoal Docente (CPPD), no âmbito do Instituto Federal de Educação, Ciência e Tecnologia do Piauí (IFPI)..pdf""]","[""RESOLUÇÃO Nº 75-2024-Atualiza o Regimento Interno da Comissão Permanente de Pessoal Docente (CPPD), no âmbito do Instituto Federal de Educação, Ciência e Tecnologia do Piauí (IFPI) -REVOGADA PELA RESOLUÇÃO Nº 77_2024..pdf"", ""RESOLUÇÃO NORMATIVA Nº 217-2024-Atualiza o Regimento Interno da Comissão Permanente de Pessoal Docente (CPPD), no âmbito do Instituto Federal de Educação, Ciência e Tecnologia do Piauí (IFPI)..pdf"", ""RESOLUÇÃO NORMATIVA Nº 217-2024-Atualiza o Regimento Interno da Comissão Permanente de Pessoal Docente (CPPD), no âmbito do Instituto Federal de Educação, Ciência e Tecnologia do Piauí (IFPI)..pdf"", ""RESOLUÇÃO NORMATIVA Nº 217-2024-Atualiza o Regimento Interno da Comissão Permanente de Pessoal Docente (CPPD), no âmbito do Instituto Federal de Educação, Ciência e Tecnologia do Piauí (IFPI)..pdf"", ""RESOLUÇÃO Nº 75-2024-Atualiza o Regimento Interno da Comissão Permanente de Pessoal Docente (CPPD), no âmbito do Instituto Federal de Educação, Ciência e Tecnologia do Piauí (IFPI) -REVOGADA PELA RESOLUÇÃO Nº 77_2024..pdf"", ""RESOLUÇÃO Nº 75-2024-Atualiza o Regimento Interno da Comissão Permanente de Pessoal Docente (CPPD), no âmbito do Instituto Federal de Educação, Ciência e Tecnologia do Piauí (IFPI) -REVOGADA PELA RESOLUÇÃO Nº 77_2024..pdf"", ""RESOLUÇÃO NORMATIVA Nº 217-2024-Atualiza o Regimento Interno da Comissão Permanente de Pessoal Docente (CPPD), no âmbito do Instituto Federal de Educação, Ciência e Tecnologia do Piauí (IFPI)..pdf"", ""RESOLUÇÃO Nº 75-2024-Atualiza o Regimento Interno da Comissão Permanente de Pessoal Docente (CPPD), no âmbito do Instituto Federal de Educação, Ciência e Tecnologia do Piauí (IFPI) -REVOGADA PELA RESOLUÇÃO Nº 77_2024..pdf"", ""RESOLUÇÃO NORMATIVA Nº 217-2024-Atualiza o Regimento Interno da Comissão Permanente de Pessoal Docente (CPPD), no âmbito do Instituto Federal de Educação, Ciência e Tecnologia do Piauí (IFPI)..pdf"", ""RESOLUÇÃO Nº 75-2024-Atualiza o Regimento Interno da Comissão Permanente de Pessoal Docente (CPPD), no âmbito do Instituto Federal de Educação, Ciência e Tecnologia do Piauí (IFPI) -REVOGADA PELA RESOLUÇÃO Nº 77_2024..pdf""]","[""RESOLUÇÃO Nº 75-2024-Atualiza o Regimento Interno da Comissão Permanente de Pessoal Docente (CPPD), no âmbito do Instituto Federal de Educação, Ciência e Tecnologia do Piauí (IFPI) -REVOGADA PELA RESOLUÇÃO Nº 77_2024..pdf"", ""RESOLUÇÃO NORMATIVA Nº 217-2024-Atualiza o Regimento Interno da Comissão Permanente de Pessoal Docente (CPPD), no âmbito do Instituto Federal de Educação, Ciência e Tecnologia do Piauí (IFPI)..pdf"", ""RESOLUÇÃO NORMATIVA Nº 217-2024-Atualiza o Regimento Interno da Comissão Permanente de Pessoal Docente (CPPD), no âmbito do Instituto Federal de Educação, Ciência e Tecnologia do Piauí (IFPI)..pdf"", ""RESOLUÇÃO NORMATIVA Nº 217-2024-Atualiza o Regimento Interno da Comissão Permanente de Pessoal Docente (CPPD), no âmbito do Instituto Federal de Educação, Ciência e Tecnologia do Piauí (IFPI)..pdf"", ""RESOLUÇÃO Nº 75-2024-Atualiza o Regimento Interno da Comissão Permanente de Pessoal Docente (CPPD), no âmbito do Instituto Federal de Educação, Ciência e Tecnologia do Piauí (IFPI) -REVOGADA PELA RESOLUÇÃO Nº 77_2024..pdf"", ""RESOLUÇÃO Nº 75-2024-Atualiza o Regimento Interno da Comissão Permanente de Pessoal Docente (CPPD), no âmbito do Instituto Federal de Educação, Ciência e Tecnologia do Piauí (IFPI) -REVOGADA PELA RESOLUÇÃO Nº 77_2024..pdf"", ""RESOLUÇÃO NORMATIVA Nº 217-2024-Atualiza o Regimento Interno da Comissão Permanente de Pessoal Docente (CPPD), no âmbito do Instituto Federal de Educação, Ciência e Tecnologia do Piauí (IFPI)..pdf"", ""RESOLUÇÃO Nº 75-2024-Atualiza o Regimento Interno da Comissão Permanente de Pessoal Docente (CPPD), no âmbito do Instituto Federal de Educação, Ciência e Tecnologia do Piauí (IFPI) -REVOGADA PELA RESOLUÇÃO Nº 77_2024..pdf"", ""RESOLUÇÃO NORMATIVA Nº 217-2024-Atualiza o Regimento Interno da Comissão Permanente de Pessoal Docente (CPPD), no âmbito do Instituto Federal de Educação, Ciência e Tecnologia do Piauí (IFPI)..pdf"", ""RESOLUÇÃO Nº 75-2024-Atualiza o Regimento Interno da Comissão Permanente de Pessoal Docente (CPPD), no âmbito do Instituto Federal de Educação, Ciência e Tecnologia do Piauí (IFPI) -REVOGADA PELA RESOLUÇÃO Nº 77_2024..pdf""]",2.0,2.0,0.5,0.5,0.0,1.0,1.0,1.0,0.0,1.0,1.0,1.0,1.0,10,10,4,3.1787
1,43,tfidf,"RESOLUÇÃO Nº 27-2024-Aprova  a criação do curso de Qualificação Profissional, de Formação Inicial e Continuada (FIC) em Aquicultor, no âmbito do IFPI e Anexo.pdf",Quantas vagas são ofertadas no curso FIC em Aquicultor?,O curso FIC em Aquicultor oferta 40 vagas.,O curso de Qualificação Profissional - Formação Inicial e Continuada (FIC) em Aquicultor oferece 40 vagas.,"[Trecho 1 | Fonte: RESOLUÇÃO Nº 27-2024-Aprova  a criação do curso de Qualificação Profissional, de Formação Inicial e Continuada (FIC) em Aquicultor, no âmbito do IFPI e Anexo.pdf]
institucional do programa 1. DADOS GERAIS DO CURSO Nome do Curso: Curso de Qualificação Profissional - Formação Inicial e Continuada (FIC) em Aquicultor Eixo Tecnológico: Recursos Naturais Característica do Curso: Formação Inicial e Continuada - FIC Número de vagas: 40 Forma de Oferta: Presencial Tempo de duração do curso: 3 meses Turno de oferta: Tarde Horário de oferta do curso: 14h às 18h Carga horária Total: 160 horas Resolução de convalidação ou de criação: Lei 12.513/2011 Portaria 1.042/2021, manual de Gestão da Bolsa Formação Requisitos de acesso ao Curso: Ensino Fundamental I ( 1° ao 5º ) incompleto. PROJETO PEDAGÓGICO DO CURSO DE QUALIFICAÇÃO PROFISSIONAL - FORMAÇÃO INICIAL E CONTINUADA ( FIC) EM AQUICULTOR CAMPUS AvançadoJosédeFreitas 1.CURSO: AQUICULTOR 2.EIXO: RECURSOS NATURAIS 3.CONTEXTUALIZAÇÃO da localidade onde ocorrerá o curso O município no qual será executado o Curso de Qualificação Profissional - Formação Inicial e Continuada (FIC) em Aquicultor compreende, segundo estimativas do IBGE (2022), uma população de 42.559 habitantes e a densidade demográfica de 27,67 habitantes por quilômetro quadrado, onde quase metade das pessoas residem na zona rural do município. O município possui um PIB per capita de R$ 9.902,38 ocupando apenas a posição 131 dentro do estado do Piauí, onde a agricultura familiar constitui uma das principais fontes de renda da população. A zona de influência deste município inclui diversos outros municípios circunvizinhos como Teresina,

[Trecho 2 | Fonte: RESOLUÇÃO Nº 27-2024-Aprova  a criação do curso de Qualificação Profissional, de Formação Inicial e Continuada (FIC) em Aquicultor, no âmbito do IFPI e Anexo.pdf]
da Pesca e Aquicultura. Boletim Da Aquicultura Em Águas Da União – 2022: Relatório Anual de Produção. 1ª edição, 2023. Resolução CNE/CEB no. 1, de 5 de julho de 2000. Institui as Diretrizes Curriculares Nacionais para a Educação de Jovens e Adultos. Diário Oficial da República Federativa do Brasil. Brasília, DF. CURSO DE QUALIFICAÇÃO PROFISSIONAL - FORMAÇÃO INICIAL E CONTINUADA (FIC) - EM AQUICULTOR CURSO DE QUALIFICAÇÃO PROFISSIONAL - FORMAÇÃO INICIAL E CONTINUADA (FIC) - EM AQUICULTOR Assinado por: Lucidio Braga Tipo do Documento: Projeto Assunto: Situação: Finalizado Nível de Acesso: Público Tipo do Conferência: Documento Original Documento assinado eletronicamente por: Lucidio Braga da Silva, TECNICO EM ASSUNTOS EDUCACIONAIS, em 26/02/2024 15:33:40. Este documento foi armazenado no SUAP em 26/02/2024. Para comprovar sua integridade, faça a leitura do QRCode ao lado ou acesse https://suap.ifpi.edu.br/verificar-documento-externo/ e forneça os dados abaixo: Código Verificador: 466199 Código de Autenticação: 52047cce8d Projeto Aquicultor (FIC) Assunto: Projeto Aquicultor (FIC) Assinado por: Nalva Sousa Tipo do Documento: Projeto Situação: Finalizado Nível de Acesso: Público Tipo do Conferência: Documento Original Documento assinado eletronicamente por: Nalva Maria Rodrigues de Sousa, DIRETOR(A) - CD4 - DIETEC-IFPI, em 10/04/2024 17:23:11. Este documento foi armazenado no SUAP em 10/04/2024. Para comprovar sua integridade, faça a leitura do QRCode ao lado ou acesse

[Trecho 3 | Fonte: RESOLUÇÃO Nº 27-2024-Aprova  a criação do curso de Qualificação Profissional, de Formação Inicial e Continuada (FIC) em Aquicultor, no âmbito do IFPI e Anexo.pdf]
do Curso de Qualificação Profissional - Formação Inicial e Continuada (FIC) em Aquicultor, o qual irá formar profissionais que estão sendo requisitados pelo mercado de trabalho local e regional. O curso visa ainda melhorar as condições de acesso ao mercado de trabalho em rápida transformação, melhorando a qualificaçãodos trabalhadores. 3.2 OBJETIVOS DO CURSO Objetivo Geral O Curso de Qualificação Profissional - Formação Inicial e Continuada (FIC) em Aquicultor tem por objetivo formar profissionais, promovendo a construção de competências que contemplem habilidades, conhecimentos e comportamentos que atendam à demanda de mercado do setor. Princípios básicos como cultivo de peixes em tanques escavados, cultivo de peixes em tanques rede, cooperativismo e administração, noções de processamento de pescado e espécies cultivadas serão abordados durante as aulas, no intuito de promover no aluno a iniciativa para entrar na atividade, bem como, proporcionar nos que já atuam no setor o desenvolvimento de competências que promovam e estimulem o aumento da produção de pescado na região. Objetivos Específicos  Capacitar o profissional para realizar o cultivo de organismos aquáticos em viveiros escavados;  Introduzir conceitos sobre os procedimentos iniciais de processamento e boas práticas durante os procedimentos de abate do pescado;  Fornecer subsídios básicos, conceitos e metodologia para o gerenciamento e administração da atividade;  Despertar o profissional para organizar as

[Trecho 4 | Fonte: RESOLUÇÃO NORMATIVA Nº 208-2024-Aprova a revisão do Plano de Desenvolvimento Institucional (PDI), 2020-2024, do IFPI e Anexo.pdf]
de doutorado ou de mestrado, por programa de pós-graduação reconhecido pelo MEC e já consolidados, sob diferentes condições daquelas previstas na proposta avaliada pela CAPES e que fundamentou o parecer de reconhecimento do curso pelo CNE. Desta forma, parte das atividades do curso é ministrada no campus do IFPI por professores das universidades parceiras e, em uma segunda etapa, o grupo de alunos segue para um período de aulas na sede das mesmas. De acordo com a PROPI, de 2015 a 2019, foram ofertadas 99 vagas para MINTER e 45 vagas para DINTER, conforme Quadro 35. Quadro 35 – Vagas ofertadas para MINTER e DINTER (2015-2019) CURSO/INSTITUIÇÃO PROMOTORA VAGAS OFERTADAS 2015-2019 MINTER DINTER FÍSICA/UFAL-AL - 06 EDUCAÇÃO/UNINOVE-SP 15 - CIÊNCIA POLÍTICA/UFPI 15 - PROPRIEDADE INTELECTUAL/UFS 10 - G.EAD/UFRPE 26 - GESTÃO PÚBLICA/UFPI 20 - EDUCAÇÃO/UFPI 13 09 HISTÓRIA/UFRGS - 15 CIÊNCIA E ENGENHARIA DE MATERIAIS/UFPI - 15 TOTAL 99 45 Fonte: PROPI, dez. 2019. Na projeção para 2020-2024, serão 65 vagas para o MINTER e 150 para o DINTER, conforme Quadro 36. Quadro 36 – Vagas ofertadas para MINTER e DINTER (2020-2024) CURSO/INSTITUIÇÃO PROMOTORA VAGAS OFERTADAS 2020-2024 MINTER DINTER MATEMÁTICA - 50 ADMINISTRAÇÃO E NEGÓCIOS 15 20 EDUCAÇÃO 50 50 MULTIDISCIPLINAR 30 Total 65 150 Fonte: PROPI, dez. 2019. 8.1.3 Regime de trabalho O Professor do Instituto Federal do Piauí, ocupante de cargo efetivo, será submetido a um dos seguintes regimes de trabalho: a) 40 (quarenta) horas semanais","[""RESOLUÇÃO Nº 27-2024-Aprova  a criação do curso de Qualificação Profissional, de Formação Inicial e Continuada (FIC) em Aquicultor, no âmbito do IFPI e Anexo.pdf"", ""RESOLUÇÃO Nº 27-2024-Aprova  a criação do curso de Qualificação Profissional, de Formação Inicial e Continuada (FIC) em Aquicultor, no âmbito do IFPI e Anexo.pdf"", ""RESOLUÇÃO Nº 27-2024-Aprova  a criação do curso de Qualificação Profissional, de Formação Inicial e Continuada (FIC) em Aquicultor, no âmbito do IFPI e Anexo.pdf"", ""RESOLUÇÃO NORMATIVA Nº 208-2024-Aprova a revisão do Plano de Desenvolvimento Institucional (PDI), 2020-2024, do IFPI e Anexo.pdf""]","[""RESOLUÇÃO Nº 27-2024-Aprova  a criação do curso de Qualificação Profissional, de Formação Inicial e Continuada (FIC) em Aquicultor, no âmbito do IFPI e Anexo.pdf"", ""RESOLUÇÃO Nº 27-2024-Aprova  a criação do curso de Qualificação Profissional, de Formação Inicial e Continuada (FIC) em Aquicultor, no âmbito do IFPI e Anexo.pdf"", ""RESOLUÇÃO Nº 27-2024-Aprova  a criação do curso de Qualificação Profissional, de Formação Inicial e Continuada (FIC) em Aquicultor, no âmbito do IFPI e Anexo.pdf"", ""RESOLUÇÃO NORMATIVA Nº 208-2024-Aprova a revisão do Plano de Desenvolvimento Institucional (PDI), 2020-2024, do IFPI e Anexo.pdf"", ""RESOLUÇÃO NORMATIVA Nº 208-2024-Aprova a revisão do Plano de Desenvolvimento Institucional (PDI), 2020-2024, do IFPI e Anexo.pdf"", ""RESOLUÇÃO NORMATIVA Nº 241-2025-Aprova a Prestação de Contas Ordinária Anual, através do Relatório de Gestão, exercício 2024, do IFPI e Anexo.pdf"", ""RESOLUÇÃO Nº 27-2024-Aprova  a criação do curso de Qualificação Profissional, de Formação Inicial e Continuada (FIC) em Aquicultor, no âmbito do IFPI e Anexo.pdf"", ""RESOLUÇÃO NORMATIVA Nº 195-2024-Atualiza a Política de Cotas e  os procedimentos do Processo de  Heteroidentificação para ingresso nos cursos técnicos e de graduação, no âmbito do IFPI.pdf"", ""RESOLUÇÃO NORMATIVA Nº 195-2024-Atualiza a Política de Cotas e  os procedimentos do Processo de  Heteroidentificação para ingresso nos cursos técnicos e de graduação, no âmbito do IFPI.pdf"", ""CURSO_SUPERIOR_DE_TECNOLOGIA_EM_ANÁLISE_E_DESENVOLVIMENTO_DE_SISTEMAS.pdf""]","[""RESOLUÇÃO Nº 27-2024-Aprova  a criação do curso de Qualificação Profissional, de Formação Inicial e Continuada (FIC) em Aquicultor, no âmbito do IFPI e Anexo.pdf"", ""RESOLUÇÃO Nº 27-2024-Aprova  a criação do curso de Qualificação Profissional, de Formação Inicial e Continuada (FIC) em Aquicultor, no âmbito do IFPI e Anexo.pdf"", ""RESOLUÇÃO Nº 27-2024-Aprova  a criação do curso de Qualificação Profissional, de Formação Inicial e Continuada (FIC) em Aquicultor, no âmbito do IFPI e Anexo.pdf"", ""RESOLUÇÃO NORMATIVA Nº 208-2024-Aprova a revisão do Plano de Desenvolvimento Institucional (PDI), 2020-2024, do IFPI e Anexo.pdf"", ""RESOLUÇÃO NORMATIVA Nº 208-2024-Aprova a revisão do Plano de Desenvolvimento Institucional (PDI), 2020-2024, do IFPI e Anexo.pdf"", ""RESOLUÇÃO NORMATIVA Nº 241-2025-Aprova a Prestação de Contas Ordinária Anual, através do Relatório de Gestão, exercício 2024, do IFPI e Anexo.pdf"", ""RESOLUÇÃO Nº 27-2024-Aprova  a criação do curso de Qualificação Profissional, de Formação Inicial e Continuada (FIC) em Aquicultor, no âmbito do IFPI e Anexo.pdf"", ""RESOLUÇÃO NORMATIVA Nº 195-2024-Atualiza a Política de Cotas e  os procedimentos do Processo de  Heteroidentificação para ingresso nos cursos técnicos e de graduação, no âmbito do IFPI.pdf"", ""RESOLUÇÃO NORMATIVA Nº 195-2024-Atualiza a Política de Cotas e  os procedimentos do Processo de  Heteroidentificação para ingresso nos cursos técnicos e de graduação, no âmbito do IFPI.pdf"", ""CURSO_SUPERIOR_DE_TECNOLOGIA_EM_ANÁLISE_E_DESENVOLVIMENTO_DE_SISTEMAS.pdf""]",1.0,1.0,1.0,1.0,1.0,1.0,1.0,1.0,1.0,1.0,1.0,1.0,1.0,10,10,4,3.8562
1,43,tfidf,"RESOLUÇÃO Nº 27-2024-Aprova  a criação do curso de Qualificação Profissional, de Formação Inicial e Continuada (FIC) em Aquicultor, no âmbito do IFPI e Anexo.pdf",Qual é a forma de acesso ao curso FIC em Aquicultor?,A forma de acesso ao curso FIC em Aquicultor é por meio de sorteio.,"Para acessar o curso FIC em Aquicultor, o requisito de acesso é ter o Ensino Fundamental I (1º ao 5º) incompleto.","[Trecho 1 | Fonte: RESOLUÇÃO Nº 27-2024-Aprova  a criação do curso de Qualificação Profissional, de Formação Inicial e Continuada (FIC) em Aquicultor, no âmbito do IFPI e Anexo.pdf]
institucional do programa 1. DADOS GERAIS DO CURSO Nome do Curso: Curso de Qualificação Profissional - Formação Inicial e Continuada (FIC) em Aquicultor Eixo Tecnológico: Recursos Naturais Característica do Curso: Formação Inicial e Continuada - FIC Número de vagas: 40 Forma de Oferta: Presencial Tempo de duração do curso: 3 meses Turno de oferta: Tarde Horário de oferta do curso: 14h às 18h Carga horária Total: 160 horas Resolução de convalidação ou de criação: Lei 12.513/2011 Portaria 1.042/2021, manual de Gestão da Bolsa Formação Requisitos de acesso ao Curso: Ensino Fundamental I ( 1° ao 5º ) incompleto. PROJETO PEDAGÓGICO DO CURSO DE QUALIFICAÇÃO PROFISSIONAL - FORMAÇÃO INICIAL E CONTINUADA ( FIC) EM AQUICULTOR CAMPUS AvançadoJosédeFreitas 1.CURSO: AQUICULTOR 2.EIXO: RECURSOS NATURAIS 3.CONTEXTUALIZAÇÃO da localidade onde ocorrerá o curso O município no qual será executado o Curso de Qualificação Profissional - Formação Inicial e Continuada (FIC) em Aquicultor compreende, segundo estimativas do IBGE (2022), uma população de 42.559 habitantes e a densidade demográfica de 27,67 habitantes por quilômetro quadrado, onde quase metade das pessoas residem na zona rural do município. O município possui um PIB per capita de R$ 9.902,38 ocupando apenas a posição 131 dentro do estado do Piauí, onde a agricultura familiar constitui uma das principais fontes de renda da população. A zona de influência deste município inclui diversos outros municípios circunvizinhos como Teresina,

[Trecho 2 | Fonte: RESOLUÇÃO Nº 27-2024-Aprova  a criação do curso de Qualificação Profissional, de Formação Inicial e Continuada (FIC) em Aquicultor, no âmbito do IFPI e Anexo.pdf]
da Pesca e Aquicultura. Boletim Da Aquicultura Em Águas Da União – 2022: Relatório Anual de Produção. 1ª edição, 2023. Resolução CNE/CEB no. 1, de 5 de julho de 2000. Institui as Diretrizes Curriculares Nacionais para a Educação de Jovens e Adultos. Diário Oficial da República Federativa do Brasil. Brasília, DF. CURSO DE QUALIFICAÇÃO PROFISSIONAL - FORMAÇÃO INICIAL E CONTINUADA (FIC) - EM AQUICULTOR CURSO DE QUALIFICAÇÃO PROFISSIONAL - FORMAÇÃO INICIAL E CONTINUADA (FIC) - EM AQUICULTOR Assinado por: Lucidio Braga Tipo do Documento: Projeto Assunto: Situação: Finalizado Nível de Acesso: Público Tipo do Conferência: Documento Original Documento assinado eletronicamente por: Lucidio Braga da Silva, TECNICO EM ASSUNTOS EDUCACIONAIS, em 26/02/2024 15:33:40. Este documento foi armazenado no SUAP em 26/02/2024. Para comprovar sua integridade, faça a leitura do QRCode ao lado ou acesse https://suap.ifpi.edu.br/verificar-documento-externo/ e forneça os dados abaixo: Código Verificador: 466199 Código de Autenticação: 52047cce8d Projeto Aquicultor (FIC) Assunto: Projeto Aquicultor (FIC) Assinado por: Nalva Sousa Tipo do Documento: Projeto Situação: Finalizado Nível de Acesso: Público Tipo do Conferência: Documento Original Documento assinado eletronicamente por: Nalva Maria Rodrigues de Sousa, DIRETOR(A) - CD4 - DIETEC-IFPI, em 10/04/2024 17:23:11. Este documento foi armazenado no SUAP em 10/04/2024. Para comprovar sua integridade, faça a leitura do QRCode ao lado ou acesse

[Trecho 3 | Fonte: RESOLUÇÃO Nº 27-2024-Aprova  a criação do curso de Qualificação Profissional, de Formação Inicial e Continuada (FIC) em Aquicultor, no âmbito do IFPI e Anexo.pdf]
do Curso de Qualificação Profissional - Formação Inicial e Continuada (FIC) em Aquicultor, o qual irá formar profissionais que estão sendo requisitados pelo mercado de trabalho local e regional. O curso visa ainda melhorar as condições de acesso ao mercado de trabalho em rápida transformação, melhorando a qualificaçãodos trabalhadores. 3.2 OBJETIVOS DO CURSO Objetivo Geral O Curso de Qualificação Profissional - Formação Inicial e Continuada (FIC) em Aquicultor tem por objetivo formar profissionais, promovendo a construção de competências que contemplem habilidades, conhecimentos e comportamentos que atendam à demanda de mercado do setor. Princípios básicos como cultivo de peixes em tanques escavados, cultivo de peixes em tanques rede, cooperativismo e administração, noções de processamento de pescado e espécies cultivadas serão abordados durante as aulas, no intuito de promover no aluno a iniciativa para entrar na atividade, bem como, proporcionar nos que já atuam no setor o desenvolvimento de competências que promovam e estimulem o aumento da produção de pescado na região. Objetivos Específicos  Capacitar o profissional para realizar o cultivo de organismos aquáticos em viveiros escavados;  Introduzir conceitos sobre os procedimentos iniciais de processamento e boas práticas durante os procedimentos de abate do pescado;  Fornecer subsídios básicos, conceitos e metodologia para o gerenciamento e administração da atividade;  Despertar o profissional para organizar as

[Trecho 4 | Fonte: RESOLUÇÃO Nº 27-2024-Aprova  a criação do curso de Qualificação Profissional, de Formação Inicial e Continuada (FIC) em Aquicultor, no âmbito do IFPI e Anexo.pdf]
MINISTÉRIO DA EDUCAÇÃO SECRETARIA DE EDUCAÇÃO PROFISSIONAL E TECNOLÓGICA INSTITUTO FEDERAL DE EDUCAÇÃO, CIÊNCIA E TECNOLOGIA DOPIAUÍ PROJETO PEDAGÓGICO DO CURSO DE QUALIFICAÇÃO PROFISSIONAL - FORMAÇÃO INICIAL E CONTINUADA ( FIC ) EM AQUICULTOR Fevereiro 2024 Paulo Borges da Cunha | Reitor Larissa Santiago de Amorim Castro | Pró-Reitora de Administração Divamélia de Oliveira Bezerra | Pró-Reitora de Extensão Odimógenes Soares Lopes | Pró-Reitor de Ensino Nalva Maria Rodrigues de Sousa | Diretora de Ensino Técnico Samara Cristina Silva Pereira | Diretora de Extensão Tecnológica e Comunitária COMISSÃO MULTI-CAMPI DE ELABORAÇÃO DO PPC José Marconi Silva | Campus Teresina Central SandraPorteladoNascimento| CampusTeresinaCentral WanessaCampusMascarenhas| CampusTeresinaCentral FelipeCardosodeBrito| CampusAvançadoJosédeFreitas PROCESSO NÚMERO: 23000.021299/2023-36 COORDENAÇÃO: Coordenador Adjunto: Felipe Cardoso de Brito E-mail: felipe.cardoso@ifpi.edu.br Telefone: (86) 99913 4999 LOCAL DE REALIZAÇÃO/CAMPUS: Instituto Federal de Educação, Ciência e Tecnologia do Piauí - IFPI – CAMPUS AVANÇADO JOSÉ DE FREITAS Rua Herculano da Rocha, s/n, Bairro Bezerro, CEP 64.110-000, José de Freitas/PI, Brasil TEL: (86) 99407 8731 Esfera Administrativa : Federal HOME-PAGE: https://www.ifpi.edu.br/josedefreitasE-mail: institucional do programa 1. DADOS GERAIS DO CURSO Nome do Curso: Curso de Qualificação Profissional - Formação Inicial e Continuada (FIC) em Aquicultor Eixo Tecnológico: Recursos","[""RESOLUÇÃO Nº 27-2024-Aprova  a criação do curso de Qualificação Profissional, de Formação Inicial e Continuada (FIC) em Aquicultor, no âmbito do IFPI e Anexo.pdf"", ""RESOLUÇÃO Nº 27-2024-Aprova  a criação do curso de Qualificação Profissional, de Formação Inicial e Continuada (FIC) em Aquicultor, no âmbito do IFPI e Anexo.pdf"", ""RESOLUÇÃO Nº 27-2024-Aprova  a criação do curso de Qualificação Profissional, de Formação Inicial e Continuada (FIC) em Aquicultor, no âmbito do IFPI e Anexo.pdf"", ""RESOLUÇÃO Nº 27-2024-Aprova  a criação do curso de Qualificação Profissional, de Formação Inicial e Continuada (FIC) em Aquicultor, no âmbito do IFPI e Anexo.pdf""]","[""RESOLUÇÃO Nº 27-2024-Aprova  a criação do curso de Qualificação Profissional, de Formação Inicial e Continuada (FIC) em Aquicultor, no âmbito do IFPI e Anexo.pdf"", ""RESOLUÇÃO Nº 27-2024-Aprova  a criação do curso de Qualificação Profissional, de Formação Inicial e Continuada (FIC) em Aquicultor, no âmbito do IFPI e Anexo.pdf"", ""RESOLUÇÃO Nº 27-2024-Aprova  a criação do curso de Qualificação Profissional, de Formação Inicial e Continuada (FIC) em Aquicultor, no âmbito do IFPI e Anexo.pdf"", ""RESOLUÇÃO Nº 27-2024-Aprova  a criação do curso de Qualificação Profissional, de Formação Inicial e Continuada (FIC) em Aquicultor, no âmbito do IFPI e Anexo.pdf"", ""RESOLUÇÃO Nº 31-2024-Aprova  a criação do curso de Qualificação Profissional, de Formação Inicial e Continuada (FIC) em Agente de Desenvolvimento Cooperativista, no âmbito do IFPI e Anexo.pdf"", ""RESOLUÇÃO Nº 56-2024-Aprova a criação do Curso de Qualificação Profissional, de Formação Inicial e Continuada (FIC), em Cadista para Construção Civil, no IFPI e Anexo.pdf"", ""RESOLUÇÃO Nº 87-2025-Aprova a Criação do Curso de Eletricista de Sistemas de Energias Renováveis - FIC - Projeto QualiFIC, no âmbito do Instituto Federal de Educação, Ciência e Tecnologia do Piauí (IFPI) e Anexo.pdf"", ""RESOLUÇÃO Nº 86-2025-Aprova a Criação do Curso de Atendimento em Libras - FIC - QualiFIC, no IFPI e Anexo.pdf"", ""RESOLUÇÃO Nº 27-2024-Aprova  a criação do curso de Qualificação Profissional, de Formação Inicial e Continuada (FIC) em Aquicultor, no âmbito do IFPI e Anexo.pdf"", ""RESOLUÇÃO Nº 88-2025-Aprova a Criação do Curso de Balconista de Farmácia - FIC - Projeto QualiFIC, no âmbito do IFPI e Anexo..pdf""]","[""RESOLUÇÃO Nº 27-2024-Aprova  a criação do curso de Qualificação Profissional, de Formação Inicial e Continuada (FIC) em Aquicultor, no âmbito do IFPI e Anexo.pdf"", ""RESOLUÇÃO Nº 27-2024-Aprova  a criação do curso de Qualificação Profissional, de Formação Inicial e Continuada (FIC) em Aquicultor, no âmbito do IFPI e Anexo.pdf"", ""RESOLUÇÃO Nº 27-2024-Aprova  a criação do curso de Qualificação Profissional, de Formação Inicial e Continuada (FIC) em Aquicultor, no âmbito do IFPI e Anexo.pdf"", ""RESOLUÇÃO Nº 27-2024-Aprova  a criação do curso de Qualificação Profissional, de Formação Inicial e Continuada (FIC) em Aquicultor, no âmbito do IFPI e Anexo.pdf"", ""RESOLUÇÃO Nº 31-2024-Aprova  a criação do curso de Qualificação Profissional, de Formação Inicial e Continuada (FIC) em Agente de Desenvolvimento Cooperativista, no âmbito do IFPI e Anexo.pdf"", ""RESOLUÇÃO Nº 56-2024-Aprova a criação do Curso de Qualificação Profissional, de Formação Inicial e Continuada (FIC), em Cadista para Construção Civil, no IFPI e Anexo.pdf"", ""RESOLUÇÃO Nº 87-2025-Aprova a Criação do Curso de Eletricista de Sistemas de Energias Renováveis - FIC - Projeto QualiFIC, no âmbito do Instituto Federal de Educação, Ciência e Tecnologia do Piauí (IFPI) e Anexo.pdf"", ""RESOLUÇÃO Nº 86-2025-Aprova a Criação do Curso de Atendimento em Libras - FIC - QualiFIC, no IFPI e Anexo.pdf"", ""RESOLUÇÃO Nº 27-2024-Aprova  a criação do curso de Qualificação Profissional, de Formação Inicial e Continuada (FIC) em Aquicultor, no âmbito do IFPI e Anexo.pdf"", ""RESOLUÇÃO Nº 88-2025-Aprova a Criação do Curso de Balconista de Farmácia - FIC - Projeto QualiFIC, no âmbito do IFPI e Anexo..pdf""]",1.0,1.0,1.0,1.0,1.0,1.0,1.0,1.0,1.0,1.0,1.0,1.0,1.0,10,10,4,4.0282
