rodada,seed,metodo,documento,pergunta,resposta_esperada,resposta_gerada,rouge1,rouge2,rougeL,rougeLsum,bleu,bertscore_precision,bertscore_recall,bertscore_f1,f1_token,exact_match,latencia_segundos,n_fontes
1,43,dense_no_rerank,CURSO_SUPERIOR_DE_TECNOLOGIA_EM_ANÁLISE_E_DESENVOLVIMENTO_DE_SISTEMAS.pdf,Em que ano o Curso Superior de Tecnologia em Análise e Desenvolvimento de Sistemas foi criado no Campus de Picos?,O Curso Superior de Tecnologia em Análise e Desenvolvimento de Sistemas foi criado no Campus de Picos em 2013.,O Curso Superior de Tecnologia em Análise e Desenvolvimento de Sistemas foi criado no Campus de Picos em 2013.,1.0,1.0,1.0,1.0,1.0,0.9999999403953552,0.9999999403953552,0.9999999403953552,1.0,1.0,3.7981,4
1,43,dense_no_rerank,CURSO_SUPERIOR_DE_TECNOLOGIA_EM_ANÁLISE_E_DESENVOLVIMENTO_DE_SISTEMAS.pdf,Qual é a unidade de oferta do Curso Superior de Tecnologia em Análise e Desenvolvimento de Sistemas descrita no PPC?,A unidade de oferta do curso é o Campus Teresina Central.,A unidade da oferta do Curso Superior de Tecnologia em Análise e Desenvolvimento de Sistemas é o Campus Teresina Central.,0.6666666666666666,0.42857142857142855,0.6,0.6,0.28320384389628495,0.8714810013771057,0.9715954065322876,0.9188191294670105,0.7333333333333334,0.0,3.4666,4
1,43,dense_no_rerank,CURSO_SUPERIOR_DE_TECNOLOGIA_EM_ANÁLISE_E_DESENVOLVIMENTO_DE_SISTEMAS.pdf,Qual é a carga horária total do Curso Superior de Tecnologia em Análise e Desenvolvimento de Sistemas?,A carga horária total do curso é de 2100 horas.,A carga horária total do Curso Superior de Tecnologia em Sistemas para Internet é de 2.100 horas.,0.6428571428571429,0.46153846153846156,0.6428571428571429,0.6428571428571429,0.25772294506990867,0.8713124394416809,0.9634993672370911,0.915090024471283,0.6666666666666667,0.0,3.5462,4
1,43,dense_no_rerank,CURSO_SUPERIOR_DE_TECNOLOGIA_EM_ANÁLISE_E_DESENVOLVIMENTO_DE_SISTEMAS.pdf,Quantas vagas por ano são ofertadas no Curso Superior de Tecnologia em Análise e Desenvolvimento de Sistemas?,O curso oferta 40 vagas por ano.,O Curso Superior de Tecnologia em Análise e Desenvolvimento de Sistemas oferece 40 vagas por ano no turno vespertino.,0.4444444444444444,0.32,0.4444444444444444,0.4444444444444444,0.1326475916741222,0.8291540145874023,0.955398440361023,0.8878107666969299,0.48,0.0,3.5638,4
1,43,dense_no_rerank,"RESOLUÇÃO Nº 14-2025-Aprova a Criação do Curso de Aperfeiçoamento Escola da Terra, no âmbito do Instituto Federal de Educação, Ciência e Tecnologia do Piauí (IFPI) e Anexo..pdf",Qual é a carga horária total do curso Escola da Terra?,A carga horária total do curso Escola da Terra é de 180 horas.,A carga horária total do curso Escola da Terra é de 180 horas.,1.0,1.0,1.0,1.0,1.0,1.0,1.0,1.0,1.0,1.0,3.5108,4
1,43,dense_no_rerank,"RESOLUÇÃO Nº 14-2025-Aprova a Criação do Curso de Aperfeiçoamento Escola da Terra, no âmbito do Instituto Federal de Educação, Ciência e Tecnologia do Piauí (IFPI) e Anexo..pdf",Qual é a meta física do curso Escola da Terra em número de vagas?,A meta física do curso Escola da Terra é de 120 vagas.,A meta física do curso Escola da Terra é de 120 vagas para professoras e coordenadoras pedagógicas de turmas multisseriadas.,0.7272727272727273,0.7096774193548387,0.7272727272727273,0.7272727272727273,0.5471114295717522,0.8801493048667908,0.9877628684043884,0.9308561682701111,0.7741935483870968,0.0,4.131,4
1,43,dense_no_rerank,"RESOLUÇÃO Nº 14-2025-Aprova a Criação do Curso de Aperfeiçoamento Escola da Terra, no âmbito do Instituto Federal de Educação, Ciência e Tecnologia do Piauí (IFPI) e Anexo..pdf",Quando está previsto o início do curso Escola da Terra?,O início do curso Escola da Terra está previsto para março de 2025.,O Curso de Especialização Escola da Terra está previsto para iniciar no primeiro semestre de 2025.,0.6875,0.39999999999999997,0.625,0.625,0.36821398145189993,0.9271272420883179,0.9493149518966675,0.9380899667739868,0.7142857142857142,0.0,3.727,4
1,43,dense_no_rerank,"RESOLUÇÃO Nº 14-2025-Aprova a Criação do Curso de Aperfeiçoamento Escola da Terra, no âmbito do Instituto Federal de Educação, Ciência e Tecnologia do Piauí (IFPI) e Anexo..pdf",Quem é o coordenador do curso Escola da Terra?,O coordenador do curso Escola da Terra é Gilson Mendes Araújo.,O coordenador do Curso Escola da Terra é Emanuel Alcântara da Silva.,0.6086956521739131,0.5714285714285713,0.6086956521739131,0.6086956521739131,0.2891784933232572,0.9072921872138977,0.9519469141960144,0.9290832877159119,0.7272727272727273,0.0,3.0922,4
1,43,dense_no_rerank,"RESOLUÇÃO NORMATIVA Nº 236-2025-Prorroga o Plano Diretor de Tecnologia da Informação e Comunicação (PDTIC-2022-2024), do Instituto Federal de Educação, Ciência e Tecnologia do Piauí (IFPI) e Anexo.pdf",Para qual exercício foi prorrogada a vigência do PDTIC-2022/2024 do IFPI?,A vigência do PDTIC-2022/2024 foi prorrogada para o exercício de 2025.,"O Plano Diretor de Tecnologia da Informação e Comunicação (PDTIC-2022/2024) do Instituto Federal de Educação, Ciência e Tecnologia do Piauí (IFPI) foi prorrogado para o exercício de 2025.",0.48000000000000004,0.2916666666666667,0.4,0.4,0.1690653646485627,0.8415287733078003,0.9482990503311157,0.8917292952537537,0.5405405405405406,0.0,5.2692,4
1,43,dense_no_rerank,"RESOLUÇÃO NORMATIVA Nº 236-2025-Prorroga o Plano Diretor de Tecnologia da Informação e Comunicação (PDTIC-2022-2024), do Instituto Federal de Educação, Ciência e Tecnologia do Piauí (IFPI) e Anexo.pdf",Qual resolução foi revogada pela Resolução Normativa nº 236 de 2025?,"Foi revogada a Resolução Normativa nº 133/2022 - CONSELHO SUPERIOR, de 29 de abril de 2022.",A Resolução Normativa nº 236 de 2025 revogou a Resolução NormaAva nº 206/2024 do Conselho Superior.,0.4444444444444444,0.29411764705882354,0.3888888888888889,0.3888888888888889,0.0,0.906457781791687,0.8535228967666626,0.8791942596435547,0.5185185185185186,0.0,4.7362,4
1,43,dense_no_rerank,"RESOLUÇÃO NORMATIVA Nº 236-2025-Prorroga o Plano Diretor de Tecnologia da Informação e Comunicação (PDTIC-2022-2024), do Instituto Federal de Educação, Ciência e Tecnologia do Piauí (IFPI) e Anexo.pdf",Quais são as três fases da metodologia de elaboração do PDTIC descritas no documento?,"As três fases da metodologia de elaboração do PDTIC são Preparação, Diagnóstico e Planejamento.","As três fases da metodologia de elaboração do PDTIC são Preparação, Diagnóstico e Planejamento.",1.0,1.0,1.0,1.0,1.0,1.0,1.0,1.0,1.0,1.0,3.3705,4
1,43,dense_no_rerank,"RESOLUÇÃO NORMATIVA Nº 236-2025-Prorroga o Plano Diretor de Tecnologia da Informação e Comunicação (PDTIC-2022-2024), do Instituto Federal de Educação, Ciência e Tecnologia do Piauí (IFPI) e Anexo.pdf",Em que guia se baseou a metodologia de elaboração do PDTIC do IFPI?,"A metodologia de elaboração do PDTIC do IFPI baseou-se no Guia de PDTIC do SISP, versão 2.0, adaptado à realidade do IFPI.","A metodologia de elaboração do PDTIC do IFPI baseou-se no Guia de PDTIC do SISP, versão 2.0, adaptado à realidade do IFPI.",1.0,1.0,1.0,1.0,1.0,1.0,1.0,1.0,1.0,1.0,4.2106,4
1,43,dense_no_rerank,"RESOLUÇÃO NORMATIVA Nº 223-2024-Atualiza a Regulamentação do planejamento e o registro das atividades acadêmicas dos docentes da Carreira do Magistério do Ensino Básico, Técnico e Tecnológico do IFPI.pdf",Quais são os regimes de trabalho previstos para os docentes do EBTT no IFPI?,"Os regimes de trabalho previstos são 40 horas com dedicação exclusiva, 40 horas e 20 horas semanais.","Os regimes de trabalho dos docentes do EBTT do IFPI são definidos de acordo com a Tabela de Atividades, e o plano de trabalho deve totalizar a carga horária prevista para cada regime.",0.3333333333333333,0.15384615384615383,0.2962962962962963,0.2962962962962963,0.08096470168539781,0.8477762341499329,0.8593393564224243,0.8535186052322388,0.3414634146341463,0.0,4.4775,4
1,43,dense_no_rerank,"RESOLUÇÃO NORMATIVA Nº 223-2024-Atualiza a Regulamentação do planejamento e o registro das atividades acadêmicas dos docentes da Carreira do Magistério do Ensino Básico, Técnico e Tecnológico do IFPI.pdf","Para cada hora de regência de aulas, quantas horas adicionais o docente computará para atividades de organização e apoio ao ensino?","Para cada hora de regência de aulas, o docente computará uma hora adicional para atividades de organização e apoio ao ensino.","Para cada hora de Regência de Aula, o docente computará uma hora adicional para atividades de Organização e Apoio ao Ensino.",0.9565217391304348,0.9090909090909091,0.9565217391304348,0.9565217391304348,0.5339935148604845,0.9223076105117798,0.942150354385376,0.9321234226226807,0.9411764705882353,0.0,3.7151,4
1,43,dense_no_rerank,"RESOLUÇÃO NORMATIVA Nº 218-2024-Estab. normas, critérios e proc. para a participação de docentes (DE) em atividades remuneradas.pdf","Qual é o limite anual de horas para a participação esporádica remunerada em palestras, conferências e atividades artísticas e culturais de docentes em dedicação exclusiva?",O limite anual é de 30 horas.,"O limite anual de horas para a participação esporádica remunerada em palestras, conferências, atividades artísticas e culturais de docentes em dedicação exclusiva não pode exceder a 30 horas anuais.",0.2926829268292683,0.20512820512820512,0.2926829268292683,0.2926829268292683,0.0,0.8036078810691833,0.9253432154655457,0.8601899147033691,0.375,0.0,4.6592,4
1,43,dense_no_rerank,"RESOLUÇÃO NORMATIVA Nº 218-2024-Estab. normas, critérios e proc. para a participação de docentes (DE) em atividades remuneradas.pdf",Qual é o limite de carga horária para atividades remuneradas eventuais previstas no artigo 7º da Resolução Normativa nº 218 de 2024?,As atividades remuneradas eventuais não podem exceder 8 horas semanais ou 416 horas anuais.,O limite de carga horária para a prestação institucional de serviços remunerada de um servidor não pode ultrapassar 8 (oito) horas semanais ou 416 (quatrocentas e dezesseis) horas anuais.,0.37499999999999994,0.21739130434782608,0.37499999999999994,0.37499999999999994,0.1049439266125276,0.8394305109977722,0.9174327850341797,0.8767000436782837,0.3589743589743589,0.0,4.9354,4
1,43,dense_no_rerank,"RESOLUÇÃO NORMATIVA Nº 217-2024-Atualiza o Regimento Interno da Comissão Permanente de Pessoal Docente (CPPD), no âmbito do Instituto Federal de Educação, Ciência e Tecnologia do Piauí (IFPI)..pdf",Como é composta a CPPD do IFPI em número de membros titulares e suplentes?,"A CPPD do IFPI é composta por 10 docentes, sendo 5 representantes titulares e 5 representantes suplentes.","A CPPD do IFPI é composta por dez docentes da carreira de Ensino Básico, Técnico e Tecnológico, sendo cinco representantes titulares e cinco representantes suplentes.",0.6046511627906976,0.3902439024390244,0.6046511627906976,0.6046511627906976,0.31645275923351984,0.9136143922805786,0.9827612638473511,0.9469271898269653,0.7027027027027029,0.0,4.1803,4
1,43,dense_no_rerank,"RESOLUÇÃO NORMATIVA Nº 217-2024-Atualiza o Regimento Interno da Comissão Permanente de Pessoal Docente (CPPD), no âmbito do Instituto Federal de Educação, Ciência e Tecnologia do Piauí (IFPI)..pdf",Qual é o mandato dos integrantes da CPPD do IFPI?,"O mandato dos integrantes da CPPD é de 4 anos, com possibilidade de uma única recondução por igual período.","Os integrantes da CPPD do IFPI terão mandato de 04 (quatro) anos, podendo haver uma única recondução por igual período.",0.6976744186046512,0.4878048780487805,0.6046511627906976,0.6046511627906976,0.3299895472527792,0.9243701696395874,0.944128692150116,0.9341450333595276,0.631578947368421,0.0,3.991,4
1,43,dense_no_rerank,"RESOLUÇÃO Nº 27-2024-Aprova  a criação do curso de Qualificação Profissional, de Formação Inicial e Continuada (FIC) em Aquicultor, no âmbito do IFPI e Anexo.pdf",Quantas vagas são ofertadas no curso FIC em Aquicultor?,O curso FIC em Aquicultor oferta 40 vagas.,O curso de Qualificação Profissional - Formação Inicial e Continuada (FIC) em Aquicultor oferece 40 vagas.,0.56,0.34782608695652173,0.56,0.56,0.0,0.863581657409668,0.969627320766449,0.9135372638702393,0.608695652173913,0.0,3.7573,4
1,43,dense_no_rerank,"RESOLUÇÃO Nº 27-2024-Aprova  a criação do curso de Qualificação Profissional, de Formação Inicial e Continuada (FIC) em Aquicultor, no âmbito do IFPI e Anexo.pdf",Qual é a forma de acesso ao curso FIC em Aquicultor?,A forma de acesso ao curso FIC em Aquicultor é por meio de sorteio.,A forma de acesso ao curso FIC em Aquicultor exige que o candidato possua o Ensino Fundamental I (1º ao 5º ano) incompleto.,0.5,0.4705882352941177,0.5,0.5,0.31107972814824386,0.8755465745925903,0.9480505585670471,0.9103571772575378,0.5294117647058824,0.0,4.08,4
1,43,dense_rerank,CURSO_SUPERIOR_DE_TECNOLOGIA_EM_ANÁLISE_E_DESENVOLVIMENTO_DE_SISTEMAS.pdf,Em que ano o Curso Superior de Tecnologia em Análise e Desenvolvimento de Sistemas foi criado no Campus de Picos?,O Curso Superior de Tecnologia em Análise e Desenvolvimento de Sistemas foi criado no Campus de Picos em 2013.,O Curso Superior de Tecnologia em Análise e Desenvolvimento de Sistemas foi criado no Campus de Picos em 2013.,1.0,1.0,1.0,1.0,1.0,0.9999999403953552,0.9999999403953552,0.9999999403953552,1.0,1.0,3.6607,4
1,43,dense_rerank,CURSO_SUPERIOR_DE_TECNOLOGIA_EM_ANÁLISE_E_DESENVOLVIMENTO_DE_SISTEMAS.pdf,Qual é a unidade de oferta do Curso Superior de Tecnologia em Análise e Desenvolvimento de Sistemas descrita no PPC?,A unidade de oferta do curso é o Campus Teresina Central.,"O Projeto Pedagógico do Curso Superior de Tecnologia em Análise e Desenvolvimento de Sistemas é fruto de um processo de reflexão e discussão coletiva, com a participação dos professores e da comunidade acadêmica.",0.20833333333333334,0.043478260869565216,0.125,0.125,0.0,0.7914924025535583,0.8621174097061157,0.8252967596054077,0.30769230769230765,0.0,4.206,4
1,43,dense_rerank,CURSO_SUPERIOR_DE_TECNOLOGIA_EM_ANÁLISE_E_DESENVOLVIMENTO_DE_SISTEMAS.pdf,Qual é a carga horária total do Curso Superior de Tecnologia em Análise e Desenvolvimento de Sistemas?,A carga horária total do curso é de 2100 horas.,"A carga horária total do Curso Superior de Tecnologia em Análise e Desenvolvimento de Sistemas é de 400 horas, distribuídas em 20 semanas.",0.5142857142857143,0.36363636363636365,0.5142857142857143,0.5142857142857143,0.17268932789342512,0.839600145816803,0.9638860821723938,0.8974605798721313,0.6,0.0,3.9987,4
1,43,dense_rerank,CURSO_SUPERIOR_DE_TECNOLOGIA_EM_ANÁLISE_E_DESENVOLVIMENTO_DE_SISTEMAS.pdf,Quantas vagas por ano são ofertadas no Curso Superior de Tecnologia em Análise e Desenvolvimento de Sistemas?,O curso oferta 40 vagas por ano.,O Curso Superior de Tecnologia em Análise e Desenvolvimento de Sistemas oferece 40 vagas no turno da noite para o primeiro semestre de 2025.,0.25,0.13333333333333333,0.25,0.25,0.0,0.8228235840797424,0.9194111824035645,0.8684400320053101,0.2857142857142857,0.0,3.8198,4
1,43,dense_rerank,"RESOLUÇÃO Nº 14-2025-Aprova a Criação do Curso de Aperfeiçoamento Escola da Terra, no âmbito do Instituto Federal de Educação, Ciência e Tecnologia do Piauí (IFPI) e Anexo..pdf",Qual é a carga horária total do curso Escola da Terra?,A carga horária total do curso Escola da Terra é de 180 horas.,"A carga horária total do curso Escola da Terra é de 180 horas/aula presenciais, divididas em cinco módulos.",0.787878787878788,0.7741935483870968,0.787878787878788,0.787878787878788,0.5695988432761473,0.9143187999725342,0.9894363880157471,0.9503955841064453,0.8125000000000001,0.0,3.9862,4
1,43,dense_rerank,"RESOLUÇÃO Nº 14-2025-Aprova a Criação do Curso de Aperfeiçoamento Escola da Terra, no âmbito do Instituto Federal de Educação, Ciência e Tecnologia do Piauí (IFPI) e Anexo..pdf",Qual é a meta física do curso Escola da Terra em número de vagas?,A meta física do curso Escola da Terra é de 120 vagas.,A meta física do curso Escola da Terra é de 120 vagas para professoras e coordenadoras pedagógicas de turmas multisseriadas.,0.7272727272727273,0.7096774193548387,0.7272727272727273,0.7272727272727273,0.5471114295717522,0.8801493048667908,0.9877628684043884,0.9308561682701111,0.7741935483870968,0.0,4.3383,4
1,43,dense_rerank,"RESOLUÇÃO Nº 14-2025-Aprova a Criação do Curso de Aperfeiçoamento Escola da Terra, no âmbito do Instituto Federal de Educação, Ciência e Tecnologia do Piauí (IFPI) e Anexo..pdf",Quando está previsto o início do curso Escola da Terra?,O início do curso Escola da Terra está previsto para março de 2025.,O Curso Aperfeiçoamento Escola da Terra está autorizado a funcionar a partir do primeiro semestre de 2024.,0.4848484848484848,0.1935483870967742,0.42424242424242425,0.42424242424242425,0.1598921499894403,0.8659210801124573,0.9128432869911194,0.8887632489204407,0.5517241379310345,0.0,3.7931,4
1,43,dense_rerank,"RESOLUÇÃO Nº 14-2025-Aprova a Criação do Curso de Aperfeiçoamento Escola da Terra, no âmbito do Instituto Federal de Educação, Ciência e Tecnologia do Piauí (IFPI) e Anexo..pdf",Quem é o coordenador do curso Escola da Terra?,O coordenador do curso Escola da Terra é Gilson Mendes Araújo.,O coordenador do curso Escola da Terra é Emanuel Alcântara da Silva.,0.6086956521739131,0.5714285714285713,0.6086956521739131,0.6086956521739131,0.5760844201603896,0.9166338443756104,0.9614384174346924,0.9385016560554504,0.7272727272727273,0.0,3.1381,4
1,43,dense_rerank,"RESOLUÇÃO NORMATIVA Nº 236-2025-Prorroga o Plano Diretor de Tecnologia da Informação e Comunicação (PDTIC-2022-2024), do Instituto Federal de Educação, Ciência e Tecnologia do Piauí (IFPI) e Anexo.pdf",Para qual exercício foi prorrogada a vigência do PDTIC-2022/2024 do IFPI?,A vigência do PDTIC-2022/2024 foi prorrogada para o exercício de 2025.,"O Plano Diretor de Tecnologia da Informação e Comunicação (PDTIC-2022/2024) do Instituto Federal de Educação, Ciência e Tecnologia do Piauí (IFPI) foi prorrogado para o exercício de 2025.",0.48000000000000004,0.2916666666666667,0.4,0.4,0.1690653646485627,0.8415287733078003,0.9482990503311157,0.8917292952537537,0.5405405405405406,0.0,5.3141,4
1,43,dense_rerank,"RESOLUÇÃO NORMATIVA Nº 236-2025-Prorroga o Plano Diretor de Tecnologia da Informação e Comunicação (PDTIC-2022-2024), do Instituto Federal de Educação, Ciência e Tecnologia do Piauí (IFPI) e Anexo.pdf",Qual resolução foi revogada pela Resolução Normativa nº 236 de 2025?,"Foi revogada a Resolução Normativa nº 133/2022 - CONSELHO SUPERIOR, de 29 de abril de 2022.",A Resolução Normativa nº 248 de 2025 revogou a Resolução Normativa nº 113/2024.,0.3636363636363636,0.2580645161290323,0.3636363636363636,0.3636363636363636,0.1371412313982141,0.9315725564956665,0.8553409576416016,0.8918307423591614,0.4347826086956522,0.0,4.8848,4
1,43,dense_rerank,"RESOLUÇÃO NORMATIVA Nº 236-2025-Prorroga o Plano Diretor de Tecnologia da Informação e Comunicação (PDTIC-2022-2024), do Instituto Federal de Educação, Ciência e Tecnologia do Piauí (IFPI) e Anexo.pdf",Quais são as três fases da metodologia de elaboração do PDTIC descritas no documento?,"As três fases da metodologia de elaboração do PDTIC são Preparação, Diagnóstico e Planejamento.","As três fases da metodologia de elaboração do PDTIC são: Preparação, Diagnóstico e Planejamento.",1.0,1.0,1.0,1.0,0.8282477531331041,0.9927828311920166,0.9966408014297485,0.9947080612182617,1.0,0.0,3.4816,4
1,43,dense_rerank,"RESOLUÇÃO NORMATIVA Nº 236-2025-Prorroga o Plano Diretor de Tecnologia da Informação e Comunicação (PDTIC-2022-2024), do Instituto Federal de Educação, Ciência e Tecnologia do Piauí (IFPI) e Anexo.pdf",Em que guia se baseou a metodologia de elaboração do PDTIC do IFPI?,"A metodologia de elaboração do PDTIC do IFPI baseou-se no Guia de PDTIC do SISP, versão 2.0, adaptado à realidade do IFPI.","A metodologia de elaboração do PDTIC do IFPI baseou-se no Guia de PDTIC do SISP, versão 2.0, adaptado à realidade do IFPI.",1.0,1.0,1.0,1.0,1.0,1.0,1.0,1.0,1.0,1.0,4.2512,4
1,43,dense_rerank,"RESOLUÇÃO NORMATIVA Nº 223-2024-Atualiza a Regulamentação do planejamento e o registro das atividades acadêmicas dos docentes da Carreira do Magistério do Ensino Básico, Técnico e Tecnológico do IFPI.pdf",Quais são os regimes de trabalho previstos para os docentes do EBTT no IFPI?,"Os regimes de trabalho previstos são 40 horas com dedicação exclusiva, 40 horas e 20 horas semanais.","Os docentes da carreira de Ensino Básico, Técnico e Tecnológico do IFPI são submetidos a um dos seguintes regimes de trabalho: tempo integral de 40 (quarenta) horas semanais com dedicação exclusiva (DE), tempo integral de 40 (quarenta) horas semanais, ou tempo parcial de 20 (vinte) horas semanais de trabalho.",0.4931506849315068,0.19718309859154928,0.410958904109589,0.410958904109589,0.0,0.8409399390220642,0.9313183426856995,0.8838246464729309,0.5531914893617021,0.0,6.8031,4
1,43,dense_rerank,"RESOLUÇÃO NORMATIVA Nº 223-2024-Atualiza a Regulamentação do planejamento e o registro das atividades acadêmicas dos docentes da Carreira do Magistério do Ensino Básico, Técnico e Tecnológico do IFPI.pdf","Para cada hora de regência de aulas, quantas horas adicionais o docente computará para atividades de organização e apoio ao ensino?","Para cada hora de regência de aulas, o docente computará uma hora adicional para atividades de organização e apoio ao ensino.","Os docentes orientadores poderão computar até duas horas de Regência de Aulas para atividades de orientação de projetos integradores, disciplinas do Núcleo Integrador ou do Núcleo Complementar, e atividades de extensão.",0.4,0.20689655172413793,0.3333333333333333,0.3333333333333333,0.0,0.834890604019165,0.8828171491622925,0.8581852316856384,0.2926829268292683,0.0,4.6209,4
1,43,dense_rerank,"RESOLUÇÃO NORMATIVA Nº 218-2024-Estab. normas, critérios e proc. para a participação de docentes (DE) em atividades remuneradas.pdf","Qual é o limite anual de horas para a participação esporádica remunerada em palestras, conferências e atividades artísticas e culturais de docentes em dedicação exclusiva?",O limite anual é de 30 horas.,"O limite anual de horas para a participação esporádica remunerada em palestras, conferências, atividades artísticas e culturais de docentes em dedicação exclusiva é de 30 horas.",0.33333333333333337,0.29411764705882354,0.33333333333333337,0.33333333333333337,0.16110518603734317,0.8159887194633484,0.9578015804290771,0.8812262415885925,0.4827586206896552,0.0,4.4749,4
1,43,dense_rerank,"RESOLUÇÃO NORMATIVA Nº 218-2024-Estab. normas, critérios e proc. para a participação de docentes (DE) em atividades remuneradas.pdf",Qual é o limite de carga horária para atividades remuneradas eventuais previstas no artigo 7º da Resolução Normativa nº 218 de 2024?,As atividades remuneradas eventuais não podem exceder 8 horas semanais ou 416 horas anuais.,"O limite de carga horária para atividades remuneradas eventuais de servidor docente com dedicação exclusiva ou com 20 ou 40 horas, desenvolvendo atividades de prestação de serviços em projetos de ensino, pesquisa e extensão, é de 8 (oito) horas semanais ou 416 (quatrocentas e dezesseis) horas anuais.",0.3333333333333333,0.1875,0.3333333333333333,0.3333333333333333,0.07832109731166834,0.8363698124885559,0.9225704669952393,0.8773579597473145,0.37499999999999994,0.0,6.4011,4
1,43,dense_rerank,"RESOLUÇÃO NORMATIVA Nº 217-2024-Atualiza o Regimento Interno da Comissão Permanente de Pessoal Docente (CPPD), no âmbito do Instituto Federal de Educação, Ciência e Tecnologia do Piauí (IFPI)..pdf",Como é composta a CPPD do IFPI em número de membros titulares e suplentes?,"A CPPD do IFPI é composta por 10 docentes, sendo 5 representantes titulares e 5 representantes suplentes.","A CPPD do IFPI é composta por dez docentes da carreira de Ensino Básico, Técnico e Tecnológico, sendo cinco representantes titulares e cinco representantes suplentes.",0.6046511627906976,0.3902439024390244,0.6046511627906976,0.6046511627906976,0.31645275923351984,0.9136143922805786,0.9827612638473511,0.9469271898269653,0.7027027027027029,0.0,4.126,4
1,43,dense_rerank,"RESOLUÇÃO NORMATIVA Nº 217-2024-Atualiza o Regimento Interno da Comissão Permanente de Pessoal Docente (CPPD), no âmbito do Instituto Federal de Educação, Ciência e Tecnologia do Piauí (IFPI)..pdf",Qual é o mandato dos integrantes da CPPD do IFPI?,"O mandato dos integrantes da CPPD é de 4 anos, com possibilidade de uma única recondução por igual período.","Os integrantes da CPPD do IFPI têm mandato de 4 (quatro) anos, podendo haver uma única recondução por igual período.",0.6976744186046512,0.4878048780487805,0.6511627906976744,0.6511627906976744,0.3446913316729032,0.9351704120635986,0.9487611055374146,0.9419167041778564,0.6842105263157895,0.0,3.8924,4
1,43,dense_rerank,"RESOLUÇÃO Nº 27-2024-Aprova  a criação do curso de Qualificação Profissional, de Formação Inicial e Continuada (FIC) em Aquicultor, no âmbito do IFPI e Anexo.pdf",Quantas vagas são ofertadas no curso FIC em Aquicultor?,O curso FIC em Aquicultor oferta 40 vagas.,O curso FIC em Aquicultor oferece 40 vagas.,0.875,0.7142857142857143,0.875,0.875,0.5969491792019646,0.9645549654960632,0.9883874654769897,0.9763258695602417,0.875,0.0,3.0281,4
1,43,dense_rerank,"RESOLUÇÃO Nº 27-2024-Aprova  a criação do curso de Qualificação Profissional, de Formação Inicial e Continuada (FIC) em Aquicultor, no âmbito do IFPI e Anexo.pdf",Qual é a forma de acesso ao curso FIC em Aquicultor?,A forma de acesso ao curso FIC em Aquicultor é por meio de sorteio.,A forma de oferta do Curso de Qualificação Profissional - Formação Inicial e Continuada (FIC) em Aquicultor é presencial.,0.5,0.26666666666666666,0.4375,0.4375,0.0,0.8556186556816101,0.9247289299964905,0.8888323903083801,0.5333333333333333,0.0,3.9617,4
1,43,bm25,CURSO_SUPERIOR_DE_TECNOLOGIA_EM_ANÁLISE_E_DESENVOLVIMENTO_DE_SISTEMAS.pdf,Em que ano o Curso Superior de Tecnologia em Análise e Desenvolvimento de Sistemas foi criado no Campus de Picos?,O Curso Superior de Tecnologia em Análise e Desenvolvimento de Sistemas foi criado no Campus de Picos em 2013.,O Curso Superior de Tecnologia em Análise e Desenvolvimento de Sistemas no Campus de Picos foi autorizado em 2013.,0.9500000000000001,0.7894736842105263,0.9,0.9,0.7172835948406505,0.9870268106460571,0.9908930659294128,0.9889561533927917,0.9375,0.0,3.5654,4
1,43,bm25,CURSO_SUPERIOR_DE_TECNOLOGIA_EM_ANÁLISE_E_DESENVOLVIMENTO_DE_SISTEMAS.pdf,Qual é a unidade de oferta do Curso Superior de Tecnologia em Análise e Desenvolvimento de Sistemas descrita no PPC?,A unidade de oferta do curso é o Campus Teresina Central.,"A unidade de oferta do Curso Superior de Tecnologia em Análise e Desenvolvimento de Sistemas descrita no PPC são os campi Teresina Central, Floriano, Picos, Corrente, Pedro II e Parnaíba.",0.41860465116279066,0.29268292682926833,0.41860465116279066,0.41860465116279066,0.11755743200908036,0.8304221630096436,0.945409893989563,0.8841931819915771,0.42105263157894735,0.0,4.3931,4
1,43,bm25,CURSO_SUPERIOR_DE_TECNOLOGIA_EM_ANÁLISE_E_DESENVOLVIMENTO_DE_SISTEMAS.pdf,Qual é a carga horária total do Curso Superior de Tecnologia em Análise e Desenvolvimento de Sistemas?,A carga horária total do curso é de 2100 horas.,"As atividades complementares do Curso Superior de Tecnologia em Análise e Desenvolvimento de Sistemas deverão ter o total de no mínimo cem horas, correspondente a 5% da carga horária total do curso.",0.391304347826087,0.22727272727272727,0.30434782608695654,0.30434782608695654,0.11117895489854909,0.81644606590271,0.9267646074295044,0.8681145906448364,0.43243243243243246,0.0,4.4024,4
1,43,bm25,CURSO_SUPERIOR_DE_TECNOLOGIA_EM_ANÁLISE_E_DESENVOLVIMENTO_DE_SISTEMAS.pdf,Quantas vagas por ano são ofertadas no Curso Superior de Tecnologia em Análise e Desenvolvimento de Sistemas?,O curso oferta 40 vagas por ano.,O Curso Superior de Tecnologia em Análise e Desenvolvimento de Sistemas oferece 40 vagas por ano no turno vespertino.,0.4444444444444444,0.32,0.4444444444444444,0.4444444444444444,0.1326475916741222,0.8291540145874023,0.955398440361023,0.8878107666969299,0.48,0.0,3.4359,4
1,43,bm25,"RESOLUÇÃO Nº 14-2025-Aprova a Criação do Curso de Aperfeiçoamento Escola da Terra, no âmbito do Instituto Federal de Educação, Ciência e Tecnologia do Piauí (IFPI) e Anexo..pdf",Qual é a carga horária total do curso Escola da Terra?,A carga horária total do curso Escola da Terra é de 180 horas.,"O curso Escola da Terra possui uma carga horária total de 360 horas, sendo 294 horas destinadas ao estudo das disciplinas e 66 horas destinadas ao Trabalho de Conclusão de Curso.",0.43478260869565216,0.2727272727272727,0.26086956521739135,0.26086956521739135,0.11116961409150189,0.8571308851242065,0.9427129030227661,0.8978871703147888,0.48648648648648646,0.0,4.5899,4
1,43,bm25,"RESOLUÇÃO Nº 14-2025-Aprova a Criação do Curso de Aperfeiçoamento Escola da Terra, no âmbito do Instituto Federal de Educação, Ciência e Tecnologia do Piauí (IFPI) e Anexo..pdf",Qual é a meta física do curso Escola da Terra em número de vagas?,A meta física do curso Escola da Terra é de 120 vagas.,O Curso Aperfeiçoamento Escola da Terra possui 30 vagas.,0.45454545454545453,0.19999999999999998,0.45454545454545453,0.45454545454545453,0.0,0.880872368812561,0.914977490901947,0.8976011276245117,0.4761904761904762,0.0,2.6556,4
1,43,bm25,"RESOLUÇÃO Nº 14-2025-Aprova a Criação do Curso de Aperfeiçoamento Escola da Terra, no âmbito do Instituto Federal de Educação, Ciência e Tecnologia do Piauí (IFPI) e Anexo..pdf",Quando está previsto o início do curso Escola da Terra?,O início do curso Escola da Terra está previsto para março de 2025.,Não encontrei essa informação no contexto fornecido.,0.16666666666666669,0.0,0.16666666666666669,0.16666666666666669,0.0,0.8219438791275024,0.8310289978981018,0.8264614343643188,0.0,0.0,2.6582,4
1,43,bm25,"RESOLUÇÃO Nº 14-2025-Aprova a Criação do Curso de Aperfeiçoamento Escola da Terra, no âmbito do Instituto Federal de Educação, Ciência e Tecnologia do Piauí (IFPI) e Anexo..pdf",Quem é o coordenador do curso Escola da Terra?,O coordenador do curso Escola da Terra é Gilson Mendes Araújo.,"O coordenador do curso Escola da Terra é um docente do campus, de área específica ou pedagógica do curso.",0.45161290322580644,0.41379310344827586,0.45161290322580644,0.45161290322580644,0.3386854985606571,0.900873601436615,0.9360523223876953,0.9181260466575623,0.5925925925925926,0.0,3.3157,4
1,43,bm25,"RESOLUÇÃO NORMATIVA Nº 236-2025-Prorroga o Plano Diretor de Tecnologia da Informação e Comunicação (PDTIC-2022-2024), do Instituto Federal de Educação, Ciência e Tecnologia do Piauí (IFPI) e Anexo.pdf",Para qual exercício foi prorrogada a vigência do PDTIC-2022/2024 do IFPI?,A vigência do PDTIC-2022/2024 foi prorrogada para o exercício de 2025.,O Plano de Desenvolvimento Institucional (PDI) do IFPI teve vigência de 2020 a 2024.,0.4666666666666667,0.07142857142857142,0.20000000000000004,0.20000000000000004,0.0,0.8483378887176514,0.8543418645858765,0.8513292670249939,0.46153846153846156,0.0,3.8744,4
1,43,bm25,"RESOLUÇÃO NORMATIVA Nº 236-2025-Prorroga o Plano Diretor de Tecnologia da Informação e Comunicação (PDTIC-2022-2024), do Instituto Federal de Educação, Ciência e Tecnologia do Piauí (IFPI) e Anexo.pdf",Qual resolução foi revogada pela Resolução Normativa nº 236 de 2025?,"Foi revogada a Resolução Normativa nº 133/2022 - CONSELHO SUPERIOR, de 29 de abril de 2022.",A Resolução Normativa nº 236 de 2025 revogou a Resolução Normativa nº 43/2021 do Conselho Superior.,0.4444444444444444,0.29411764705882354,0.3888888888888889,0.3888888888888889,0.13829483667905937,0.9269230961799622,0.8569790124893188,0.890579879283905,0.5384615384615384,0.0,4.2664,4
1,43,bm25,"RESOLUÇÃO NORMATIVA Nº 236-2025-Prorroga o Plano Diretor de Tecnologia da Informação e Comunicação (PDTIC-2022-2024), do Instituto Federal de Educação, Ciência e Tecnologia do Piauí (IFPI) e Anexo.pdf",Quais são as três fases da metodologia de elaboração do PDTIC descritas no documento?,"As três fases da metodologia de elaboração do PDTIC são Preparação, Diagnóstico e Planejamento.","As três fases da metodologia de elaboração do PDTIC são Preparação, Diagnóstico e Planejamento.",1.0,1.0,1.0,1.0,1.0,1.0,1.0,1.0,1.0,1.0,3.3257,4
1,43,bm25,"RESOLUÇÃO NORMATIVA Nº 236-2025-Prorroga o Plano Diretor de Tecnologia da Informação e Comunicação (PDTIC-2022-2024), do Instituto Federal de Educação, Ciência e Tecnologia do Piauí (IFPI) e Anexo.pdf",Em que guia se baseou a metodologia de elaboração do PDTIC do IFPI?,"A metodologia de elaboração do PDTIC do IFPI baseou-se no Guia de PDTIC do SISP, versão 2.0, adaptado à realidade do IFPI.","A metodologia utilizada para a elaboração do documento baseou-se no Guia de PDTIC do SISP, versão 2.0, adaptado à realidade do IFPI.",0.8399999999999999,0.75,0.8399999999999999,0.8399999999999999,0.7150762135853476,0.9745191931724548,0.9789811372756958,0.9767451286315918,0.923076923076923,0.0,4.1294,4
1,43,bm25,"RESOLUÇÃO NORMATIVA Nº 223-2024-Atualiza a Regulamentação do planejamento e o registro das atividades acadêmicas dos docentes da Carreira do Magistério do Ensino Básico, Técnico e Tecnológico do IFPI.pdf",Quais são os regimes de trabalho previstos para os docentes do EBTT no IFPI?,"Os regimes de trabalho previstos são 40 horas com dedicação exclusiva, 40 horas e 20 horas semanais.","Os regimes de trabalho previstos para os docentes do EBTT no IFPI são de tempo integral, com 40 horas semanais, ou tempo parcial, com 20 horas semanais.",0.5531914893617021,0.3555555555555555,0.5531914893617021,0.5531914893617021,0.2171788734284664,0.9010717272758484,0.9406071305274963,0.9204151034355164,0.6285714285714286,0.0,4.2794,4
1,43,bm25,"RESOLUÇÃO NORMATIVA Nº 223-2024-Atualiza a Regulamentação do planejamento e o registro das atividades acadêmicas dos docentes da Carreira do Magistério do Ensino Básico, Técnico e Tecnológico do IFPI.pdf","Para cada hora de regência de aulas, quantas horas adicionais o docente computará para atividades de organização e apoio ao ensino?","Para cada hora de regência de aulas, o docente computará uma hora adicional para atividades de organização e apoio ao ensino.","Para cada hora de Regência de Aula, o docente computará uma hora de Organização e Apoio ao Ensino.",0.8837209302325583,0.7804878048780488,0.8837209302325583,0.8837209302325583,0.3414504535105491,0.9086815118789673,0.9197208881378174,0.9141678810119629,0.8749999999999999,0.0,3.6425,4
1,43,bm25,"RESOLUÇÃO NORMATIVA Nº 218-2024-Estab. normas, critérios e proc. para a participação de docentes (DE) em atividades remuneradas.pdf","Qual é o limite anual de horas para a participação esporádica remunerada em palestras, conferências e atividades artísticas e culturais de docentes em dedicação exclusiva?",O limite anual é de 30 horas.,"O limite anual de horas para a participação esporádica remunerada em palestras, conferências, atividades artísticas e culturais de docentes em dedicação exclusiva não pode exceder a 30 (trinta) horas anuais.",0.2857142857142857,0.15,0.2857142857142857,0.2857142857142857,0.0,0.7990579605102539,0.920907199382782,0.8556663990020752,0.36363636363636365,0.0,4.7999,4
1,43,bm25,"RESOLUÇÃO NORMATIVA Nº 218-2024-Estab. normas, critérios e proc. para a participação de docentes (DE) em atividades remuneradas.pdf",Qual é o limite de carga horária para atividades remuneradas eventuais previstas no artigo 7º da Resolução Normativa nº 218 de 2024?,As atividades remuneradas eventuais não podem exceder 8 horas semanais ou 416 horas anuais.,"O limite máximo da soma da remuneração, retribuições e bolsas percebidas pelos ocupantes de cargos, funções e empregos públicos não poderá exceder o maior valor recebido pelo funcionalismo público federal.",0.11538461538461539,0.04,0.11538461538461539,0.11538461538461539,0.0,0.8185205459594727,0.8523279428482056,0.8350822329521179,0.1,0.0,4.5854,4
1,43,bm25,"RESOLUÇÃO NORMATIVA Nº 217-2024-Atualiza o Regimento Interno da Comissão Permanente de Pessoal Docente (CPPD), no âmbito do Instituto Federal de Educação, Ciência e Tecnologia do Piauí (IFPI)..pdf",Como é composta a CPPD do IFPI em número de membros titulares e suplentes?,"A CPPD do IFPI é composta por 10 docentes, sendo 5 representantes titulares e 5 representantes suplentes.","A CPPD do IFPI é composta por chapas com dois docentes, sendo um titular e um suplente.",0.5625,0.4000000000000001,0.5625,0.5625,0.39670882908365773,0.9483709931373596,0.953549861907959,0.9509534239768982,0.6451612903225806,0.0,3.4616,4
1,43,bm25,"RESOLUÇÃO NORMATIVA Nº 217-2024-Atualiza o Regimento Interno da Comissão Permanente de Pessoal Docente (CPPD), no âmbito do Instituto Federal de Educação, Ciência e Tecnologia do Piauí (IFPI)..pdf",Qual é o mandato dos integrantes da CPPD do IFPI?,"O mandato dos integrantes da CPPD é de 4 anos, com possibilidade de uma única recondução por igual período.","O mandato dos integrantes da CPPD do IFPI é de 04 (quatro) anos, admitida uma única reeleição para período subsequente, não existindo limite para mandatos alternados.",0.5416666666666667,0.30434782608695654,0.5416666666666667,0.5416666666666667,0.20539509719773488,0.8868475556373596,0.9265609979629517,0.906269371509552,0.5581395348837209,0.0,4.5248,4
1,43,bm25,"RESOLUÇÃO Nº 27-2024-Aprova  a criação do curso de Qualificação Profissional, de Formação Inicial e Continuada (FIC) em Aquicultor, no âmbito do IFPI e Anexo.pdf",Quantas vagas são ofertadas no curso FIC em Aquicultor?,O curso FIC em Aquicultor oferta 40 vagas.,Não encontrei essa informação no contexto fornecido.,0.11764705882352941,0.0,0.11764705882352941,0.11764705882352941,0.0,0.8231986165046692,0.8388471603393555,0.8309492468833923,0.0,0.0,2.7018,4
1,43,bm25,"RESOLUÇÃO Nº 27-2024-Aprova  a criação do curso de Qualificação Profissional, de Formação Inicial e Continuada (FIC) em Aquicultor, no âmbito do IFPI e Anexo.pdf",Qual é a forma de acesso ao curso FIC em Aquicultor?,A forma de acesso ao curso FIC em Aquicultor é por meio de sorteio.,"O acesso para o curso FIC será por meio de edital de seleção, e o processo seletivo ocorrerá através de prova escrita específica.",0.3589743589743589,0.16216216216216217,0.30769230769230776,0.30769230769230776,0.0,0.8822669386863708,0.8946717977523804,0.8884261250495911,0.37499999999999994,0.0,3.5644,4
1,43,tfidf,CURSO_SUPERIOR_DE_TECNOLOGIA_EM_ANÁLISE_E_DESENVOLVIMENTO_DE_SISTEMAS.pdf,Em que ano o Curso Superior de Tecnologia em Análise e Desenvolvimento de Sistemas foi criado no Campus de Picos?,O Curso Superior de Tecnologia em Análise e Desenvolvimento de Sistemas foi criado no Campus de Picos em 2013.,O Curso Superior de Tecnologia em Análise e Desenvolvimento de Sistemas foi criado no Campus de Picos em 2013.,1.0,1.0,1.0,1.0,1.0,0.9999999403953552,0.9999999403953552,0.9999999403953552,1.0,1.0,3.4795,4
1,43,tfidf,CURSO_SUPERIOR_DE_TECNOLOGIA_EM_ANÁLISE_E_DESENVOLVIMENTO_DE_SISTEMAS.pdf,Qual é a unidade de oferta do Curso Superior de Tecnologia em Análise e Desenvolvimento de Sistemas descrita no PPC?,A unidade de oferta do curso é o Campus Teresina Central.,O Curso Superior de Tecnologia em Análise e Desenvolvimento de Sistemas contribui com a demanda de profissionais para atuar no projeto e implementação de Sistemas de Informação de acordo com as necessidades institucionais.,0.1739130434782609,0.0,0.13043478260869565,0.13043478260869565,0.0,0.7902743220329285,0.8632662892341614,0.8251592516899109,0.2222222222222222,0.0,4.1236,4
1,43,tfidf,CURSO_SUPERIOR_DE_TECNOLOGIA_EM_ANÁLISE_E_DESENVOLVIMENTO_DE_SISTEMAS.pdf,Qual é a carga horária total do Curso Superior de Tecnologia em Análise e Desenvolvimento de Sistemas?,A carga horária total do curso é de 2100 horas.,Não encontrei essa informação no contexto fornecido.,0.0,0.0,0.0,0.0,0.0,0.8249529004096985,0.8356121182441711,0.8302482962608337,0.0,0.0,2.4895,4
1,43,tfidf,CURSO_SUPERIOR_DE_TECNOLOGIA_EM_ANÁLISE_E_DESENVOLVIMENTO_DE_SISTEMAS.pdf,Quantas vagas por ano são ofertadas no Curso Superior de Tecnologia em Análise e Desenvolvimento de Sistemas?,O curso oferta 40 vagas por ano.,"O Curso Superior de Tecnologia em Análise e Desenvolvimento de Sistemas teve uma oferta de 64 vagas, distribuídas igualmente entre os turnos tarde e noite.",0.23529411764705882,0.0625,0.23529411764705882,0.23529411764705882,0.0,0.8184553384780884,0.9159019589424133,0.8644410371780396,0.27586206896551724,0.0,3.6532,4
1,43,tfidf,"RESOLUÇÃO Nº 14-2025-Aprova a Criação do Curso de Aperfeiçoamento Escola da Terra, no âmbito do Instituto Federal de Educação, Ciência e Tecnologia do Piauí (IFPI) e Anexo..pdf",Qual é a carga horária total do curso Escola da Terra?,A carga horária total do curso Escola da Terra é de 180 horas.,"A carga horária total do Curso de Educação do Campo e Quilombola, também conhecido como Escola da Terra, é de 495 horas, sendo 257 horas no Tempo Universidade e 103 horas no Tempo Escola/Comunidade.",0.48,0.375,0.48,0.48,0.13230152143737722,0.8786258697509766,0.9583876729011536,0.9167752265930176,0.6,0.0,5.3492,4
1,43,tfidf,"RESOLUÇÃO Nº 14-2025-Aprova a Criação do Curso de Aperfeiçoamento Escola da Terra, no âmbito do Instituto Federal de Educação, Ciência e Tecnologia do Piauí (IFPI) e Anexo..pdf",Qual é a meta física do curso Escola da Terra em número de vagas?,A meta física do curso Escola da Terra é de 120 vagas.,"O curso Escola da Terra possui 60 vagas para Professores da Educação Básica - Escolas do Campo, que possuem certificação em curso de aperfeiçoamento (mínimo de 180).",0.37209302325581395,0.14634146341463417,0.2325581395348837,0.2325581395348837,0.08928953574702554,0.8402918577194214,0.9158283472061157,0.8764355182647705,0.4,0.0,4.5371,4
1,43,tfidf,"RESOLUÇÃO Nº 14-2025-Aprova a Criação do Curso de Aperfeiçoamento Escola da Terra, no âmbito do Instituto Federal de Educação, Ciência e Tecnologia do Piauí (IFPI) e Anexo..pdf",Quando está previsto o início do curso Escola da Terra?,O início do curso Escola da Terra está previsto para março de 2025.,O Curso Aperfeiçoamento Escola da Terra está previsto para iniciar no primeiro semestre de 2024.,0.5806451612903225,0.3448275862068965,0.5806451612903225,0.5806451612903225,0.3334477432809602,0.8885897397994995,0.9396146535873413,0.9133901596069336,0.6428571428571429,0.0,3.4195,4
1,43,tfidf,"RESOLUÇÃO Nº 14-2025-Aprova a Criação do Curso de Aperfeiçoamento Escola da Terra, no âmbito do Instituto Federal de Educação, Ciência e Tecnologia do Piauí (IFPI) e Anexo..pdf",Quem é o coordenador do curso Escola da Terra?,O coordenador do curso Escola da Terra é Gilson Mendes Araújo.,Não encontrei essa informação no contexto fornecido.,0.09999999999999999,0.0,0.09999999999999999,0.09999999999999999,0.0,0.8250470161437988,0.8430057168006897,0.833929717540741,0.0,0.0,2.8749,4
1,43,tfidf,"RESOLUÇÃO NORMATIVA Nº 236-2025-Prorroga o Plano Diretor de Tecnologia da Informação e Comunicação (PDTIC-2022-2024), do Instituto Federal de Educação, Ciência e Tecnologia do Piauí (IFPI) e Anexo.pdf",Para qual exercício foi prorrogada a vigência do PDTIC-2022/2024 do IFPI?,A vigência do PDTIC-2022/2024 foi prorrogada para o exercício de 2025.,O Plano Diretor de Tecnologia da Informação e Comunicação (PDTIC-2022/2024) do IFPI foi prorrogado por meio da Resolução Normativa nº 236-2025.,0.38095238095238093,0.1,0.2857142857142857,0.2857142857142857,0.0,0.8385323882102966,0.8902472853660583,0.8636163473129272,0.4444444444444444,0.0,4.9427,4
1,43,tfidf,"RESOLUÇÃO NORMATIVA Nº 236-2025-Prorroga o Plano Diretor de Tecnologia da Informação e Comunicação (PDTIC-2022-2024), do Instituto Federal de Educação, Ciência e Tecnologia do Piauí (IFPI) e Anexo.pdf",Qual resolução foi revogada pela Resolução Normativa nº 236 de 2025?,"Foi revogada a Resolução Normativa nº 133/2022 - CONSELHO SUPERIOR, de 29 de abril de 2022.",A Resolução Normativa nº 236 de 2025 revogou a Resolução nº 111/2025.,0.37500000000000006,0.26666666666666666,0.37500000000000006,0.37500000000000006,0.0,0.9381101131439209,0.8576550483703613,0.8960802555084229,0.4545454545454546,0.0,3.1684,4
1,43,tfidf,"RESOLUÇÃO NORMATIVA Nº 236-2025-Prorroga o Plano Diretor de Tecnologia da Informação e Comunicação (PDTIC-2022-2024), do Instituto Federal de Educação, Ciência e Tecnologia do Piauí (IFPI) e Anexo.pdf",Quais são as três fases da metodologia de elaboração do PDTIC descritas no documento?,"As três fases da metodologia de elaboração do PDTIC são Preparação, Diagnóstico e Planejamento.","As três fases da metodologia de elaboração do PDTIC descritas no documento são: Preparação, Diagnóstico e, por fim, a fase não especificada após o Diagnóstico.",0.6923076923076923,0.64,0.6923076923076923,0.6923076923076923,0.3545649986147617,0.9126512408256531,0.9584945440292358,0.9350113272666931,0.6842105263157894,0.0,4.1823,4
1,43,tfidf,"RESOLUÇÃO NORMATIVA Nº 236-2025-Prorroga o Plano Diretor de Tecnologia da Informação e Comunicação (PDTIC-2022-2024), do Instituto Federal de Educação, Ciência e Tecnologia do Piauí (IFPI) e Anexo.pdf",Em que guia se baseou a metodologia de elaboração do PDTIC do IFPI?,"A metodologia de elaboração do PDTIC do IFPI baseou-se no Guia de PDTIC do SISP, versão 2.0, adaptado à realidade do IFPI.","A metodologia de elaboração do PDTIC do IFPI se baseou em documentos de referência, estratégias da organização, princípios e diretrizes, além da Instrução Normativa SGD/ME Nº 31/2021, entre outros instrumentos de planejamento da instituição.",0.3768115942028986,0.2388059701492537,0.34782608695652173,0.34782608695652173,0.17078893748090399,0.8468525409698486,0.8980249762535095,0.8716883063316345,0.3673469387755102,0.0,5.2282,4
1,43,tfidf,"RESOLUÇÃO NORMATIVA Nº 223-2024-Atualiza a Regulamentação do planejamento e o registro das atividades acadêmicas dos docentes da Carreira do Magistério do Ensino Básico, Técnico e Tecnológico do IFPI.pdf",Quais são os regimes de trabalho previstos para os docentes do EBTT no IFPI?,"Os regimes de trabalho previstos são 40 horas com dedicação exclusiva, 40 horas e 20 horas semanais.","Os regimes de trabalho previstos para os docentes do EBTT no IFPI são de tempo integral, com 40 horas semanais, ou tempo parcial, com 20 horas semanais.",0.5531914893617021,0.3555555555555555,0.5531914893617021,0.5531914893617021,0.2171788734284664,0.9010717272758484,0.9406071305274963,0.9204151034355164,0.6285714285714286,0.0,4.3575,4
1,43,tfidf,"RESOLUÇÃO NORMATIVA Nº 223-2024-Atualiza a Regulamentação do planejamento e o registro das atividades acadêmicas dos docentes da Carreira do Magistério do Ensino Básico, Técnico e Tecnológico do IFPI.pdf","Para cada hora de regência de aulas, quantas horas adicionais o docente computará para atividades de organização e apoio ao ensino?","Para cada hora de regência de aulas, o docente computará uma hora adicional para atividades de organização e apoio ao ensino.","Para cada hora de Regência de Aula, o docente computará uma hora de Organização e Apoio ao Ensino.",0.8837209302325583,0.7804878048780488,0.8837209302325583,0.8837209302325583,0.3414504535105491,0.9086815118789673,0.9197208881378174,0.9141678810119629,0.8749999999999999,0.0,3.574,4
1,43,tfidf,"RESOLUÇÃO NORMATIVA Nº 218-2024-Estab. normas, critérios e proc. para a participação de docentes (DE) em atividades remuneradas.pdf","Qual é o limite anual de horas para a participação esporádica remunerada em palestras, conferências e atividades artísticas e culturais de docentes em dedicação exclusiva?",O limite anual é de 30 horas.,"O limite anual de horas para a participação esporádica remunerada em palestras, conferências, atividades artísticas e culturais de docentes em dedicação exclusiva não pode exceder a 30 horas anuais.",0.2926829268292683,0.20512820512820512,0.2926829268292683,0.2926829268292683,0.0,0.8036078810691833,0.9253432154655457,0.8601899147033691,0.375,0.0,4.4564,4
1,43,tfidf,"RESOLUÇÃO NORMATIVA Nº 218-2024-Estab. normas, critérios e proc. para a participação de docentes (DE) em atividades remuneradas.pdf",Qual é o limite de carga horária para atividades remuneradas eventuais previstas no artigo 7º da Resolução Normativa nº 218 de 2024?,As atividades remuneradas eventuais não podem exceder 8 horas semanais ou 416 horas anuais.,Não encontrei essa informação no contexto fornecido.,0.16666666666666669,0.09090909090909091,0.16666666666666669,0.16666666666666669,0.0,0.8233992457389832,0.8057843446731567,0.814496636390686,0.1,0.0,2.9235,4
1,43,tfidf,"RESOLUÇÃO NORMATIVA Nº 217-2024-Atualiza o Regimento Interno da Comissão Permanente de Pessoal Docente (CPPD), no âmbito do Instituto Federal de Educação, Ciência e Tecnologia do Piauí (IFPI)..pdf",Como é composta a CPPD do IFPI em número de membros titulares e suplentes?,"A CPPD do IFPI é composta por 10 docentes, sendo 5 representantes titulares e 5 representantes suplentes.","A CPPD do IFPI terá membros titulares e suplentes, sendo que o registro da candidatura ocorrerá por chapa composta por dois docentes, com indicação do titular e suplente.",0.4888888888888889,0.23255813953488372,0.35555555555555557,0.35555555555555557,0.12459714829009788,0.8989600539207458,0.9330469369888306,0.9156864285469055,0.5499999999999999,0.0,4.2601,4
1,43,tfidf,"RESOLUÇÃO NORMATIVA Nº 217-2024-Atualiza o Regimento Interno da Comissão Permanente de Pessoal Docente (CPPD), no âmbito do Instituto Federal de Educação, Ciência e Tecnologia do Piauí (IFPI)..pdf",Qual é o mandato dos integrantes da CPPD do IFPI?,"O mandato dos integrantes da CPPD é de 4 anos, com possibilidade de uma única recondução por igual período.",O mandato dos integrantes da CPPD do IFPI não é especificado no contexto fornecido.,0.4117647058823529,0.3125,0.4117647058823529,0.4117647058823529,0.23321503395334311,0.8847048282623291,0.8674375414848328,0.8759860992431641,0.43750000000000006,0.0,3.1787,4
1,43,tfidf,"RESOLUÇÃO Nº 27-2024-Aprova  a criação do curso de Qualificação Profissional, de Formação Inicial e Continuada (FIC) em Aquicultor, no âmbito do IFPI e Anexo.pdf",Quantas vagas são ofertadas no curso FIC em Aquicultor?,O curso FIC em Aquicultor oferta 40 vagas.,O curso de Qualificação Profissional - Formação Inicial e Continuada (FIC) em Aquicultor oferece 40 vagas.,0.56,0.34782608695652173,0.56,0.56,0.0,0.863581657409668,0.969627320766449,0.9135372638702393,0.608695652173913,0.0,3.8562,4
1,43,tfidf,"RESOLUÇÃO Nº 27-2024-Aprova  a criação do curso de Qualificação Profissional, de Formação Inicial e Continuada (FIC) em Aquicultor, no âmbito do IFPI e Anexo.pdf",Qual é a forma de acesso ao curso FIC em Aquicultor?,A forma de acesso ao curso FIC em Aquicultor é por meio de sorteio.,"Para acessar o curso FIC em Aquicultor, o requisito de acesso é ter o Ensino Fundamental I (1º ao 5º) incompleto.",0.4242424242424242,0.2580645161290323,0.30303030303030304,0.30303030303030304,0.12409597120849801,0.8614296913146973,0.9270288944244385,0.8930262327194214,0.5,0.0,4.0282,4
2,44,dense_no_rerank,CURSO_SUPERIOR_DE_TECNOLOGIA_EM_ANÁLISE_E_DESENVOLVIMENTO_DE_SISTEMAS.pdf,Em que ano o Curso Superior de Tecnologia em Análise e Desenvolvimento de Sistemas foi criado no Campus de Picos?,O Curso Superior de Tecnologia em Análise e Desenvolvimento de Sistemas foi criado no Campus de Picos em 2013.,O Curso Superior de Tecnologia em Análise e Desenvolvimento de Sistemas foi criado no Campus de Picos em 2013.,1.0,1.0,1.0,1.0,1.0,0.9999999403953552,0.9999999403953552,0.9999999403953552,1.0,1.0,3.8008,4
2,44,dense_no_rerank,CURSO_SUPERIOR_DE_TECNOLOGIA_EM_ANÁLISE_E_DESENVOLVIMENTO_DE_SISTEMAS.pdf,Qual é a unidade de oferta do Curso Superior de Tecnologia em Análise e Desenvolvimento de Sistemas descrita no PPC?,A unidade de oferta do curso é o Campus Teresina Central.,A unidade da oferta do Curso Superior de Tecnologia em Análise e Desenvolvimento de Sistemas é o Campus Teresina Central.,0.6666666666666666,0.42857142857142855,0.6,0.6,0.28320384389628495,0.8714810013771057,0.9715954065322876,0.9188191294670105,0.7333333333333334,0.0,3.4636,4
2,44,dense_no_rerank,CURSO_SUPERIOR_DE_TECNOLOGIA_EM_ANÁLISE_E_DESENVOLVIMENTO_DE_SISTEMAS.pdf,Qual é a carga horária total do Curso Superior de Tecnologia em Análise e Desenvolvimento de Sistemas?,A carga horária total do curso é de 2100 horas.,A carga horária total do Curso Superior de Tecnologia em Sistemas para Internet é de 2.100 horas.,0.6428571428571429,0.46153846153846156,0.6428571428571429,0.6428571428571429,0.25772294506990867,0.8713124394416809,0.9634993672370911,0.915090024471283,0.6666666666666667,0.0,3.5588,4
2,44,dense_no_rerank,CURSO_SUPERIOR_DE_TECNOLOGIA_EM_ANÁLISE_E_DESENVOLVIMENTO_DE_SISTEMAS.pdf,Quantas vagas por ano são ofertadas no Curso Superior de Tecnologia em Análise e Desenvolvimento de Sistemas?,O curso oferta 40 vagas por ano.,O Curso Superior de Tecnologia em Análise e Desenvolvimento de Sistemas oferece 40 vagas por ano no turno vespertino.,0.4444444444444444,0.32,0.4444444444444444,0.4444444444444444,0.1326475916741222,0.8291540145874023,0.955398440361023,0.8878107666969299,0.48,0.0,3.5817,4
2,44,dense_no_rerank,"RESOLUÇÃO Nº 14-2025-Aprova a Criação do Curso de Aperfeiçoamento Escola da Terra, no âmbito do Instituto Federal de Educação, Ciência e Tecnologia do Piauí (IFPI) e Anexo..pdf",Qual é a carga horária total do curso Escola da Terra?,A carga horária total do curso Escola da Terra é de 180 horas.,A carga horária total do curso Escola da Terra é de 180 horas.,1.0,1.0,1.0,1.0,1.0,1.0,1.0,1.0,1.0,1.0,3.5004,4
2,44,dense_no_rerank,"RESOLUÇÃO Nº 14-2025-Aprova a Criação do Curso de Aperfeiçoamento Escola da Terra, no âmbito do Instituto Federal de Educação, Ciência e Tecnologia do Piauí (IFPI) e Anexo..pdf",Qual é a meta física do curso Escola da Terra em número de vagas?,A meta física do curso Escola da Terra é de 120 vagas.,A meta física do curso Escola da Terra é de 120 vagas para professoras e coordenadoras pedagógicas de turmas multisseriadas.,0.7272727272727273,0.7096774193548387,0.7272727272727273,0.7272727272727273,0.5471114295717522,0.8801493048667908,0.9877628684043884,0.9308561682701111,0.7741935483870968,0.0,4.1309,4
2,44,dense_no_rerank,"RESOLUÇÃO Nº 14-2025-Aprova a Criação do Curso de Aperfeiçoamento Escola da Terra, no âmbito do Instituto Federal de Educação, Ciência e Tecnologia do Piauí (IFPI) e Anexo..pdf",Quando está previsto o início do curso Escola da Terra?,O início do curso Escola da Terra está previsto para março de 2025.,O Curso de Especialização Escola da Terra está previsto para iniciar no primeiro semestre de 2025.,0.6875,0.39999999999999997,0.625,0.625,0.36821398145189993,0.9271272420883179,0.9493149518966675,0.9380899667739868,0.7142857142857142,0.0,3.7111,4
2,44,dense_no_rerank,"RESOLUÇÃO Nº 14-2025-Aprova a Criação do Curso de Aperfeiçoamento Escola da Terra, no âmbito do Instituto Federal de Educação, Ciência e Tecnologia do Piauí (IFPI) e Anexo..pdf",Quem é o coordenador do curso Escola da Terra?,O coordenador do curso Escola da Terra é Gilson Mendes Araújo.,O coordenador do Curso Escola da Terra é Emanuel Alcântara da Silva.,0.6086956521739131,0.5714285714285713,0.6086956521739131,0.6086956521739131,0.2891784933232572,0.9072921872138977,0.9519469141960144,0.9290832877159119,0.7272727272727273,0.0,3.096,4
2,44,dense_no_rerank,"RESOLUÇÃO NORMATIVA Nº 236-2025-Prorroga o Plano Diretor de Tecnologia da Informação e Comunicação (PDTIC-2022-2024), do Instituto Federal de Educação, Ciência e Tecnologia do Piauí (IFPI) e Anexo.pdf",Para qual exercício foi prorrogada a vigência do PDTIC-2022/2024 do IFPI?,A vigência do PDTIC-2022/2024 foi prorrogada para o exercício de 2025.,"O Plano Diretor de Tecnologia da Informação e Comunicação (PDTIC-2022/2024) do Instituto Federal de Educação, Ciência e Tecnologia do Piauí (IFPI) foi prorrogado para o exercício de 2025.",0.48000000000000004,0.2916666666666667,0.4,0.4,0.1690653646485627,0.8415287733078003,0.9482990503311157,0.8917292952537537,0.5405405405405406,0.0,5.2659,4
2,44,dense_no_rerank,"RESOLUÇÃO NORMATIVA Nº 236-2025-Prorroga o Plano Diretor de Tecnologia da Informação e Comunicação (PDTIC-2022-2024), do Instituto Federal de Educação, Ciência e Tecnologia do Piauí (IFPI) e Anexo.pdf",Qual resolução foi revogada pela Resolução Normativa nº 236 de 2025?,"Foi revogada a Resolução Normativa nº 133/2022 - CONSELHO SUPERIOR, de 29 de abril de 2022.",A Resolução Normativa nº 236 de 2025 revogou a Resolução NormaAva nº 206/2024.,0.3636363636363636,0.2580645161290323,0.3636363636363636,0.3636363636363636,0.0,0.916382372379303,0.8532021045684814,0.8836644291877747,0.41666666666666663,0.0,4.593,4
2,44,dense_no_rerank,"RESOLUÇÃO NORMATIVA Nº 236-2025-Prorroga o Plano Diretor de Tecnologia da Informação e Comunicação (PDTIC-2022-2024), do Instituto Federal de Educação, Ciência e Tecnologia do Piauí (IFPI) e Anexo.pdf",Quais são as três fases da metodologia de elaboração do PDTIC descritas no documento?,"As três fases da metodologia de elaboração do PDTIC são Preparação, Diagnóstico e Planejamento.","As três fases da metodologia de elaboração do PDTIC são Preparação, Diagnóstico e Planejamento.",1.0,1.0,1.0,1.0,1.0,1.0,1.0,1.0,1.0,1.0,3.3665,4
2,44,dense_no_rerank,"RESOLUÇÃO NORMATIVA Nº 236-2025-Prorroga o Plano Diretor de Tecnologia da Informação e Comunicação (PDTIC-2022-2024), do Instituto Federal de Educação, Ciência e Tecnologia do Piauí (IFPI) e Anexo.pdf",Em que guia se baseou a metodologia de elaboração do PDTIC do IFPI?,"A metodologia de elaboração do PDTIC do IFPI baseou-se no Guia de PDTIC do SISP, versão 2.0, adaptado à realidade do IFPI.","A metodologia de elaboração do PDTIC do IFPI baseou-se no Guia de PDTIC do SISP, versão 2.0, adaptado à realidade do IFPI.",1.0,1.0,1.0,1.0,1.0,1.0,1.0,1.0,1.0,1.0,4.2124,4
2,44,dense_no_rerank,"RESOLUÇÃO NORMATIVA Nº 223-2024-Atualiza a Regulamentação do planejamento e o registro das atividades acadêmicas dos docentes da Carreira do Magistério do Ensino Básico, Técnico e Tecnológico do IFPI.pdf",Quais são os regimes de trabalho previstos para os docentes do EBTT no IFPI?,"Os regimes de trabalho previstos são 40 horas com dedicação exclusiva, 40 horas e 20 horas semanais.","Os regimes de trabalho dos docentes do EBTT do IFPI são definidos de acordo com a Tabela de Atividades, e o plano de trabalho deve totalizar a carga horária prevista para cada regime.",0.3333333333333333,0.15384615384615383,0.2962962962962963,0.2962962962962963,0.08096470168539781,0.8477762341499329,0.8593393564224243,0.8535186052322388,0.3414634146341463,0.0,4.4959,4
2,44,dense_no_rerank,"RESOLUÇÃO NORMATIVA Nº 223-2024-Atualiza a Regulamentação do planejamento e o registro das atividades acadêmicas dos docentes da Carreira do Magistério do Ensino Básico, Técnico e Tecnológico do IFPI.pdf","Para cada hora de regência de aulas, quantas horas adicionais o docente computará para atividades de organização e apoio ao ensino?","Para cada hora de regência de aulas, o docente computará uma hora adicional para atividades de organização e apoio ao ensino.","Para cada hora de Regência de Aula, o docente computará uma hora adicional para atividades de Organização e Apoio ao Ensino.",0.9565217391304348,0.9090909090909091,0.9565217391304348,0.9565217391304348,0.5339935148604845,0.9223076105117798,0.942150354385376,0.9321234226226807,0.9411764705882353,0.0,3.7203,4
2,44,dense_no_rerank,"RESOLUÇÃO NORMATIVA Nº 218-2024-Estab. normas, critérios e proc. para a participação de docentes (DE) em atividades remuneradas.pdf","Qual é o limite anual de horas para a participação esporádica remunerada em palestras, conferências e atividades artísticas e culturais de docentes em dedicação exclusiva?",O limite anual é de 30 horas.,"O limite anual de horas para a participação esporádica remunerada em palestras, conferências, atividades artísticas e culturais de docentes em dedicação exclusiva não pode exceder a 30 horas anuais.",0.2926829268292683,0.20512820512820512,0.2926829268292683,0.2926829268292683,0.0,0.8036078810691833,0.9253432154655457,0.8601899147033691,0.375,0.0,4.65,4
2,44,dense_no_rerank,"RESOLUÇÃO NORMATIVA Nº 218-2024-Estab. normas, critérios e proc. para a participação de docentes (DE) em atividades remuneradas.pdf",Qual é o limite de carga horária para atividades remuneradas eventuais previstas no artigo 7º da Resolução Normativa nº 218 de 2024?,As atividades remuneradas eventuais não podem exceder 8 horas semanais ou 416 horas anuais.,O limite de carga horária para a prestação institucional de serviços remunerada de um servidor não pode ultrapassar 8 (oito) horas semanais ou 416 (quatrocentas e dezesseis) horas anuais.,0.37499999999999994,0.21739130434782608,0.37499999999999994,0.37499999999999994,0.1049439266125276,0.8394305109977722,0.9174327850341797,0.8767000436782837,0.3589743589743589,0.0,4.9443,4
2,44,dense_no_rerank,"RESOLUÇÃO NORMATIVA Nº 217-2024-Atualiza o Regimento Interno da Comissão Permanente de Pessoal Docente (CPPD), no âmbito do Instituto Federal de Educação, Ciência e Tecnologia do Piauí (IFPI)..pdf",Como é composta a CPPD do IFPI em número de membros titulares e suplentes?,"A CPPD do IFPI é composta por 10 docentes, sendo 5 representantes titulares e 5 representantes suplentes.","A CPPD do IFPI é composta por dez docentes da carreira de Ensino Básico, Técnico e Tecnológico, sendo cinco representantes titulares e cinco representantes suplentes.",0.6046511627906976,0.3902439024390244,0.6046511627906976,0.6046511627906976,0.31645275923351984,0.9136143922805786,0.9827612638473511,0.9469271898269653,0.7027027027027029,0.0,4.1701,4
2,44,dense_no_rerank,"RESOLUÇÃO NORMATIVA Nº 217-2024-Atualiza o Regimento Interno da Comissão Permanente de Pessoal Docente (CPPD), no âmbito do Instituto Federal de Educação, Ciência e Tecnologia do Piauí (IFPI)..pdf",Qual é o mandato dos integrantes da CPPD do IFPI?,"O mandato dos integrantes da CPPD é de 4 anos, com possibilidade de uma única recondução por igual período.","Os integrantes da CPPD do IFPI terão mandato de 04 (quatro) anos, podendo haver uma única recondução por igual período.",0.6976744186046512,0.4878048780487805,0.6046511627906976,0.6046511627906976,0.3299895472527792,0.9243701696395874,0.944128692150116,0.9341450333595276,0.631578947368421,0.0,4.0019,4
2,44,dense_no_rerank,"RESOLUÇÃO Nº 27-2024-Aprova  a criação do curso de Qualificação Profissional, de Formação Inicial e Continuada (FIC) em Aquicultor, no âmbito do IFPI e Anexo.pdf",Quantas vagas são ofertadas no curso FIC em Aquicultor?,O curso FIC em Aquicultor oferta 40 vagas.,O curso de Qualificação Profissional - Formação Inicial e Continuada (FIC) em Aquicultor oferece 40 vagas.,0.56,0.34782608695652173,0.56,0.56,0.0,0.863581657409668,0.969627320766449,0.9135372638702393,0.608695652173913,0.0,3.7809,4
2,44,dense_no_rerank,"RESOLUÇÃO Nº 27-2024-Aprova  a criação do curso de Qualificação Profissional, de Formação Inicial e Continuada (FIC) em Aquicultor, no âmbito do IFPI e Anexo.pdf",Qual é a forma de acesso ao curso FIC em Aquicultor?,A forma de acesso ao curso FIC em Aquicultor é por meio de sorteio.,A forma de acesso ao curso FIC em Aquicultor exige que o candidato possua o Ensino Fundamental I (1º ao 5º ano) incompleto.,0.5,0.4705882352941177,0.5,0.5,0.31107972814824386,0.8755465745925903,0.9480505585670471,0.9103571772575378,0.5294117647058824,0.0,4.075,4
2,44,dense_rerank,CURSO_SUPERIOR_DE_TECNOLOGIA_EM_ANÁLISE_E_DESENVOLVIMENTO_DE_SISTEMAS.pdf,Em que ano o Curso Superior de Tecnologia em Análise e Desenvolvimento de Sistemas foi criado no Campus de Picos?,O Curso Superior de Tecnologia em Análise e Desenvolvimento de Sistemas foi criado no Campus de Picos em 2013.,O Curso Superior de Tecnologia em Análise e Desenvolvimento de Sistemas foi criado no Campus de Picos em 2013.,1.0,1.0,1.0,1.0,1.0,0.9999999403953552,0.9999999403953552,0.9999999403953552,1.0,1.0,3.6745,4
2,44,dense_rerank,CURSO_SUPERIOR_DE_TECNOLOGIA_EM_ANÁLISE_E_DESENVOLVIMENTO_DE_SISTEMAS.pdf,Qual é a unidade de oferta do Curso Superior de Tecnologia em Análise e Desenvolvimento de Sistemas descrita no PPC?,A unidade de oferta do curso é o Campus Teresina Central.,"O Projeto Pedagógico do Curso Superior de Tecnologia em Análise e Desenvolvimento de Sistemas é fruto de um processo de reflexão e discussão coletiva, com participação dos professores e da comunidade acadêmica.",0.1702127659574468,0.04444444444444444,0.12765957446808512,0.12765957446808512,0.0,0.7909088134765625,0.8624572157859802,0.8251348733901978,0.2631578947368421,0.0,4.1544,4
2,44,dense_rerank,CURSO_SUPERIOR_DE_TECNOLOGIA_EM_ANÁLISE_E_DESENVOLVIMENTO_DE_SISTEMAS.pdf,Qual é a carga horária total do Curso Superior de Tecnologia em Análise e Desenvolvimento de Sistemas?,A carga horária total do curso é de 2100 horas.,"A carga horária total do Curso Superior de Tecnologia em Análise e Desenvolvimento de Sistemas é de 400 horas, distribuídas em 20 semanas.",0.5142857142857143,0.36363636363636365,0.5142857142857143,0.5142857142857143,0.17268932789342512,0.839600145816803,0.9638860821723938,0.8974605798721313,0.6,0.0,4.0051,4
2,44,dense_rerank,CURSO_SUPERIOR_DE_TECNOLOGIA_EM_ANÁLISE_E_DESENVOLVIMENTO_DE_SISTEMAS.pdf,Quantas vagas por ano são ofertadas no Curso Superior de Tecnologia em Análise e Desenvolvimento de Sistemas?,O curso oferta 40 vagas por ano.,O Curso Superior de Tecnologia em Análise e Desenvolvimento de Sistemas oferece 40 vagas no turno do período noturno para o primeiro semestre de 2025.,0.23529411764705882,0.125,0.23529411764705882,0.23529411764705882,0.0,0.816933274269104,0.9160752892494202,0.8636683821678162,0.27586206896551724,0.0,3.9426,4
2,44,dense_rerank,"RESOLUÇÃO Nº 14-2025-Aprova a Criação do Curso de Aperfeiçoamento Escola da Terra, no âmbito do Instituto Federal de Educação, Ciência e Tecnologia do Piauí (IFPI) e Anexo..pdf",Qual é a carga horária total do curso Escola da Terra?,A carga horária total do curso Escola da Terra é de 180 horas.,"A carga horária total do curso Escola da Terra é de 180 horas/aula presenciais, divididas em cinco módulos.",0.787878787878788,0.7741935483870968,0.787878787878788,0.787878787878788,0.5695988432761473,0.9143187999725342,0.9894363880157471,0.9503955841064453,0.8125000000000001,0.0,3.9682,4
2,44,dense_rerank,"RESOLUÇÃO Nº 14-2025-Aprova a Criação do Curso de Aperfeiçoamento Escola da Terra, no âmbito do Instituto Federal de Educação, Ciência e Tecnologia do Piauí (IFPI) e Anexo..pdf",Qual é a meta física do curso Escola da Terra em número de vagas?,A meta física do curso Escola da Terra é de 120 vagas.,A meta física do curso Escola da Terra é de 120 vagas para professoras e coordenadoras pedagógicas de turmas multisseriadas.,0.7272727272727273,0.7096774193548387,0.7272727272727273,0.7272727272727273,0.5471114295717522,0.8801493048667908,0.9877628684043884,0.9308561682701111,0.7741935483870968,0.0,4.3407,4
2,44,dense_rerank,"RESOLUÇÃO Nº 14-2025-Aprova a Criação do Curso de Aperfeiçoamento Escola da Terra, no âmbito do Instituto Federal de Educação, Ciência e Tecnologia do Piauí (IFPI) e Anexo..pdf",Quando está previsto o início do curso Escola da Terra?,O início do curso Escola da Terra está previsto para março de 2025.,O curso Aperfeiçoamento Escola da Terra está autorizado a funcionar a partir do primeiro semestre de 2024.,0.4848484848484848,0.1935483870967742,0.42424242424242425,0.42424242424242425,0.16467029855845897,0.872579038143158,0.9227262139320374,0.8969522714614868,0.5517241379310345,0.0,3.8176,4
2,44,dense_rerank,"RESOLUÇÃO Nº 14-2025-Aprova a Criação do Curso de Aperfeiçoamento Escola da Terra, no âmbito do Instituto Federal de Educação, Ciência e Tecnologia do Piauí (IFPI) e Anexo..pdf",Quem é o coordenador do curso Escola da Terra?,O coordenador do curso Escola da Terra é Gilson Mendes Araújo.,O coordenador do curso Escola da Terra é Emanuel Alcântara da Silva.,0.6086956521739131,0.5714285714285713,0.6086956521739131,0.6086956521739131,0.5760844201603896,0.9166338443756104,0.9614384174346924,0.9385016560554504,0.7272727272727273,0.0,3.1453,4
2,44,dense_rerank,"RESOLUÇÃO NORMATIVA Nº 236-2025-Prorroga o Plano Diretor de Tecnologia da Informação e Comunicação (PDTIC-2022-2024), do Instituto Federal de Educação, Ciência e Tecnologia do Piauí (IFPI) e Anexo.pdf",Para qual exercício foi prorrogada a vigência do PDTIC-2022/2024 do IFPI?,A vigência do PDTIC-2022/2024 foi prorrogada para o exercício de 2025.,"O Plano Diretor de Tecnologia da Informação e Comunicação (PDTIC-2022/2024) do Instituto Federal de Educação, Ciência e Tecnologia do Piauí (IFPI) foi prorrogado para o exercício de 2025.",0.48000000000000004,0.2916666666666667,0.4,0.4,0.1690653646485627,0.8415287733078003,0.9482990503311157,0.8917292952537537,0.5405405405405406,0.0,5.3305,4
2,44,dense_rerank,"RESOLUÇÃO NORMATIVA Nº 236-2025-Prorroga o Plano Diretor de Tecnologia da Informação e Comunicação (PDTIC-2022-2024), do Instituto Federal de Educação, Ciência e Tecnologia do Piauí (IFPI) e Anexo.pdf",Qual resolução foi revogada pela Resolução Normativa nº 236 de 2025?,"Foi revogada a Resolução Normativa nº 133/2022 - CONSELHO SUPERIOR, de 29 de abril de 2022.",A Resolução Normativa nº 248 de 2025 revogou a Resolução Normativa nº 113/2024.,0.3636363636363636,0.2580645161290323,0.3636363636363636,0.3636363636363636,0.1371412313982141,0.9315725564956665,0.8553409576416016,0.8918307423591614,0.4347826086956522,0.0,4.8774,4
2,44,dense_rerank,"RESOLUÇÃO NORMATIVA Nº 236-2025-Prorroga o Plano Diretor de Tecnologia da Informação e Comunicação (PDTIC-2022-2024), do Instituto Federal de Educação, Ciência e Tecnologia do Piauí (IFPI) e Anexo.pdf",Quais são as três fases da metodologia de elaboração do PDTIC descritas no documento?,"As três fases da metodologia de elaboração do PDTIC são Preparação, Diagnóstico e Planejamento.","As três fases da metodologia de elaboração do PDTIC são: Preparação, Diagnóstico e Planejamento.",1.0,1.0,1.0,1.0,0.8282477531331041,0.9927828311920166,0.9966408014297485,0.9947080612182617,1.0,0.0,3.5007,4
2,44,dense_rerank,"RESOLUÇÃO NORMATIVA Nº 236-2025-Prorroga o Plano Diretor de Tecnologia da Informação e Comunicação (PDTIC-2022-2024), do Instituto Federal de Educação, Ciência e Tecnologia do Piauí (IFPI) e Anexo.pdf",Em que guia se baseou a metodologia de elaboração do PDTIC do IFPI?,"A metodologia de elaboração do PDTIC do IFPI baseou-se no Guia de PDTIC do SISP, versão 2.0, adaptado à realidade do IFPI.","A metodologia de elaboração do PDTIC do IFPI baseou-se no Guia de PDTIC do SISP, versão 2.0, adaptado à realidade do IFPI.",1.0,1.0,1.0,1.0,1.0,1.0,1.0,1.0,1.0,1.0,4.2467,4
2,44,dense_rerank,"RESOLUÇÃO NORMATIVA Nº 223-2024-Atualiza a Regulamentação do planejamento e o registro das atividades acadêmicas dos docentes da Carreira do Magistério do Ensino Básico, Técnico e Tecnológico do IFPI.pdf",Quais são os regimes de trabalho previstos para os docentes do EBTT no IFPI?,"Os regimes de trabalho previstos são 40 horas com dedicação exclusiva, 40 horas e 20 horas semanais.","Os docentes da carreira de Ensino Básico, Técnico e Tecnológico do IFPI são submetidos a um dos seguintes regimes de trabalho: tempo integral de 40 (quarenta) horas semanais com dedicação exclusiva (DE), tempo integral de 40 (quarenta) horas semanais, ou tempo parcial de 20 (vinte) horas semanais de trabalho.",0.4931506849315068,0.19718309859154928,0.410958904109589,0.410958904109589,0.0,0.8409399390220642,0.9313183426856995,0.8838246464729309,0.5531914893617021,0.0,6.8092,4
2,44,dense_rerank,"RESOLUÇÃO NORMATIVA Nº 223-2024-Atualiza a Regulamentação do planejamento e o registro das atividades acadêmicas dos docentes da Carreira do Magistério do Ensino Básico, Técnico e Tecnológico do IFPI.pdf","Para cada hora de regência de aulas, quantas horas adicionais o docente computará para atividades de organização e apoio ao ensino?","Para cada hora de regência de aulas, o docente computará uma hora adicional para atividades de organização e apoio ao ensino.","Os docentes orientadores poderão computar até duas horas de Regência de Aulas para atividades de orientação de projetos integradores, disciplinas do Núcleo Integrador ou do Núcleo Complementar, e atividades de extensão.",0.4,0.20689655172413793,0.3333333333333333,0.3333333333333333,0.0,0.834890604019165,0.8828171491622925,0.8581852316856384,0.2926829268292683,0.0,4.6485,4
2,44,dense_rerank,"RESOLUÇÃO NORMATIVA Nº 218-2024-Estab. normas, critérios e proc. para a participação de docentes (DE) em atividades remuneradas.pdf","Qual é o limite anual de horas para a participação esporádica remunerada em palestras, conferências e atividades artísticas e culturais de docentes em dedicação exclusiva?",O limite anual é de 30 horas.,"O limite anual de horas para a participação esporádica remunerada em palestras, conferências, atividades artísticas e culturais de docentes em dedicação exclusiva é de 30 horas.",0.33333333333333337,0.29411764705882354,0.33333333333333337,0.33333333333333337,0.16110518603734317,0.8159887194633484,0.9578015804290771,0.8812262415885925,0.4827586206896552,0.0,4.4948,4
2,44,dense_rerank,"RESOLUÇÃO NORMATIVA Nº 218-2024-Estab. normas, critérios e proc. para a participação de docentes (DE) em atividades remuneradas.pdf",Qual é o limite de carga horária para atividades remuneradas eventuais previstas no artigo 7º da Resolução Normativa nº 218 de 2024?,As atividades remuneradas eventuais não podem exceder 8 horas semanais ou 416 horas anuais.,"O limite de carga horária para atividades remuneradas eventuais de servidor docente com dedicação exclusiva desenvolvendo atividades de prestação de serviços em projetos de ensino, pesquisa e extensão é de 8 (oito) horas semanais ou 416 (quatrocentas e dezesseis) horas anuais.",0.36666666666666664,0.20689655172413793,0.36666666666666664,0.36666666666666664,0.09209953959254491,0.8370878100395203,0.9211336970329285,0.8771019577980042,0.391304347826087,0.0,5.7821,4
2,44,dense_rerank,"RESOLUÇÃO NORMATIVA Nº 217-2024-Atualiza o Regimento Interno da Comissão Permanente de Pessoal Docente (CPPD), no âmbito do Instituto Federal de Educação, Ciência e Tecnologia do Piauí (IFPI)..pdf",Como é composta a CPPD do IFPI em número de membros titulares e suplentes?,"A CPPD do IFPI é composta por 10 docentes, sendo 5 representantes titulares e 5 representantes suplentes.","A Comissão Permanente de Pessoal Docente do IFPI é composta por dez docentes da carreira de Ensino Básico, Técnico e Tecnológico, sendo cinco representantes titulares e cinco representantes suplentes.",0.5,0.26086956521739135,0.5,0.5,0.19887294770987018,0.8777009844779968,0.9611592292785645,0.917536199092865,0.6,0.0,4.3866,4
2,44,dense_rerank,"RESOLUÇÃO NORMATIVA Nº 217-2024-Atualiza o Regimento Interno da Comissão Permanente de Pessoal Docente (CPPD), no âmbito do Instituto Federal de Educação, Ciência e Tecnologia do Piauí (IFPI)..pdf",Qual é o mandato dos integrantes da CPPD do IFPI?,"O mandato dos integrantes da CPPD é de 4 anos, com possibilidade de uma única recondução por igual período.","Os integrantes da CPPD do IFPI têm mandato de 4 (quatro) anos, podendo haver uma única recondução por igual período.",0.6976744186046512,0.4878048780487805,0.6511627906976744,0.6511627906976744,0.3446913316729032,0.9351704120635986,0.9487611055374146,0.9419167041778564,0.6842105263157895,0.0,3.9065,4
2,44,dense_rerank,"RESOLUÇÃO Nº 27-2024-Aprova  a criação do curso de Qualificação Profissional, de Formação Inicial e Continuada (FIC) em Aquicultor, no âmbito do IFPI e Anexo.pdf",Quantas vagas são ofertadas no curso FIC em Aquicultor?,O curso FIC em Aquicultor oferta 40 vagas.,O curso de Qualificação Profissional - Formação Inicial e Continuada (FIC) em Aquicultor oferece 40 vagas.,0.56,0.34782608695652173,0.56,0.56,0.0,0.863581657409668,0.969627320766449,0.9135372638702393,0.608695652173913,0.0,3.8512,4
2,44,dense_rerank,"RESOLUÇÃO Nº 27-2024-Aprova  a criação do curso de Qualificação Profissional, de Formação Inicial e Continuada (FIC) em Aquicultor, no âmbito do IFPI e Anexo.pdf",Qual é a forma de acesso ao curso FIC em Aquicultor?,A forma de acesso ao curso FIC em Aquicultor é por meio de sorteio.,A forma de oferta do Curso de Qualificação Profissional - Formação Inicial e Continuada (FIC) em Aquicultor é presencial.,0.5,0.26666666666666666,0.4375,0.4375,0.0,0.8556186556816101,0.9247289299964905,0.8888323903083801,0.5333333333333333,0.0,3.9696,4
2,44,bm25,CURSO_SUPERIOR_DE_TECNOLOGIA_EM_ANÁLISE_E_DESENVOLVIMENTO_DE_SISTEMAS.pdf,Em que ano o Curso Superior de Tecnologia em Análise e Desenvolvimento de Sistemas foi criado no Campus de Picos?,O Curso Superior de Tecnologia em Análise e Desenvolvimento de Sistemas foi criado no Campus de Picos em 2013.,O Curso Superior de Tecnologia em Análise e Desenvolvimento de Sistemas no Campus de Picos foi autorizado em 2013.,0.9500000000000001,0.7894736842105263,0.9,0.9,0.7172835948406505,0.9870268106460571,0.9908930659294128,0.9889561533927917,0.9375,0.0,3.5736,4
2,44,bm25,CURSO_SUPERIOR_DE_TECNOLOGIA_EM_ANÁLISE_E_DESENVOLVIMENTO_DE_SISTEMAS.pdf,Qual é a unidade de oferta do Curso Superior de Tecnologia em Análise e Desenvolvimento de Sistemas descrita no PPC?,A unidade de oferta do curso é o Campus Teresina Central.,"A unidade de oferta do Curso Superior de Tecnologia em Análise e Desenvolvimento de Sistemas descrita no PPC são os campi Teresina Central, Floriano, Picos, Corrente, Pedro II e Parnaíba.",0.41860465116279066,0.29268292682926833,0.41860465116279066,0.41860465116279066,0.11755743200908036,0.8304221630096436,0.945409893989563,0.8841931819915771,0.42105263157894735,0.0,4.4289,4
2,44,bm25,CURSO_SUPERIOR_DE_TECNOLOGIA_EM_ANÁLISE_E_DESENVOLVIMENTO_DE_SISTEMAS.pdf,Qual é a carga horária total do Curso Superior de Tecnologia em Análise e Desenvolvimento de Sistemas?,A carga horária total do curso é de 2100 horas.,"As atividades complementares do Curso Superior de Tecnologia em Análise e Desenvolvimento de Sistemas deverão ter o total de no mínimo cem horas, correspondente a 5% da carga horária total do curso.",0.391304347826087,0.22727272727272727,0.30434782608695654,0.30434782608695654,0.11117895489854909,0.81644606590271,0.9267646074295044,0.8681145906448364,0.43243243243243246,0.0,4.4107,4
2,44,bm25,CURSO_SUPERIOR_DE_TECNOLOGIA_EM_ANÁLISE_E_DESENVOLVIMENTO_DE_SISTEMAS.pdf,Quantas vagas por ano são ofertadas no Curso Superior de Tecnologia em Análise e Desenvolvimento de Sistemas?,O curso oferta 40 vagas por ano.,O Curso Superior de Tecnologia em Análise e Desenvolvimento de Sistemas oferece 40 vagas por ano no turno vespertino.,0.4444444444444444,0.32,0.4444444444444444,0.4444444444444444,0.1326475916741222,0.8291540145874023,0.955398440361023,0.8878107666969299,0.48,0.0,3.4168,4
2,44,bm25,"RESOLUÇÃO Nº 14-2025-Aprova a Criação do Curso de Aperfeiçoamento Escola da Terra, no âmbito do Instituto Federal de Educação, Ciência e Tecnologia do Piauí (IFPI) e Anexo..pdf",Qual é a carga horária total do curso Escola da Terra?,A carga horária total do curso Escola da Terra é de 180 horas.,O Curso de Especialização Escola da Terra possui uma carga horária total de 360 horas.,0.6666666666666667,0.35714285714285715,0.4000000000000001,0.4000000000000001,0.0,0.9218363165855408,0.9436997175216675,0.9326398968696594,0.6666666666666666,0.0,3.2462,4
2,44,bm25,"RESOLUÇÃO Nº 14-2025-Aprova a Criação do Curso de Aperfeiçoamento Escola da Terra, no âmbito do Instituto Federal de Educação, Ciência e Tecnologia do Piauí (IFPI) e Anexo..pdf",Qual é a meta física do curso Escola da Terra em número de vagas?,A meta física do curso Escola da Terra é de 120 vagas.,O Curso Aperfeiçoamento Escola da Terra possui 30 vagas.,0.45454545454545453,0.19999999999999998,0.45454545454545453,0.45454545454545453,0.0,0.880872368812561,0.914977490901947,0.8976011276245117,0.4761904761904762,0.0,2.6637,4
2,44,bm25,"RESOLUÇÃO Nº 14-2025-Aprova a Criação do Curso de Aperfeiçoamento Escola da Terra, no âmbito do Instituto Federal de Educação, Ciência e Tecnologia do Piauí (IFPI) e Anexo..pdf",Quando está previsto o início do curso Escola da Terra?,O início do curso Escola da Terra está previsto para março de 2025.,Não encontrei essa informação no contexto fornecido.,0.16666666666666669,0.0,0.16666666666666669,0.16666666666666669,0.0,0.8219438791275024,0.8310289978981018,0.8264614343643188,0.0,0.0,2.6515,4
2,44,bm25,"RESOLUÇÃO Nº 14-2025-Aprova a Criação do Curso de Aperfeiçoamento Escola da Terra, no âmbito do Instituto Federal de Educação, Ciência e Tecnologia do Piauí (IFPI) e Anexo..pdf",Quem é o coordenador do curso Escola da Terra?,O coordenador do curso Escola da Terra é Gilson Mendes Araújo.,"O coordenador do curso Escola da Terra é um docente do campus, de área específica ou pedagógica do curso.",0.45161290322580644,0.41379310344827586,0.45161290322580644,0.45161290322580644,0.3386854985606571,0.900873601436615,0.9360523223876953,0.9181260466575623,0.5925925925925926,0.0,3.3159,4
2,44,bm25,"RESOLUÇÃO NORMATIVA Nº 236-2025-Prorroga o Plano Diretor de Tecnologia da Informação e Comunicação (PDTIC-2022-2024), do Instituto Federal de Educação, Ciência e Tecnologia do Piauí (IFPI) e Anexo.pdf",Para qual exercício foi prorrogada a vigência do PDTIC-2022/2024 do IFPI?,A vigência do PDTIC-2022/2024 foi prorrogada para o exercício de 2025.,O Plano de Desenvolvimento Institucional (PDI) do IFPI teve vigência de 2020 a 2024.,0.4666666666666667,0.07142857142857142,0.20000000000000004,0.20000000000000004,0.0,0.8483378887176514,0.8543418645858765,0.8513292670249939,0.46153846153846156,0.0,3.8941,4
2,44,bm25,"RESOLUÇÃO NORMATIVA Nº 236-2025-Prorroga o Plano Diretor de Tecnologia da Informação e Comunicação (PDTIC-2022-2024), do Instituto Federal de Educação, Ciência e Tecnologia do Piauí (IFPI) e Anexo.pdf",Qual resolução foi revogada pela Resolução Normativa nº 236 de 2025?,"Foi revogada a Resolução Normativa nº 133/2022 - CONSELHO SUPERIOR, de 29 de abril de 2022.",A Resolução Normativa nº 236 de 2025 revogou a Resolução Normativa nº 1/2020 do Conselho Superior.,0.4444444444444444,0.29411764705882354,0.3888888888888889,0.3888888888888889,0.13829483667905937,0.9247279167175293,0.8555519580841064,0.8887959718704224,0.5384615384615384,0.0,4.2198,4
2,44,bm25,"RESOLUÇÃO NORMATIVA Nº 236-2025-Prorroga o Plano Diretor de Tecnologia da Informação e Comunicação (PDTIC-2022-2024), do Instituto Federal de Educação, Ciência e Tecnologia do Piauí (IFPI) e Anexo.pdf",Quais são as três fases da metodologia de elaboração do PDTIC descritas no documento?,"As três fases da metodologia de elaboração do PDTIC são Preparação, Diagnóstico e Planejamento.","As três fases da metodologia de elaboração do PDTIC são Preparação, Diagnóstico e Planejamento.",1.0,1.0,1.0,1.0,1.0,1.0,1.0,1.0,1.0,1.0,3.3112,4
2,44,bm25,"RESOLUÇÃO NORMATIVA Nº 236-2025-Prorroga o Plano Diretor de Tecnologia da Informação e Comunicação (PDTIC-2022-2024), do Instituto Federal de Educação, Ciência e Tecnologia do Piauí (IFPI) e Anexo.pdf",Em que guia se baseou a metodologia de elaboração do PDTIC do IFPI?,"A metodologia de elaboração do PDTIC do IFPI baseou-se no Guia de PDTIC do SISP, versão 2.0, adaptado à realidade do IFPI.","A metodologia utilizada para a elaboração do documento baseou-se no Guia de PDTIC do SISP, versão 2.0, adaptado à realidade do IFPI.",0.8399999999999999,0.75,0.8399999999999999,0.8399999999999999,0.7150762135853476,0.9745191931724548,0.9789811372756958,0.9767451286315918,0.923076923076923,0.0,4.1062,4
2,44,bm25,"RESOLUÇÃO NORMATIVA Nº 223-2024-Atualiza a Regulamentação do planejamento e o registro das atividades acadêmicas dos docentes da Carreira do Magistério do Ensino Básico, Técnico e Tecnológico do IFPI.pdf",Quais são os regimes de trabalho previstos para os docentes do EBTT no IFPI?,"Os regimes de trabalho previstos são 40 horas com dedicação exclusiva, 40 horas e 20 horas semanais.","Os regimes de trabalho previstos para os docentes do EBTT no IFPI são de tempo integral, com 40 horas semanais, ou tempo parcial, com 20 horas semanais.",0.5531914893617021,0.3555555555555555,0.5531914893617021,0.5531914893617021,0.2171788734284664,0.9010717272758484,0.9406071305274963,0.9204151034355164,0.6285714285714286,0.0,4.2822,4
2,44,bm25,"RESOLUÇÃO NORMATIVA Nº 223-2024-Atualiza a Regulamentação do planejamento e o registro das atividades acadêmicas dos docentes da Carreira do Magistério do Ensino Básico, Técnico e Tecnológico do IFPI.pdf","Para cada hora de regência de aulas, quantas horas adicionais o docente computará para atividades de organização e apoio ao ensino?","Para cada hora de regência de aulas, o docente computará uma hora adicional para atividades de organização e apoio ao ensino.","Para cada hora de Regência de Aula, o docente computará uma hora de Organização e Apoio ao Ensino.",0.8837209302325583,0.7804878048780488,0.8837209302325583,0.8837209302325583,0.3414504535105491,0.9086815118789673,0.9197208881378174,0.9141678810119629,0.8749999999999999,0.0,3.6462,4
2,44,bm25,"RESOLUÇÃO NORMATIVA Nº 218-2024-Estab. normas, critérios e proc. para a participação de docentes (DE) em atividades remuneradas.pdf","Qual é o limite anual de horas para a participação esporádica remunerada em palestras, conferências e atividades artísticas e culturais de docentes em dedicação exclusiva?",O limite anual é de 30 horas.,"O limite anual de horas para a participação esporádica remunerada em palestras, conferências, atividades artísticas e culturais de docentes em dedicação exclusiva não pode exceder a 30 horas anuais.",0.2926829268292683,0.20512820512820512,0.2926829268292683,0.2926829268292683,0.0,0.8036078810691833,0.9253432154655457,0.8601899147033691,0.375,0.0,4.5884,4
2,44,bm25,"RESOLUÇÃO NORMATIVA Nº 218-2024-Estab. normas, critérios e proc. para a participação de docentes (DE) em atividades remuneradas.pdf",Qual é o limite de carga horária para atividades remuneradas eventuais previstas no artigo 7º da Resolução Normativa nº 218 de 2024?,As atividades remuneradas eventuais não podem exceder 8 horas semanais ou 416 horas anuais.,"O limite máximo da soma da remuneração, retribuições e bolsas percebidas pelos ocupantes de cargos, funções e empregos públicos não poderá exceder o maior valor recebido pelo funcionalismo público federal.",0.11538461538461539,0.04,0.11538461538461539,0.11538461538461539,0.0,0.8185205459594727,0.8523279428482056,0.8350822329521179,0.1,0.0,4.5849,4
2,44,bm25,"RESOLUÇÃO NORMATIVA Nº 217-2024-Atualiza o Regimento Interno da Comissão Permanente de Pessoal Docente (CPPD), no âmbito do Instituto Federal de Educação, Ciência e Tecnologia do Piauí (IFPI)..pdf",Como é composta a CPPD do IFPI em número de membros titulares e suplentes?,"A CPPD do IFPI é composta por 10 docentes, sendo 5 representantes titulares e 5 representantes suplentes.","A CPPD do IFPI é composta por chapas com dois docentes, sendo um titular e um suplente.",0.5625,0.4000000000000001,0.5625,0.5625,0.39670882908365773,0.9483709931373596,0.953549861907959,0.9509534239768982,0.6451612903225806,0.0,3.4799,4
2,44,bm25,"RESOLUÇÃO NORMATIVA Nº 217-2024-Atualiza o Regimento Interno da Comissão Permanente de Pessoal Docente (CPPD), no âmbito do Instituto Federal de Educação, Ciência e Tecnologia do Piauí (IFPI)..pdf",Qual é o mandato dos integrantes da CPPD do IFPI?,"O mandato dos integrantes da CPPD é de 4 anos, com possibilidade de uma única recondução por igual período.","Os integrantes da CPPD do IFPI cumprem um mandato de 04 (quatro) anos, admitida uma única reeleição para período subsequente, não existindo limite para mandatos alternados.",0.4897959183673469,0.1702127659574468,0.40816326530612246,0.40816326530612246,0.0,0.8646747469902039,0.9030035734176636,0.8834236264228821,0.41860465116279066,0.0,4.5815,4
2,44,bm25,"RESOLUÇÃO Nº 27-2024-Aprova  a criação do curso de Qualificação Profissional, de Formação Inicial e Continuada (FIC) em Aquicultor, no âmbito do IFPI e Anexo.pdf",Quantas vagas são ofertadas no curso FIC em Aquicultor?,O curso FIC em Aquicultor oferta 40 vagas.,Não encontrei essa informação no contexto fornecido.,0.11764705882352941,0.0,0.11764705882352941,0.11764705882352941,0.0,0.8231986165046692,0.8388471603393555,0.8309492468833923,0.0,0.0,2.7105,4
2,44,bm25,"RESOLUÇÃO Nº 27-2024-Aprova  a criação do curso de Qualificação Profissional, de Formação Inicial e Continuada (FIC) em Aquicultor, no âmbito do IFPI e Anexo.pdf",Qual é a forma de acesso ao curso FIC em Aquicultor?,A forma de acesso ao curso FIC em Aquicultor é por meio de sorteio.,"O acesso para o curso FIC será por meio de edital de seleção, e o processo seletivo ocorrerá através de prova escrita específica.",0.3589743589743589,0.16216216216216217,0.30769230769230776,0.30769230769230776,0.0,0.8822669386863708,0.8946717977523804,0.8884261250495911,0.37499999999999994,0.0,3.5668,4
2,44,tfidf,CURSO_SUPERIOR_DE_TECNOLOGIA_EM_ANÁLISE_E_DESENVOLVIMENTO_DE_SISTEMAS.pdf,Em que ano o Curso Superior de Tecnologia em Análise e Desenvolvimento de Sistemas foi criado no Campus de Picos?,O Curso Superior de Tecnologia em Análise e Desenvolvimento de Sistemas foi criado no Campus de Picos em 2013.,O Curso Superior de Tecnologia em Análise e Desenvolvimento de Sistemas foi criado no Campus de Picos em 2013.,1.0,1.0,1.0,1.0,1.0,0.9999999403953552,0.9999999403953552,0.9999999403953552,1.0,1.0,3.4742,4
2,44,tfidf,CURSO_SUPERIOR_DE_TECNOLOGIA_EM_ANÁLISE_E_DESENVOLVIMENTO_DE_SISTEMAS.pdf,Qual é a unidade de oferta do Curso Superior de Tecnologia em Análise e Desenvolvimento de Sistemas descrita no PPC?,A unidade de oferta do curso é o Campus Teresina Central.,O Curso Superior de Tecnologia em Análise e Desenvolvimento de Sistemas contribui com a demanda de profissionais para atuar no projeto e implementação de Sistemas de Informação de acordo com as necessidades institucionais.,0.1739130434782609,0.0,0.13043478260869565,0.13043478260869565,0.0,0.7902743220329285,0.8632662892341614,0.8251592516899109,0.2222222222222222,0.0,4.1277,4
2,44,tfidf,CURSO_SUPERIOR_DE_TECNOLOGIA_EM_ANÁLISE_E_DESENVOLVIMENTO_DE_SISTEMAS.pdf,Qual é a carga horária total do Curso Superior de Tecnologia em Análise e Desenvolvimento de Sistemas?,A carga horária total do curso é de 2100 horas.,Não encontrei essa informação no contexto fornecido.,0.0,0.0,0.0,0.0,0.0,0.8249529004096985,0.8356121182441711,0.8302482962608337,0.0,0.0,2.4978,4
2,44,tfidf,CURSO_SUPERIOR_DE_TECNOLOGIA_EM_ANÁLISE_E_DESENVOLVIMENTO_DE_SISTEMAS.pdf,Quantas vagas por ano são ofertadas no Curso Superior de Tecnologia em Análise e Desenvolvimento de Sistemas?,O curso oferta 40 vagas por ano.,"O Curso Superior de Tecnologia em Análise e Desenvolvimento de Sistemas teve uma oferta de 64 vagas, distribuídas igualmente entre os turnos tarde e noite.",0.23529411764705882,0.0625,0.23529411764705882,0.23529411764705882,0.0,0.8184553384780884,0.9159019589424133,0.8644410371780396,0.27586206896551724,0.0,3.6454,4
2,44,tfidf,"RESOLUÇÃO Nº 14-2025-Aprova a Criação do Curso de Aperfeiçoamento Escola da Terra, no âmbito do Instituto Federal de Educação, Ciência e Tecnologia do Piauí (IFPI) e Anexo..pdf",Qual é a carga horária total do curso Escola da Terra?,A carga horária total do curso Escola da Terra é de 180 horas.,"A carga horária total do Curso de Educação do Campo e Quilombola, ação Escola da Terra, é de 495 horas, sendo 257 horas no Tempo Universidade e 103 horas no Tempo Escola/Comunidade.",0.5000000000000001,0.39130434782608703,0.5000000000000001,0.5000000000000001,0.13955755489048927,0.8856045007705688,0.9613465070724487,0.9219224452972412,0.631578947368421,0.0,5.2591,4
2,44,tfidf,"RESOLUÇÃO Nº 14-2025-Aprova a Criação do Curso de Aperfeiçoamento Escola da Terra, no âmbito do Instituto Federal de Educação, Ciência e Tecnologia do Piauí (IFPI) e Anexo..pdf",Qual é a meta física do curso Escola da Terra em número de vagas?,A meta física do curso Escola da Terra é de 120 vagas.,"O curso Escola da Terra possui 60 vagas para Professores da Educação Básica - Escolas do Campo, que possuem certificação em curso de aperfeiçoamento (mínimo de 180).",0.37209302325581395,0.14634146341463417,0.2325581395348837,0.2325581395348837,0.08928953574702554,0.8402918577194214,0.9158283472061157,0.8764355182647705,0.4,0.0,4.5157,4
2,44,tfidf,"RESOLUÇÃO Nº 14-2025-Aprova a Criação do Curso de Aperfeiçoamento Escola da Terra, no âmbito do Instituto Federal de Educação, Ciência e Tecnologia do Piauí (IFPI) e Anexo..pdf",Quando está previsto o início do curso Escola da Terra?,O início do curso Escola da Terra está previsto para março de 2025.,O Curso Aperfeiçoamento Escola da Terra está previsto para iniciar no primeiro semestre de 2024.,0.5806451612903225,0.3448275862068965,0.5806451612903225,0.5806451612903225,0.3334477432809602,0.8885897397994995,0.9396146535873413,0.9133901596069336,0.6428571428571429,0.0,3.4165,4
2,44,tfidf,"RESOLUÇÃO Nº 14-2025-Aprova a Criação do Curso de Aperfeiçoamento Escola da Terra, no âmbito do Instituto Federal de Educação, Ciência e Tecnologia do Piauí (IFPI) e Anexo..pdf",Quem é o coordenador do curso Escola da Terra?,O coordenador do curso Escola da Terra é Gilson Mendes Araújo.,Não encontrei essa informação no contexto fornecido.,0.09999999999999999,0.0,0.09999999999999999,0.09999999999999999,0.0,0.8250470161437988,0.8430057168006897,0.833929717540741,0.0,0.0,2.8809,4
2,44,tfidf,"RESOLUÇÃO NORMATIVA Nº 236-2025-Prorroga o Plano Diretor de Tecnologia da Informação e Comunicação (PDTIC-2022-2024), do Instituto Federal de Educação, Ciência e Tecnologia do Piauí (IFPI) e Anexo.pdf",Para qual exercício foi prorrogada a vigência do PDTIC-2022/2024 do IFPI?,A vigência do PDTIC-2022/2024 foi prorrogada para o exercício de 2025.,O Plano Diretor de Tecnologia da Informação e Comunicação (PDTIC-2022/2024) do IFPI foi prorrogado por meio da Resolução Normativa nº 236-2025.,0.38095238095238093,0.1,0.2857142857142857,0.2857142857142857,0.0,0.8385323882102966,0.8902472853660583,0.8636163473129272,0.4444444444444444,0.0,4.9387,4
2,44,tfidf,"RESOLUÇÃO NORMATIVA Nº 236-2025-Prorroga o Plano Diretor de Tecnologia da Informação e Comunicação (PDTIC-2022-2024), do Instituto Federal de Educação, Ciência e Tecnologia do Piauí (IFPI) e Anexo.pdf",Qual resolução foi revogada pela Resolução Normativa nº 236 de 2025?,"Foi revogada a Resolução Normativa nº 133/2022 - CONSELHO SUPERIOR, de 29 de abril de 2022.",A Resolução Normativa nº 236 de 2025 revogou a Resolução nº 111/2025.,0.37500000000000006,0.26666666666666666,0.37500000000000006,0.37500000000000006,0.0,0.9381101131439209,0.8576550483703613,0.8960802555084229,0.4545454545454546,0.0,3.1736,4
2,44,tfidf,"RESOLUÇÃO NORMATIVA Nº 236-2025-Prorroga o Plano Diretor de Tecnologia da Informação e Comunicação (PDTIC-2022-2024), do Instituto Federal de Educação, Ciência e Tecnologia do Piauí (IFPI) e Anexo.pdf",Quais são as três fases da metodologia de elaboração do PDTIC descritas no documento?,"As três fases da metodologia de elaboração do PDTIC são Preparação, Diagnóstico e Planejamento.","As três fases da metodologia de elaboração do PDTIC descritas no documento são: Preparação, Diagnóstico e, por fim, a fase não especificada após o Diagnóstico.",0.6923076923076923,0.64,0.6923076923076923,0.6923076923076923,0.3545649986147617,0.9126512408256531,0.9584945440292358,0.9350113272666931,0.6842105263157894,0.0,4.1834,4
2,44,tfidf,"RESOLUÇÃO NORMATIVA Nº 236-2025-Prorroga o Plano Diretor de Tecnologia da Informação e Comunicação (PDTIC-2022-2024), do Instituto Federal de Educação, Ciência e Tecnologia do Piauí (IFPI) e Anexo.pdf",Em que guia se baseou a metodologia de elaboração do PDTIC do IFPI?,"A metodologia de elaboração do PDTIC do IFPI baseou-se no Guia de PDTIC do SISP, versão 2.0, adaptado à realidade do IFPI.","A metodologia de elaboração do PDTIC do IFPI se baseou em documentos de referência, estratégias da organização, princípios e diretrizes, além da Instrução Normativa SGD/ME Nº 31/2021, entre outros instrumentos de planejamento da instituição.",0.3768115942028986,0.2388059701492537,0.34782608695652173,0.34782608695652173,0.17078893748090399,0.8468525409698486,0.8980249762535095,0.8716883063316345,0.3673469387755102,0.0,5.1974,4
2,44,tfidf,"RESOLUÇÃO NORMATIVA Nº 223-2024-Atualiza a Regulamentação do planejamento e o registro das atividades acadêmicas dos docentes da Carreira do Magistério do Ensino Básico, Técnico e Tecnológico do IFPI.pdf",Quais são os regimes de trabalho previstos para os docentes do EBTT no IFPI?,"Os regimes de trabalho previstos são 40 horas com dedicação exclusiva, 40 horas e 20 horas semanais.","Os regimes de trabalho previstos para os docentes do EBTT no IFPI são de tempo integral, com 40 horas semanais, ou tempo parcial, com 20 horas semanais.",0.5531914893617021,0.3555555555555555,0.5531914893617021,0.5531914893617021,0.2171788734284664,0.9010717272758484,0.9406071305274963,0.9204151034355164,0.6285714285714286,0.0,4.338,4
2,44,tfidf,"RESOLUÇÃO NORMATIVA Nº 223-2024-Atualiza a Regulamentação do planejamento e o registro das atividades acadêmicas dos docentes da Carreira do Magistério do Ensino Básico, Técnico e Tecnológico do IFPI.pdf","Para cada hora de regência de aulas, quantas horas adicionais o docente computará para atividades de organização e apoio ao ensino?","Para cada hora de regência de aulas, o docente computará uma hora adicional para atividades de organização e apoio ao ensino.","Para cada hora de Regência de Aula, o docente computará uma hora de Organização e Apoio ao Ensino.",0.8837209302325583,0.7804878048780488,0.8837209302325583,0.8837209302325583,0.3414504535105491,0.9086815118789673,0.9197208881378174,0.9141678810119629,0.8749999999999999,0.0,3.5909,4
2,44,tfidf,"RESOLUÇÃO NORMATIVA Nº 218-2024-Estab. normas, critérios e proc. para a participação de docentes (DE) em atividades remuneradas.pdf","Qual é o limite anual de horas para a participação esporádica remunerada em palestras, conferências e atividades artísticas e culturais de docentes em dedicação exclusiva?",O limite anual é de 30 horas.,"O limite anual de horas para a participação esporádica remunerada em palestras, conferências, atividades artísticas e culturais de docentes em dedicação exclusiva não pode exceder a 30 horas anuais.",0.2926829268292683,0.20512820512820512,0.2926829268292683,0.2926829268292683,0.0,0.8036078810691833,0.9253432154655457,0.8601899147033691,0.375,0.0,4.47,4
2,44,tfidf,"RESOLUÇÃO NORMATIVA Nº 218-2024-Estab. normas, critérios e proc. para a participação de docentes (DE) em atividades remuneradas.pdf",Qual é o limite de carga horária para atividades remuneradas eventuais previstas no artigo 7º da Resolução Normativa nº 218 de 2024?,As atividades remuneradas eventuais não podem exceder 8 horas semanais ou 416 horas anuais.,Não encontrei essa informação no contexto fornecido.,0.16666666666666669,0.09090909090909091,0.16666666666666669,0.16666666666666669,0.0,0.8233992457389832,0.8057843446731567,0.814496636390686,0.1,0.0,2.9306,4
2,44,tfidf,"RESOLUÇÃO NORMATIVA Nº 217-2024-Atualiza o Regimento Interno da Comissão Permanente de Pessoal Docente (CPPD), no âmbito do Instituto Federal de Educação, Ciência e Tecnologia do Piauí (IFPI)..pdf",Como é composta a CPPD do IFPI em número de membros titulares e suplentes?,"A CPPD do IFPI é composta por 10 docentes, sendo 5 representantes titulares e 5 representantes suplentes.","A CPPD do IFPI terá à sua disposição quatro docentes escolhidos por seus pares, sendo dois membros titulares e dois suplentes, conforme o edital de deflagração do processo eleitoral.",0.43478260869565216,0.18181818181818182,0.3913043478260869,0.3913043478260869,0.1085894367142332,0.8727208971977234,0.9456747770309448,0.9077343940734863,0.47619047619047616,0.0,4.3887,4
2,44,tfidf,"RESOLUÇÃO NORMATIVA Nº 217-2024-Atualiza o Regimento Interno da Comissão Permanente de Pessoal Docente (CPPD), no âmbito do Instituto Federal de Educação, Ciência e Tecnologia do Piauí (IFPI)..pdf",Qual é o mandato dos integrantes da CPPD do IFPI?,"O mandato dos integrantes da CPPD é de 4 anos, com possibilidade de uma única recondução por igual período.",O mandato dos integrantes da CPPD do IFPI não é especificado no contexto fornecido.,0.4117647058823529,0.3125,0.4117647058823529,0.4117647058823529,0.23321503395334311,0.8847048282623291,0.8674375414848328,0.8759860992431641,0.43750000000000006,0.0,3.1865,4
2,44,tfidf,"RESOLUÇÃO Nº 27-2024-Aprova  a criação do curso de Qualificação Profissional, de Formação Inicial e Continuada (FIC) em Aquicultor, no âmbito do IFPI e Anexo.pdf",Quantas vagas são ofertadas no curso FIC em Aquicultor?,O curso FIC em Aquicultor oferta 40 vagas.,O curso de Qualificação Profissional - Formação Inicial e Continuada (FIC) em Aquicultor oferece 40 vagas.,0.56,0.34782608695652173,0.56,0.56,0.0,0.863581657409668,0.969627320766449,0.9135372638702393,0.608695652173913,0.0,3.8452,4
2,44,tfidf,"RESOLUÇÃO Nº 27-2024-Aprova  a criação do curso de Qualificação Profissional, de Formação Inicial e Continuada (FIC) em Aquicultor, no âmbito do IFPI e Anexo.pdf",Qual é a forma de acesso ao curso FIC em Aquicultor?,A forma de acesso ao curso FIC em Aquicultor é por meio de sorteio.,"Para acessar o curso FIC em Aquicultor, o requisito de acesso é ter o Ensino Fundamental I (1º ao 5º) incompleto.",0.4242424242424242,0.2580645161290323,0.30303030303030304,0.30303030303030304,0.12409597120849801,0.8614296913146973,0.9270288944244385,0.8930262327194214,0.5,0.0,4.0396,4
3,45,dense_no_rerank,CURSO_SUPERIOR_DE_TECNOLOGIA_EM_ANÁLISE_E_DESENVOLVIMENTO_DE_SISTEMAS.pdf,Em que ano o Curso Superior de Tecnologia em Análise e Desenvolvimento de Sistemas foi criado no Campus de Picos?,O Curso Superior de Tecnologia em Análise e Desenvolvimento de Sistemas foi criado no Campus de Picos em 2013.,O Curso Superior de Tecnologia em Análise e Desenvolvimento de Sistemas foi criado no Campus de Picos em 2013.,1.0,1.0,1.0,1.0,1.0,0.9999999403953552,0.9999999403953552,0.9999999403953552,1.0,1.0,3.8083,4
3,45,dense_no_rerank,CURSO_SUPERIOR_DE_TECNOLOGIA_EM_ANÁLISE_E_DESENVOLVIMENTO_DE_SISTEMAS.pdf,Qual é a unidade de oferta do Curso Superior de Tecnologia em Análise e Desenvolvimento de Sistemas descrita no PPC?,A unidade de oferta do curso é o Campus Teresina Central.,A unidade da oferta do Curso Superior de Tecnologia em Análise e Desenvolvimento de Sistemas é o Campus Teresina Central.,0.6666666666666666,0.42857142857142855,0.6,0.6,0.28320384389628495,0.8714810013771057,0.9715954065322876,0.9188191294670105,0.7333333333333334,0.0,3.4733,4
3,45,dense_no_rerank,CURSO_SUPERIOR_DE_TECNOLOGIA_EM_ANÁLISE_E_DESENVOLVIMENTO_DE_SISTEMAS.pdf,Qual é a carga horária total do Curso Superior de Tecnologia em Análise e Desenvolvimento de Sistemas?,A carga horária total do curso é de 2100 horas.,A carga horária total do Curso Superior de Tecnologia em Sistemas para Internet é de 2.100 horas.,0.6428571428571429,0.46153846153846156,0.6428571428571429,0.6428571428571429,0.25772294506990867,0.8713124394416809,0.9634993672370911,0.915090024471283,0.6666666666666667,0.0,3.5608,4
3,45,dense_no_rerank,CURSO_SUPERIOR_DE_TECNOLOGIA_EM_ANÁLISE_E_DESENVOLVIMENTO_DE_SISTEMAS.pdf,Quantas vagas por ano são ofertadas no Curso Superior de Tecnologia em Análise e Desenvolvimento de Sistemas?,O curso oferta 40 vagas por ano.,O Curso Superior de Tecnologia em Análise e Desenvolvimento de Sistemas oferece 40 vagas por ano no turno vespertino.,0.4444444444444444,0.32,0.4444444444444444,0.4444444444444444,0.1326475916741222,0.8291540145874023,0.955398440361023,0.8878107666969299,0.48,0.0,3.579,4
3,45,dense_no_rerank,"RESOLUÇÃO Nº 14-2025-Aprova a Criação do Curso de Aperfeiçoamento Escola da Terra, no âmbito do Instituto Federal de Educação, Ciência e Tecnologia do Piauí (IFPI) e Anexo..pdf",Qual é a carga horária total do curso Escola da Terra?,A carga horária total do curso Escola da Terra é de 180 horas.,A carga horária total do curso Escola da Terra é de 180 horas.,1.0,1.0,1.0,1.0,1.0,1.0,1.0,1.0,1.0,1.0,3.5069,4
3,45,dense_no_rerank,"RESOLUÇÃO Nº 14-2025-Aprova a Criação do Curso de Aperfeiçoamento Escola da Terra, no âmbito do Instituto Federal de Educação, Ciência e Tecnologia do Piauí (IFPI) e Anexo..pdf",Qual é a meta física do curso Escola da Terra em número de vagas?,A meta física do curso Escola da Terra é de 120 vagas.,A meta física do curso Escola da Terra é de 120 vagas para professoras e coordenadoras pedagógicas de turmas multisseriadas.,0.7272727272727273,0.7096774193548387,0.7272727272727273,0.7272727272727273,0.5471114295717522,0.8801493048667908,0.9877628684043884,0.9308561682701111,0.7741935483870968,0.0,4.146,4
3,45,dense_no_rerank,"RESOLUÇÃO Nº 14-2025-Aprova a Criação do Curso de Aperfeiçoamento Escola da Terra, no âmbito do Instituto Federal de Educação, Ciência e Tecnologia do Piauí (IFPI) e Anexo..pdf",Quando está previsto o início do curso Escola da Terra?,O início do curso Escola da Terra está previsto para março de 2025.,O Curso de Especialização Escola da Terra está previsto para iniciar no primeiro semestre de 2025.,0.6875,0.39999999999999997,0.625,0.625,0.36821398145189993,0.9271272420883179,0.9493149518966675,0.9380899667739868,0.7142857142857142,0.0,3.7166,4
3,45,dense_no_rerank,"RESOLUÇÃO Nº 14-2025-Aprova a Criação do Curso de Aperfeiçoamento Escola da Terra, no âmbito do Instituto Federal de Educação, Ciência e Tecnologia do Piauí (IFPI) e Anexo..pdf",Quem é o coordenador do curso Escola da Terra?,O coordenador do curso Escola da Terra é Gilson Mendes Araújo.,O coordenador do Curso Escola da Terra é Emanuel Alcântara da Silva.,0.6086956521739131,0.5714285714285713,0.6086956521739131,0.6086956521739131,0.2891784933232572,0.9072921872138977,0.9519469141960144,0.9290832877159119,0.7272727272727273,0.0,3.1174,4
3,45,dense_no_rerank,"RESOLUÇÃO NORMATIVA Nº 236-2025-Prorroga o Plano Diretor de Tecnologia da Informação e Comunicação (PDTIC-2022-2024), do Instituto Federal de Educação, Ciência e Tecnologia do Piauí (IFPI) e Anexo.pdf",Para qual exercício foi prorrogada a vigência do PDTIC-2022/2024 do IFPI?,A vigência do PDTIC-2022/2024 foi prorrogada para o exercício de 2025.,"O Plano Diretor de Tecnologia da Informação e Comunicação (PDTIC-2022/2024) do Instituto Federal de Educação, Ciência e Tecnologia do Piauí (IFPI) foi prorrogado para o exercício de 2025.",0.48000000000000004,0.2916666666666667,0.4,0.4,0.1690653646485627,0.8415287733078003,0.9482990503311157,0.8917292952537537,0.5405405405405406,0.0,5.2675,4
3,45,dense_no_rerank,"RESOLUÇÃO NORMATIVA Nº 236-2025-Prorroga o Plano Diretor de Tecnologia da Informação e Comunicação (PDTIC-2022-2024), do Instituto Federal de Educação, Ciência e Tecnologia do Piauí (IFPI) e Anexo.pdf",Qual resolução foi revogada pela Resolução Normativa nº 236 de 2025?,"Foi revogada a Resolução Normativa nº 133/2022 - CONSELHO SUPERIOR, de 29 de abril de 2022.",A Resolução Normativa nº 236 de 2025 revogou a Resolução NormaAva nº 206/2024 do Conselho Superior.,0.4444444444444444,0.29411764705882354,0.3888888888888889,0.3888888888888889,0.0,0.906457781791687,0.8535228967666626,0.8791942596435547,0.5185185185185186,0.0,4.7615,4
3,45,dense_no_rerank,"RESOLUÇÃO NORMATIVA Nº 236-2025-Prorroga o Plano Diretor de Tecnologia da Informação e Comunicação (PDTIC-2022-2024), do Instituto Federal de Educação, Ciência e Tecnologia do Piauí (IFPI) e Anexo.pdf",Quais são as três fases da metodologia de elaboração do PDTIC descritas no documento?,"As três fases da metodologia de elaboração do PDTIC são Preparação, Diagnóstico e Planejamento.","As três fases da metodologia de elaboração do PDTIC são Preparação, Diagnóstico e Planejamento.",1.0,1.0,1.0,1.0,1.0,1.0,1.0,1.0,1.0,1.0,3.3776,4
3,45,dense_no_rerank,"RESOLUÇÃO NORMATIVA Nº 236-2025-Prorroga o Plano Diretor de Tecnologia da Informação e Comunicação (PDTIC-2022-2024), do Instituto Federal de Educação, Ciência e Tecnologia do Piauí (IFPI) e Anexo.pdf",Em que guia se baseou a metodologia de elaboração do PDTIC do IFPI?,"A metodologia de elaboração do PDTIC do IFPI baseou-se no Guia de PDTIC do SISP, versão 2.0, adaptado à realidade do IFPI.","A metodologia de elaboração do PDTIC do IFPI baseou-se no Guia de PDTIC do SISP, versão 2.0, adaptado à realidade do IFPI.",1.0,1.0,1.0,1.0,1.0,1.0,1.0,1.0,1.0,1.0,4.2296,4
3,45,dense_no_rerank,"RESOLUÇÃO NORMATIVA Nº 223-2024-Atualiza a Regulamentação do planejamento e o registro das atividades acadêmicas dos docentes da Carreira do Magistério do Ensino Básico, Técnico e Tecnológico do IFPI.pdf",Quais são os regimes de trabalho previstos para os docentes do EBTT no IFPI?,"Os regimes de trabalho previstos são 40 horas com dedicação exclusiva, 40 horas e 20 horas semanais.","Os regimes de trabalho dos docentes do EBTT do IFPI são definidos de acordo com a Tabela de Atividades, e o tempo despendido nas atividades docentes será mensurado em horas de 60 minutos.",0.3773584905660377,0.1568627450980392,0.339622641509434,0.339622641509434,0.08312565735249723,0.8506547212600708,0.8857831358909607,0.867863655090332,0.3902439024390244,0.0,4.6524,4
3,45,dense_no_rerank,"RESOLUÇÃO NORMATIVA Nº 223-2024-Atualiza a Regulamentação do planejamento e o registro das atividades acadêmicas dos docentes da Carreira do Magistério do Ensino Básico, Técnico e Tecnológico do IFPI.pdf","Para cada hora de regência de aulas, quantas horas adicionais o docente computará para atividades de organização e apoio ao ensino?","Para cada hora de regência de aulas, o docente computará uma hora adicional para atividades de organização e apoio ao ensino.","Para cada hora de Regência de Aula, o docente computará uma hora adicional para atividades de Organização e Apoio ao Ensino.",0.9565217391304348,0.9090909090909091,0.9565217391304348,0.9565217391304348,0.5339935148604845,0.9223076105117798,0.942150354385376,0.9321234226226807,0.9411764705882353,0.0,3.7259,4
3,45,dense_no_rerank,"RESOLUÇÃO NORMATIVA Nº 218-2024-Estab. normas, critérios e proc. para a participação de docentes (DE) em atividades remuneradas.pdf","Qual é o limite anual de horas para a participação esporádica remunerada em palestras, conferências e atividades artísticas e culturais de docentes em dedicação exclusiva?",O limite anual é de 30 horas.,"O limite anual de horas para a participação esporádica remunerada em palestras, conferências, atividades artísticas e culturais de docentes em dedicação exclusiva não pode exceder a 30 horas anuais.",0.2926829268292683,0.20512820512820512,0.2926829268292683,0.2926829268292683,0.0,0.8036078810691833,0.9253432154655457,0.8601899147033691,0.375,0.0,4.6639,4
3,45,dense_no_rerank,"RESOLUÇÃO NORMATIVA Nº 218-2024-Estab. normas, critérios e proc. para a participação de docentes (DE) em atividades remuneradas.pdf",Qual é o limite de carga horária para atividades remuneradas eventuais previstas no artigo 7º da Resolução Normativa nº 218 de 2024?,As atividades remuneradas eventuais não podem exceder 8 horas semanais ou 416 horas anuais.,O limite de carga horária para a prestação institucional de serviços remunerada de um servidor não pode ultrapassar 8 (oito) horas semanais ou 416 (quatrocentas e dezesseis) horas anuais.,0.37499999999999994,0.21739130434782608,0.37499999999999994,0.37499999999999994,0.1049439266125276,0.8394305109977722,0.9174327850341797,0.8767000436782837,0.3589743589743589,0.0,4.9355,4
3,45,dense_no_rerank,"RESOLUÇÃO NORMATIVA Nº 217-2024-Atualiza o Regimento Interno da Comissão Permanente de Pessoal Docente (CPPD), no âmbito do Instituto Federal de Educação, Ciência e Tecnologia do Piauí (IFPI)..pdf",Como é composta a CPPD do IFPI em número de membros titulares e suplentes?,"A CPPD do IFPI é composta por 10 docentes, sendo 5 representantes titulares e 5 representantes suplentes.","A CPPD do IFPI é composta por dez docentes da carreira de Ensino Básico, Técnico e Tecnológico, sendo cinco representantes titulares e cinco representantes suplentes.",0.6046511627906976,0.3902439024390244,0.6046511627906976,0.6046511627906976,0.31645275923351984,0.9136143922805786,0.9827612638473511,0.9469271898269653,0.7027027027027029,0.0,4.1781,4
3,45,dense_no_rerank,"RESOLUÇÃO NORMATIVA Nº 217-2024-Atualiza o Regimento Interno da Comissão Permanente de Pessoal Docente (CPPD), no âmbito do Instituto Federal de Educação, Ciência e Tecnologia do Piauí (IFPI)..pdf",Qual é o mandato dos integrantes da CPPD do IFPI?,"O mandato dos integrantes da CPPD é de 4 anos, com possibilidade de uma única recondução por igual período.","Os integrantes da CPPD do IFPI terão mandato de 04 (quatro) anos, podendo haver uma única recondução por igual período.",0.6976744186046512,0.4878048780487805,0.6046511627906976,0.6046511627906976,0.3299895472527792,0.9243701696395874,0.944128692150116,0.9341450333595276,0.631578947368421,0.0,4.0198,4
3,45,dense_no_rerank,"RESOLUÇÃO Nº 27-2024-Aprova  a criação do curso de Qualificação Profissional, de Formação Inicial e Continuada (FIC) em Aquicultor, no âmbito do IFPI e Anexo.pdf",Quantas vagas são ofertadas no curso FIC em Aquicultor?,O curso FIC em Aquicultor oferta 40 vagas.,O curso de Qualificação Profissional - Formação Inicial e Continuada (FIC) em Aquicultor oferece 40 vagas.,0.56,0.34782608695652173,0.56,0.56,0.0,0.863581657409668,0.969627320766449,0.9135372638702393,0.608695652173913,0.0,3.7628,4
3,45,dense_no_rerank,"RESOLUÇÃO Nº 27-2024-Aprova  a criação do curso de Qualificação Profissional, de Formação Inicial e Continuada (FIC) em Aquicultor, no âmbito do IFPI e Anexo.pdf",Qual é a forma de acesso ao curso FIC em Aquicultor?,A forma de acesso ao curso FIC em Aquicultor é por meio de sorteio.,A forma de acesso ao curso FIC em Aquicultor exige que o candidato possua o Ensino Fundamental I (1º ao 5º ano) incompleto.,0.5,0.4705882352941177,0.5,0.5,0.31107972814824386,0.8755465745925903,0.9480505585670471,0.9103571772575378,0.5294117647058824,0.0,4.0916,4
3,45,dense_rerank,CURSO_SUPERIOR_DE_TECNOLOGIA_EM_ANÁLISE_E_DESENVOLVIMENTO_DE_SISTEMAS.pdf,Em que ano o Curso Superior de Tecnologia em Análise e Desenvolvimento de Sistemas foi criado no Campus de Picos?,O Curso Superior de Tecnologia em Análise e Desenvolvimento de Sistemas foi criado no Campus de Picos em 2013.,O Curso Superior de Tecnologia em Análise e Desenvolvimento de Sistemas foi criado no Campus de Picos em 2013.,1.0,1.0,1.0,1.0,1.0,0.9999999403953552,0.9999999403953552,0.9999999403953552,1.0,1.0,3.6881,4
3,45,dense_rerank,CURSO_SUPERIOR_DE_TECNOLOGIA_EM_ANÁLISE_E_DESENVOLVIMENTO_DE_SISTEMAS.pdf,Qual é a unidade de oferta do Curso Superior de Tecnologia em Análise e Desenvolvimento de Sistemas descrita no PPC?,A unidade de oferta do curso é o Campus Teresina Central.,"O Projeto Pedagógico do Curso Superior de Tecnologia em Análise e Desenvolvimento de Sistemas é fruto de um processo de reflexão e discussão coletiva, com participação dos professores e da comunidade acadêmica.",0.1702127659574468,0.04444444444444444,0.12765957446808512,0.12765957446808512,0.0,0.7909088134765625,0.8624572157859802,0.8251348733901978,0.2631578947368421,0.0,4.1662,4
3,45,dense_rerank,CURSO_SUPERIOR_DE_TECNOLOGIA_EM_ANÁLISE_E_DESENVOLVIMENTO_DE_SISTEMAS.pdf,Qual é a carga horária total do Curso Superior de Tecnologia em Análise e Desenvolvimento de Sistemas?,A carga horária total do curso é de 2100 horas.,"A carga horária total do Curso Superior de Tecnologia em Análise e Desenvolvimento de Sistemas é de 400 horas, distribuídas em 20 semanas.",0.5142857142857143,0.36363636363636365,0.5142857142857143,0.5142857142857143,0.17268932789342512,0.839600145816803,0.9638860821723938,0.8974605798721313,0.6,0.0,4.0195,4
3,45,dense_rerank,CURSO_SUPERIOR_DE_TECNOLOGIA_EM_ANÁLISE_E_DESENVOLVIMENTO_DE_SISTEMAS.pdf,Quantas vagas por ano são ofertadas no Curso Superior de Tecnologia em Análise e Desenvolvimento de Sistemas?,O curso oferta 40 vagas por ano.,O Curso Superior de Tecnologia em Análise e Desenvolvimento de Sistemas oferece 40 vagas no turno da noite para o primeiro semestre de 2025.,0.25,0.13333333333333333,0.25,0.25,0.0,0.8228235840797424,0.9194111824035645,0.8684400320053101,0.2857142857142857,0.0,3.8542,4
3,45,dense_rerank,"RESOLUÇÃO Nº 14-2025-Aprova a Criação do Curso de Aperfeiçoamento Escola da Terra, no âmbito do Instituto Federal de Educação, Ciência e Tecnologia do Piauí (IFPI) e Anexo..pdf",Qual é a carga horária total do curso Escola da Terra?,A carga horária total do curso Escola da Terra é de 180 horas.,"A carga horária total do curso Escola da Terra é de 180 horas/aula presenciais, divididas em cinco módulos.",0.787878787878788,0.7741935483870968,0.787878787878788,0.787878787878788,0.5695988432761473,0.9143187999725342,0.9894363880157471,0.9503955841064453,0.8125000000000001,0.0,3.978,4
3,45,dense_rerank,"RESOLUÇÃO Nº 14-2025-Aprova a Criação do Curso de Aperfeiçoamento Escola da Terra, no âmbito do Instituto Federal de Educação, Ciência e Tecnologia do Piauí (IFPI) e Anexo..pdf",Qual é a meta física do curso Escola da Terra em número de vagas?,A meta física do curso Escola da Terra é de 120 vagas.,A meta física do curso Escola da Terra é de 120 vagas para professoras e coordenadoras pedagógicas de turmas multisseriadas.,0.7272727272727273,0.7096774193548387,0.7272727272727273,0.7272727272727273,0.5471114295717522,0.8801493048667908,0.9877628684043884,0.9308561682701111,0.7741935483870968,0.0,4.3666,4
3,45,dense_rerank,"RESOLUÇÃO Nº 14-2025-Aprova a Criação do Curso de Aperfeiçoamento Escola da Terra, no âmbito do Instituto Federal de Educação, Ciência e Tecnologia do Piauí (IFPI) e Anexo..pdf",Quando está previsto o início do curso Escola da Terra?,O início do curso Escola da Terra está previsto para março de 2025.,O Curso Aperfeiçoamento Escola da Terra está autorizado a funcionar a partir do primeiro semestre de 2024.,0.4848484848484848,0.1935483870967742,0.42424242424242425,0.42424242424242425,0.1598921499894403,0.8659210801124573,0.9128432869911194,0.8887632489204407,0.5517241379310345,0.0,3.8086,4
3,45,dense_rerank,"RESOLUÇÃO Nº 14-2025-Aprova a Criação do Curso de Aperfeiçoamento Escola da Terra, no âmbito do Instituto Federal de Educação, Ciência e Tecnologia do Piauí (IFPI) e Anexo..pdf",Quem é o coordenador do curso Escola da Terra?,O coordenador do curso Escola da Terra é Gilson Mendes Araújo.,O coordenador do curso Escola da Terra é Emanuel Alcântara da Silva.,0.6086956521739131,0.5714285714285713,0.6086956521739131,0.6086956521739131,0.5760844201603896,0.9166338443756104,0.9614384174346924,0.9385016560554504,0.7272727272727273,0.0,3.1519,4
3,45,dense_rerank,"RESOLUÇÃO NORMATIVA Nº 236-2025-Prorroga o Plano Diretor de Tecnologia da Informação e Comunicação (PDTIC-2022-2024), do Instituto Federal de Educação, Ciência e Tecnologia do Piauí (IFPI) e Anexo.pdf",Para qual exercício foi prorrogada a vigência do PDTIC-2022/2024 do IFPI?,A vigência do PDTIC-2022/2024 foi prorrogada para o exercício de 2025.,"O Plano Diretor de Tecnologia da Informação e Comunicação (PDTIC-2022/2024) do Instituto Federal de Educação, Ciência e Tecnologia do Piauí (IFPI) foi prorrogado para o exercício de 2025.",0.48000000000000004,0.2916666666666667,0.4,0.4,0.1690653646485627,0.8415287733078003,0.9482990503311157,0.8917292952537537,0.5405405405405406,0.0,5.362,4
3,45,dense_rerank,"RESOLUÇÃO NORMATIVA Nº 236-2025-Prorroga o Plano Diretor de Tecnologia da Informação e Comunicação (PDTIC-2022-2024), do Instituto Federal de Educação, Ciência e Tecnologia do Piauí (IFPI) e Anexo.pdf",Qual resolução foi revogada pela Resolução Normativa nº 236 de 2025?,"Foi revogada a Resolução Normativa nº 133/2022 - CONSELHO SUPERIOR, de 29 de abril de 2022.",A Resolução Normativa nº 248 de 2025 revogou a Resolução Normativa nº 113/2024.,0.3636363636363636,0.2580645161290323,0.3636363636363636,0.3636363636363636,0.1371412313982141,0.9315725564956665,0.8553409576416016,0.8918307423591614,0.4347826086956522,0.0,4.8785,4
3,45,dense_rerank,"RESOLUÇÃO NORMATIVA Nº 236-2025-Prorroga o Plano Diretor de Tecnologia da Informação e Comunicação (PDTIC-2022-2024), do Instituto Federal de Educação, Ciência e Tecnologia do Piauí (IFPI) e Anexo.pdf",Quais são as três fases da metodologia de elaboração do PDTIC descritas no documento?,"As três fases da metodologia de elaboração do PDTIC são Preparação, Diagnóstico e Planejamento.","As três fases da metodologia de elaboração do PDTIC são: Preparação, Diagnóstico e Planejamento.",1.0,1.0,1.0,1.0,0.8282477531331041,0.9927828311920166,0.9966408014297485,0.9947080612182617,1.0,0.0,3.5066,4
3,45,dense_rerank,"RESOLUÇÃO NORMATIVA Nº 236-2025-Prorroga o Plano Diretor de Tecnologia da Informação e Comunicação (PDTIC-2022-2024), do Instituto Federal de Educação, Ciência e Tecnologia do Piauí (IFPI) e Anexo.pdf",Em que guia se baseou a metodologia de elaboração do PDTIC do IFPI?,"A metodologia de elaboração do PDTIC do IFPI baseou-se no Guia de PDTIC do SISP, versão 2.0, adaptado à realidade do IFPI.","A metodologia de elaboração do PDTIC do IFPI baseou-se no Guia de PDTIC do SISP, versão 2.0, adaptado à realidade do IFPI.",1.0,1.0,1.0,1.0,1.0,1.0,1.0,1.0,1.0,1.0,4.2708,4
3,45,dense_rerank,"RESOLUÇÃO NORMATIVA Nº 223-2024-Atualiza a Regulamentação do planejamento e o registro das atividades acadêmicas dos docentes da Carreira do Magistério do Ensino Básico, Técnico e Tecnológico do IFPI.pdf",Quais são os regimes de trabalho previstos para os docentes do EBTT no IFPI?,"Os regimes de trabalho previstos são 40 horas com dedicação exclusiva, 40 horas e 20 horas semanais.","Os docentes da carreira de Ensino Básico, Técnico e Tecnológico do IFPI são submetidos a um dos seguintes regimes de trabalho: tempo integral de 40 (quarenta) horas semanais com dedicação exclusiva (DE), tempo integral de 40 (quarenta) horas semanais, ou tempo parcial de 20 (vinte) horas semanais de trabalho.",0.4931506849315068,0.19718309859154928,0.410958904109589,0.410958904109589,0.0,0.8409399390220642,0.9313183426856995,0.8838246464729309,0.5531914893617021,0.0,6.8271,4
3,45,dense_rerank,"RESOLUÇÃO NORMATIVA Nº 223-2024-Atualiza a Regulamentação do planejamento e o registro das atividades acadêmicas dos docentes da Carreira do Magistério do Ensino Básico, Técnico e Tecnológico do IFPI.pdf","Para cada hora de regência de aulas, quantas horas adicionais o docente computará para atividades de organização e apoio ao ensino?","Para cada hora de regência de aulas, o docente computará uma hora adicional para atividades de organização e apoio ao ensino.","Os docentes orientadores poderão computar até duas horas de Regência de Aulas para atividades de orientação de projetos integradores, disciplinas do Núcleo Integrador ou do Núcleo Complementar, e atividades de extensão.",0.4,0.20689655172413793,0.3333333333333333,0.3333333333333333,0.0,0.834890604019165,0.8828171491622925,0.8581852316856384,0.2926829268292683,0.0,4.6499,4
3,45,dense_rerank,"RESOLUÇÃO NORMATIVA Nº 218-2024-Estab. normas, critérios e proc. para a participação de docentes (DE) em atividades remuneradas.pdf","Qual é o limite anual de horas para a participação esporádica remunerada em palestras, conferências e atividades artísticas e culturais de docentes em dedicação exclusiva?",O limite anual é de 30 horas.,"O limite anual de horas para a participação esporádica remunerada em palestras, conferências, atividades artísticas e culturais de docentes em dedicação exclusiva é de 30 horas.",0.33333333333333337,0.29411764705882354,0.33333333333333337,0.33333333333333337,0.16110518603734317,0.8159887194633484,0.9578015804290771,0.8812262415885925,0.4827586206896552,0.0,4.4781,4
3,45,dense_rerank,"RESOLUÇÃO NORMATIVA Nº 218-2024-Estab. normas, critérios e proc. para a participação de docentes (DE) em atividades remuneradas.pdf",Qual é o limite de carga horária para atividades remuneradas eventuais previstas no artigo 7º da Resolução Normativa nº 218 de 2024?,As atividades remuneradas eventuais não podem exceder 8 horas semanais ou 416 horas anuais.,"O limite de carga horária para atividades remuneradas eventuais de servidor docente com dedicação exclusiva ou com 20 ou 40 horas, desenvolvendo atividades de prestação de serviços em projetos de ensino, pesquisa e extensão, é de 8 (oito) horas semanais ou 416 (quatrocentas e dezesseis) horas anuais.",0.3333333333333333,0.1875,0.3333333333333333,0.3333333333333333,0.07832109731166834,0.8363698124885559,0.9225704669952393,0.8773579597473145,0.37499999999999994,0.0,6.4424,4
3,45,dense_rerank,"RESOLUÇÃO NORMATIVA Nº 217-2024-Atualiza o Regimento Interno da Comissão Permanente de Pessoal Docente (CPPD), no âmbito do Instituto Federal de Educação, Ciência e Tecnologia do Piauí (IFPI)..pdf",Como é composta a CPPD do IFPI em número de membros titulares e suplentes?,"A CPPD do IFPI é composta por 10 docentes, sendo 5 representantes titulares e 5 representantes suplentes.","A CPPD do IFPI é composta por 10 (dez) docentes da carreira de Ensino Básico, Técnico e Tecnológico, sendo 05 (cinco) representantes titulares e 05 (cinco) representantes suplentes.",0.608695652173913,0.4090909090909091,0.608695652173913,0.608695652173913,0.2678611586875139,0.8902251720428467,0.9755249619483948,0.930925190448761,0.7179487179487181,0.0,5.0603,4
3,45,dense_rerank,"RESOLUÇÃO NORMATIVA Nº 217-2024-Atualiza o Regimento Interno da Comissão Permanente de Pessoal Docente (CPPD), no âmbito do Instituto Federal de Educação, Ciência e Tecnologia do Piauí (IFPI)..pdf",Qual é o mandato dos integrantes da CPPD do IFPI?,"O mandato dos integrantes da CPPD é de 4 anos, com possibilidade de uma única recondução por igual período.","Os integrantes da CPPD do IFPI têm mandato de 4 (quatro) anos, podendo haver uma única recondução por igual período.",0.6976744186046512,0.4878048780487805,0.6511627906976744,0.6511627906976744,0.3446913316729032,0.9351704120635986,0.9487611055374146,0.9419167041778564,0.6842105263157895,0.0,3.9092,4
3,45,dense_rerank,"RESOLUÇÃO Nº 27-2024-Aprova  a criação do curso de Qualificação Profissional, de Formação Inicial e Continuada (FIC) em Aquicultor, no âmbito do IFPI e Anexo.pdf",Quantas vagas são ofertadas no curso FIC em Aquicultor?,O curso FIC em Aquicultor oferta 40 vagas.,O curso de Qualificação Profissional - Formação Inicial e Continuada (FIC) em Aquicultor oferece 40 vagas.,0.56,0.34782608695652173,0.56,0.56,0.0,0.863581657409668,0.969627320766449,0.9135372638702393,0.608695652173913,0.0,3.8603,4
3,45,dense_rerank,"RESOLUÇÃO Nº 27-2024-Aprova  a criação do curso de Qualificação Profissional, de Formação Inicial e Continuada (FIC) em Aquicultor, no âmbito do IFPI e Anexo.pdf",Qual é a forma de acesso ao curso FIC em Aquicultor?,A forma de acesso ao curso FIC em Aquicultor é por meio de sorteio.,A forma de oferta do curso de Qualificação Profissional - Formação Inicial e Continuada (FIC) em Aquicultor é presencial.,0.5,0.26666666666666666,0.4375,0.4375,0.0,0.859610915184021,0.9309946894645691,0.8938799500465393,0.5333333333333333,0.0,3.9665,4
3,45,bm25,CURSO_SUPERIOR_DE_TECNOLOGIA_EM_ANÁLISE_E_DESENVOLVIMENTO_DE_SISTEMAS.pdf,Em que ano o Curso Superior de Tecnologia em Análise e Desenvolvimento de Sistemas foi criado no Campus de Picos?,O Curso Superior de Tecnologia em Análise e Desenvolvimento de Sistemas foi criado no Campus de Picos em 2013.,O Curso Superior de Tecnologia em Análise e Desenvolvimento de Sistemas no Campus de Picos foi autorizado em 2013.,0.9500000000000001,0.7894736842105263,0.9,0.9,0.7172835948406505,0.9870268106460571,0.9908930659294128,0.9889561533927917,0.9375,0.0,3.5999,4
3,45,bm25,CURSO_SUPERIOR_DE_TECNOLOGIA_EM_ANÁLISE_E_DESENVOLVIMENTO_DE_SISTEMAS.pdf,Qual é a unidade de oferta do Curso Superior de Tecnologia em Análise e Desenvolvimento de Sistemas descrita no PPC?,A unidade de oferta do curso é o Campus Teresina Central.,A unidade de oferta do Curso Superior de Tecnologia em Análise e Desenvolvimento de Sistemas descrita no PPC é o Instituto Federal do Piauí.,0.4117647058823529,0.3125,0.4117647058823529,0.4117647058823529,0.16767849550785174,0.8481616377830505,0.9223004579544067,0.8836787939071655,0.5,0.0,3.5611,4
3,45,bm25,CURSO_SUPERIOR_DE_TECNOLOGIA_EM_ANÁLISE_E_DESENVOLVIMENTO_DE_SISTEMAS.pdf,Qual é a carga horária total do Curso Superior de Tecnologia em Análise e Desenvolvimento de Sistemas?,A carga horária total do curso é de 2100 horas.,"As atividades complementares do Curso Superior de Tecnologia em Análise e Desenvolvimento de Sistemas deverão ter o total de no mínimo cem horas, correspondente a 5% da carga horária total do curso.",0.391304347826087,0.22727272727272727,0.30434782608695654,0.30434782608695654,0.11117895489854909,0.81644606590271,0.9267646074295044,0.8681145906448364,0.43243243243243246,0.0,4.4114,4
3,45,bm25,CURSO_SUPERIOR_DE_TECNOLOGIA_EM_ANÁLISE_E_DESENVOLVIMENTO_DE_SISTEMAS.pdf,Quantas vagas por ano são ofertadas no Curso Superior de Tecnologia em Análise e Desenvolvimento de Sistemas?,O curso oferta 40 vagas por ano.,O Curso Superior de Tecnologia em Análise e Desenvolvimento de Sistemas possui uma oferta de 40 vagas por ano no turno vespertino.,0.4666666666666667,0.28571428571428575,0.4666666666666667,0.4666666666666667,0.11856660123276004,0.8411332964897156,0.957884669303894,0.8957206010818481,0.5185185185185185,0.0,3.5815,4
3,45,bm25,"RESOLUÇÃO Nº 14-2025-Aprova a Criação do Curso de Aperfeiçoamento Escola da Terra, no âmbito do Instituto Federal de Educação, Ciência e Tecnologia do Piauí (IFPI) e Anexo..pdf",Qual é a carga horária total do curso Escola da Terra?,A carga horária total do curso Escola da Terra é de 180 horas.,"O curso Escola da Terra possui uma carga horária total de 360 horas, sendo 294 horas destinadas ao estudo das disciplinas e 66 horas destinadas ao Trabalho de Conclusão de Curso.",0.43478260869565216,0.2727272727272727,0.26086956521739135,0.26086956521739135,0.11116961409150189,0.8571308851242065,0.9427129030227661,0.8978871703147888,0.48648648648648646,0.0,4.5987,4
3,45,bm25,"RESOLUÇÃO Nº 14-2025-Aprova a Criação do Curso de Aperfeiçoamento Escola da Terra, no âmbito do Instituto Federal de Educação, Ciência e Tecnologia do Piauí (IFPI) e Anexo..pdf",Qual é a meta física do curso Escola da Terra em número de vagas?,A meta física do curso Escola da Terra é de 120 vagas.,O Curso Aperfeiçoamento Escola da Terra possui 30 vagas.,0.45454545454545453,0.19999999999999998,0.45454545454545453,0.45454545454545453,0.0,0.880872368812561,0.914977490901947,0.8976011276245117,0.4761904761904762,0.0,2.6729,4
3,45,bm25,"RESOLUÇÃO Nº 14-2025-Aprova a Criação do Curso de Aperfeiçoamento Escola da Terra, no âmbito do Instituto Federal de Educação, Ciência e Tecnologia do Piauí (IFPI) e Anexo..pdf",Quando está previsto o início do curso Escola da Terra?,O início do curso Escola da Terra está previsto para março de 2025.,Não encontrei essa informação no contexto fornecido.,0.16666666666666669,0.0,0.16666666666666669,0.16666666666666669,0.0,0.8219438791275024,0.8310289978981018,0.8264614343643188,0.0,0.0,2.6552,4
3,45,bm25,"RESOLUÇÃO Nº 14-2025-Aprova a Criação do Curso de Aperfeiçoamento Escola da Terra, no âmbito do Instituto Federal de Educação, Ciência e Tecnologia do Piauí (IFPI) e Anexo..pdf",Quem é o coordenador do curso Escola da Terra?,O coordenador do curso Escola da Terra é Gilson Mendes Araújo.,"O coordenador do curso Escola da Terra é um docente do campus, de área específica ou pedagógica do curso.",0.45161290322580644,0.41379310344827586,0.45161290322580644,0.45161290322580644,0.3386854985606571,0.900873601436615,0.9360523223876953,0.9181260466575623,0.5925925925925926,0.0,3.3137,4
3,45,bm25,"RESOLUÇÃO NORMATIVA Nº 236-2025-Prorroga o Plano Diretor de Tecnologia da Informação e Comunicação (PDTIC-2022-2024), do Instituto Federal de Educação, Ciência e Tecnologia do Piauí (IFPI) e Anexo.pdf",Para qual exercício foi prorrogada a vigência do PDTIC-2022/2024 do IFPI?,A vigência do PDTIC-2022/2024 foi prorrogada para o exercício de 2025.,O Plano de Desenvolvimento Institucional (PDI) do IFPI teve vigência de 2020 a 2024.,0.4666666666666667,0.07142857142857142,0.20000000000000004,0.20000000000000004,0.0,0.8483378887176514,0.8543418645858765,0.8513292670249939,0.46153846153846156,0.0,3.891,4
3,45,bm25,"RESOLUÇÃO NORMATIVA Nº 236-2025-Prorroga o Plano Diretor de Tecnologia da Informação e Comunicação (PDTIC-2022-2024), do Instituto Federal de Educação, Ciência e Tecnologia do Piauí (IFPI) e Anexo.pdf",Qual resolução foi revogada pela Resolução Normativa nº 236 de 2025?,"Foi revogada a Resolução Normativa nº 133/2022 - CONSELHO SUPERIOR, de 29 de abril de 2022.",A Resolução Normativa nº 236 de 2025 revogou a Resolução Normativa nº 1/2020 do Conselho Superior.,0.4444444444444444,0.29411764705882354,0.3888888888888889,0.3888888888888889,0.13829483667905937,0.9247279167175293,0.8555519580841064,0.8887959718704224,0.5384615384615384,0.0,4.2275,4
3,45,bm25,"RESOLUÇÃO NORMATIVA Nº 236-2025-Prorroga o Plano Diretor de Tecnologia da Informação e Comunicação (PDTIC-2022-2024), do Instituto Federal de Educação, Ciência e Tecnologia do Piauí (IFPI) e Anexo.pdf",Quais são as três fases da metodologia de elaboração do PDTIC descritas no documento?,"As três fases da metodologia de elaboração do PDTIC são Preparação, Diagnóstico e Planejamento.","As três fases da metodologia de elaboração do PDTIC são Preparação, Diagnóstico e Planejamento.",1.0,1.0,1.0,1.0,1.0,1.0,1.0,1.0,1.0,1.0,3.3376,4
3,45,bm25,"RESOLUÇÃO NORMATIVA Nº 236-2025-Prorroga o Plano Diretor de Tecnologia da Informação e Comunicação (PDTIC-2022-2024), do Instituto Federal de Educação, Ciência e Tecnologia do Piauí (IFPI) e Anexo.pdf",Em que guia se baseou a metodologia de elaboração do PDTIC do IFPI?,"A metodologia de elaboração do PDTIC do IFPI baseou-se no Guia de PDTIC do SISP, versão 2.0, adaptado à realidade do IFPI.","A metodologia utilizada para a elaboração do documento baseou-se no Guia de PDTIC do SISP, versão 2.0, adaptado à realidade do IFPI.",0.8399999999999999,0.75,0.8399999999999999,0.8399999999999999,0.7150762135853476,0.9745191931724548,0.9789811372756958,0.9767451286315918,0.923076923076923,0.0,4.1186,4
3,45,bm25,"RESOLUÇÃO NORMATIVA Nº 223-2024-Atualiza a Regulamentação do planejamento e o registro das atividades acadêmicas dos docentes da Carreira do Magistério do Ensino Básico, Técnico e Tecnológico do IFPI.pdf",Quais são os regimes de trabalho previstos para os docentes do EBTT no IFPI?,"Os regimes de trabalho previstos são 40 horas com dedicação exclusiva, 40 horas e 20 horas semanais.","Os regimes de trabalho previstos para os docentes do EBTT no IFPI são de tempo integral, com 40 horas semanais, ou tempo parcial, com 20 horas semanais.",0.5531914893617021,0.3555555555555555,0.5531914893617021,0.5531914893617021,0.2171788734284664,0.9010717272758484,0.9406071305274963,0.9204151034355164,0.6285714285714286,0.0,4.2862,4
3,45,bm25,"RESOLUÇÃO NORMATIVA Nº 223-2024-Atualiza a Regulamentação do planejamento e o registro das atividades acadêmicas dos docentes da Carreira do Magistério do Ensino Básico, Técnico e Tecnológico do IFPI.pdf","Para cada hora de regência de aulas, quantas horas adicionais o docente computará para atividades de organização e apoio ao ensino?","Para cada hora de regência de aulas, o docente computará uma hora adicional para atividades de organização e apoio ao ensino.","Para cada hora de Regência de Aula, o docente computará uma hora de Organização e Apoio ao Ensino.",0.8837209302325583,0.7804878048780488,0.8837209302325583,0.8837209302325583,0.3414504535105491,0.9086815118789673,0.9197208881378174,0.9141678810119629,0.8749999999999999,0.0,3.667,4
3,45,bm25,"RESOLUÇÃO NORMATIVA Nº 218-2024-Estab. normas, critérios e proc. para a participação de docentes (DE) em atividades remuneradas.pdf","Qual é o limite anual de horas para a participação esporádica remunerada em palestras, conferências e atividades artísticas e culturais de docentes em dedicação exclusiva?",O limite anual é de 30 horas.,"O limite anual de horas para a participação esporádica remunerada em palestras, conferências, atividades artísticas e culturais de docentes em dedicação exclusiva não pode exceder a 30 horas anuais.",0.2926829268292683,0.20512820512820512,0.2926829268292683,0.2926829268292683,0.0,0.8036078810691833,0.9253432154655457,0.8601899147033691,0.375,0.0,4.5856,4
3,45,bm25,"RESOLUÇÃO NORMATIVA Nº 218-2024-Estab. normas, critérios e proc. para a participação de docentes (DE) em atividades remuneradas.pdf",Qual é o limite de carga horária para atividades remuneradas eventuais previstas no artigo 7º da Resolução Normativa nº 218 de 2024?,As atividades remuneradas eventuais não podem exceder 8 horas semanais ou 416 horas anuais.,"O limite máximo da soma da remuneração, retribuições e bolsas percebidas pelos ocupantes de cargos, funções e empregos públicos não poderá exceder o maior valor recebido pelo funcionalismo público federal.",0.11538461538461539,0.04,0.11538461538461539,0.11538461538461539,0.0,0.8185205459594727,0.8523279428482056,0.8350822329521179,0.1,0.0,4.6175,4
3,45,bm25,"RESOLUÇÃO NORMATIVA Nº 217-2024-Atualiza o Regimento Interno da Comissão Permanente de Pessoal Docente (CPPD), no âmbito do Instituto Federal de Educação, Ciência e Tecnologia do Piauí (IFPI)..pdf",Como é composta a CPPD do IFPI em número de membros titulares e suplentes?,"A CPPD do IFPI é composta por 10 docentes, sendo 5 representantes titulares e 5 representantes suplentes.","A CPPD do IFPI é composta por chapas com dois docentes, sendo um titular e um suplente.",0.5625,0.4000000000000001,0.5625,0.5625,0.39670882908365773,0.9483709931373596,0.953549861907959,0.9509534239768982,0.6451612903225806,0.0,3.4718,4
3,45,bm25,"RESOLUÇÃO NORMATIVA Nº 217-2024-Atualiza o Regimento Interno da Comissão Permanente de Pessoal Docente (CPPD), no âmbito do Instituto Federal de Educação, Ciência e Tecnologia do Piauí (IFPI)..pdf",Qual é o mandato dos integrantes da CPPD do IFPI?,"O mandato dos integrantes da CPPD é de 4 anos, com possibilidade de uma única recondução por igual período.","O mandato dos integrantes da CPPD do IFPI é de 04 (quatro) anos, admitida uma única reeleição para período subsequente, não existindo limite para mandatos alternados.",0.5416666666666667,0.30434782608695654,0.5416666666666667,0.5416666666666667,0.20539509719773488,0.8868475556373596,0.9265609979629517,0.906269371509552,0.5581395348837209,0.0,4.5432,4
3,45,bm25,"RESOLUÇÃO Nº 27-2024-Aprova  a criação do curso de Qualificação Profissional, de Formação Inicial e Continuada (FIC) em Aquicultor, no âmbito do IFPI e Anexo.pdf",Quantas vagas são ofertadas no curso FIC em Aquicultor?,O curso FIC em Aquicultor oferta 40 vagas.,Não encontrei essa informação no contexto fornecido.,0.11764705882352941,0.0,0.11764705882352941,0.11764705882352941,0.0,0.8231986165046692,0.8388471603393555,0.8309492468833923,0.0,0.0,2.7103,4
3,45,bm25,"RESOLUÇÃO Nº 27-2024-Aprova  a criação do curso de Qualificação Profissional, de Formação Inicial e Continuada (FIC) em Aquicultor, no âmbito do IFPI e Anexo.pdf",Qual é a forma de acesso ao curso FIC em Aquicultor?,A forma de acesso ao curso FIC em Aquicultor é por meio de sorteio.,"O acesso para o curso FIC será por meio de edital de seleção, e o processo seletivo ocorrerá através de prova escrita específica.",0.3589743589743589,0.16216216216216217,0.30769230769230776,0.30769230769230776,0.0,0.8822669386863708,0.8946717977523804,0.8884261250495911,0.37499999999999994,0.0,3.5838,4
3,45,tfidf,CURSO_SUPERIOR_DE_TECNOLOGIA_EM_ANÁLISE_E_DESENVOLVIMENTO_DE_SISTEMAS.pdf,Em que ano o Curso Superior de Tecnologia em Análise e Desenvolvimento de Sistemas foi criado no Campus de Picos?,O Curso Superior de Tecnologia em Análise e Desenvolvimento de Sistemas foi criado no Campus de Picos em 2013.,O Curso Superior de Tecnologia em Análise e Desenvolvimento de Sistemas foi criado no Campus de Picos em 2013.,1.0,1.0,1.0,1.0,1.0,0.9999999403953552,0.9999999403953552,0.9999999403953552,1.0,1.0,3.483,4
3,45,tfidf,CURSO_SUPERIOR_DE_TECNOLOGIA_EM_ANÁLISE_E_DESENVOLVIMENTO_DE_SISTEMAS.pdf,Qual é a unidade de oferta do Curso Superior de Tecnologia em Análise e Desenvolvimento de Sistemas descrita no PPC?,A unidade de oferta do curso é o Campus Teresina Central.,O Curso Superior de Tecnologia em Análise e Desenvolvimento de Sistemas contribui com a demanda de profissionais para atuar no projeto e implementação de Sistemas de Informação de acordo com as necessidades institucionais.,0.1739130434782609,0.0,0.13043478260869565,0.13043478260869565,0.0,0.7902743220329285,0.8632662892341614,0.8251592516899109,0.2222222222222222,0.0,4.154,4
3,45,tfidf,CURSO_SUPERIOR_DE_TECNOLOGIA_EM_ANÁLISE_E_DESENVOLVIMENTO_DE_SISTEMAS.pdf,Qual é a carga horária total do Curso Superior de Tecnologia em Análise e Desenvolvimento de Sistemas?,A carga horária total do curso é de 2100 horas.,Não encontrei essa informação no contexto fornecido.,0.0,0.0,0.0,0.0,0.0,0.8249529004096985,0.8356121182441711,0.8302482962608337,0.0,0.0,2.5023,4
3,45,tfidf,CURSO_SUPERIOR_DE_TECNOLOGIA_EM_ANÁLISE_E_DESENVOLVIMENTO_DE_SISTEMAS.pdf,Quantas vagas por ano são ofertadas no Curso Superior de Tecnologia em Análise e Desenvolvimento de Sistemas?,O curso oferta 40 vagas por ano.,"O Curso Superior de Tecnologia em Análise e Desenvolvimento de Sistemas teve uma oferta de 64 vagas, distribuídas igualmente entre os turnos tarde e noite.",0.23529411764705882,0.0625,0.23529411764705882,0.23529411764705882,0.0,0.8184553384780884,0.9159019589424133,0.8644410371780396,0.27586206896551724,0.0,3.6493,4
3,45,tfidf,"RESOLUÇÃO Nº 14-2025-Aprova a Criação do Curso de Aperfeiçoamento Escola da Terra, no âmbito do Instituto Federal de Educação, Ciência e Tecnologia do Piauí (IFPI) e Anexo..pdf",Qual é a carga horária total do curso Escola da Terra?,A carga horária total do curso Escola da Terra é de 180 horas.,"A carga horária total do Curso de Educação do Campo e Quilombola, ação Escola da Terra, é de 495 horas, sendo 257 horas no Tempo Universidade e 103 horas no Tempo Escola/Comunidade.",0.5000000000000001,0.39130434782608703,0.5000000000000001,0.5000000000000001,0.13955755489048927,0.8856045007705688,0.9613465070724487,0.9219224452972412,0.631578947368421,0.0,5.2457,4
3,45,tfidf,"RESOLUÇÃO Nº 14-2025-Aprova a Criação do Curso de Aperfeiçoamento Escola da Terra, no âmbito do Instituto Federal de Educação, Ciência e Tecnologia do Piauí (IFPI) e Anexo..pdf",Qual é a meta física do curso Escola da Terra em número de vagas?,A meta física do curso Escola da Terra é de 120 vagas.,"O curso Escola da Terra possui 60 vagas para Professores da Educação Básica - Escolas do Campo, que possuem certificação em curso de aperfeiçoamento (mínimo de 180).",0.37209302325581395,0.14634146341463417,0.2325581395348837,0.2325581395348837,0.08928953574702554,0.8402918577194214,0.9158283472061157,0.8764355182647705,0.4,0.0,4.5206,4
3,45,tfidf,"RESOLUÇÃO Nº 14-2025-Aprova a Criação do Curso de Aperfeiçoamento Escola da Terra, no âmbito do Instituto Federal de Educação, Ciência e Tecnologia do Piauí (IFPI) e Anexo..pdf",Quando está previsto o início do curso Escola da Terra?,O início do curso Escola da Terra está previsto para março de 2025.,O Curso Aperfeiçoamento Escola da Terra está previsto para iniciar no primeiro semestre de 2024.,0.5806451612903225,0.3448275862068965,0.5806451612903225,0.5806451612903225,0.3334477432809602,0.8885897397994995,0.9396146535873413,0.9133901596069336,0.6428571428571429,0.0,3.4266,4
3,45,tfidf,"RESOLUÇÃO Nº 14-2025-Aprova a Criação do Curso de Aperfeiçoamento Escola da Terra, no âmbito do Instituto Federal de Educação, Ciência e Tecnologia do Piauí (IFPI) e Anexo..pdf",Quem é o coordenador do curso Escola da Terra?,O coordenador do curso Escola da Terra é Gilson Mendes Araújo.,Não encontrei essa informação no contexto fornecido.,0.09999999999999999,0.0,0.09999999999999999,0.09999999999999999,0.0,0.8250470161437988,0.8430057168006897,0.833929717540741,0.0,0.0,2.8951,4
3,45,tfidf,"RESOLUÇÃO NORMATIVA Nº 236-2025-Prorroga o Plano Diretor de Tecnologia da Informação e Comunicação (PDTIC-2022-2024), do Instituto Federal de Educação, Ciência e Tecnologia do Piauí (IFPI) e Anexo.pdf",Para qual exercício foi prorrogada a vigência do PDTIC-2022/2024 do IFPI?,A vigência do PDTIC-2022/2024 foi prorrogada para o exercício de 2025.,O Plano Diretor de Tecnologia da Informação e Comunicação (PDTIC-2022/2024) do IFPI foi prorrogado por meio da Resolução Normativa nº 236-2025.,0.38095238095238093,0.1,0.2857142857142857,0.2857142857142857,0.0,0.8385323882102966,0.8902472853660583,0.8636163473129272,0.4444444444444444,0.0,4.9671,4
3,45,tfidf,"RESOLUÇÃO NORMATIVA Nº 236-2025-Prorroga o Plano Diretor de Tecnologia da Informação e Comunicação (PDTIC-2022-2024), do Instituto Federal de Educação, Ciência e Tecnologia do Piauí (IFPI) e Anexo.pdf",Qual resolução foi revogada pela Resolução Normativa nº 236 de 2025?,"Foi revogada a Resolução Normativa nº 133/2022 - CONSELHO SUPERIOR, de 29 de abril de 2022.",A Resolução Normativa nº 236 de 2025 revogou a Resolução nº 111/2025.,0.37500000000000006,0.26666666666666666,0.37500000000000006,0.37500000000000006,0.0,0.9381101131439209,0.8576550483703613,0.8960802555084229,0.4545454545454546,0.0,3.193,4
3,45,tfidf,"RESOLUÇÃO NORMATIVA Nº 236-2025-Prorroga o Plano Diretor de Tecnologia da Informação e Comunicação (PDTIC-2022-2024), do Instituto Federal de Educação, Ciência e Tecnologia do Piauí (IFPI) e Anexo.pdf",Quais são as três fases da metodologia de elaboração do PDTIC descritas no documento?,"As três fases da metodologia de elaboração do PDTIC são Preparação, Diagnóstico e Planejamento.","As três fases da metodologia de elaboração do PDTIC descritas no documento são: Preparação, Diagnóstico e, por fim, a fase não especificada após o Diagnóstico.",0.6923076923076923,0.64,0.6923076923076923,0.6923076923076923,0.3545649986147617,0.9126512408256531,0.9584945440292358,0.9350113272666931,0.6842105263157894,0.0,4.1762,4
3,45,tfidf,"RESOLUÇÃO NORMATIVA Nº 236-2025-Prorroga o Plano Diretor de Tecnologia da Informação e Comunicação (PDTIC-2022-2024), do Instituto Federal de Educação, Ciência e Tecnologia do Piauí (IFPI) e Anexo.pdf",Em que guia se baseou a metodologia de elaboração do PDTIC do IFPI?,"A metodologia de elaboração do PDTIC do IFPI baseou-se no Guia de PDTIC do SISP, versão 2.0, adaptado à realidade do IFPI.","A metodologia de elaboração do PDTIC do IFPI se baseou em documentos de referência, estratégias da organização, princípios e diretrizes, além da Instrução Normativa SGD/ME Nº 31/2021, entre outros instrumentos de planejamento da instituição.",0.3768115942028986,0.2388059701492537,0.34782608695652173,0.34782608695652173,0.17078893748090399,0.8468525409698486,0.8980249762535095,0.8716883063316345,0.3673469387755102,0.0,5.2198,4
3,45,tfidf,"RESOLUÇÃO NORMATIVA Nº 223-2024-Atualiza a Regulamentação do planejamento e o registro das atividades acadêmicas dos docentes da Carreira do Magistério do Ensino Básico, Técnico e Tecnológico do IFPI.pdf",Quais são os regimes de trabalho previstos para os docentes do EBTT no IFPI?,"Os regimes de trabalho previstos são 40 horas com dedicação exclusiva, 40 horas e 20 horas semanais.","Os regimes de trabalho previstos para os docentes do EBTT no IFPI são de tempo integral, com 40 horas semanais, ou tempo parcial, com 20 horas semanais.",0.5531914893617021,0.3555555555555555,0.5531914893617021,0.5531914893617021,0.2171788734284664,0.9010717272758484,0.9406071305274963,0.9204151034355164,0.6285714285714286,0.0,4.3407,4
3,45,tfidf,"RESOLUÇÃO NORMATIVA Nº 223-2024-Atualiza a Regulamentação do planejamento e o registro das atividades acadêmicas dos docentes da Carreira do Magistério do Ensino Básico, Técnico e Tecnológico do IFPI.pdf","Para cada hora de regência de aulas, quantas horas adicionais o docente computará para atividades de organização e apoio ao ensino?","Para cada hora de regência de aulas, o docente computará uma hora adicional para atividades de organização e apoio ao ensino.","Para cada hora de Regência de Aula, o docente computará uma hora de Organização e Apoio ao Ensino.",0.8837209302325583,0.7804878048780488,0.8837209302325583,0.8837209302325583,0.3414504535105491,0.9086815118789673,0.9197208881378174,0.9141678810119629,0.8749999999999999,0.0,3.6051,4
3,45,tfidf,"RESOLUÇÃO NORMATIVA Nº 218-2024-Estab. normas, critérios e proc. para a participação de docentes (DE) em atividades remuneradas.pdf","Qual é o limite anual de horas para a participação esporádica remunerada em palestras, conferências e atividades artísticas e culturais de docentes em dedicação exclusiva?",O limite anual é de 30 horas.,"O limite anual de horas para a participação esporádica remunerada em palestras, conferências, atividades artísticas e culturais de docentes em dedicação exclusiva não pode exceder a 30 horas anuais.",0.2926829268292683,0.20512820512820512,0.2926829268292683,0.2926829268292683,0.0,0.8036078810691833,0.9253432154655457,0.8601899147033691,0.375,0.0,4.4602,4
3,45,tfidf,"RESOLUÇÃO NORMATIVA Nº 218-2024-Estab. normas, critérios e proc. para a participação de docentes (DE) em atividades remuneradas.pdf",Qual é o limite de carga horária para atividades remuneradas eventuais previstas no artigo 7º da Resolução Normativa nº 218 de 2024?,As atividades remuneradas eventuais não podem exceder 8 horas semanais ou 416 horas anuais.,Não encontrei essa informação no contexto fornecido.,0.16666666666666669,0.09090909090909091,0.16666666666666669,0.16666666666666669,0.0,0.8233992457389832,0.8057843446731567,0.814496636390686,0.1,0.0,2.9324,4
3,45,tfidf,"RESOLUÇÃO NORMATIVA Nº 217-2024-Atualiza o Regimento Interno da Comissão Permanente de Pessoal Docente (CPPD), no âmbito do Instituto Federal de Educação, Ciência e Tecnologia do Piauí (IFPI)..pdf",Como é composta a CPPD do IFPI em número de membros titulares e suplentes?,"A CPPD do IFPI é composta por 10 docentes, sendo 5 representantes titulares e 5 representantes suplentes.","A CPPD do IFPI terá membros titulares e suplentes, sendo que o registro da candidatura ocorrerá por chapa composta por dois docentes, com indicação do titular e suplente.",0.4888888888888889,0.23255813953488372,0.35555555555555557,0.35555555555555557,0.12459714829009788,0.8989600539207458,0.9330469369888306,0.9156864285469055,0.5499999999999999,0.0,4.2607,4
3,45,tfidf,"RESOLUÇÃO NORMATIVA Nº 217-2024-Atualiza o Regimento Interno da Comissão Permanente de Pessoal Docente (CPPD), no âmbito do Instituto Federal de Educação, Ciência e Tecnologia do Piauí (IFPI)..pdf",Qual é o mandato dos integrantes da CPPD do IFPI?,"O mandato dos integrantes da CPPD é de 4 anos, com possibilidade de uma única recondução por igual período.",O mandato dos integrantes da CPPD do IFPI não é especificado no contexto fornecido.,0.4117647058823529,0.3125,0.4117647058823529,0.4117647058823529,0.23321503395334311,0.8847048282623291,0.8674375414848328,0.8759860992431641,0.43750000000000006,0.0,3.1681,4
3,45,tfidf,"RESOLUÇÃO Nº 27-2024-Aprova  a criação do curso de Qualificação Profissional, de Formação Inicial e Continuada (FIC) em Aquicultor, no âmbito do IFPI e Anexo.pdf",Quantas vagas são ofertadas no curso FIC em Aquicultor?,O curso FIC em Aquicultor oferta 40 vagas.,O curso de Qualificação Profissional - Formação Inicial e Continuada (FIC) em Aquicultor oferece 40 vagas.,0.56,0.34782608695652173,0.56,0.56,0.0,0.863581657409668,0.969627320766449,0.9135372638702393,0.608695652173913,0.0,3.8552,4
3,45,tfidf,"RESOLUÇÃO Nº 27-2024-Aprova  a criação do curso de Qualificação Profissional, de Formação Inicial e Continuada (FIC) em Aquicultor, no âmbito do IFPI e Anexo.pdf",Qual é a forma de acesso ao curso FIC em Aquicultor?,A forma de acesso ao curso FIC em Aquicultor é por meio de sorteio.,"Para acessar o curso FIC em Aquicultor, o requisito de acesso é ter o Ensino Fundamental I (1º ao 5º ano) incompleto.",0.41176470588235287,0.25,0.2941176470588235,0.2941176470588235,0.11902001907030836,0.8612419962882996,0.9266527891159058,0.8927508592605591,0.4848484848484849,0.0,4.0962,4
4,46,dense_no_rerank,CURSO_SUPERIOR_DE_TECNOLOGIA_EM_ANÁLISE_E_DESENVOLVIMENTO_DE_SISTEMAS.pdf,Em que ano o Curso Superior de Tecnologia em Análise e Desenvolvimento de Sistemas foi criado no Campus de Picos?,O Curso Superior de Tecnologia em Análise e Desenvolvimento de Sistemas foi criado no Campus de Picos em 2013.,O Curso Superior de Tecnologia em Análise e Desenvolvimento de Sistemas foi criado no Campus de Picos em 2013.,1.0,1.0,1.0,1.0,1.0,0.9999999403953552,0.9999999403953552,0.9999999403953552,1.0,1.0,3.8102,4
4,46,dense_no_rerank,CURSO_SUPERIOR_DE_TECNOLOGIA_EM_ANÁLISE_E_DESENVOLVIMENTO_DE_SISTEMAS.pdf,Qual é a unidade de oferta do Curso Superior de Tecnologia em Análise e Desenvolvimento de Sistemas descrita no PPC?,A unidade de oferta do curso é o Campus Teresina Central.,A unidade da oferta do Curso Superior de Tecnologia em Análise e Desenvolvimento de Sistemas é o Campus Teresina Central.,0.6666666666666666,0.42857142857142855,0.6,0.6,0.28320384389628495,0.8714810013771057,0.9715954065322876,0.9188191294670105,0.7333333333333334,0.0,3.4875,4
4,46,dense_no_rerank,CURSO_SUPERIOR_DE_TECNOLOGIA_EM_ANÁLISE_E_DESENVOLVIMENTO_DE_SISTEMAS.pdf,Qual é a carga horária total do Curso Superior de Tecnologia em Análise e Desenvolvimento de Sistemas?,A carga horária total do curso é de 2100 horas.,A carga horária total do Curso Superior de Tecnologia em Sistemas para Internet é de 2.100 horas.,0.6428571428571429,0.46153846153846156,0.6428571428571429,0.6428571428571429,0.25772294506990867,0.8713124394416809,0.9634993672370911,0.915090024471283,0.6666666666666667,0.0,3.5623,4
4,46,dense_no_rerank,CURSO_SUPERIOR_DE_TECNOLOGIA_EM_ANÁLISE_E_DESENVOLVIMENTO_DE_SISTEMAS.pdf,Quantas vagas por ano são ofertadas no Curso Superior de Tecnologia em Análise e Desenvolvimento de Sistemas?,O curso oferta 40 vagas por ano.,O Curso Superior de Tecnologia em Análise e Desenvolvimento de Sistemas oferece 40 vagas por ano no turno vespertino.,0.4444444444444444,0.32,0.4444444444444444,0.4444444444444444,0.1326475916741222,0.8291540145874023,0.955398440361023,0.8878107666969299,0.48,0.0,3.5951,4
4,46,dense_no_rerank,"RESOLUÇÃO Nº 14-2025-Aprova a Criação do Curso de Aperfeiçoamento Escola da Terra, no âmbito do Instituto Federal de Educação, Ciência e Tecnologia do Piauí (IFPI) e Anexo..pdf",Qual é a carga horária total do curso Escola da Terra?,A carga horária total do curso Escola da Terra é de 180 horas.,A carga horária total do curso Escola da Terra é de 180 horas.,1.0,1.0,1.0,1.0,1.0,1.0,1.0,1.0,1.0,1.0,3.5137,4
4,46,dense_no_rerank,"RESOLUÇÃO Nº 14-2025-Aprova a Criação do Curso de Aperfeiçoamento Escola da Terra, no âmbito do Instituto Federal de Educação, Ciência e Tecnologia do Piauí (IFPI) e Anexo..pdf",Qual é a meta física do curso Escola da Terra em número de vagas?,A meta física do curso Escola da Terra é de 120 vagas.,A meta física do curso Escola da Terra é de 120 vagas para professoras e coordenadoras pedagógicas de turmas multisseriadas.,0.7272727272727273,0.7096774193548387,0.7272727272727273,0.7272727272727273,0.5471114295717522,0.8801493048667908,0.9877628684043884,0.9308561682701111,0.7741935483870968,0.0,4.1454,4
4,46,dense_no_rerank,"RESOLUÇÃO Nº 14-2025-Aprova a Criação do Curso de Aperfeiçoamento Escola da Terra, no âmbito do Instituto Federal de Educação, Ciência e Tecnologia do Piauí (IFPI) e Anexo..pdf",Quando está previsto o início do curso Escola da Terra?,O início do curso Escola da Terra está previsto para março de 2025.,O Curso de Especialização Escola da Terra está previsto para iniciar no primeiro semestre de 2025.,0.6875,0.39999999999999997,0.625,0.625,0.36821398145189993,0.9271272420883179,0.9493149518966675,0.9380899667739868,0.7142857142857142,0.0,3.7218,4
4,46,dense_no_rerank,"RESOLUÇÃO Nº 14-2025-Aprova a Criação do Curso de Aperfeiçoamento Escola da Terra, no âmbito do Instituto Federal de Educação, Ciência e Tecnologia do Piauí (IFPI) e Anexo..pdf",Quem é o coordenador do curso Escola da Terra?,O coordenador do curso Escola da Terra é Gilson Mendes Araújo.,O coordenador do curso Escola da Terra é Emanuel Alcântara da Silva.,0.6086956521739131,0.5714285714285713,0.6086956521739131,0.6086956521739131,0.5760844201603896,0.9166338443756104,0.9614384174346924,0.9385016560554504,0.7272727272727273,0.0,3.1169,4
4,46,dense_no_rerank,"RESOLUÇÃO NORMATIVA Nº 236-2025-Prorroga o Plano Diretor de Tecnologia da Informação e Comunicação (PDTIC-2022-2024), do Instituto Federal de Educação, Ciência e Tecnologia do Piauí (IFPI) e Anexo.pdf",Para qual exercício foi prorrogada a vigência do PDTIC-2022/2024 do IFPI?,A vigência do PDTIC-2022/2024 foi prorrogada para o exercício de 2025.,"O Plano Diretor de Tecnologia da Informação e Comunicação (PDTIC-2022/2024) do Instituto Federal de Educação, Ciência e Tecnologia do Piauí (IFPI) foi prorrogado para o exercício de 2025.",0.48000000000000004,0.2916666666666667,0.4,0.4,0.1690653646485627,0.8415287733078003,0.9482990503311157,0.8917292952537537,0.5405405405405406,0.0,5.2742,4
4,46,dense_no_rerank,"RESOLUÇÃO NORMATIVA Nº 236-2025-Prorroga o Plano Diretor de Tecnologia da Informação e Comunicação (PDTIC-2022-2024), do Instituto Federal de Educação, Ciência e Tecnologia do Piauí (IFPI) e Anexo.pdf",Qual resolução foi revogada pela Resolução Normativa nº 236 de 2025?,"Foi revogada a Resolução Normativa nº 133/2022 - CONSELHO SUPERIOR, de 29 de abril de 2022.",A Resolução Normativa nº 236 de 2025 revogou a Resolução NormaAva nº 206/2024.,0.3636363636363636,0.2580645161290323,0.3636363636363636,0.3636363636363636,0.0,0.916382372379303,0.8532021045684814,0.8836644291877747,0.41666666666666663,0.0,4.5991,4
4,46,dense_no_rerank,"RESOLUÇÃO NORMATIVA Nº 236-2025-Prorroga o Plano Diretor de Tecnologia da Informação e Comunicação (PDTIC-2022-2024), do Instituto Federal de Educação, Ciência e Tecnologia do Piauí (IFPI) e Anexo.pdf",Quais são as três fases da metodologia de elaboração do PDTIC descritas no documento?,"As três fases da metodologia de elaboração do PDTIC são Preparação, Diagnóstico e Planejamento.","As três fases da metodologia de elaboração do PDTIC são Preparação, Diagnóstico e Planejamento.",1.0,1.0,1.0,1.0,1.0,1.0,1.0,1.0,1.0,1.0,3.3811,4
4,46,dense_no_rerank,"RESOLUÇÃO NORMATIVA Nº 236-2025-Prorroga o Plano Diretor de Tecnologia da Informação e Comunicação (PDTIC-2022-2024), do Instituto Federal de Educação, Ciência e Tecnologia do Piauí (IFPI) e Anexo.pdf",Em que guia se baseou a metodologia de elaboração do PDTIC do IFPI?,"A metodologia de elaboração do PDTIC do IFPI baseou-se no Guia de PDTIC do SISP, versão 2.0, adaptado à realidade do IFPI.","A metodologia de elaboração do PDTIC do IFPI baseou-se no Guia de PDTIC do SISP, versão 2.0, adaptado à realidade do IFPI.",1.0,1.0,1.0,1.0,1.0,1.0,1.0,1.0,1.0,1.0,4.2345,4
4,46,dense_no_rerank,"RESOLUÇÃO NORMATIVA Nº 223-2024-Atualiza a Regulamentação do planejamento e o registro das atividades acadêmicas dos docentes da Carreira do Magistério do Ensino Básico, Técnico e Tecnológico do IFPI.pdf",Quais são os regimes de trabalho previstos para os docentes do EBTT no IFPI?,"Os regimes de trabalho previstos são 40 horas com dedicação exclusiva, 40 horas e 20 horas semanais.","Os regimes de trabalho para os docentes do EBTT do IFPI são definidos de acordo com a Tabela de Atividades, e o Plano Semestral de Atividades Docentes (PSAD) deve totalizar a carga horária de cada regime de trabalho.",0.30508474576271183,0.14035087719298245,0.2711864406779661,0.2711864406779661,0.06695900686562914,0.8216652870178223,0.8533812761306763,0.8372229933738708,0.3414634146341463,0.0,5.1629,4
4,46,dense_no_rerank,"RESOLUÇÃO NORMATIVA Nº 223-2024-Atualiza a Regulamentação do planejamento e o registro das atividades acadêmicas dos docentes da Carreira do Magistério do Ensino Básico, Técnico e Tecnológico do IFPI.pdf","Para cada hora de regência de aulas, quantas horas adicionais o docente computará para atividades de organização e apoio ao ensino?","Para cada hora de regência de aulas, o docente computará uma hora adicional para atividades de organização e apoio ao ensino.","Para cada hora de Regência de Aula, o docente computará uma hora adicional para atividades de Organização e Apoio ao Ensino.",0.9565217391304348,0.9090909090909091,0.9565217391304348,0.9565217391304348,0.5339935148604845,0.9223076105117798,0.942150354385376,0.9321234226226807,0.9411764705882353,0.0,3.7484,4
4,46,dense_no_rerank,"RESOLUÇÃO NORMATIVA Nº 218-2024-Estab. normas, critérios e proc. para a participação de docentes (DE) em atividades remuneradas.pdf","Qual é o limite anual de horas para a participação esporádica remunerada em palestras, conferências e atividades artísticas e culturais de docentes em dedicação exclusiva?",O limite anual é de 30 horas.,"O limite anual de horas para a participação esporádica remunerada em palestras, conferências, atividades artísticas e culturais de docentes em dedicação exclusiva não pode exceder a 30 horas anuais.",0.2926829268292683,0.20512820512820512,0.2926829268292683,0.2926829268292683,0.0,0.8036078810691833,0.9253432154655457,0.8601899147033691,0.375,0.0,4.6745,4
4,46,dense_no_rerank,"RESOLUÇÃO NORMATIVA Nº 218-2024-Estab. normas, critérios e proc. para a participação de docentes (DE) em atividades remuneradas.pdf",Qual é o limite de carga horária para atividades remuneradas eventuais previstas no artigo 7º da Resolução Normativa nº 218 de 2024?,As atividades remuneradas eventuais não podem exceder 8 horas semanais ou 416 horas anuais.,O limite de carga horária para a prestação institucional de serviços remunerada de um servidor não pode ultrapassar 8 (oito) horas semanais ou 416 (quatrocentas e dezesseis) horas anuais.,0.37499999999999994,0.21739130434782608,0.37499999999999994,0.37499999999999994,0.1049439266125276,0.8394305109977722,0.9174327850341797,0.8767000436782837,0.3589743589743589,0.0,4.9581,4
4,46,dense_no_rerank,"RESOLUÇÃO NORMATIVA Nº 217-2024-Atualiza o Regimento Interno da Comissão Permanente de Pessoal Docente (CPPD), no âmbito do Instituto Federal de Educação, Ciência e Tecnologia do Piauí (IFPI)..pdf",Como é composta a CPPD do IFPI em número de membros titulares e suplentes?,"A CPPD do IFPI é composta por 10 docentes, sendo 5 representantes titulares e 5 representantes suplentes.","A CPPD do IFPI é composta por dez docentes da carreira de Ensino Básico, Técnico e Tecnológico, sendo cinco representantes titulares e cinco representantes suplentes.",0.6046511627906976,0.3902439024390244,0.6046511627906976,0.6046511627906976,0.31645275923351984,0.9136143922805786,0.9827612638473511,0.9469271898269653,0.7027027027027029,0.0,4.1793,4
4,46,dense_no_rerank,"RESOLUÇÃO NORMATIVA Nº 217-2024-Atualiza o Regimento Interno da Comissão Permanente de Pessoal Docente (CPPD), no âmbito do Instituto Federal de Educação, Ciência e Tecnologia do Piauí (IFPI)..pdf",Qual é o mandato dos integrantes da CPPD do IFPI?,"O mandato dos integrantes da CPPD é de 4 anos, com possibilidade de uma única recondução por igual período.","Os integrantes da CPPD do IFPI terão mandato de 04 (quatro) anos, podendo haver uma única recondução por igual período.",0.6976744186046512,0.4878048780487805,0.6046511627906976,0.6046511627906976,0.3299895472527792,0.9243701696395874,0.944128692150116,0.9341450333595276,0.631578947368421,0.0,4.0181,4
4,46,dense_no_rerank,"RESOLUÇÃO Nº 27-2024-Aprova  a criação do curso de Qualificação Profissional, de Formação Inicial e Continuada (FIC) em Aquicultor, no âmbito do IFPI e Anexo.pdf",Quantas vagas são ofertadas no curso FIC em Aquicultor?,O curso FIC em Aquicultor oferta 40 vagas.,O curso de Qualificação Profissional - Formação Inicial e Continuada (FIC) em Aquicultor oferece 40 vagas.,0.56,0.34782608695652173,0.56,0.56,0.0,0.863581657409668,0.969627320766449,0.9135372638702393,0.608695652173913,0.0,3.7539,4
4,46,dense_no_rerank,"RESOLUÇÃO Nº 27-2024-Aprova  a criação do curso de Qualificação Profissional, de Formação Inicial e Continuada (FIC) em Aquicultor, no âmbito do IFPI e Anexo.pdf",Qual é a forma de acesso ao curso FIC em Aquicultor?,A forma de acesso ao curso FIC em Aquicultor é por meio de sorteio.,A forma de acesso ao curso FIC em Aquicultor exige que o candidato possua o Ensino Fundamental I (1º ao 5º ano) incompleto.,0.5,0.4705882352941177,0.5,0.5,0.31107972814824386,0.8755465745925903,0.9480505585670471,0.9103571772575378,0.5294117647058824,0.0,4.0968,4
4,46,dense_rerank,CURSO_SUPERIOR_DE_TECNOLOGIA_EM_ANÁLISE_E_DESENVOLVIMENTO_DE_SISTEMAS.pdf,Em que ano o Curso Superior de Tecnologia em Análise e Desenvolvimento de Sistemas foi criado no Campus de Picos?,O Curso Superior de Tecnologia em Análise e Desenvolvimento de Sistemas foi criado no Campus de Picos em 2013.,O Curso Superior de Tecnologia em Análise e Desenvolvimento de Sistemas foi criado no Campus de Picos em 2013.,1.0,1.0,1.0,1.0,1.0,0.9999999403953552,0.9999999403953552,0.9999999403953552,1.0,1.0,3.6957,4
4,46,dense_rerank,CURSO_SUPERIOR_DE_TECNOLOGIA_EM_ANÁLISE_E_DESENVOLVIMENTO_DE_SISTEMAS.pdf,Qual é a unidade de oferta do Curso Superior de Tecnologia em Análise e Desenvolvimento de Sistemas descrita no PPC?,A unidade de oferta do curso é o Campus Teresina Central.,"O Projeto Pedagógico do Curso Superior de Tecnologia em Análise e Desenvolvimento de Sistemas é fruto de um processo de reflexão e discussão coletiva, com a participação dos professores e da comunidade acadêmica.",0.20833333333333334,0.043478260869565216,0.125,0.125,0.0,0.7914924025535583,0.8621174097061157,0.8252967596054077,0.30769230769230765,0.0,4.216,4
4,46,dense_rerank,CURSO_SUPERIOR_DE_TECNOLOGIA_EM_ANÁLISE_E_DESENVOLVIMENTO_DE_SISTEMAS.pdf,Qual é a carga horária total do Curso Superior de Tecnologia em Análise e Desenvolvimento de Sistemas?,A carga horária total do curso é de 2100 horas.,"A carga horária total do Curso Superior de Tecnologia em Análise e Desenvolvimento de Sistemas é de 400 horas, distribuídas em 20 semanas.",0.5142857142857143,0.36363636363636365,0.5142857142857143,0.5142857142857143,0.17268932789342512,0.839600145816803,0.9638860821723938,0.8974605798721313,0.6,0.0,4.0157,4
4,46,dense_rerank,CURSO_SUPERIOR_DE_TECNOLOGIA_EM_ANÁLISE_E_DESENVOLVIMENTO_DE_SISTEMAS.pdf,Quantas vagas por ano são ofertadas no Curso Superior de Tecnologia em Análise e Desenvolvimento de Sistemas?,O curso oferta 40 vagas por ano.,O Curso Superior de Tecnologia em Análise e Desenvolvimento de Sistemas oferece 40 vagas no turno da noite para o primeiro semestre de 2025.,0.25,0.13333333333333333,0.25,0.25,0.0,0.8228235840797424,0.9194111824035645,0.8684400320053101,0.2857142857142857,0.0,3.8483,4
4,46,dense_rerank,"RESOLUÇÃO Nº 14-2025-Aprova a Criação do Curso de Aperfeiçoamento Escola da Terra, no âmbito do Instituto Federal de Educação, Ciência e Tecnologia do Piauí (IFPI) e Anexo..pdf",Qual é a carga horária total do curso Escola da Terra?,A carga horária total do curso Escola da Terra é de 180 horas.,"A carga horária total do curso Escola da Terra é de 180 horas/aula presenciais, divididas em cinco módulos.",0.787878787878788,0.7741935483870968,0.787878787878788,0.787878787878788,0.5695988432761473,0.9143187999725342,0.9894363880157471,0.9503955841064453,0.8125000000000001,0.0,3.9686,4
4,46,dense_rerank,"RESOLUÇÃO Nº 14-2025-Aprova a Criação do Curso de Aperfeiçoamento Escola da Terra, no âmbito do Instituto Federal de Educação, Ciência e Tecnologia do Piauí (IFPI) e Anexo..pdf",Qual é a meta física do curso Escola da Terra em número de vagas?,A meta física do curso Escola da Terra é de 120 vagas.,A meta física do curso Escola da Terra é de 120 vagas para professoras e coordenadoras pedagógicas de turmas multisseriadas.,0.7272727272727273,0.7096774193548387,0.7272727272727273,0.7272727272727273,0.5471114295717522,0.8801493048667908,0.9877628684043884,0.9308561682701111,0.7741935483870968,0.0,4.3729,4
4,46,dense_rerank,"RESOLUÇÃO Nº 14-2025-Aprova a Criação do Curso de Aperfeiçoamento Escola da Terra, no âmbito do Instituto Federal de Educação, Ciência e Tecnologia do Piauí (IFPI) e Anexo..pdf",Quando está previsto o início do curso Escola da Terra?,O início do curso Escola da Terra está previsto para março de 2025.,O curso Aperfeiçoamento Escola da Terra está previsto para iniciar no primeiro semestre de 2024.,0.5806451612903225,0.3448275862068965,0.5806451612903225,0.5806451612903225,0.342347495586902,0.8954670429229736,0.9474089741706848,0.920706033706665,0.6428571428571429,0.0,3.7104,4
4,46,dense_rerank,"RESOLUÇÃO Nº 14-2025-Aprova a Criação do Curso de Aperfeiçoamento Escola da Terra, no âmbito do Instituto Federal de Educação, Ciência e Tecnologia do Piauí (IFPI) e Anexo..pdf",Quem é o coordenador do curso Escola da Terra?,O coordenador do curso Escola da Terra é Gilson Mendes Araújo.,O coordenador do curso Escola da Terra é Emanuel Alcântara da Silva.,0.6086956521739131,0.5714285714285713,0.6086956521739131,0.6086956521739131,0.5760844201603896,0.9166338443756104,0.9614384174346924,0.9385016560554504,0.7272727272727273,0.0,3.1657,4
4,46,dense_rerank,"RESOLUÇÃO NORMATIVA Nº 236-2025-Prorroga o Plano Diretor de Tecnologia da Informação e Comunicação (PDTIC-2022-2024), do Instituto Federal de Educação, Ciência e Tecnologia do Piauí (IFPI) e Anexo.pdf",Para qual exercício foi prorrogada a vigência do PDTIC-2022/2024 do IFPI?,A vigência do PDTIC-2022/2024 foi prorrogada para o exercício de 2025.,"O Plano Diretor de Tecnologia da Informação e Comunicação (PDTIC-2022/2024) do Instituto Federal de Educação, Ciência e Tecnologia do Piauí (IFPI) foi prorrogado para o exercício de 2025.",0.48000000000000004,0.2916666666666667,0.4,0.4,0.1690653646485627,0.8415287733078003,0.9482990503311157,0.8917292952537537,0.5405405405405406,0.0,5.3706,4
4,46,dense_rerank,"RESOLUÇÃO NORMATIVA Nº 236-2025-Prorroga o Plano Diretor de Tecnologia da Informação e Comunicação (PDTIC-2022-2024), do Instituto Federal de Educação, Ciência e Tecnologia do Piauí (IFPI) e Anexo.pdf",Qual resolução foi revogada pela Resolução Normativa nº 236 de 2025?,"Foi revogada a Resolução Normativa nº 133/2022 - CONSELHO SUPERIOR, de 29 de abril de 2022.",A Resolução Normativa nº 248 de 2025 revogou a Resolução Normativa nº 113/2024.,0.3636363636363636,0.2580645161290323,0.3636363636363636,0.3636363636363636,0.1371412313982141,0.9315725564956665,0.8553409576416016,0.8918307423591614,0.4347826086956522,0.0,4.886,4
4,46,dense_rerank,"RESOLUÇÃO NORMATIVA Nº 236-2025-Prorroga o Plano Diretor de Tecnologia da Informação e Comunicação (PDTIC-2022-2024), do Instituto Federal de Educação, Ciência e Tecnologia do Piauí (IFPI) e Anexo.pdf",Quais são as três fases da metodologia de elaboração do PDTIC descritas no documento?,"As três fases da metodologia de elaboração do PDTIC são Preparação, Diagnóstico e Planejamento.","As três fases da metodologia de elaboração do PDTIC são: Preparação, Diagnóstico e Planejamento.",1.0,1.0,1.0,1.0,0.8282477531331041,0.9927828311920166,0.9966408014297485,0.9947080612182617,1.0,0.0,3.5036,4
4,46,dense_rerank,"RESOLUÇÃO NORMATIVA Nº 236-2025-Prorroga o Plano Diretor de Tecnologia da Informação e Comunicação (PDTIC-2022-2024), do Instituto Federal de Educação, Ciência e Tecnologia do Piauí (IFPI) e Anexo.pdf",Em que guia se baseou a metodologia de elaboração do PDTIC do IFPI?,"A metodologia de elaboração do PDTIC do IFPI baseou-se no Guia de PDTIC do SISP, versão 2.0, adaptado à realidade do IFPI.","A metodologia de elaboração do PDTIC do IFPI baseou-se no Guia de PDTIC do SISP, versão 2.0, adaptado à realidade do IFPI.",1.0,1.0,1.0,1.0,1.0,1.0,1.0,1.0,1.0,1.0,4.2721,4
4,46,dense_rerank,"RESOLUÇÃO NORMATIVA Nº 223-2024-Atualiza a Regulamentação do planejamento e o registro das atividades acadêmicas dos docentes da Carreira do Magistério do Ensino Básico, Técnico e Tecnológico do IFPI.pdf",Quais são os regimes de trabalho previstos para os docentes do EBTT no IFPI?,"Os regimes de trabalho previstos são 40 horas com dedicação exclusiva, 40 horas e 20 horas semanais.","Os docentes da carreira de Ensino Básico, Técnico e Tecnológico do IFPI são submetidos a um dos seguintes regimes de trabalho: tempo integral de 40 (quarenta) horas semanais com dedicação exclusiva (DE), tempo integral de 40 (quarenta) horas semanais, ou tempo parcial de 20 (vinte) horas semanais de trabalho.",0.4931506849315068,0.19718309859154928,0.410958904109589,0.410958904109589,0.0,0.8409399390220642,0.9313183426856995,0.8838246464729309,0.5531914893617021,0.0,6.8168,4
4,46,dense_rerank,"RESOLUÇÃO NORMATIVA Nº 223-2024-Atualiza a Regulamentação do planejamento e o registro das atividades acadêmicas dos docentes da Carreira do Magistério do Ensino Básico, Técnico e Tecnológico do IFPI.pdf","Para cada hora de regência de aulas, quantas horas adicionais o docente computará para atividades de organização e apoio ao ensino?","Para cada hora de regência de aulas, o docente computará uma hora adicional para atividades de organização e apoio ao ensino.","Os docentes orientadores poderão computar até duas horas de Regência de Aulas para atividades de orientação de projetos integradores, disciplinas do Núcleo Integrador ou do Núcleo Complementar, e atividades de extensão.",0.4,0.20689655172413793,0.3333333333333333,0.3333333333333333,0.0,0.834890604019165,0.8828171491622925,0.8581852316856384,0.2926829268292683,0.0,4.6399,4
4,46,dense_rerank,"RESOLUÇÃO NORMATIVA Nº 218-2024-Estab. normas, critérios e proc. para a participação de docentes (DE) em atividades remuneradas.pdf","Qual é o limite anual de horas para a participação esporádica remunerada em palestras, conferências e atividades artísticas e culturais de docentes em dedicação exclusiva?",O limite anual é de 30 horas.,"O limite anual de horas para a participação esporádica remunerada em palestras, conferências, atividades artísticas e culturais de docentes em dedicação exclusiva é de 30 horas.",0.33333333333333337,0.29411764705882354,0.33333333333333337,0.33333333333333337,0.16110518603734317,0.8159887194633484,0.9578015804290771,0.8812262415885925,0.4827586206896552,0.0,4.502,4
4,46,dense_rerank,"RESOLUÇÃO NORMATIVA Nº 218-2024-Estab. normas, critérios e proc. para a participação de docentes (DE) em atividades remuneradas.pdf",Qual é o limite de carga horária para atividades remuneradas eventuais previstas no artigo 7º da Resolução Normativa nº 218 de 2024?,As atividades remuneradas eventuais não podem exceder 8 horas semanais ou 416 horas anuais.,"O limite de carga horária para atividades remuneradas eventuais de servidor docente com dedicação exclusiva ou com 20 ou 40 horas, desenvolvendo atividades de prestação de serviços em projetos de ensino, pesquisa e extensão, é de 8 (oito) horas semanais ou 416 (quatrocentas e dezesseis) horas anuais.",0.3333333333333333,0.1875,0.3333333333333333,0.3333333333333333,0.07832109731166834,0.8363698124885559,0.9225704669952393,0.8773579597473145,0.37499999999999994,0.0,6.4451,4
4,46,dense_rerank,"RESOLUÇÃO NORMATIVA Nº 217-2024-Atualiza o Regimento Interno da Comissão Permanente de Pessoal Docente (CPPD), no âmbito do Instituto Federal de Educação, Ciência e Tecnologia do Piauí (IFPI)..pdf",Como é composta a CPPD do IFPI em número de membros titulares e suplentes?,"A CPPD do IFPI é composta por 10 docentes, sendo 5 representantes titulares e 5 representantes suplentes.","A Comissão Permanente de Pessoal Docente do IFPI é composta por dez docentes da carreira de Ensino Básico, Técnico e Tecnológico, sendo cinco representantes titulares e cinco representantes suplentes.",0.5,0.26086956521739135,0.5,0.5,0.19887294770987018,0.8777009844779968,0.9611592292785645,0.917536199092865,0.6,0.0,4.3897,4
4,46,dense_rerank,"RESOLUÇÃO NORMATIVA Nº 217-2024-Atualiza o Regimento Interno da Comissão Permanente de Pessoal Docente (CPPD), no âmbito do Instituto Federal de Educação, Ciência e Tecnologia do Piauí (IFPI)..pdf",Qual é o mandato dos integrantes da CPPD do IFPI?,"O mandato dos integrantes da CPPD é de 4 anos, com possibilidade de uma única recondução por igual período.","Os integrantes da CPPD do IFPI têm mandato de 4 (quatro) anos, podendo haver uma única recondução por igual período.",0.6976744186046512,0.4878048780487805,0.6511627906976744,0.6511627906976744,0.3446913316729032,0.9351704120635986,0.9487611055374146,0.9419167041778564,0.6842105263157895,0.0,3.8966,4
4,46,dense_rerank,"RESOLUÇÃO Nº 27-2024-Aprova  a criação do curso de Qualificação Profissional, de Formação Inicial e Continuada (FIC) em Aquicultor, no âmbito do IFPI e Anexo.pdf",Quantas vagas são ofertadas no curso FIC em Aquicultor?,O curso FIC em Aquicultor oferta 40 vagas.,O curso de Qualificação Profissional - Formação Inicial e Continuada (FIC) em Aquicultor oferece 40 vagas.,0.56,0.34782608695652173,0.56,0.56,0.0,0.863581657409668,0.969627320766449,0.9135372638702393,0.608695652173913,0.0,3.8688,4
4,46,dense_rerank,"RESOLUÇÃO Nº 27-2024-Aprova  a criação do curso de Qualificação Profissional, de Formação Inicial e Continuada (FIC) em Aquicultor, no âmbito do IFPI e Anexo.pdf",Qual é a forma de acesso ao curso FIC em Aquicultor?,A forma de acesso ao curso FIC em Aquicultor é por meio de sorteio.,A forma de oferta do Curso de Qualificação Profissional - Formação Inicial e Continuada (FIC) em Aquicultor é presencial.,0.5,0.26666666666666666,0.4375,0.4375,0.0,0.8556186556816101,0.9247289299964905,0.8888323903083801,0.5333333333333333,0.0,3.9818,4
4,46,bm25,CURSO_SUPERIOR_DE_TECNOLOGIA_EM_ANÁLISE_E_DESENVOLVIMENTO_DE_SISTEMAS.pdf,Em que ano o Curso Superior de Tecnologia em Análise e Desenvolvimento de Sistemas foi criado no Campus de Picos?,O Curso Superior de Tecnologia em Análise e Desenvolvimento de Sistemas foi criado no Campus de Picos em 2013.,O Curso Superior de Tecnologia em Análise e Desenvolvimento de Sistemas no Campus de Picos foi autorizado em 2013.,0.9500000000000001,0.7894736842105263,0.9,0.9,0.7172835948406505,0.9870268106460571,0.9908930659294128,0.9889561533927917,0.9375,0.0,3.5749,4
4,46,bm25,CURSO_SUPERIOR_DE_TECNOLOGIA_EM_ANÁLISE_E_DESENVOLVIMENTO_DE_SISTEMAS.pdf,Qual é a unidade de oferta do Curso Superior de Tecnologia em Análise e Desenvolvimento de Sistemas descrita no PPC?,A unidade de oferta do curso é o Campus Teresina Central.,"A unidade de oferta do Curso Superior de Tecnologia em Análise e Desenvolvimento de Sistemas descrita no PPC são os campi Teresina Central, Floriano, Picos, Corrente, Pedro II e Parnaíba.",0.41860465116279066,0.29268292682926833,0.41860465116279066,0.41860465116279066,0.11755743200908036,0.8304221630096436,0.945409893989563,0.8841931819915771,0.42105263157894735,0.0,4.4069,4
4,46,bm25,CURSO_SUPERIOR_DE_TECNOLOGIA_EM_ANÁLISE_E_DESENVOLVIMENTO_DE_SISTEMAS.pdf,Qual é a carga horária total do Curso Superior de Tecnologia em Análise e Desenvolvimento de Sistemas?,A carga horária total do curso é de 2100 horas.,"As atividades complementares do Curso Superior de Tecnologia em Análise e Desenvolvimento de Sistemas deverão ter o total de no mínimo cem horas, correspondente a 5% da carga horária total do curso.",0.391304347826087,0.22727272727272727,0.30434782608695654,0.30434782608695654,0.11117895489854909,0.81644606590271,0.9267646074295044,0.8681145906448364,0.43243243243243246,0.0,4.4099,4
4,46,bm25,CURSO_SUPERIOR_DE_TECNOLOGIA_EM_ANÁLISE_E_DESENVOLVIMENTO_DE_SISTEMAS.pdf,Quantas vagas por ano são ofertadas no Curso Superior de Tecnologia em Análise e Desenvolvimento de Sistemas?,O curso oferta 40 vagas por ano.,O Curso Superior de Tecnologia em Análise e Desenvolvimento de Sistemas oferece 40 vagas por ano no turno vespertino.,0.4444444444444444,0.32,0.4444444444444444,0.4444444444444444,0.1326475916741222,0.8291540145874023,0.955398440361023,0.8878107666969299,0.48,0.0,3.4324,4
4,46,bm25,"RESOLUÇÃO Nº 14-2025-Aprova a Criação do Curso de Aperfeiçoamento Escola da Terra, no âmbito do Instituto Federal de Educação, Ciência e Tecnologia do Piauí (IFPI) e Anexo..pdf",Qual é a carga horária total do curso Escola da Terra?,A carga horária total do curso Escola da Terra é de 180 horas.,O Curso de Especialização Escola da Terra possui uma carga horária total de 360 horas.,0.6666666666666667,0.35714285714285715,0.4000000000000001,0.4000000000000001,0.0,0.9218363165855408,0.9436997175216675,0.9326398968696594,0.6666666666666666,0.0,3.2627,4
4,46,bm25,"RESOLUÇÃO Nº 14-2025-Aprova a Criação do Curso de Aperfeiçoamento Escola da Terra, no âmbito do Instituto Federal de Educação, Ciência e Tecnologia do Piauí (IFPI) e Anexo..pdf",Qual é a meta física do curso Escola da Terra em número de vagas?,A meta física do curso Escola da Terra é de 120 vagas.,O Curso Aperfeiçoamento Escola da Terra possui 30 vagas.,0.45454545454545453,0.19999999999999998,0.45454545454545453,0.45454545454545453,0.0,0.880872368812561,0.914977490901947,0.8976011276245117,0.4761904761904762,0.0,2.6627,4
4,46,bm25,"RESOLUÇÃO Nº 14-2025-Aprova a Criação do Curso de Aperfeiçoamento Escola da Terra, no âmbito do Instituto Federal de Educação, Ciência e Tecnologia do Piauí (IFPI) e Anexo..pdf",Quando está previsto o início do curso Escola da Terra?,O início do curso Escola da Terra está previsto para março de 2025.,Não encontrei essa informação no contexto fornecido.,0.16666666666666669,0.0,0.16666666666666669,0.16666666666666669,0.0,0.8219438791275024,0.8310289978981018,0.8264614343643188,0.0,0.0,2.6616,4
4,46,bm25,"RESOLUÇÃO Nº 14-2025-Aprova a Criação do Curso de Aperfeiçoamento Escola da Terra, no âmbito do Instituto Federal de Educação, Ciência e Tecnologia do Piauí (IFPI) e Anexo..pdf",Quem é o coordenador do curso Escola da Terra?,O coordenador do curso Escola da Terra é Gilson Mendes Araújo.,"O coordenador do curso Escola da Terra é um docente do campus, de área específica ou pedagógica do curso.",0.45161290322580644,0.41379310344827586,0.45161290322580644,0.45161290322580644,0.3386854985606571,0.900873601436615,0.9360523223876953,0.9181260466575623,0.5925925925925926,0.0,3.3523,4
4,46,bm25,"RESOLUÇÃO NORMATIVA Nº 236-2025-Prorroga o Plano Diretor de Tecnologia da Informação e Comunicação (PDTIC-2022-2024), do Instituto Federal de Educação, Ciência e Tecnologia do Piauí (IFPI) e Anexo.pdf",Para qual exercício foi prorrogada a vigência do PDTIC-2022/2024 do IFPI?,A vigência do PDTIC-2022/2024 foi prorrogada para o exercício de 2025.,O Plano de Desenvolvimento Institucional (PDI) do IFPI teve vigência de 2020 a 2024.,0.4666666666666667,0.07142857142857142,0.20000000000000004,0.20000000000000004,0.0,0.8483378887176514,0.8543418645858765,0.8513292670249939,0.46153846153846156,0.0,3.8947,4
4,46,bm25,"RESOLUÇÃO NORMATIVA Nº 236-2025-Prorroga o Plano Diretor de Tecnologia da Informação e Comunicação (PDTIC-2022-2024), do Instituto Federal de Educação, Ciência e Tecnologia do Piauí (IFPI) e Anexo.pdf",Qual resolução foi revogada pela Resolução Normativa nº 236 de 2025?,"Foi revogada a Resolução Normativa nº 133/2022 - CONSELHO SUPERIOR, de 29 de abril de 2022.",A Resolução Normativa nº 236 de 2025 revogou a Resolução Normativa nº 1/2020 do Conselho Superior.,0.4444444444444444,0.29411764705882354,0.3888888888888889,0.3888888888888889,0.13829483667905937,0.9247279167175293,0.8555519580841064,0.8887959718704224,0.5384615384615384,0.0,4.2186,4
4,46,bm25,"RESOLUÇÃO NORMATIVA Nº 236-2025-Prorroga o Plano Diretor de Tecnologia da Informação e Comunicação (PDTIC-2022-2024), do Instituto Federal de Educação, Ciência e Tecnologia do Piauí (IFPI) e Anexo.pdf",Quais são as três fases da metodologia de elaboração do PDTIC descritas no documento?,"As três fases da metodologia de elaboração do PDTIC são Preparação, Diagnóstico e Planejamento.","As três fases da metodologia de elaboração do PDTIC são Preparação, Diagnóstico e Planejamento.",1.0,1.0,1.0,1.0,1.0,1.0,1.0,1.0,1.0,1.0,3.3253,4
4,46,bm25,"RESOLUÇÃO NORMATIVA Nº 236-2025-Prorroga o Plano Diretor de Tecnologia da Informação e Comunicação (PDTIC-2022-2024), do Instituto Federal de Educação, Ciência e Tecnologia do Piauí (IFPI) e Anexo.pdf",Em que guia se baseou a metodologia de elaboração do PDTIC do IFPI?,"A metodologia de elaboração do PDTIC do IFPI baseou-se no Guia de PDTIC do SISP, versão 2.0, adaptado à realidade do IFPI.","A metodologia utilizada para a elaboração do documento baseou-se no Guia de PDTIC do SISP, versão 2.0, adaptado à realidade do IFPI.",0.8399999999999999,0.75,0.8399999999999999,0.8399999999999999,0.7150762135853476,0.9745191931724548,0.9789811372756958,0.9767451286315918,0.923076923076923,0.0,4.1214,4
4,46,bm25,"RESOLUÇÃO NORMATIVA Nº 223-2024-Atualiza a Regulamentação do planejamento e o registro das atividades acadêmicas dos docentes da Carreira do Magistério do Ensino Básico, Técnico e Tecnológico do IFPI.pdf",Quais são os regimes de trabalho previstos para os docentes do EBTT no IFPI?,"Os regimes de trabalho previstos são 40 horas com dedicação exclusiva, 40 horas e 20 horas semanais.","Os regimes de trabalho previstos para os docentes do EBTT no IFPI são de tempo integral, com 40 horas semanais, ou tempo parcial, com 20 horas semanais.",0.5531914893617021,0.3555555555555555,0.5531914893617021,0.5531914893617021,0.2171788734284664,0.9010717272758484,0.9406071305274963,0.9204151034355164,0.6285714285714286,0.0,4.2948,4
4,46,bm25,"RESOLUÇÃO NORMATIVA Nº 223-2024-Atualiza a Regulamentação do planejamento e o registro das atividades acadêmicas dos docentes da Carreira do Magistério do Ensino Básico, Técnico e Tecnológico do IFPI.pdf","Para cada hora de regência de aulas, quantas horas adicionais o docente computará para atividades de organização e apoio ao ensino?","Para cada hora de regência de aulas, o docente computará uma hora adicional para atividades de organização e apoio ao ensino.","Para cada hora de Regência de Aula, o docente computará uma hora de Organização e Apoio ao Ensino.",0.8837209302325583,0.7804878048780488,0.8837209302325583,0.8837209302325583,0.3414504535105491,0.9086815118789673,0.9197208881378174,0.9141678810119629,0.8749999999999999,0.0,3.6632,4
4,46,bm25,"RESOLUÇÃO NORMATIVA Nº 218-2024-Estab. normas, critérios e proc. para a participação de docentes (DE) em atividades remuneradas.pdf","Qual é o limite anual de horas para a participação esporádica remunerada em palestras, conferências e atividades artísticas e culturais de docentes em dedicação exclusiva?",O limite anual é de 30 horas.,"O limite anual de horas para a participação esporádica remunerada em palestras, conferências, atividades artísticas e culturais de docentes em dedicação exclusiva não pode exceder a 30 (trinta) horas anuais.",0.2857142857142857,0.15,0.2857142857142857,0.2857142857142857,0.0,0.7990579605102539,0.920907199382782,0.8556663990020752,0.36363636363636365,0.0,4.8245,4
4,46,bm25,"RESOLUÇÃO NORMATIVA Nº 218-2024-Estab. normas, critérios e proc. para a participação de docentes (DE) em atividades remuneradas.pdf",Qual é o limite de carga horária para atividades remuneradas eventuais previstas no artigo 7º da Resolução Normativa nº 218 de 2024?,As atividades remuneradas eventuais não podem exceder 8 horas semanais ou 416 horas anuais.,"O limite máximo da soma da remuneração, retribuições e bolsas percebidas pelos ocupantes de cargos, funções e empregos públicos não poderá exceder o maior valor recebido pelo funcionalismo público federal.",0.11538461538461539,0.04,0.11538461538461539,0.11538461538461539,0.0,0.8185205459594727,0.8523279428482056,0.8350822329521179,0.1,0.0,4.5853,4
4,46,bm25,"RESOLUÇÃO NORMATIVA Nº 217-2024-Atualiza o Regimento Interno da Comissão Permanente de Pessoal Docente (CPPD), no âmbito do Instituto Federal de Educação, Ciência e Tecnologia do Piauí (IFPI)..pdf",Como é composta a CPPD do IFPI em número de membros titulares e suplentes?,"A CPPD do IFPI é composta por 10 docentes, sendo 5 representantes titulares e 5 representantes suplentes.","A CPPD do IFPI é composta por chapas com dois docentes, sendo um titular e um suplente.",0.5625,0.4000000000000001,0.5625,0.5625,0.39670882908365773,0.9483709931373596,0.953549861907959,0.9509534239768982,0.6451612903225806,0.0,3.4633,4
4,46,bm25,"RESOLUÇÃO NORMATIVA Nº 217-2024-Atualiza o Regimento Interno da Comissão Permanente de Pessoal Docente (CPPD), no âmbito do Instituto Federal de Educação, Ciência e Tecnologia do Piauí (IFPI)..pdf",Qual é o mandato dos integrantes da CPPD do IFPI?,"O mandato dos integrantes da CPPD é de 4 anos, com possibilidade de uma única recondução por igual período.","O mandato dos integrantes da CPPD do IFPI é de 04 (quatro) anos, admitida uma única reeleição para período subsequente, não existindo limite para mandatos alternados.",0.5416666666666667,0.30434782608695654,0.5416666666666667,0.5416666666666667,0.20539509719773488,0.8868475556373596,0.9265609979629517,0.906269371509552,0.5581395348837209,0.0,4.5314,4
4,46,bm25,"RESOLUÇÃO Nº 27-2024-Aprova  a criação do curso de Qualificação Profissional, de Formação Inicial e Continuada (FIC) em Aquicultor, no âmbito do IFPI e Anexo.pdf",Quantas vagas são ofertadas no curso FIC em Aquicultor?,O curso FIC em Aquicultor oferta 40 vagas.,Não encontrei essa informação no contexto fornecido.,0.11764705882352941,0.0,0.11764705882352941,0.11764705882352941,0.0,0.8231986165046692,0.8388471603393555,0.8309492468833923,0.0,0.0,2.7081,4
4,46,bm25,"RESOLUÇÃO Nº 27-2024-Aprova  a criação do curso de Qualificação Profissional, de Formação Inicial e Continuada (FIC) em Aquicultor, no âmbito do IFPI e Anexo.pdf",Qual é a forma de acesso ao curso FIC em Aquicultor?,A forma de acesso ao curso FIC em Aquicultor é por meio de sorteio.,"O acesso para o curso FIC será por meio de edital de seleção, e o processo seletivo ocorrerá através de prova escrita específica.",0.3589743589743589,0.16216216216216217,0.30769230769230776,0.30769230769230776,0.0,0.8822669386863708,0.8946717977523804,0.8884261250495911,0.37499999999999994,0.0,3.5799,4
4,46,tfidf,CURSO_SUPERIOR_DE_TECNOLOGIA_EM_ANÁLISE_E_DESENVOLVIMENTO_DE_SISTEMAS.pdf,Em que ano o Curso Superior de Tecnologia em Análise e Desenvolvimento de Sistemas foi criado no Campus de Picos?,O Curso Superior de Tecnologia em Análise e Desenvolvimento de Sistemas foi criado no Campus de Picos em 2013.,O Curso Superior de Tecnologia em Análise e Desenvolvimento de Sistemas foi criado no Campus de Picos em 2013.,1.0,1.0,1.0,1.0,1.0,0.9999999403953552,0.9999999403953552,0.9999999403953552,1.0,1.0,3.4908,4
4,46,tfidf,CURSO_SUPERIOR_DE_TECNOLOGIA_EM_ANÁLISE_E_DESENVOLVIMENTO_DE_SISTEMAS.pdf,Qual é a unidade de oferta do Curso Superior de Tecnologia em Análise e Desenvolvimento de Sistemas descrita no PPC?,A unidade de oferta do curso é o Campus Teresina Central.,O Curso Superior de Tecnologia em Análise e Desenvolvimento de Sistemas contribui com a demanda de profissionais para atuar no projeto e implementação de Sistemas de Informação de acordo com as necessidades institucionais.,0.1739130434782609,0.0,0.13043478260869565,0.13043478260869565,0.0,0.7902743220329285,0.8632662892341614,0.8251592516899109,0.2222222222222222,0.0,4.1399,4
4,46,tfidf,CURSO_SUPERIOR_DE_TECNOLOGIA_EM_ANÁLISE_E_DESENVOLVIMENTO_DE_SISTEMAS.pdf,Qual é a carga horária total do Curso Superior de Tecnologia em Análise e Desenvolvimento de Sistemas?,A carga horária total do curso é de 2100 horas.,Não encontrei essa informação no contexto fornecido.,0.0,0.0,0.0,0.0,0.0,0.8249529004096985,0.8356121182441711,0.8302482962608337,0.0,0.0,2.5094,4
4,46,tfidf,CURSO_SUPERIOR_DE_TECNOLOGIA_EM_ANÁLISE_E_DESENVOLVIMENTO_DE_SISTEMAS.pdf,Quantas vagas por ano são ofertadas no Curso Superior de Tecnologia em Análise e Desenvolvimento de Sistemas?,O curso oferta 40 vagas por ano.,"O Curso Superior de Tecnologia em Análise e Desenvolvimento de Sistemas teve uma oferta de 64 vagas, distribuídas igualmente entre os turnos tarde e noite.",0.23529411764705882,0.0625,0.23529411764705882,0.23529411764705882,0.0,0.8184553384780884,0.9159019589424133,0.8644410371780396,0.27586206896551724,0.0,3.6508,4
4,46,tfidf,"RESOLUÇÃO Nº 14-2025-Aprova a Criação do Curso de Aperfeiçoamento Escola da Terra, no âmbito do Instituto Federal de Educação, Ciência e Tecnologia do Piauí (IFPI) e Anexo..pdf",Qual é a carga horária total do curso Escola da Terra?,A carga horária total do curso Escola da Terra é de 180 horas.,"A carga horária total do Curso de Educação do Campo e Quilombola, com a ação Escola da Terra, é de 495 horas, sendo 257 horas no Tempo Universidade e 103 horas no Tempo Escola/Comunidade.",0.48,0.375,0.48,0.48,0.13230152143737722,0.8819113969802856,0.9589258432388306,0.9188076257705688,0.6153846153846155,0.0,5.3602,4
4,46,tfidf,"RESOLUÇÃO Nº 14-2025-Aprova a Criação do Curso de Aperfeiçoamento Escola da Terra, no âmbito do Instituto Federal de Educação, Ciência e Tecnologia do Piauí (IFPI) e Anexo..pdf",Qual é a meta física do curso Escola da Terra em número de vagas?,A meta física do curso Escola da Terra é de 120 vagas.,"O curso Escola da Terra possui 60 vagas para Professores da Educação Básica - Escolas do Campo, que possuem certificação em curso de aperfeiçoamento (mínimo de 180).",0.37209302325581395,0.14634146341463417,0.2325581395348837,0.2325581395348837,0.08928953574702554,0.8402918577194214,0.9158283472061157,0.8764355182647705,0.4,0.0,4.5404,4
4,46,tfidf,"RESOLUÇÃO Nº 14-2025-Aprova a Criação do Curso de Aperfeiçoamento Escola da Terra, no âmbito do Instituto Federal de Educação, Ciência e Tecnologia do Piauí (IFPI) e Anexo..pdf",Quando está previsto o início do curso Escola da Terra?,O início do curso Escola da Terra está previsto para março de 2025.,O Curso Aperfeiçoamento Escola da Terra está previsto para iniciar no primeiro semestre de 2024.,0.5806451612903225,0.3448275862068965,0.5806451612903225,0.5806451612903225,0.3334477432809602,0.8885897397994995,0.9396146535873413,0.9133901596069336,0.6428571428571429,0.0,3.4212,4
4,46,tfidf,"RESOLUÇÃO Nº 14-2025-Aprova a Criação do Curso de Aperfeiçoamento Escola da Terra, no âmbito do Instituto Federal de Educação, Ciência e Tecnologia do Piauí (IFPI) e Anexo..pdf",Quem é o coordenador do curso Escola da Terra?,O coordenador do curso Escola da Terra é Gilson Mendes Araújo.,Não encontrei essa informação no contexto fornecido.,0.09999999999999999,0.0,0.09999999999999999,0.09999999999999999,0.0,0.8250470161437988,0.8430057168006897,0.833929717540741,0.0,0.0,2.8928,4
4,46,tfidf,"RESOLUÇÃO NORMATIVA Nº 236-2025-Prorroga o Plano Diretor de Tecnologia da Informação e Comunicação (PDTIC-2022-2024), do Instituto Federal de Educação, Ciência e Tecnologia do Piauí (IFPI) e Anexo.pdf",Para qual exercício foi prorrogada a vigência do PDTIC-2022/2024 do IFPI?,A vigência do PDTIC-2022/2024 foi prorrogada para o exercício de 2025.,O Plano Diretor de Tecnologia da Informação e Comunicação (PDTIC-2022/2024) do IFPI foi prorrogado por meio da Resolução Normativa nº 236-2025.,0.38095238095238093,0.1,0.2857142857142857,0.2857142857142857,0.0,0.8385323882102966,0.8902472853660583,0.8636163473129272,0.4444444444444444,0.0,4.9676,4
4,46,tfidf,"RESOLUÇÃO NORMATIVA Nº 236-2025-Prorroga o Plano Diretor de Tecnologia da Informação e Comunicação (PDTIC-2022-2024), do Instituto Federal de Educação, Ciência e Tecnologia do Piauí (IFPI) e Anexo.pdf",Qual resolução foi revogada pela Resolução Normativa nº 236 de 2025?,"Foi revogada a Resolução Normativa nº 133/2022 - CONSELHO SUPERIOR, de 29 de abril de 2022.",A Resolução Normativa nº 236 de 2025 revogou a Resolução nº 111/2025.,0.37500000000000006,0.26666666666666666,0.37500000000000006,0.37500000000000006,0.0,0.9381101131439209,0.8576550483703613,0.8960802555084229,0.4545454545454546,0.0,3.181,4
4,46,tfidf,"RESOLUÇÃO NORMATIVA Nº 236-2025-Prorroga o Plano Diretor de Tecnologia da Informação e Comunicação (PDTIC-2022-2024), do Instituto Federal de Educação, Ciência e Tecnologia do Piauí (IFPI) e Anexo.pdf",Quais são as três fases da metodologia de elaboração do PDTIC descritas no documento?,"As três fases da metodologia de elaboração do PDTIC são Preparação, Diagnóstico e Planejamento.","As três fases da metodologia de elaboração do PDTIC descritas no documento são: Preparação, Diagnóstico e, por fim, a fase não especificada após o Diagnóstico.",0.6923076923076923,0.64,0.6923076923076923,0.6923076923076923,0.3545649986147617,0.9126512408256531,0.9584945440292358,0.9350113272666931,0.6842105263157894,0.0,4.1669,4
4,46,tfidf,"RESOLUÇÃO NORMATIVA Nº 236-2025-Prorroga o Plano Diretor de Tecnologia da Informação e Comunicação (PDTIC-2022-2024), do Instituto Federal de Educação, Ciência e Tecnologia do Piauí (IFPI) e Anexo.pdf",Em que guia se baseou a metodologia de elaboração do PDTIC do IFPI?,"A metodologia de elaboração do PDTIC do IFPI baseou-se no Guia de PDTIC do SISP, versão 2.0, adaptado à realidade do IFPI.","A metodologia de elaboração do PDTIC do IFPI se baseou em documentos de referência, estratégias da organização, princípios e diretrizes, além da Instrução Normativa SGD/ME Nº 31/2021, entre outros instrumentos de planejamento da instituição.",0.3768115942028986,0.2388059701492537,0.34782608695652173,0.34782608695652173,0.17078893748090399,0.8468525409698486,0.8980249762535095,0.8716883063316345,0.3673469387755102,0.0,5.2044,4
4,46,tfidf,"RESOLUÇÃO NORMATIVA Nº 223-2024-Atualiza a Regulamentação do planejamento e o registro das atividades acadêmicas dos docentes da Carreira do Magistério do Ensino Básico, Técnico e Tecnológico do IFPI.pdf",Quais são os regimes de trabalho previstos para os docentes do EBTT no IFPI?,"Os regimes de trabalho previstos são 40 horas com dedicação exclusiva, 40 horas e 20 horas semanais.","Os regimes de trabalho previstos para os docentes do EBTT no IFPI são de tempo integral, com 40 horas semanais, ou tempo parcial, com 20 horas semanais.",0.5531914893617021,0.3555555555555555,0.5531914893617021,0.5531914893617021,0.2171788734284664,0.9010717272758484,0.9406071305274963,0.9204151034355164,0.6285714285714286,0.0,4.3638,4
4,46,tfidf,"RESOLUÇÃO NORMATIVA Nº 223-2024-Atualiza a Regulamentação do planejamento e o registro das atividades acadêmicas dos docentes da Carreira do Magistério do Ensino Básico, Técnico e Tecnológico do IFPI.pdf","Para cada hora de regência de aulas, quantas horas adicionais o docente computará para atividades de organização e apoio ao ensino?","Para cada hora de regência de aulas, o docente computará uma hora adicional para atividades de organização e apoio ao ensino.","Para cada hora de Regência de Aula, o docente computará uma hora de Organização e Apoio ao Ensino.",0.8837209302325583,0.7804878048780488,0.8837209302325583,0.8837209302325583,0.3414504535105491,0.9086815118789673,0.9197208881378174,0.9141678810119629,0.8749999999999999,0.0,3.5977,4
4,46,tfidf,"RESOLUÇÃO NORMATIVA Nº 218-2024-Estab. normas, critérios e proc. para a participação de docentes (DE) em atividades remuneradas.pdf","Qual é o limite anual de horas para a participação esporádica remunerada em palestras, conferências e atividades artísticas e culturais de docentes em dedicação exclusiva?",O limite anual é de 30 horas.,"O limite anual de horas para a participação esporádica remunerada em palestras, conferências, atividades artísticas e culturais de docentes em dedicação exclusiva não pode exceder a 30 horas anuais.",0.2926829268292683,0.20512820512820512,0.2926829268292683,0.2926829268292683,0.0,0.8036078810691833,0.9253432154655457,0.8601899147033691,0.375,0.0,4.4718,4
4,46,tfidf,"RESOLUÇÃO NORMATIVA Nº 218-2024-Estab. normas, critérios e proc. para a participação de docentes (DE) em atividades remuneradas.pdf",Qual é o limite de carga horária para atividades remuneradas eventuais previstas no artigo 7º da Resolução Normativa nº 218 de 2024?,As atividades remuneradas eventuais não podem exceder 8 horas semanais ou 416 horas anuais.,Não encontrei essa informação no contexto fornecido.,0.16666666666666669,0.09090909090909091,0.16666666666666669,0.16666666666666669,0.0,0.8233992457389832,0.8057843446731567,0.814496636390686,0.1,0.0,2.9398,4
4,46,tfidf,"RESOLUÇÃO NORMATIVA Nº 217-2024-Atualiza o Regimento Interno da Comissão Permanente de Pessoal Docente (CPPD), no âmbito do Instituto Federal de Educação, Ciência e Tecnologia do Piauí (IFPI)..pdf",Como é composta a CPPD do IFPI em número de membros titulares e suplentes?,"A CPPD do IFPI é composta por 10 docentes, sendo 5 representantes titulares e 5 representantes suplentes.","A CPPD do IFPI terá à sua disposição, para a eleição de seus membros, chapas compostas por dois docentes, com indicação do titular e suplente.",0.3255813953488372,0.14634146341463417,0.3255813953488372,0.3255813953488372,0.10601317434781207,0.889166533946991,0.9312654137611389,0.9097291827201843,0.3684210526315789,0.0,4.1657,4
4,46,tfidf,"RESOLUÇÃO NORMATIVA Nº 217-2024-Atualiza o Regimento Interno da Comissão Permanente de Pessoal Docente (CPPD), no âmbito do Instituto Federal de Educação, Ciência e Tecnologia do Piauí (IFPI)..pdf",Qual é o mandato dos integrantes da CPPD do IFPI?,"O mandato dos integrantes da CPPD é de 4 anos, com possibilidade de uma única recondução por igual período.",O mandato dos integrantes da CPPD do IFPI não é especificado no contexto fornecido.,0.4117647058823529,0.3125,0.4117647058823529,0.4117647058823529,0.23321503395334311,0.8847048282623291,0.8674375414848328,0.8759860992431641,0.43750000000000006,0.0,3.183,4
4,46,tfidf,"RESOLUÇÃO Nº 27-2024-Aprova  a criação do curso de Qualificação Profissional, de Formação Inicial e Continuada (FIC) em Aquicultor, no âmbito do IFPI e Anexo.pdf",Quantas vagas são ofertadas no curso FIC em Aquicultor?,O curso FIC em Aquicultor oferta 40 vagas.,O curso de Qualificação Profissional - Formação Inicial e Continuada (FIC) em Aquicultor oferece 40 vagas.,0.56,0.34782608695652173,0.56,0.56,0.0,0.863581657409668,0.969627320766449,0.9135372638702393,0.608695652173913,0.0,3.8575,4
4,46,tfidf,"RESOLUÇÃO Nº 27-2024-Aprova  a criação do curso de Qualificação Profissional, de Formação Inicial e Continuada (FIC) em Aquicultor, no âmbito do IFPI e Anexo.pdf",Qual é a forma de acesso ao curso FIC em Aquicultor?,A forma de acesso ao curso FIC em Aquicultor é por meio de sorteio.,"Para acessar o curso FIC em Aquicultor, o requisito de acesso é ter o Ensino Fundamental I (1º ao 5º) incompleto.",0.4242424242424242,0.2580645161290323,0.30303030303030304,0.30303030303030304,0.12409597120849801,0.8614296913146973,0.9270288944244385,0.8930262327194214,0.5,0.0,4.0086,4
5,47,dense_no_rerank,CURSO_SUPERIOR_DE_TECNOLOGIA_EM_ANÁLISE_E_DESENVOLVIMENTO_DE_SISTEMAS.pdf,Em que ano o Curso Superior de Tecnologia em Análise e Desenvolvimento de Sistemas foi criado no Campus de Picos?,O Curso Superior de Tecnologia em Análise e Desenvolvimento de Sistemas foi criado no Campus de Picos em 2013.,O Curso Superior de Tecnologia em Análise e Desenvolvimento de Sistemas foi criado no Campus de Picos em 2013.,1.0,1.0,1.0,1.0,1.0,0.9999999403953552,0.9999999403953552,0.9999999403953552,1.0,1.0,3.8354,4
5,47,dense_no_rerank,CURSO_SUPERIOR_DE_TECNOLOGIA_EM_ANÁLISE_E_DESENVOLVIMENTO_DE_SISTEMAS.pdf,Qual é a unidade de oferta do Curso Superior de Tecnologia em Análise e Desenvolvimento de Sistemas descrita no PPC?,A unidade de oferta do curso é o Campus Teresina Central.,A unidade da oferta do Curso Superior de Tecnologia em Análise e Desenvolvimento de Sistemas é o Campus Teresina Central.,0.6666666666666666,0.42857142857142855,0.6,0.6,0.28320384389628495,0.8714810013771057,0.9715954065322876,0.9188191294670105,0.7333333333333334,0.0,3.4852,4
5,47,dense_no_rerank,CURSO_SUPERIOR_DE_TECNOLOGIA_EM_ANÁLISE_E_DESENVOLVIMENTO_DE_SISTEMAS.pdf,Qual é a carga horária total do Curso Superior de Tecnologia em Análise e Desenvolvimento de Sistemas?,A carga horária total do curso é de 2100 horas.,A carga horária total do Curso Superior de Tecnologia em Sistemas para Internet é de 2.100 horas.,0.6428571428571429,0.46153846153846156,0.6428571428571429,0.6428571428571429,0.25772294506990867,0.8713124394416809,0.9634993672370911,0.915090024471283,0.6666666666666667,0.0,3.5644,4
5,47,dense_no_rerank,CURSO_SUPERIOR_DE_TECNOLOGIA_EM_ANÁLISE_E_DESENVOLVIMENTO_DE_SISTEMAS.pdf,Quantas vagas por ano são ofertadas no Curso Superior de Tecnologia em Análise e Desenvolvimento de Sistemas?,O curso oferta 40 vagas por ano.,O Curso Superior de Tecnologia em Análise e Desenvolvimento de Sistemas oferece 40 vagas por ano no turno vespertino.,0.4444444444444444,0.32,0.4444444444444444,0.4444444444444444,0.1326475916741222,0.8291540145874023,0.955398440361023,0.8878107666969299,0.48,0.0,3.5869,4
5,47,dense_no_rerank,"RESOLUÇÃO Nº 14-2025-Aprova a Criação do Curso de Aperfeiçoamento Escola da Terra, no âmbito do Instituto Federal de Educação, Ciência e Tecnologia do Piauí (IFPI) e Anexo..pdf",Qual é a carga horária total do curso Escola da Terra?,A carga horária total do curso Escola da Terra é de 180 horas.,A carga horária total do curso Escola da Terra é de 180 horas.,1.0,1.0,1.0,1.0,1.0,1.0,1.0,1.0,1.0,1.0,3.5018,4
5,47,dense_no_rerank,"RESOLUÇÃO Nº 14-2025-Aprova a Criação do Curso de Aperfeiçoamento Escola da Terra, no âmbito do Instituto Federal de Educação, Ciência e Tecnologia do Piauí (IFPI) e Anexo..pdf",Qual é a meta física do curso Escola da Terra em número de vagas?,A meta física do curso Escola da Terra é de 120 vagas.,A meta física do curso Escola da Terra é de 120 vagas para professoras e coordenadoras pedagógicas de turmas multisseriadas.,0.7272727272727273,0.7096774193548387,0.7272727272727273,0.7272727272727273,0.5471114295717522,0.8801493048667908,0.9877628684043884,0.9308561682701111,0.7741935483870968,0.0,4.167,4
5,47,dense_no_rerank,"RESOLUÇÃO Nº 14-2025-Aprova a Criação do Curso de Aperfeiçoamento Escola da Terra, no âmbito do Instituto Federal de Educação, Ciência e Tecnologia do Piauí (IFPI) e Anexo..pdf",Quando está previsto o início do curso Escola da Terra?,O início do curso Escola da Terra está previsto para março de 2025.,O Curso de Especialização Escola da Terra está previsto para iniciar no primeiro semestre de 2025.,0.6875,0.39999999999999997,0.625,0.625,0.36821398145189993,0.9271272420883179,0.9493149518966675,0.9380899667739868,0.7142857142857142,0.0,3.7374,4
5,47,dense_no_rerank,"RESOLUÇÃO Nº 14-2025-Aprova a Criação do Curso de Aperfeiçoamento Escola da Terra, no âmbito do Instituto Federal de Educação, Ciência e Tecnologia do Piauí (IFPI) e Anexo..pdf",Quem é o coordenador do curso Escola da Terra?,O coordenador do curso Escola da Terra é Gilson Mendes Araújo.,O coordenador do Curso Escola da Terra é Emanuel Alcântara da Silva.,0.6086956521739131,0.5714285714285713,0.6086956521739131,0.6086956521739131,0.2891784933232572,0.9072921872138977,0.9519469141960144,0.9290832877159119,0.7272727272727273,0.0,3.1147,4
5,47,dense_no_rerank,"RESOLUÇÃO NORMATIVA Nº 236-2025-Prorroga o Plano Diretor de Tecnologia da Informação e Comunicação (PDTIC-2022-2024), do Instituto Federal de Educação, Ciência e Tecnologia do Piauí (IFPI) e Anexo.pdf",Para qual exercício foi prorrogada a vigência do PDTIC-2022/2024 do IFPI?,A vigência do PDTIC-2022/2024 foi prorrogada para o exercício de 2025.,"O Plano Diretor de Tecnologia da Informação e Comunicação (PDTIC-2022/2024) do Instituto Federal de Educação, Ciência e Tecnologia do Piauí (IFPI) foi prorrogado para o exercício de 2025.",0.48000000000000004,0.2916666666666667,0.4,0.4,0.1690653646485627,0.8415287733078003,0.9482990503311157,0.8917292952537537,0.5405405405405406,0.0,5.2727,4
5,47,dense_no_rerank,"RESOLUÇÃO NORMATIVA Nº 236-2025-Prorroga o Plano Diretor de Tecnologia da Informação e Comunicação (PDTIC-2022-2024), do Instituto Federal de Educação, Ciência e Tecnologia do Piauí (IFPI) e Anexo.pdf",Qual resolução foi revogada pela Resolução Normativa nº 236 de 2025?,"Foi revogada a Resolução Normativa nº 133/2022 - CONSELHO SUPERIOR, de 29 de abril de 2022.",A Resolução Normativa nº 236 de 2025 revogou a Resolução NormaAva nº 206/2024 do Conselho Superior.,0.4444444444444444,0.29411764705882354,0.3888888888888889,0.3888888888888889,0.0,0.906457781791687,0.8535228967666626,0.8791942596435547,0.5185185185185186,0.0,4.7587,4
5,47,dense_no_rerank,"RESOLUÇÃO NORMATIVA Nº 236-2025-Prorroga o Plano Diretor de Tecnologia da Informação e Comunicação (PDTIC-2022-2024), do Instituto Federal de Educação, Ciência e Tecnologia do Piauí (IFPI) e Anexo.pdf",Quais são as três fases da metodologia de elaboração do PDTIC descritas no documento?,"As três fases da metodologia de elaboração do PDTIC são Preparação, Diagnóstico e Planejamento.","As três fases da metodologia de elaboração do PDTIC são Preparação, Diagnóstico e Planejamento.",1.0,1.0,1.0,1.0,1.0,1.0,1.0,1.0,1.0,1.0,3.3865,4
5,47,dense_no_rerank,"RESOLUÇÃO NORMATIVA Nº 236-2025-Prorroga o Plano Diretor de Tecnologia da Informação e Comunicação (PDTIC-2022-2024), do Instituto Federal de Educação, Ciência e Tecnologia do Piauí (IFPI) e Anexo.pdf",Em que guia se baseou a metodologia de elaboração do PDTIC do IFPI?,"A metodologia de elaboração do PDTIC do IFPI baseou-se no Guia de PDTIC do SISP, versão 2.0, adaptado à realidade do IFPI.","A metodologia de elaboração do PDTIC do IFPI baseou-se no Guia de PDTIC do SISP, versão 2.0, adaptado à realidade do IFPI.",1.0,1.0,1.0,1.0,1.0,1.0,1.0,1.0,1.0,1.0,4.2541,4
5,47,dense_no_rerank,"RESOLUÇÃO NORMATIVA Nº 223-2024-Atualiza a Regulamentação do planejamento e o registro das atividades acadêmicas dos docentes da Carreira do Magistério do Ensino Básico, Técnico e Tecnológico do IFPI.pdf",Quais são os regimes de trabalho previstos para os docentes do EBTT no IFPI?,"Os regimes de trabalho previstos são 40 horas com dedicação exclusiva, 40 horas e 20 horas semanais.","Os regimes de trabalho para os docentes do EBTT do IFPI são definidos de acordo com a Tabela de Atividades, e o Plano Semestral de Atividades Docentes (PSAD) deve totalizar a carga horária de cada regime de trabalho.",0.30508474576271183,0.14035087719298245,0.2711864406779661,0.2711864406779661,0.06695900686562914,0.8216652870178223,0.8533812761306763,0.8372229933738708,0.3414634146341463,0.0,5.139,4
5,47,dense_no_rerank,"RESOLUÇÃO NORMATIVA Nº 223-2024-Atualiza a Regulamentação do planejamento e o registro das atividades acadêmicas dos docentes da Carreira do Magistério do Ensino Básico, Técnico e Tecnológico do IFPI.pdf","Para cada hora de regência de aulas, quantas horas adicionais o docente computará para atividades de organização e apoio ao ensino?","Para cada hora de regência de aulas, o docente computará uma hora adicional para atividades de organização e apoio ao ensino.","Para cada hora de Regência de Aula, o docente computará uma hora adicional para atividades de Organização e Apoio ao Ensino.",0.9565217391304348,0.9090909090909091,0.9565217391304348,0.9565217391304348,0.5339935148604845,0.9223076105117798,0.942150354385376,0.9321234226226807,0.9411764705882353,0.0,3.7339,4
5,47,dense_no_rerank,"RESOLUÇÃO NORMATIVA Nº 218-2024-Estab. normas, critérios e proc. para a participação de docentes (DE) em atividades remuneradas.pdf","Qual é o limite anual de horas para a participação esporádica remunerada em palestras, conferências e atividades artísticas e culturais de docentes em dedicação exclusiva?",O limite anual é de 30 horas.,"O limite anual de horas para a participação esporádica remunerada em palestras, conferências, atividades artísticas e culturais de docentes em dedicação exclusiva não pode exceder a 30 horas anuais.",0.2926829268292683,0.20512820512820512,0.2926829268292683,0.2926829268292683,0.0,0.8036078810691833,0.9253432154655457,0.8601899147033691,0.375,0.0,4.6753,4
5,47,dense_no_rerank,"RESOLUÇÃO NORMATIVA Nº 218-2024-Estab. normas, critérios e proc. para a participação de docentes (DE) em atividades remuneradas.pdf",Qual é o limite de carga horária para atividades remuneradas eventuais previstas no artigo 7º da Resolução Normativa nº 218 de 2024?,As atividades remuneradas eventuais não podem exceder 8 horas semanais ou 416 horas anuais.,O limite de carga horária para a prestação institucional de serviços remunerada de um servidor não pode ultrapassar 8 (oito) horas semanais ou 416 (quatrocentas e dezesseis) horas anuais.,0.37499999999999994,0.21739130434782608,0.37499999999999994,0.37499999999999994,0.1049439266125276,0.8394305109977722,0.9174327850341797,0.8767000436782837,0.3589743589743589,0.0,4.9236,4
5,47,dense_no_rerank,"RESOLUÇÃO NORMATIVA Nº 217-2024-Atualiza o Regimento Interno da Comissão Permanente de Pessoal Docente (CPPD), no âmbito do Instituto Federal de Educação, Ciência e Tecnologia do Piauí (IFPI)..pdf",Como é composta a CPPD do IFPI em número de membros titulares e suplentes?,"A CPPD do IFPI é composta por 10 docentes, sendo 5 representantes titulares e 5 representantes suplentes.","A CPPD do IFPI é composta por dez docentes da carreira de Ensino Básico, Técnico e Tecnológico, sendo cinco representantes titulares e cinco representantes suplentes.",0.6046511627906976,0.3902439024390244,0.6046511627906976,0.6046511627906976,0.31645275923351984,0.9136143922805786,0.9827612638473511,0.9469271898269653,0.7027027027027029,0.0,4.179,4
5,47,dense_no_rerank,"RESOLUÇÃO NORMATIVA Nº 217-2024-Atualiza o Regimento Interno da Comissão Permanente de Pessoal Docente (CPPD), no âmbito do Instituto Federal de Educação, Ciência e Tecnologia do Piauí (IFPI)..pdf",Qual é o mandato dos integrantes da CPPD do IFPI?,"O mandato dos integrantes da CPPD é de 4 anos, com possibilidade de uma única recondução por igual período.","Os integrantes da CPPD do IFPI terão mandato de 04 (quatro) anos, podendo haver uma única recondução por igual período.",0.6976744186046512,0.4878048780487805,0.6046511627906976,0.6046511627906976,0.3299895472527792,0.9243701696395874,0.944128692150116,0.9341450333595276,0.631578947368421,0.0,4.0069,4
5,47,dense_no_rerank,"RESOLUÇÃO Nº 27-2024-Aprova  a criação do curso de Qualificação Profissional, de Formação Inicial e Continuada (FIC) em Aquicultor, no âmbito do IFPI e Anexo.pdf",Quantas vagas são ofertadas no curso FIC em Aquicultor?,O curso FIC em Aquicultor oferta 40 vagas.,O curso de Qualificação Profissional - Formação Inicial e Continuada (FIC) em Aquicultor oferece 40 vagas.,0.56,0.34782608695652173,0.56,0.56,0.0,0.863581657409668,0.969627320766449,0.9135372638702393,0.608695652173913,0.0,3.7612,4
5,47,dense_no_rerank,"RESOLUÇÃO Nº 27-2024-Aprova  a criação do curso de Qualificação Profissional, de Formação Inicial e Continuada (FIC) em Aquicultor, no âmbito do IFPI e Anexo.pdf",Qual é a forma de acesso ao curso FIC em Aquicultor?,A forma de acesso ao curso FIC em Aquicultor é por meio de sorteio.,A forma de acesso ao curso FIC em Aquicultor exige que o candidato possua o Ensino Fundamental I (1º ao 5º ano) incompleto.,0.5,0.4705882352941177,0.5,0.5,0.31107972814824386,0.8755465745925903,0.9480505585670471,0.9103571772575378,0.5294117647058824,0.0,4.0945,4
5,47,dense_rerank,CURSO_SUPERIOR_DE_TECNOLOGIA_EM_ANÁLISE_E_DESENVOLVIMENTO_DE_SISTEMAS.pdf,Em que ano o Curso Superior de Tecnologia em Análise e Desenvolvimento de Sistemas foi criado no Campus de Picos?,O Curso Superior de Tecnologia em Análise e Desenvolvimento de Sistemas foi criado no Campus de Picos em 2013.,O Curso Superior de Tecnologia em Análise e Desenvolvimento de Sistemas foi criado no Campus de Picos em 2013.,1.0,1.0,1.0,1.0,1.0,0.9999999403953552,0.9999999403953552,0.9999999403953552,1.0,1.0,3.6941,4
5,47,dense_rerank,CURSO_SUPERIOR_DE_TECNOLOGIA_EM_ANÁLISE_E_DESENVOLVIMENTO_DE_SISTEMAS.pdf,Qual é a unidade de oferta do Curso Superior de Tecnologia em Análise e Desenvolvimento de Sistemas descrita no PPC?,A unidade de oferta do curso é o Campus Teresina Central.,"O Projeto Pedagógico do Curso Superior de Tecnologia em Análise e Desenvolvimento de Sistemas é fruto de um processo de reflexão e discussão coletiva, com a participação dos professores e da comunidade acadêmica.",0.20833333333333334,0.043478260869565216,0.125,0.125,0.0,0.7914924025535583,0.8621174097061157,0.8252967596054077,0.30769230769230765,0.0,4.2307,4
5,47,dense_rerank,CURSO_SUPERIOR_DE_TECNOLOGIA_EM_ANÁLISE_E_DESENVOLVIMENTO_DE_SISTEMAS.pdf,Qual é a carga horária total do Curso Superior de Tecnologia em Análise e Desenvolvimento de Sistemas?,A carga horária total do curso é de 2100 horas.,"A carga horária total do Curso Superior de Tecnologia em Análise e Desenvolvimento de Sistemas é de 400 horas, distribuídas em 20 semanas.",0.5142857142857143,0.36363636363636365,0.5142857142857143,0.5142857142857143,0.17268932789342512,0.839600145816803,0.9638860821723938,0.8974605798721313,0.6,0.0,4.0081,4
5,47,dense_rerank,CURSO_SUPERIOR_DE_TECNOLOGIA_EM_ANÁLISE_E_DESENVOLVIMENTO_DE_SISTEMAS.pdf,Quantas vagas por ano são ofertadas no Curso Superior de Tecnologia em Análise e Desenvolvimento de Sistemas?,O curso oferta 40 vagas por ano.,O Curso Superior de Tecnologia em Análise e Desenvolvimento de Sistemas oferece 40 vagas no turno do período noturno para o primeiro semestre de 2025.,0.23529411764705882,0.125,0.23529411764705882,0.23529411764705882,0.0,0.816933274269104,0.9160752892494202,0.8636683821678162,0.27586206896551724,0.0,3.9461,4
5,47,dense_rerank,"RESOLUÇÃO Nº 14-2025-Aprova a Criação do Curso de Aperfeiçoamento Escola da Terra, no âmbito do Instituto Federal de Educação, Ciência e Tecnologia do Piauí (IFPI) e Anexo..pdf",Qual é a carga horária total do curso Escola da Terra?,A carga horária total do curso Escola da Terra é de 180 horas.,"A carga horária total do curso Escola da Terra é de 180 horas/aula presenciais, divididas em cinco módulos.",0.787878787878788,0.7741935483870968,0.787878787878788,0.787878787878788,0.5695988432761473,0.9143187999725342,0.9894363880157471,0.9503955841064453,0.8125000000000001,0.0,3.9716,4
5,47,dense_rerank,"RESOLUÇÃO Nº 14-2025-Aprova a Criação do Curso de Aperfeiçoamento Escola da Terra, no âmbito do Instituto Federal de Educação, Ciência e Tecnologia do Piauí (IFPI) e Anexo..pdf",Qual é a meta física do curso Escola da Terra em número de vagas?,A meta física do curso Escola da Terra é de 120 vagas.,A meta física do curso Escola da Terra é de 120 vagas para professoras e coordenadoras pedagógicas de turmas multisseriadas.,0.7272727272727273,0.7096774193548387,0.7272727272727273,0.7272727272727273,0.5471114295717522,0.8801493048667908,0.9877628684043884,0.9308561682701111,0.7741935483870968,0.0,4.362,4
5,47,dense_rerank,"RESOLUÇÃO Nº 14-2025-Aprova a Criação do Curso de Aperfeiçoamento Escola da Terra, no âmbito do Instituto Federal de Educação, Ciência e Tecnologia do Piauí (IFPI) e Anexo..pdf",Quando está previsto o início do curso Escola da Terra?,O início do curso Escola da Terra está previsto para março de 2025.,O Curso Aperfeiçoamento Escola da Terra está autorizado a funcionar a partir do primeiro semestre de 2024.,0.4848484848484848,0.1935483870967742,0.42424242424242425,0.42424242424242425,0.1598921499894403,0.8659210801124573,0.9128432869911194,0.8887632489204407,0.5517241379310345,0.0,3.8189,4
5,47,dense_rerank,"RESOLUÇÃO Nº 14-2025-Aprova a Criação do Curso de Aperfeiçoamento Escola da Terra, no âmbito do Instituto Federal de Educação, Ciência e Tecnologia do Piauí (IFPI) e Anexo..pdf",Quem é o coordenador do curso Escola da Terra?,O coordenador do curso Escola da Terra é Gilson Mendes Araújo.,O coordenador do curso Escola da Terra é Emanuel Alcântara da Silva.,0.6086956521739131,0.5714285714285713,0.6086956521739131,0.6086956521739131,0.5760844201603896,0.9166338443756104,0.9614384174346924,0.9385016560554504,0.7272727272727273,0.0,3.148,4
5,47,dense_rerank,"RESOLUÇÃO NORMATIVA Nº 236-2025-Prorroga o Plano Diretor de Tecnologia da Informação e Comunicação (PDTIC-2022-2024), do Instituto Federal de Educação, Ciência e Tecnologia do Piauí (IFPI) e Anexo.pdf",Para qual exercício foi prorrogada a vigência do PDTIC-2022/2024 do IFPI?,A vigência do PDTIC-2022/2024 foi prorrogada para o exercício de 2025.,"O Plano Diretor de Tecnologia da Informação e Comunicação (PDTIC-2022/2024) do Instituto Federal de Educação, Ciência e Tecnologia do Piauí (IFPI) foi prorrogado para o exercício de 2025.",0.48000000000000004,0.2916666666666667,0.4,0.4,0.1690653646485627,0.8415287733078003,0.9482990503311157,0.8917292952537537,0.5405405405405406,0.0,5.3396,4
5,47,dense_rerank,"RESOLUÇÃO NORMATIVA Nº 236-2025-Prorroga o Plano Diretor de Tecnologia da Informação e Comunicação (PDTIC-2022-2024), do Instituto Federal de Educação, Ciência e Tecnologia do Piauí (IFPI) e Anexo.pdf",Qual resolução foi revogada pela Resolução Normativa nº 236 de 2025?,"Foi revogada a Resolução Normativa nº 133/2022 - CONSELHO SUPERIOR, de 29 de abril de 2022.",A Resolução Normativa nº 248 de 2025 revogou a Resolução Normativa nº 113/2024.,0.3636363636363636,0.2580645161290323,0.3636363636363636,0.3636363636363636,0.1371412313982141,0.9315725564956665,0.8553409576416016,0.8918307423591614,0.4347826086956522,0.0,4.8847,4
5,47,dense_rerank,"RESOLUÇÃO NORMATIVA Nº 236-2025-Prorroga o Plano Diretor de Tecnologia da Informação e Comunicação (PDTIC-2022-2024), do Instituto Federal de Educação, Ciência e Tecnologia do Piauí (IFPI) e Anexo.pdf",Quais são as três fases da metodologia de elaboração do PDTIC descritas no documento?,"As três fases da metodologia de elaboração do PDTIC são Preparação, Diagnóstico e Planejamento.","As três fases da metodologia de elaboração do PDTIC são: Preparação, Diagnóstico e Planejamento.",1.0,1.0,1.0,1.0,0.8282477531331041,0.9927828311920166,0.9966408014297485,0.9947080612182617,1.0,0.0,3.4992,4
5,47,dense_rerank,"RESOLUÇÃO NORMATIVA Nº 236-2025-Prorroga o Plano Diretor de Tecnologia da Informação e Comunicação (PDTIC-2022-2024), do Instituto Federal de Educação, Ciência e Tecnologia do Piauí (IFPI) e Anexo.pdf",Em que guia se baseou a metodologia de elaboração do PDTIC do IFPI?,"A metodologia de elaboração do PDTIC do IFPI baseou-se no Guia de PDTIC do SISP, versão 2.0, adaptado à realidade do IFPI.","A metodologia de elaboração do PDTIC do IFPI baseou-se no Guia de PDTIC do SISP, versão 2.0, adaptado à realidade do IFPI.",1.0,1.0,1.0,1.0,1.0,1.0,1.0,1.0,1.0,1.0,4.2767,4
5,47,dense_rerank,"RESOLUÇÃO NORMATIVA Nº 223-2024-Atualiza a Regulamentação do planejamento e o registro das atividades acadêmicas dos docentes da Carreira do Magistério do Ensino Básico, Técnico e Tecnológico do IFPI.pdf",Quais são os regimes de trabalho previstos para os docentes do EBTT no IFPI?,"Os regimes de trabalho previstos são 40 horas com dedicação exclusiva, 40 horas e 20 horas semanais.","Os docentes da carreira de Ensino Básico, Técnico e Tecnológico do IFPI são submetidos a um dos seguintes regimes de trabalho: tempo integral de 40 (quarenta) horas semanais com dedicação exclusiva (DE), tempo integral de 40 (quarenta) horas semanais, ou tempo parcial de 20 (vinte) horas semanais de trabalho.",0.4931506849315068,0.19718309859154928,0.410958904109589,0.410958904109589,0.0,0.8409399390220642,0.9313183426856995,0.8838246464729309,0.5531914893617021,0.0,6.8068,4
5,47,dense_rerank,"RESOLUÇÃO NORMATIVA Nº 223-2024-Atualiza a Regulamentação do planejamento e o registro das atividades acadêmicas dos docentes da Carreira do Magistério do Ensino Básico, Técnico e Tecnológico do IFPI.pdf","Para cada hora de regência de aulas, quantas horas adicionais o docente computará para atividades de organização e apoio ao ensino?","Para cada hora de regência de aulas, o docente computará uma hora adicional para atividades de organização e apoio ao ensino.","Os docentes orientadores poderão computar até duas horas de Regência de Aulas para atividades de orientação de projetos integradores, disciplinas do Núcleo Integrador ou do Núcleo Complementar, e atividades de extensão.",0.4,0.20689655172413793,0.3333333333333333,0.3333333333333333,0.0,0.834890604019165,0.8828171491622925,0.8581852316856384,0.2926829268292683,0.0,4.6387,4
5,47,dense_rerank,"RESOLUÇÃO NORMATIVA Nº 218-2024-Estab. normas, critérios e proc. para a participação de docentes (DE) em atividades remuneradas.pdf","Qual é o limite anual de horas para a participação esporádica remunerada em palestras, conferências e atividades artísticas e culturais de docentes em dedicação exclusiva?",O limite anual é de 30 horas.,"O limite anual de horas para a participação esporádica remunerada em palestras, conferências, atividades artísticas e culturais de docentes em dedicação exclusiva é de 30 horas.",0.33333333333333337,0.29411764705882354,0.33333333333333337,0.33333333333333337,0.16110518603734317,0.8159887194633484,0.9578015804290771,0.8812262415885925,0.4827586206896552,0.0,4.489,4
5,47,dense_rerank,"RESOLUÇÃO NORMATIVA Nº 218-2024-Estab. normas, critérios e proc. para a participação de docentes (DE) em atividades remuneradas.pdf",Qual é o limite de carga horária para atividades remuneradas eventuais previstas no artigo 7º da Resolução Normativa nº 218 de 2024?,As atividades remuneradas eventuais não podem exceder 8 horas semanais ou 416 horas anuais.,"O limite de carga horária para atividades remuneradas eventuais de servidor docente com dedicação exclusiva ou com 20 ou 40 horas, desenvolvendo atividades de prestação de serviços em projetos de ensino, pesquisa e extensão, é de 8 (oito) horas semanais ou 416 (quatrocentas e dezesseis) horas anuais.",0.3333333333333333,0.1875,0.3333333333333333,0.3333333333333333,0.07832109731166834,0.8363698124885559,0.9225704669952393,0.8773579597473145,0.37499999999999994,0.0,6.4274,4
5,47,dense_rerank,"RESOLUÇÃO NORMATIVA Nº 217-2024-Atualiza o Regimento Interno da Comissão Permanente de Pessoal Docente (CPPD), no âmbito do Instituto Federal de Educação, Ciência e Tecnologia do Piauí (IFPI)..pdf",Como é composta a CPPD do IFPI em número de membros titulares e suplentes?,"A CPPD do IFPI é composta por 10 docentes, sendo 5 representantes titulares e 5 representantes suplentes.","A CPPD do IFPI é composta por 10 (dez) docentes da carreira de Ensino Básico, Técnico e Tecnológico, sendo 05 (cinco) representantes titulares e 05 (cinco) representantes suplentes.",0.608695652173913,0.4090909090909091,0.608695652173913,0.608695652173913,0.2678611586875139,0.8902251720428467,0.9755249619483948,0.930925190448761,0.7179487179487181,0.0,5.0695,4
5,47,dense_rerank,"RESOLUÇÃO NORMATIVA Nº 217-2024-Atualiza o Regimento Interno da Comissão Permanente de Pessoal Docente (CPPD), no âmbito do Instituto Federal de Educação, Ciência e Tecnologia do Piauí (IFPI)..pdf",Qual é o mandato dos integrantes da CPPD do IFPI?,"O mandato dos integrantes da CPPD é de 4 anos, com possibilidade de uma única recondução por igual período.","Os integrantes da CPPD do IFPI têm mandato de 4 (quatro) anos, podendo haver uma única recondução por igual período.",0.6976744186046512,0.4878048780487805,0.6511627906976744,0.6511627906976744,0.3446913316729032,0.9351704120635986,0.9487611055374146,0.9419167041778564,0.6842105263157895,0.0,3.9045,4
5,47,dense_rerank,"RESOLUÇÃO Nº 27-2024-Aprova  a criação do curso de Qualificação Profissional, de Formação Inicial e Continuada (FIC) em Aquicultor, no âmbito do IFPI e Anexo.pdf",Quantas vagas são ofertadas no curso FIC em Aquicultor?,O curso FIC em Aquicultor oferta 40 vagas.,O curso FIC em Aquicultor oferece 40 vagas.,0.875,0.7142857142857143,0.875,0.875,0.5969491792019646,0.9645549654960632,0.9883874654769897,0.9763258695602417,0.875,0.0,3.0664,4
5,47,dense_rerank,"RESOLUÇÃO Nº 27-2024-Aprova  a criação do curso de Qualificação Profissional, de Formação Inicial e Continuada (FIC) em Aquicultor, no âmbito do IFPI e Anexo.pdf",Qual é a forma de acesso ao curso FIC em Aquicultor?,A forma de acesso ao curso FIC em Aquicultor é por meio de sorteio.,A forma de oferta do Curso de Qualificação Profissional - Formação Inicial e Continuada (FIC) em Aquicultor é presencial.,0.5,0.26666666666666666,0.4375,0.4375,0.0,0.8556186556816101,0.9247289299964905,0.8888323903083801,0.5333333333333333,0.0,3.9698,4
5,47,bm25,CURSO_SUPERIOR_DE_TECNOLOGIA_EM_ANÁLISE_E_DESENVOLVIMENTO_DE_SISTEMAS.pdf,Em que ano o Curso Superior de Tecnologia em Análise e Desenvolvimento de Sistemas foi criado no Campus de Picos?,O Curso Superior de Tecnologia em Análise e Desenvolvimento de Sistemas foi criado no Campus de Picos em 2013.,O Curso Superior de Tecnologia em Análise e Desenvolvimento de Sistemas foi criado no Campus de Picos em 2013.,1.0,1.0,1.0,1.0,1.0,0.9999999403953552,0.9999999403953552,0.9999999403953552,1.0,1.0,3.5744,4
5,47,bm25,CURSO_SUPERIOR_DE_TECNOLOGIA_EM_ANÁLISE_E_DESENVOLVIMENTO_DE_SISTEMAS.pdf,Qual é a unidade de oferta do Curso Superior de Tecnologia em Análise e Desenvolvimento de Sistemas descrita no PPC?,A unidade de oferta do curso é o Campus Teresina Central.,A unidade de oferta do Curso Superior de Tecnologia em Análise e Desenvolvimento de Sistemas descrita no PPC é o Instituto Federal do Piauí.,0.4117647058823529,0.3125,0.4117647058823529,0.4117647058823529,0.16767849550785174,0.8481616377830505,0.9223004579544067,0.8836787939071655,0.5,0.0,3.5476,4
5,47,bm25,CURSO_SUPERIOR_DE_TECNOLOGIA_EM_ANÁLISE_E_DESENVOLVIMENTO_DE_SISTEMAS.pdf,Qual é a carga horária total do Curso Superior de Tecnologia em Análise e Desenvolvimento de Sistemas?,A carga horária total do curso é de 2100 horas.,"As atividades complementares do Curso Superior de Tecnologia em Análise e Desenvolvimento de Sistemas deverão ter o total de no mínimo cem horas, correspondente a 5% da carga horária total do curso.",0.391304347826087,0.22727272727272727,0.30434782608695654,0.30434782608695654,0.11117895489854909,0.81644606590271,0.9267646074295044,0.8681145906448364,0.43243243243243246,0.0,4.4205,4
5,47,bm25,CURSO_SUPERIOR_DE_TECNOLOGIA_EM_ANÁLISE_E_DESENVOLVIMENTO_DE_SISTEMAS.pdf,Quantas vagas por ano são ofertadas no Curso Superior de Tecnologia em Análise e Desenvolvimento de Sistemas?,O curso oferta 40 vagas por ano.,O Curso Superior de Tecnologia em Análise e Desenvolvimento de Sistemas oferece 40 vagas por ano no turno vespertino.,0.4444444444444444,0.32,0.4444444444444444,0.4444444444444444,0.1326475916741222,0.8291540145874023,0.955398440361023,0.8878107666969299,0.48,0.0,3.4537,4
5,47,bm25,"RESOLUÇÃO Nº 14-2025-Aprova a Criação do Curso de Aperfeiçoamento Escola da Terra, no âmbito do Instituto Federal de Educação, Ciência e Tecnologia do Piauí (IFPI) e Anexo..pdf",Qual é a carga horária total do curso Escola da Terra?,A carga horária total do curso Escola da Terra é de 180 horas.,"O curso Escola da Terra está organizado com uma carga horária total de 294 horas destinadas ao estudo das disciplinas, acrescido de 66 horas destinadas a um Trabalho de Conclusão de Curso.",0.46808510638297873,0.26666666666666666,0.25531914893617025,0.25531914893617025,0.1077448900968642,0.8482507467269897,0.9352979063987732,0.8896501660346985,0.5128205128205128,0.0,4.5609,4
5,47,bm25,"RESOLUÇÃO Nº 14-2025-Aprova a Criação do Curso de Aperfeiçoamento Escola da Terra, no âmbito do Instituto Federal de Educação, Ciência e Tecnologia do Piauí (IFPI) e Anexo..pdf",Qual é a meta física do curso Escola da Terra em número de vagas?,A meta física do curso Escola da Terra é de 120 vagas.,O Curso Aperfeiçoamento Escola da Terra possui 30 vagas.,0.45454545454545453,0.19999999999999998,0.45454545454545453,0.45454545454545453,0.0,0.880872368812561,0.914977490901947,0.8976011276245117,0.4761904761904762,0.0,2.6804,4
5,47,bm25,"RESOLUÇÃO Nº 14-2025-Aprova a Criação do Curso de Aperfeiçoamento Escola da Terra, no âmbito do Instituto Federal de Educação, Ciência e Tecnologia do Piauí (IFPI) e Anexo..pdf",Quando está previsto o início do curso Escola da Terra?,O início do curso Escola da Terra está previsto para março de 2025.,Não encontrei essa informação no contexto fornecido.,0.16666666666666669,0.0,0.16666666666666669,0.16666666666666669,0.0,0.8219438791275024,0.8310289978981018,0.8264614343643188,0.0,0.0,2.6596,4
5,47,bm25,"RESOLUÇÃO Nº 14-2025-Aprova a Criação do Curso de Aperfeiçoamento Escola da Terra, no âmbito do Instituto Federal de Educação, Ciência e Tecnologia do Piauí (IFPI) e Anexo..pdf",Quem é o coordenador do curso Escola da Terra?,O coordenador do curso Escola da Terra é Gilson Mendes Araújo.,"O coordenador do curso Escola da Terra é um docente do campus, de área específica ou pedagógica do curso.",0.45161290322580644,0.41379310344827586,0.45161290322580644,0.45161290322580644,0.3386854985606571,0.900873601436615,0.9360523223876953,0.9181260466575623,0.5925925925925926,0.0,3.3222,4
5,47,bm25,"RESOLUÇÃO NORMATIVA Nº 236-2025-Prorroga o Plano Diretor de Tecnologia da Informação e Comunicação (PDTIC-2022-2024), do Instituto Federal de Educação, Ciência e Tecnologia do Piauí (IFPI) e Anexo.pdf",Para qual exercício foi prorrogada a vigência do PDTIC-2022/2024 do IFPI?,A vigência do PDTIC-2022/2024 foi prorrogada para o exercício de 2025.,O Plano de Desenvolvimento Institucional (PDI) do IFPI teve vigência de 2020 a 2024.,0.4666666666666667,0.07142857142857142,0.20000000000000004,0.20000000000000004,0.0,0.8483378887176514,0.8543418645858765,0.8513292670249939,0.46153846153846156,0.0,3.8936,4
5,47,bm25,"RESOLUÇÃO NORMATIVA Nº 236-2025-Prorroga o Plano Diretor de Tecnologia da Informação e Comunicação (PDTIC-2022-2024), do Instituto Federal de Educação, Ciência e Tecnologia do Piauí (IFPI) e Anexo.pdf",Qual resolução foi revogada pela Resolução Normativa nº 236 de 2025?,"Foi revogada a Resolução Normativa nº 133/2022 - CONSELHO SUPERIOR, de 29 de abril de 2022.",A Resolução Normativa nº 236 de 2025 revogou a Resolução Normativa nº 1/2020 do Conselho Superior.,0.4444444444444444,0.29411764705882354,0.3888888888888889,0.3888888888888889,0.13829483667905937,0.9247279167175293,0.8555519580841064,0.8887959718704224,0.5384615384615384,0.0,4.2198,4
5,47,bm25,"RESOLUÇÃO NORMATIVA Nº 236-2025-Prorroga o Plano Diretor de Tecnologia da Informação e Comunicação (PDTIC-2022-2024), do Instituto Federal de Educação, Ciência e Tecnologia do Piauí (IFPI) e Anexo.pdf",Quais são as três fases da metodologia de elaboração do PDTIC descritas no documento?,"As três fases da metodologia de elaboração do PDTIC são Preparação, Diagnóstico e Planejamento.","As três fases da metodologia de elaboração do PDTIC são Preparação, Diagnóstico e Planejamento.",1.0,1.0,1.0,1.0,1.0,1.0,1.0,1.0,1.0,1.0,3.3256,4
5,47,bm25,"RESOLUÇÃO NORMATIVA Nº 236-2025-Prorroga o Plano Diretor de Tecnologia da Informação e Comunicação (PDTIC-2022-2024), do Instituto Federal de Educação, Ciência e Tecnologia do Piauí (IFPI) e Anexo.pdf",Em que guia se baseou a metodologia de elaboração do PDTIC do IFPI?,"A metodologia de elaboração do PDTIC do IFPI baseou-se no Guia de PDTIC do SISP, versão 2.0, adaptado à realidade do IFPI.","A metodologia utilizada para a elaboração do documento baseou-se no Guia de PDTIC do SISP, versão 2.0, adaptado à realidade do IFPI.",0.8399999999999999,0.75,0.8399999999999999,0.8399999999999999,0.7150762135853476,0.9745191931724548,0.9789811372756958,0.9767451286315918,0.923076923076923,0.0,4.1329,4
5,47,bm25,"RESOLUÇÃO NORMATIVA Nº 223-2024-Atualiza a Regulamentação do planejamento e o registro das atividades acadêmicas dos docentes da Carreira do Magistério do Ensino Básico, Técnico e Tecnológico do IFPI.pdf",Quais são os regimes de trabalho previstos para os docentes do EBTT no IFPI?,"Os regimes de trabalho previstos são 40 horas com dedicação exclusiva, 40 horas e 20 horas semanais.","Os regimes de trabalho previstos para os docentes do EBTT no IFPI são de tempo integral, com 40 horas semanais, ou tempo parcial, com 20 horas semanais.",0.5531914893617021,0.3555555555555555,0.5531914893617021,0.5531914893617021,0.2171788734284664,0.9010717272758484,0.9406071305274963,0.9204151034355164,0.6285714285714286,0.0,4.2743,4
5,47,bm25,"RESOLUÇÃO NORMATIVA Nº 223-2024-Atualiza a Regulamentação do planejamento e o registro das atividades acadêmicas dos docentes da Carreira do Magistério do Ensino Básico, Técnico e Tecnológico do IFPI.pdf","Para cada hora de regência de aulas, quantas horas adicionais o docente computará para atividades de organização e apoio ao ensino?","Para cada hora de regência de aulas, o docente computará uma hora adicional para atividades de organização e apoio ao ensino.","Para cada hora de Regência de Aula, o docente computará uma hora de Organização e Apoio ao Ensino.",0.8837209302325583,0.7804878048780488,0.8837209302325583,0.8837209302325583,0.3414504535105491,0.9086815118789673,0.9197208881378174,0.9141678810119629,0.8749999999999999,0.0,3.649,4
5,47,bm25,"RESOLUÇÃO NORMATIVA Nº 218-2024-Estab. normas, critérios e proc. para a participação de docentes (DE) em atividades remuneradas.pdf","Qual é o limite anual de horas para a participação esporádica remunerada em palestras, conferências e atividades artísticas e culturais de docentes em dedicação exclusiva?",O limite anual é de 30 horas.,"O limite anual de horas para a participação esporádica remunerada em palestras, conferências, atividades artísticas e culturais de docentes em dedicação exclusiva não pode exceder a 30 (trinta) horas anuais.",0.2857142857142857,0.15,0.2857142857142857,0.2857142857142857,0.0,0.7990579605102539,0.920907199382782,0.8556663990020752,0.36363636363636365,0.0,4.8394,4
5,47,bm25,"RESOLUÇÃO NORMATIVA Nº 218-2024-Estab. normas, critérios e proc. para a participação de docentes (DE) em atividades remuneradas.pdf",Qual é o limite de carga horária para atividades remuneradas eventuais previstas no artigo 7º da Resolução Normativa nº 218 de 2024?,As atividades remuneradas eventuais não podem exceder 8 horas semanais ou 416 horas anuais.,"O limite máximo da soma da remuneração, retribuições e bolsas percebidas pelos ocupantes de cargos, funções e empregos públicos não poderá exceder o maior valor recebido pelo funcionalismo público federal.",0.11538461538461539,0.04,0.11538461538461539,0.11538461538461539,0.0,0.8185205459594727,0.8523279428482056,0.8350822329521179,0.1,0.0,4.5897,4
5,47,bm25,"RESOLUÇÃO NORMATIVA Nº 217-2024-Atualiza o Regimento Interno da Comissão Permanente de Pessoal Docente (CPPD), no âmbito do Instituto Federal de Educação, Ciência e Tecnologia do Piauí (IFPI)..pdf",Como é composta a CPPD do IFPI em número de membros titulares e suplentes?,"A CPPD do IFPI é composta por 10 docentes, sendo 5 representantes titulares e 5 representantes suplentes.","A CPPD do IFPI é composta por chapas com dois docentes, sendo um titular e um suplente.",0.5625,0.4000000000000001,0.5625,0.5625,0.39670882908365773,0.9483709931373596,0.953549861907959,0.9509534239768982,0.6451612903225806,0.0,3.468,4
5,47,bm25,"RESOLUÇÃO NORMATIVA Nº 217-2024-Atualiza o Regimento Interno da Comissão Permanente de Pessoal Docente (CPPD), no âmbito do Instituto Federal de Educação, Ciência e Tecnologia do Piauí (IFPI)..pdf",Qual é o mandato dos integrantes da CPPD do IFPI?,"O mandato dos integrantes da CPPD é de 4 anos, com possibilidade de uma única recondução por igual período.","O mandato dos integrantes da CPPD do IFPI é de 04 (quatro) anos, admitida uma única reeleição para período subsequente, não existindo limite para mandatos alternados.",0.5416666666666667,0.30434782608695654,0.5416666666666667,0.5416666666666667,0.20539509719773488,0.8868475556373596,0.9265609979629517,0.906269371509552,0.5581395348837209,0.0,4.5434,4
5,47,bm25,"RESOLUÇÃO Nº 27-2024-Aprova  a criação do curso de Qualificação Profissional, de Formação Inicial e Continuada (FIC) em Aquicultor, no âmbito do IFPI e Anexo.pdf",Quantas vagas são ofertadas no curso FIC em Aquicultor?,O curso FIC em Aquicultor oferta 40 vagas.,Não encontrei essa informação no contexto fornecido.,0.11764705882352941,0.0,0.11764705882352941,0.11764705882352941,0.0,0.8231986165046692,0.8388471603393555,0.8309492468833923,0.0,0.0,2.7101,4
5,47,bm25,"RESOLUÇÃO Nº 27-2024-Aprova  a criação do curso de Qualificação Profissional, de Formação Inicial e Continuada (FIC) em Aquicultor, no âmbito do IFPI e Anexo.pdf",Qual é a forma de acesso ao curso FIC em Aquicultor?,A forma de acesso ao curso FIC em Aquicultor é por meio de sorteio.,"O acesso para o curso FIC será por meio de edital de seleção, e o processo seletivo ocorrerá através de prova escrita específica.",0.3589743589743589,0.16216216216216217,0.30769230769230776,0.30769230769230776,0.0,0.8822669386863708,0.8946717977523804,0.8884261250495911,0.37499999999999994,0.0,3.5897,4
5,47,tfidf,CURSO_SUPERIOR_DE_TECNOLOGIA_EM_ANÁLISE_E_DESENVOLVIMENTO_DE_SISTEMAS.pdf,Em que ano o Curso Superior de Tecnologia em Análise e Desenvolvimento de Sistemas foi criado no Campus de Picos?,O Curso Superior de Tecnologia em Análise e Desenvolvimento de Sistemas foi criado no Campus de Picos em 2013.,O Curso Superior de Tecnologia em Análise e Desenvolvimento de Sistemas foi criado no Campus de Picos em 2013.,1.0,1.0,1.0,1.0,1.0,0.9999999403953552,0.9999999403953552,0.9999999403953552,1.0,1.0,3.4852,4
5,47,tfidf,CURSO_SUPERIOR_DE_TECNOLOGIA_EM_ANÁLISE_E_DESENVOLVIMENTO_DE_SISTEMAS.pdf,Qual é a unidade de oferta do Curso Superior de Tecnologia em Análise e Desenvolvimento de Sistemas descrita no PPC?,A unidade de oferta do curso é o Campus Teresina Central.,O Curso Superior de Tecnologia em Análise e Desenvolvimento de Sistemas contribui com a demanda de profissionais para atuar no projeto e implementação de Sistemas de Informação de acordo com as necessidades institucionais.,0.1739130434782609,0.0,0.13043478260869565,0.13043478260869565,0.0,0.7902743220329285,0.8632662892341614,0.8251592516899109,0.2222222222222222,0.0,4.1262,4
5,47,tfidf,CURSO_SUPERIOR_DE_TECNOLOGIA_EM_ANÁLISE_E_DESENVOLVIMENTO_DE_SISTEMAS.pdf,Qual é a carga horária total do Curso Superior de Tecnologia em Análise e Desenvolvimento de Sistemas?,A carga horária total do curso é de 2100 horas.,Não encontrei essa informação no contexto fornecido.,0.0,0.0,0.0,0.0,0.0,0.8249529004096985,0.8356121182441711,0.8302482962608337,0.0,0.0,2.5173,4
5,47,tfidf,CURSO_SUPERIOR_DE_TECNOLOGIA_EM_ANÁLISE_E_DESENVOLVIMENTO_DE_SISTEMAS.pdf,Quantas vagas por ano são ofertadas no Curso Superior de Tecnologia em Análise e Desenvolvimento de Sistemas?,O curso oferta 40 vagas por ano.,"O Curso Superior de Tecnologia em Análise e Desenvolvimento de Sistemas teve uma oferta de 64 vagas, distribuídas igualmente entre os turnos tarde e noite.",0.23529411764705882,0.0625,0.23529411764705882,0.23529411764705882,0.0,0.8184553384780884,0.9159019589424133,0.8644410371780396,0.27586206896551724,0.0,3.6733,4
5,47,tfidf,"RESOLUÇÃO Nº 14-2025-Aprova a Criação do Curso de Aperfeiçoamento Escola da Terra, no âmbito do Instituto Federal de Educação, Ciência e Tecnologia do Piauí (IFPI) e Anexo..pdf",Qual é a carga horária total do curso Escola da Terra?,A carga horária total do curso Escola da Terra é de 180 horas.,"A carga horária total do Curso de Educação do Campo e Quilombola, com a ação Escola da Terra, é de 495 horas, sendo 257 horas no Tempo Universidade e 103 horas no Tempo Escola/Comunidade.",0.48,0.375,0.48,0.48,0.13230152143737722,0.8819113969802856,0.9589258432388306,0.9188076257705688,0.6153846153846155,0.0,5.3473,4
5,47,tfidf,"RESOLUÇÃO Nº 14-2025-Aprova a Criação do Curso de Aperfeiçoamento Escola da Terra, no âmbito do Instituto Federal de Educação, Ciência e Tecnologia do Piauí (IFPI) e Anexo..pdf",Qual é a meta física do curso Escola da Terra em número de vagas?,A meta física do curso Escola da Terra é de 120 vagas.,"O curso Escola da Terra possui 60 vagas para Professores da Educação Básica - Escolas do Campo, que possuem certificação em curso de aperfeiçoamento (mínimo de 180).",0.37209302325581395,0.14634146341463417,0.2325581395348837,0.2325581395348837,0.08928953574702554,0.8402918577194214,0.9158283472061157,0.8764355182647705,0.4,0.0,4.5359,4
5,47,tfidf,"RESOLUÇÃO Nº 14-2025-Aprova a Criação do Curso de Aperfeiçoamento Escola da Terra, no âmbito do Instituto Federal de Educação, Ciência e Tecnologia do Piauí (IFPI) e Anexo..pdf",Quando está previsto o início do curso Escola da Terra?,O início do curso Escola da Terra está previsto para março de 2025.,O Curso Aperfeiçoamento Escola da Terra está previsto para iniciar no primeiro semestre de 2024.,0.5806451612903225,0.3448275862068965,0.5806451612903225,0.5806451612903225,0.3334477432809602,0.8885897397994995,0.9396146535873413,0.9133901596069336,0.6428571428571429,0.0,3.407,4
5,47,tfidf,"RESOLUÇÃO Nº 14-2025-Aprova a Criação do Curso de Aperfeiçoamento Escola da Terra, no âmbito do Instituto Federal de Educação, Ciência e Tecnologia do Piauí (IFPI) e Anexo..pdf",Quem é o coordenador do curso Escola da Terra?,O coordenador do curso Escola da Terra é Gilson Mendes Araújo.,Não encontrei essa informação no contexto fornecido.,0.09999999999999999,0.0,0.09999999999999999,0.09999999999999999,0.0,0.8250470161437988,0.8430057168006897,0.833929717540741,0.0,0.0,2.8865,4
5,47,tfidf,"RESOLUÇÃO NORMATIVA Nº 236-2025-Prorroga o Plano Diretor de Tecnologia da Informação e Comunicação (PDTIC-2022-2024), do Instituto Federal de Educação, Ciência e Tecnologia do Piauí (IFPI) e Anexo.pdf",Para qual exercício foi prorrogada a vigência do PDTIC-2022/2024 do IFPI?,A vigência do PDTIC-2022/2024 foi prorrogada para o exercício de 2025.,O Plano Diretor de Tecnologia da Informação e Comunicação (PDTIC-2022/2024) do IFPI foi prorrogado por meio da Resolução Normativa nº 236-2025.,0.38095238095238093,0.1,0.2857142857142857,0.2857142857142857,0.0,0.8385323882102966,0.8902472853660583,0.8636163473129272,0.4444444444444444,0.0,4.9377,4
5,47,tfidf,"RESOLUÇÃO NORMATIVA Nº 236-2025-Prorroga o Plano Diretor de Tecnologia da Informação e Comunicação (PDTIC-2022-2024), do Instituto Federal de Educação, Ciência e Tecnologia do Piauí (IFPI) e Anexo.pdf",Qual resolução foi revogada pela Resolução Normativa nº 236 de 2025?,"Foi revogada a Resolução Normativa nº 133/2022 - CONSELHO SUPERIOR, de 29 de abril de 2022.",A Resolução Normativa nº 236 de 2025 revogou a Resolução nº 111/2025.,0.37500000000000006,0.26666666666666666,0.37500000000000006,0.37500000000000006,0.0,0.9381101131439209,0.8576550483703613,0.8960802555084229,0.4545454545454546,0.0,3.1704,4
5,47,tfidf,"RESOLUÇÃO NORMATIVA Nº 236-2025-Prorroga o Plano Diretor de Tecnologia da Informação e Comunicação (PDTIC-2022-2024), do Instituto Federal de Educação, Ciência e Tecnologia do Piauí (IFPI) e Anexo.pdf",Quais são as três fases da metodologia de elaboração do PDTIC descritas no documento?,"As três fases da metodologia de elaboração do PDTIC são Preparação, Diagnóstico e Planejamento.","As três fases da metodologia de elaboração do PDTIC descritas no documento são: Preparação, Diagnóstico e, por fim, a fase não especificada após o Diagnóstico.",0.6923076923076923,0.64,0.6923076923076923,0.6923076923076923,0.3545649986147617,0.9126512408256531,0.9584945440292358,0.9350113272666931,0.6842105263157894,0.0,4.1826,4
5,47,tfidf,"RESOLUÇÃO NORMATIVA Nº 236-2025-Prorroga o Plano Diretor de Tecnologia da Informação e Comunicação (PDTIC-2022-2024), do Instituto Federal de Educação, Ciência e Tecnologia do Piauí (IFPI) e Anexo.pdf",Em que guia se baseou a metodologia de elaboração do PDTIC do IFPI?,"A metodologia de elaboração do PDTIC do IFPI baseou-se no Guia de PDTIC do SISP, versão 2.0, adaptado à realidade do IFPI.","A metodologia de elaboração do PDTIC do IFPI se baseou em documentos de referência, estratégias da organização, princípios e diretrizes, além da Instrução Normativa SGD/ME Nº 31/2021, entre outros instrumentos de planejamento da instituição.",0.3768115942028986,0.2388059701492537,0.34782608695652173,0.34782608695652173,0.17078893748090399,0.8468525409698486,0.8980249762535095,0.8716883063316345,0.3673469387755102,0.0,5.2045,4
5,47,tfidf,"RESOLUÇÃO NORMATIVA Nº 223-2024-Atualiza a Regulamentação do planejamento e o registro das atividades acadêmicas dos docentes da Carreira do Magistério do Ensino Básico, Técnico e Tecnológico do IFPI.pdf",Quais são os regimes de trabalho previstos para os docentes do EBTT no IFPI?,"Os regimes de trabalho previstos são 40 horas com dedicação exclusiva, 40 horas e 20 horas semanais.","Os regimes de trabalho previstos para os docentes do EBTT no IFPI são de tempo integral, com 40 horas semanais, ou tempo parcial, com 20 horas semanais.",0.5531914893617021,0.3555555555555555,0.5531914893617021,0.5531914893617021,0.2171788734284664,0.9010717272758484,0.9406071305274963,0.9204151034355164,0.6285714285714286,0.0,4.3403,4
5,47,tfidf,"RESOLUÇÃO NORMATIVA Nº 223-2024-Atualiza a Regulamentação do planejamento e o registro das atividades acadêmicas dos docentes da Carreira do Magistério do Ensino Básico, Técnico e Tecnológico do IFPI.pdf","Para cada hora de regência de aulas, quantas horas adicionais o docente computará para atividades de organização e apoio ao ensino?","Para cada hora de regência de aulas, o docente computará uma hora adicional para atividades de organização e apoio ao ensino.","Para cada hora de Regência de Aula, o docente computará uma hora de Organização e Apoio ao Ensino.",0.8837209302325583,0.7804878048780488,0.8837209302325583,0.8837209302325583,0.3414504535105491,0.9086815118789673,0.9197208881378174,0.9141678810119629,0.8749999999999999,0.0,3.6127,4
5,47,tfidf,"RESOLUÇÃO NORMATIVA Nº 218-2024-Estab. normas, critérios e proc. para a participação de docentes (DE) em atividades remuneradas.pdf","Qual é o limite anual de horas para a participação esporádica remunerada em palestras, conferências e atividades artísticas e culturais de docentes em dedicação exclusiva?",O limite anual é de 30 horas.,"O limite anual de horas para a participação esporádica remunerada em palestras, conferências, atividades artísticas e culturais de docentes em dedicação exclusiva não pode exceder a 30 horas anuais.",0.2926829268292683,0.20512820512820512,0.2926829268292683,0.2926829268292683,0.0,0.8036078810691833,0.9253432154655457,0.8601899147033691,0.375,0.0,4.4764,4
5,47,tfidf,"RESOLUÇÃO NORMATIVA Nº 218-2024-Estab. normas, critérios e proc. para a participação de docentes (DE) em atividades remuneradas.pdf",Qual é o limite de carga horária para atividades remuneradas eventuais previstas no artigo 7º da Resolução Normativa nº 218 de 2024?,As atividades remuneradas eventuais não podem exceder 8 horas semanais ou 416 horas anuais.,Não encontrei essa informação no contexto fornecido.,0.16666666666666669,0.09090909090909091,0.16666666666666669,0.16666666666666669,0.0,0.8233992457389832,0.8057843446731567,0.814496636390686,0.1,0.0,2.9667,4
5,47,tfidf,"RESOLUÇÃO NORMATIVA Nº 217-2024-Atualiza o Regimento Interno da Comissão Permanente de Pessoal Docente (CPPD), no âmbito do Instituto Federal de Educação, Ciência e Tecnologia do Piauí (IFPI)..pdf",Como é composta a CPPD do IFPI em número de membros titulares e suplentes?,"A CPPD do IFPI é composta por 10 docentes, sendo 5 representantes titulares e 5 representantes suplentes.","A CPPD do IFPI terá membros titulares e suplentes, sendo que o registro da candidatura ocorrerá por chapa composta por dois docentes, com indicação do titular e suplente.",0.4888888888888889,0.23255813953488372,0.35555555555555557,0.35555555555555557,0.12459714829009788,0.8989600539207458,0.9330469369888306,0.9156864285469055,0.5499999999999999,0.0,4.2677,4
5,47,tfidf,"RESOLUÇÃO NORMATIVA Nº 217-2024-Atualiza o Regimento Interno da Comissão Permanente de Pessoal Docente (CPPD), no âmbito do Instituto Federal de Educação, Ciência e Tecnologia do Piauí (IFPI)..pdf",Qual é o mandato dos integrantes da CPPD do IFPI?,"O mandato dos integrantes da CPPD é de 4 anos, com possibilidade de uma única recondução por igual período.",O mandato dos integrantes da CPPD do IFPI não é especificado no contexto fornecido.,0.4117647058823529,0.3125,0.4117647058823529,0.4117647058823529,0.23321503395334311,0.8847048282623291,0.8674375414848328,0.8759860992431641,0.43750000000000006,0.0,3.1616,4
5,47,tfidf,"RESOLUÇÃO Nº 27-2024-Aprova  a criação do curso de Qualificação Profissional, de Formação Inicial e Continuada (FIC) em Aquicultor, no âmbito do IFPI e Anexo.pdf",Quantas vagas são ofertadas no curso FIC em Aquicultor?,O curso FIC em Aquicultor oferta 40 vagas.,O curso de Qualificação Profissional - Formação Inicial e Continuada (FIC) em Aquicultor oferece 40 vagas.,0.56,0.34782608695652173,0.56,0.56,0.0,0.863581657409668,0.969627320766449,0.9135372638702393,0.608695652173913,0.0,3.8758,4
5,47,tfidf,"RESOLUÇÃO Nº 27-2024-Aprova  a criação do curso de Qualificação Profissional, de Formação Inicial e Continuada (FIC) em Aquicultor, no âmbito do IFPI e Anexo.pdf",Qual é a forma de acesso ao curso FIC em Aquicultor?,A forma de acesso ao curso FIC em Aquicultor é por meio de sorteio.,"Para acessar o curso FIC em Aquicultor, o requisito de acesso é ter o Ensino Fundamental I (1º ao 5º) incompleto.",0.4242424242424242,0.2580645161290323,0.30303030303030304,0.30303030303030304,0.12409597120849801,0.8614296913146973,0.9270288944244385,0.8930262327194214,0.5,0.0,4.0144,4
6,48,dense_no_rerank,CURSO_SUPERIOR_DE_TECNOLOGIA_EM_ANÁLISE_E_DESENVOLVIMENTO_DE_SISTEMAS.pdf,Em que ano o Curso Superior de Tecnologia em Análise e Desenvolvimento de Sistemas foi criado no Campus de Picos?,O Curso Superior de Tecnologia em Análise e Desenvolvimento de Sistemas foi criado no Campus de Picos em 2013.,O Curso Superior de Tecnologia em Análise e Desenvolvimento de Sistemas foi criado no Campus de Picos em 2013.,1.0,1.0,1.0,1.0,1.0,0.9999999403953552,0.9999999403953552,0.9999999403953552,1.0,1.0,3.8178,4
6,48,dense_no_rerank,CURSO_SUPERIOR_DE_TECNOLOGIA_EM_ANÁLISE_E_DESENVOLVIMENTO_DE_SISTEMAS.pdf,Qual é a unidade de oferta do Curso Superior de Tecnologia em Análise e Desenvolvimento de Sistemas descrita no PPC?,A unidade de oferta do curso é o Campus Teresina Central.,A unidade da oferta do Curso Superior de Tecnologia em Análise e Desenvolvimento de Sistemas é o Campus Teresina Central.,0.6666666666666666,0.42857142857142855,0.6,0.6,0.28320384389628495,0.8714810013771057,0.9715954065322876,0.9188191294670105,0.7333333333333334,0.0,3.4813,4
6,48,dense_no_rerank,CURSO_SUPERIOR_DE_TECNOLOGIA_EM_ANÁLISE_E_DESENVOLVIMENTO_DE_SISTEMAS.pdf,Qual é a carga horária total do Curso Superior de Tecnologia em Análise e Desenvolvimento de Sistemas?,A carga horária total do curso é de 2100 horas.,A carga horária total do Curso Superior de Tecnologia em Sistemas para Internet é de 2.100 horas.,0.6428571428571429,0.46153846153846156,0.6428571428571429,0.6428571428571429,0.25772294506990867,0.8713124394416809,0.9634993672370911,0.915090024471283,0.6666666666666667,0.0,3.5756,4
6,48,dense_no_rerank,CURSO_SUPERIOR_DE_TECNOLOGIA_EM_ANÁLISE_E_DESENVOLVIMENTO_DE_SISTEMAS.pdf,Quantas vagas por ano são ofertadas no Curso Superior de Tecnologia em Análise e Desenvolvimento de Sistemas?,O curso oferta 40 vagas por ano.,O Curso Superior de Tecnologia em Análise e Desenvolvimento de Sistemas oferece 40 vagas por ano no turno vespertino.,0.4444444444444444,0.32,0.4444444444444444,0.4444444444444444,0.1326475916741222,0.8291540145874023,0.955398440361023,0.8878107666969299,0.48,0.0,3.5838,4
6,48,dense_no_rerank,"RESOLUÇÃO Nº 14-2025-Aprova a Criação do Curso de Aperfeiçoamento Escola da Terra, no âmbito do Instituto Federal de Educação, Ciência e Tecnologia do Piauí (IFPI) e Anexo..pdf",Qual é a carga horária total do curso Escola da Terra?,A carga horária total do curso Escola da Terra é de 180 horas.,A carga horária total do curso Escola da Terra é de 180 horas.,1.0,1.0,1.0,1.0,1.0,1.0,1.0,1.0,1.0,1.0,3.5157,4
6,48,dense_no_rerank,"RESOLUÇÃO Nº 14-2025-Aprova a Criação do Curso de Aperfeiçoamento Escola da Terra, no âmbito do Instituto Federal de Educação, Ciência e Tecnologia do Piauí (IFPI) e Anexo..pdf",Qual é a meta física do curso Escola da Terra em número de vagas?,A meta física do curso Escola da Terra é de 120 vagas.,A meta física do curso Escola da Terra é de 120 vagas para professoras e coordenadoras pedagógicas de turmas multisseriadas.,0.7272727272727273,0.7096774193548387,0.7272727272727273,0.7272727272727273,0.5471114295717522,0.8801493048667908,0.9877628684043884,0.9308561682701111,0.7741935483870968,0.0,4.1455,4
6,48,dense_no_rerank,"RESOLUÇÃO Nº 14-2025-Aprova a Criação do Curso de Aperfeiçoamento Escola da Terra, no âmbito do Instituto Federal de Educação, Ciência e Tecnologia do Piauí (IFPI) e Anexo..pdf",Quando está previsto o início do curso Escola da Terra?,O início do curso Escola da Terra está previsto para março de 2025.,O Curso de Especialização Escola da Terra está previsto para iniciar no primeiro semestre de 2025.,0.6875,0.39999999999999997,0.625,0.625,0.36821398145189993,0.9271272420883179,0.9493149518966675,0.9380899667739868,0.7142857142857142,0.0,3.7193,4
6,48,dense_no_rerank,"RESOLUÇÃO Nº 14-2025-Aprova a Criação do Curso de Aperfeiçoamento Escola da Terra, no âmbito do Instituto Federal de Educação, Ciência e Tecnologia do Piauí (IFPI) e Anexo..pdf",Quem é o coordenador do curso Escola da Terra?,O coordenador do curso Escola da Terra é Gilson Mendes Araújo.,O coordenador do Curso Escola da Terra é Emanuel Alcântara da Silva.,0.6086956521739131,0.5714285714285713,0.6086956521739131,0.6086956521739131,0.2891784933232572,0.9072921872138977,0.9519469141960144,0.9290832877159119,0.7272727272727273,0.0,3.1118,4
6,48,dense_no_rerank,"RESOLUÇÃO NORMATIVA Nº 236-2025-Prorroga o Plano Diretor de Tecnologia da Informação e Comunicação (PDTIC-2022-2024), do Instituto Federal de Educação, Ciência e Tecnologia do Piauí (IFPI) e Anexo.pdf",Para qual exercício foi prorrogada a vigência do PDTIC-2022/2024 do IFPI?,A vigência do PDTIC-2022/2024 foi prorrogada para o exercício de 2025.,"O Plano Diretor de Tecnologia da Informação e Comunicação (PDTIC-2022/2024) do Instituto Federal de Educação, Ciência e Tecnologia do Piauí (IFPI) foi prorrogado para o exercício de 2025.",0.48000000000000004,0.2916666666666667,0.4,0.4,0.1690653646485627,0.8415287733078003,0.9482990503311157,0.8917292952537537,0.5405405405405406,0.0,5.2748,4
6,48,dense_no_rerank,"RESOLUÇÃO NORMATIVA Nº 236-2025-Prorroga o Plano Diretor de Tecnologia da Informação e Comunicação (PDTIC-2022-2024), do Instituto Federal de Educação, Ciência e Tecnologia do Piauí (IFPI) e Anexo.pdf",Qual resolução foi revogada pela Resolução Normativa nº 236 de 2025?,"Foi revogada a Resolução Normativa nº 133/2022 - CONSELHO SUPERIOR, de 29 de abril de 2022.",A Resolução Normativa nº 236 de 2025 revogou a Resolução NormaAva nº 206/2024.,0.3636363636363636,0.2580645161290323,0.3636363636363636,0.3636363636363636,0.0,0.916382372379303,0.8532021045684814,0.8836644291877747,0.41666666666666663,0.0,4.5949,4
6,48,dense_no_rerank,"RESOLUÇÃO NORMATIVA Nº 236-2025-Prorroga o Plano Diretor de Tecnologia da Informação e Comunicação (PDTIC-2022-2024), do Instituto Federal de Educação, Ciência e Tecnologia do Piauí (IFPI) e Anexo.pdf",Quais são as três fases da metodologia de elaboração do PDTIC descritas no documento?,"As três fases da metodologia de elaboração do PDTIC são Preparação, Diagnóstico e Planejamento.","As três fases da metodologia de elaboração do PDTIC são Preparação, Diagnóstico e Planejamento.",1.0,1.0,1.0,1.0,1.0,1.0,1.0,1.0,1.0,1.0,3.3867,4
6,48,dense_no_rerank,"RESOLUÇÃO NORMATIVA Nº 236-2025-Prorroga o Plano Diretor de Tecnologia da Informação e Comunicação (PDTIC-2022-2024), do Instituto Federal de Educação, Ciência e Tecnologia do Piauí (IFPI) e Anexo.pdf",Em que guia se baseou a metodologia de elaboração do PDTIC do IFPI?,"A metodologia de elaboração do PDTIC do IFPI baseou-se no Guia de PDTIC do SISP, versão 2.0, adaptado à realidade do IFPI.","A metodologia de elaboração do PDTIC do IFPI baseou-se no Guia de PDTIC do SISP, versão 2.0, adaptado à realidade do IFPI.",1.0,1.0,1.0,1.0,1.0,1.0,1.0,1.0,1.0,1.0,4.2433,4
6,48,dense_no_rerank,"RESOLUÇÃO NORMATIVA Nº 223-2024-Atualiza a Regulamentação do planejamento e o registro das atividades acadêmicas dos docentes da Carreira do Magistério do Ensino Básico, Técnico e Tecnológico do IFPI.pdf",Quais são os regimes de trabalho previstos para os docentes do EBTT no IFPI?,"Os regimes de trabalho previstos são 40 horas com dedicação exclusiva, 40 horas e 20 horas semanais.","Os regimes de trabalho dos docentes do EBTT do IFPI são definidos de acordo com a Tabela de Atividades, e o Plano Semestral de Atividades Docentes (PSAD) deve totalizar a carga horária de cada regime de trabalho.",0.3103448275862069,0.14285714285714285,0.2758620689655173,0.2758620689655173,0.0686555146522301,0.82150799036026,0.8512675166130066,0.8361230492591858,0.3414634146341463,0.0,5.1154,4
6,48,dense_no_rerank,"RESOLUÇÃO NORMATIVA Nº 223-2024-Atualiza a Regulamentação do planejamento e o registro das atividades acadêmicas dos docentes da Carreira do Magistério do Ensino Básico, Técnico e Tecnológico do IFPI.pdf","Para cada hora de regência de aulas, quantas horas adicionais o docente computará para atividades de organização e apoio ao ensino?","Para cada hora de regência de aulas, o docente computará uma hora adicional para atividades de organização e apoio ao ensino.","Para cada hora de Regência de Aula, o docente computará uma hora adicional para atividades de Organização e Apoio ao Ensino.",0.9565217391304348,0.9090909090909091,0.9565217391304348,0.9565217391304348,0.5339935148604845,0.9223076105117798,0.942150354385376,0.9321234226226807,0.9411764705882353,0.0,3.7437,4
6,48,dense_no_rerank,"RESOLUÇÃO NORMATIVA Nº 218-2024-Estab. normas, critérios e proc. para a participação de docentes (DE) em atividades remuneradas.pdf","Qual é o limite anual de horas para a participação esporádica remunerada em palestras, conferências e atividades artísticas e culturais de docentes em dedicação exclusiva?",O limite anual é de 30 horas.,"O limite anual de horas para a participação esporádica remunerada em palestras, conferências, atividades artísticas e culturais de docentes em dedicação exclusiva não pode exceder a 30 horas anuais.",0.2926829268292683,0.20512820512820512,0.2926829268292683,0.2926829268292683,0.0,0.8036078810691833,0.9253432154655457,0.8601899147033691,0.375,0.0,4.6857,4
6,48,dense_no_rerank,"RESOLUÇÃO NORMATIVA Nº 218-2024-Estab. normas, critérios e proc. para a participação de docentes (DE) em atividades remuneradas.pdf",Qual é o limite de carga horária para atividades remuneradas eventuais previstas no artigo 7º da Resolução Normativa nº 218 de 2024?,As atividades remuneradas eventuais não podem exceder 8 horas semanais ou 416 horas anuais.,O limite de carga horária para a prestação institucional de serviços remunerada de um servidor não pode ultrapassar 8 (oito) horas semanais ou 416 (quatrocentas e dezesseis) horas anuais.,0.37499999999999994,0.21739130434782608,0.37499999999999994,0.37499999999999994,0.1049439266125276,0.8394305109977722,0.9174327850341797,0.8767000436782837,0.3589743589743589,0.0,4.9246,4
6,48,dense_no_rerank,"RESOLUÇÃO NORMATIVA Nº 217-2024-Atualiza o Regimento Interno da Comissão Permanente de Pessoal Docente (CPPD), no âmbito do Instituto Federal de Educação, Ciência e Tecnologia do Piauí (IFPI)..pdf",Como é composta a CPPD do IFPI em número de membros titulares e suplentes?,"A CPPD do IFPI é composta por 10 docentes, sendo 5 representantes titulares e 5 representantes suplentes.","A CPPD do IFPI é composta por dez docentes da carreira de Ensino Básico, Técnico e Tecnológico, sendo cinco representantes titulares e cinco representantes suplentes.",0.6046511627906976,0.3902439024390244,0.6046511627906976,0.6046511627906976,0.31645275923351984,0.9136143922805786,0.9827612638473511,0.9469271898269653,0.7027027027027029,0.0,4.1714,4
6,48,dense_no_rerank,"RESOLUÇÃO NORMATIVA Nº 217-2024-Atualiza o Regimento Interno da Comissão Permanente de Pessoal Docente (CPPD), no âmbito do Instituto Federal de Educação, Ciência e Tecnologia do Piauí (IFPI)..pdf",Qual é o mandato dos integrantes da CPPD do IFPI?,"O mandato dos integrantes da CPPD é de 4 anos, com possibilidade de uma única recondução por igual período.","Os integrantes da CPPD do IFPI terão mandato de 04 (quatro) anos, podendo haver uma única recondução por igual período.",0.6976744186046512,0.4878048780487805,0.6046511627906976,0.6046511627906976,0.3299895472527792,0.9243701696395874,0.944128692150116,0.9341450333595276,0.631578947368421,0.0,4.0158,4
6,48,dense_no_rerank,"RESOLUÇÃO Nº 27-2024-Aprova  a criação do curso de Qualificação Profissional, de Formação Inicial e Continuada (FIC) em Aquicultor, no âmbito do IFPI e Anexo.pdf",Quantas vagas são ofertadas no curso FIC em Aquicultor?,O curso FIC em Aquicultor oferta 40 vagas.,O curso de Qualificação Profissional - Formação Inicial e Continuada (FIC) em Aquicultor oferece 40 vagas.,0.56,0.34782608695652173,0.56,0.56,0.0,0.863581657409668,0.969627320766449,0.9135372638702393,0.608695652173913,0.0,3.7701,4
6,48,dense_no_rerank,"RESOLUÇÃO Nº 27-2024-Aprova  a criação do curso de Qualificação Profissional, de Formação Inicial e Continuada (FIC) em Aquicultor, no âmbito do IFPI e Anexo.pdf",Qual é a forma de acesso ao curso FIC em Aquicultor?,A forma de acesso ao curso FIC em Aquicultor é por meio de sorteio.,A forma de acesso ao curso FIC em Aquicultor exige que o candidato possua o Ensino Fundamental I (1º ao 5º ano) incompleto.,0.5,0.4705882352941177,0.5,0.5,0.31107972814824386,0.8755465745925903,0.9480505585670471,0.9103571772575378,0.5294117647058824,0.0,4.091,4
6,48,dense_rerank,CURSO_SUPERIOR_DE_TECNOLOGIA_EM_ANÁLISE_E_DESENVOLVIMENTO_DE_SISTEMAS.pdf,Em que ano o Curso Superior de Tecnologia em Análise e Desenvolvimento de Sistemas foi criado no Campus de Picos?,O Curso Superior de Tecnologia em Análise e Desenvolvimento de Sistemas foi criado no Campus de Picos em 2013.,O Curso Superior de Tecnologia em Análise e Desenvolvimento de Sistemas foi criado no Campus de Picos em 2013.,1.0,1.0,1.0,1.0,1.0,0.9999999403953552,0.9999999403953552,0.9999999403953552,1.0,1.0,3.6942,4
6,48,dense_rerank,CURSO_SUPERIOR_DE_TECNOLOGIA_EM_ANÁLISE_E_DESENVOLVIMENTO_DE_SISTEMAS.pdf,Qual é a unidade de oferta do Curso Superior de Tecnologia em Análise e Desenvolvimento de Sistemas descrita no PPC?,A unidade de oferta do curso é o Campus Teresina Central.,"O Projeto Pedagógico do Curso Superior de Tecnologia em Análise e Desenvolvimento de Sistemas é fruto de um processo de reflexão e discussão coletiva, com participação dos professores e da comunidade acadêmica.",0.1702127659574468,0.04444444444444444,0.12765957446808512,0.12765957446808512,0.0,0.7909088134765625,0.8624572157859802,0.8251348733901978,0.2631578947368421,0.0,4.1766,4
6,48,dense_rerank,CURSO_SUPERIOR_DE_TECNOLOGIA_EM_ANÁLISE_E_DESENVOLVIMENTO_DE_SISTEMAS.pdf,Qual é a carga horária total do Curso Superior de Tecnologia em Análise e Desenvolvimento de Sistemas?,A carga horária total do curso é de 2100 horas.,"A carga horária total do Curso Superior de Tecnologia em Análise e Desenvolvimento de Sistemas é de 400 horas, distribuídas em 20 semanas.",0.5142857142857143,0.36363636363636365,0.5142857142857143,0.5142857142857143,0.17268932789342512,0.839600145816803,0.9638860821723938,0.8974605798721313,0.6,0.0,4.0157,4
6,48,dense_rerank,CURSO_SUPERIOR_DE_TECNOLOGIA_EM_ANÁLISE_E_DESENVOLVIMENTO_DE_SISTEMAS.pdf,Quantas vagas por ano são ofertadas no Curso Superior de Tecnologia em Análise e Desenvolvimento de Sistemas?,O curso oferta 40 vagas por ano.,O Curso Superior de Tecnologia em Análise e Desenvolvimento de Sistemas oferece 40 vagas no turno da noite para o primeiro semestre de 2025.,0.25,0.13333333333333333,0.25,0.25,0.0,0.8228235840797424,0.9194111824035645,0.8684400320053101,0.2857142857142857,0.0,3.8502,4
6,48,dense_rerank,"RESOLUÇÃO Nº 14-2025-Aprova a Criação do Curso de Aperfeiçoamento Escola da Terra, no âmbito do Instituto Federal de Educação, Ciência e Tecnologia do Piauí (IFPI) e Anexo..pdf",Qual é a carga horária total do curso Escola da Terra?,A carga horária total do curso Escola da Terra é de 180 horas.,"A carga horária total do curso Escola da Terra é de 180 horas/aula presenciais, divididas em cinco módulos.",0.787878787878788,0.7741935483870968,0.787878787878788,0.787878787878788,0.5695988432761473,0.9143187999725342,0.9894363880157471,0.9503955841064453,0.8125000000000001,0.0,3.986,4
6,48,dense_rerank,"RESOLUÇÃO Nº 14-2025-Aprova a Criação do Curso de Aperfeiçoamento Escola da Terra, no âmbito do Instituto Federal de Educação, Ciência e Tecnologia do Piauí (IFPI) e Anexo..pdf",Qual é a meta física do curso Escola da Terra em número de vagas?,A meta física do curso Escola da Terra é de 120 vagas.,A meta física do curso Escola da Terra é de 120 vagas para professoras e coordenadoras pedagógicas de turmas multisseriadas.,0.7272727272727273,0.7096774193548387,0.7272727272727273,0.7272727272727273,0.5471114295717522,0.8801493048667908,0.9877628684043884,0.9308561682701111,0.7741935483870968,0.0,4.3646,4
6,48,dense_rerank,"RESOLUÇÃO Nº 14-2025-Aprova a Criação do Curso de Aperfeiçoamento Escola da Terra, no âmbito do Instituto Federal de Educação, Ciência e Tecnologia do Piauí (IFPI) e Anexo..pdf",Quando está previsto o início do curso Escola da Terra?,O início do curso Escola da Terra está previsto para março de 2025.,O Curso Aperfeiçoamento Escola da Terra está autorizado a funcionar a partir do primeiro semestre de 2024.,0.4848484848484848,0.1935483870967742,0.42424242424242425,0.42424242424242425,0.1598921499894403,0.8659210801124573,0.9128432869911194,0.8887632489204407,0.5517241379310345,0.0,3.8159,4
6,48,dense_rerank,"RESOLUÇÃO Nº 14-2025-Aprova a Criação do Curso de Aperfeiçoamento Escola da Terra, no âmbito do Instituto Federal de Educação, Ciência e Tecnologia do Piauí (IFPI) e Anexo..pdf",Quem é o coordenador do curso Escola da Terra?,O coordenador do curso Escola da Terra é Gilson Mendes Araújo.,O coordenador do curso Escola da Terra é Emanuel Alcântara da Silva.,0.6086956521739131,0.5714285714285713,0.6086956521739131,0.6086956521739131,0.5760844201603896,0.9166338443756104,0.9614384174346924,0.9385016560554504,0.7272727272727273,0.0,3.1577,4
6,48,dense_rerank,"RESOLUÇÃO NORMATIVA Nº 236-2025-Prorroga o Plano Diretor de Tecnologia da Informação e Comunicação (PDTIC-2022-2024), do Instituto Federal de Educação, Ciência e Tecnologia do Piauí (IFPI) e Anexo.pdf",Para qual exercício foi prorrogada a vigência do PDTIC-2022/2024 do IFPI?,A vigência do PDTIC-2022/2024 foi prorrogada para o exercício de 2025.,"O Plano Diretor de Tecnologia da Informação e Comunicação (PDTIC-2022/2024) do Instituto Federal de Educação, Ciência e Tecnologia do Piauí (IFPI) foi prorrogado para o exercício de 2025.",0.48000000000000004,0.2916666666666667,0.4,0.4,0.1690653646485627,0.8415287733078003,0.9482990503311157,0.8917292952537537,0.5405405405405406,0.0,5.3406,4
6,48,dense_rerank,"RESOLUÇÃO NORMATIVA Nº 236-2025-Prorroga o Plano Diretor de Tecnologia da Informação e Comunicação (PDTIC-2022-2024), do Instituto Federal de Educação, Ciência e Tecnologia do Piauí (IFPI) e Anexo.pdf",Qual resolução foi revogada pela Resolução Normativa nº 236 de 2025?,"Foi revogada a Resolução Normativa nº 133/2022 - CONSELHO SUPERIOR, de 29 de abril de 2022.",A Resolução Normativa nº 248 de 2025 revogou a Resolução Normativa nº 113/2024.,0.3636363636363636,0.2580645161290323,0.3636363636363636,0.3636363636363636,0.1371412313982141,0.9315725564956665,0.8553409576416016,0.8918307423591614,0.4347826086956522,0.0,4.9011,4
6,48,dense_rerank,"RESOLUÇÃO NORMATIVA Nº 236-2025-Prorroga o Plano Diretor de Tecnologia da Informação e Comunicação (PDTIC-2022-2024), do Instituto Federal de Educação, Ciência e Tecnologia do Piauí (IFPI) e Anexo.pdf",Quais são as três fases da metodologia de elaboração do PDTIC descritas no documento?,"As três fases da metodologia de elaboração do PDTIC são Preparação, Diagnóstico e Planejamento.","As três fases da metodologia de elaboração do PDTIC são: Preparação, Diagnóstico e Planejamento.",1.0,1.0,1.0,1.0,0.8282477531331041,0.9927828311920166,0.9966408014297485,0.9947080612182617,1.0,0.0,3.4961,4
6,48,dense_rerank,"RESOLUÇÃO NORMATIVA Nº 236-2025-Prorroga o Plano Diretor de Tecnologia da Informação e Comunicação (PDTIC-2022-2024), do Instituto Federal de Educação, Ciência e Tecnologia do Piauí (IFPI) e Anexo.pdf",Em que guia se baseou a metodologia de elaboração do PDTIC do IFPI?,"A metodologia de elaboração do PDTIC do IFPI baseou-se no Guia de PDTIC do SISP, versão 2.0, adaptado à realidade do IFPI.","A metodologia de elaboração do PDTIC do IFPI baseou-se no Guia de PDTIC do SISP, versão 2.0, adaptado à realidade do IFPI.",1.0,1.0,1.0,1.0,1.0,1.0,1.0,1.0,1.0,1.0,4.2698,4
6,48,dense_rerank,"RESOLUÇÃO NORMATIVA Nº 223-2024-Atualiza a Regulamentação do planejamento e o registro das atividades acadêmicas dos docentes da Carreira do Magistério do Ensino Básico, Técnico e Tecnológico do IFPI.pdf",Quais são os regimes de trabalho previstos para os docentes do EBTT no IFPI?,"Os regimes de trabalho previstos são 40 horas com dedicação exclusiva, 40 horas e 20 horas semanais.","Os docentes da carreira de Ensino Básico, Técnico e Tecnológico do IFPI são submetidos a um dos seguintes regimes de trabalho: tempo integral de 40 (quarenta) horas semanais com dedicação exclusiva (DE), tempo integral de 40 (quarenta) horas semanais, ou tempo parcial de 20 (vinte) horas semanais de trabalho.",0.4931506849315068,0.19718309859154928,0.410958904109589,0.410958904109589,0.0,0.8409399390220642,0.9313183426856995,0.8838246464729309,0.5531914893617021,0.0,6.7952,4
6,48,dense_rerank,"RESOLUÇÃO NORMATIVA Nº 223-2024-Atualiza a Regulamentação do planejamento e o registro das atividades acadêmicas dos docentes da Carreira do Magistério do Ensino Básico, Técnico e Tecnológico do IFPI.pdf","Para cada hora de regência de aulas, quantas horas adicionais o docente computará para atividades de organização e apoio ao ensino?","Para cada hora de regência de aulas, o docente computará uma hora adicional para atividades de organização e apoio ao ensino.","Os docentes orientadores poderão computar até duas horas de Regência de Aulas para atividades de orientação de projetos integradores, disciplinas do Núcleo Integrador ou do Núcleo Complementar, e atividades de extensão.",0.4,0.20689655172413793,0.3333333333333333,0.3333333333333333,0.0,0.834890604019165,0.8828171491622925,0.8581852316856384,0.2926829268292683,0.0,4.6343,4
6,48,dense_rerank,"RESOLUÇÃO NORMATIVA Nº 218-2024-Estab. normas, critérios e proc. para a participação de docentes (DE) em atividades remuneradas.pdf","Qual é o limite anual de horas para a participação esporádica remunerada em palestras, conferências e atividades artísticas e culturais de docentes em dedicação exclusiva?",O limite anual é de 30 horas.,"O limite anual de horas para a participação esporádica remunerada em palestras, conferências, atividades artísticas e culturais de docentes em dedicação exclusiva é de 30 horas.",0.33333333333333337,0.29411764705882354,0.33333333333333337,0.33333333333333337,0.16110518603734317,0.8159887194633484,0.9578015804290771,0.8812262415885925,0.4827586206896552,0.0,4.483,4
6,48,dense_rerank,"RESOLUÇÃO NORMATIVA Nº 218-2024-Estab. normas, critérios e proc. para a participação de docentes (DE) em atividades remuneradas.pdf",Qual é o limite de carga horária para atividades remuneradas eventuais previstas no artigo 7º da Resolução Normativa nº 218 de 2024?,As atividades remuneradas eventuais não podem exceder 8 horas semanais ou 416 horas anuais.,"O limite de carga horária para atividades remuneradas eventuais de servidor docente com dedicação exclusiva ou com 20 ou 40 horas, desenvolvendo atividades de prestação de serviços em projetos de ensino, pesquisa e extensão, é de 8 (oito) horas semanais ou 416 (quatrocentas e dezesseis) horas anuais.",0.3333333333333333,0.1875,0.3333333333333333,0.3333333333333333,0.07832109731166834,0.8363698124885559,0.9225704669952393,0.8773579597473145,0.37499999999999994,0.0,6.4429,4
6,48,dense_rerank,"RESOLUÇÃO NORMATIVA Nº 217-2024-Atualiza o Regimento Interno da Comissão Permanente de Pessoal Docente (CPPD), no âmbito do Instituto Federal de Educação, Ciência e Tecnologia do Piauí (IFPI)..pdf",Como é composta a CPPD do IFPI em número de membros titulares e suplentes?,"A CPPD do IFPI é composta por 10 docentes, sendo 5 representantes titulares e 5 representantes suplentes.","A CPPD do IFPI é composta por dez docentes da carreira de Ensino Básico, Técnico e Tecnológico, sendo cinco representantes titulares e cinco representantes suplentes.",0.6046511627906976,0.3902439024390244,0.6046511627906976,0.6046511627906976,0.31645275923351984,0.9136143922805786,0.9827612638473511,0.9469271898269653,0.7027027027027029,0.0,4.1361,4
6,48,dense_rerank,"RESOLUÇÃO NORMATIVA Nº 217-2024-Atualiza o Regimento Interno da Comissão Permanente de Pessoal Docente (CPPD), no âmbito do Instituto Federal de Educação, Ciência e Tecnologia do Piauí (IFPI)..pdf",Qual é o mandato dos integrantes da CPPD do IFPI?,"O mandato dos integrantes da CPPD é de 4 anos, com possibilidade de uma única recondução por igual período.","Os integrantes da CPPD do IFPI têm mandato de 4 (quatro) anos, podendo haver uma única recondução por igual período.",0.6976744186046512,0.4878048780487805,0.6511627906976744,0.6511627906976744,0.3446913316729032,0.9351704120635986,0.9487611055374146,0.9419167041778564,0.6842105263157895,0.0,3.9195,4
6,48,dense_rerank,"RESOLUÇÃO Nº 27-2024-Aprova  a criação do curso de Qualificação Profissional, de Formação Inicial e Continuada (FIC) em Aquicultor, no âmbito do IFPI e Anexo.pdf",Quantas vagas são ofertadas no curso FIC em Aquicultor?,O curso FIC em Aquicultor oferta 40 vagas.,O curso de Qualificação Profissional - Formação Inicial e Continuada (FIC) em Aquicultor oferece 40 vagas.,0.56,0.34782608695652173,0.56,0.56,0.0,0.863581657409668,0.969627320766449,0.9135372638702393,0.608695652173913,0.0,3.8898,4
6,48,dense_rerank,"RESOLUÇÃO Nº 27-2024-Aprova  a criação do curso de Qualificação Profissional, de Formação Inicial e Continuada (FIC) em Aquicultor, no âmbito do IFPI e Anexo.pdf",Qual é a forma de acesso ao curso FIC em Aquicultor?,A forma de acesso ao curso FIC em Aquicultor é por meio de sorteio.,A forma de oferta do Curso de Qualificação Profissional - Formação Inicial e Continuada (FIC) em Aquicultor é presencial.,0.5,0.26666666666666666,0.4375,0.4375,0.0,0.8556186556816101,0.9247289299964905,0.8888323903083801,0.5333333333333333,0.0,3.9821,4
6,48,bm25,CURSO_SUPERIOR_DE_TECNOLOGIA_EM_ANÁLISE_E_DESENVOLVIMENTO_DE_SISTEMAS.pdf,Em que ano o Curso Superior de Tecnologia em Análise e Desenvolvimento de Sistemas foi criado no Campus de Picos?,O Curso Superior de Tecnologia em Análise e Desenvolvimento de Sistemas foi criado no Campus de Picos em 2013.,O Curso Superior de Tecnologia em Análise e Desenvolvimento de Sistemas no Campus de Picos foi autorizado em 2013.,0.9500000000000001,0.7894736842105263,0.9,0.9,0.7172835948406505,0.9870268106460571,0.9908930659294128,0.9889561533927917,0.9375,0.0,3.5779,4
6,48,bm25,CURSO_SUPERIOR_DE_TECNOLOGIA_EM_ANÁLISE_E_DESENVOLVIMENTO_DE_SISTEMAS.pdf,Qual é a unidade de oferta do Curso Superior de Tecnologia em Análise e Desenvolvimento de Sistemas descrita no PPC?,A unidade de oferta do curso é o Campus Teresina Central.,"A unidade de oferta do Curso Superior de Tecnologia em Análise e Desenvolvimento de Sistemas descrita no PPC são os campi Teresina Central, Floriano, Picos, Corrente, Pedro II e Parnaíba.",0.41860465116279066,0.29268292682926833,0.41860465116279066,0.41860465116279066,0.11755743200908036,0.8304221630096436,0.945409893989563,0.8841931819915771,0.42105263157894735,0.0,4.4214,4
6,48,bm25,CURSO_SUPERIOR_DE_TECNOLOGIA_EM_ANÁLISE_E_DESENVOLVIMENTO_DE_SISTEMAS.pdf,Qual é a carga horária total do Curso Superior de Tecnologia em Análise e Desenvolvimento de Sistemas?,A carga horária total do curso é de 2100 horas.,"As atividades complementares do Curso Superior de Tecnologia em Análise e Desenvolvimento de Sistemas deverão ter o total de no mínimo cem horas, correspondente a 5% da carga horária total do curso.",0.391304347826087,0.22727272727272727,0.30434782608695654,0.30434782608695654,0.11117895489854909,0.81644606590271,0.9267646074295044,0.8681145906448364,0.43243243243243246,0.0,4.4186,4
6,48,bm25,CURSO_SUPERIOR_DE_TECNOLOGIA_EM_ANÁLISE_E_DESENVOLVIMENTO_DE_SISTEMAS.pdf,Quantas vagas por ano são ofertadas no Curso Superior de Tecnologia em Análise e Desenvolvimento de Sistemas?,O curso oferta 40 vagas por ano.,O Curso Superior de Tecnologia em Análise e Desenvolvimento de Sistemas oferece 40 vagas por ano no turno vespertino.,0.4444444444444444,0.32,0.4444444444444444,0.4444444444444444,0.1326475916741222,0.8291540145874023,0.955398440361023,0.8878107666969299,0.48,0.0,3.416,4
6,48,bm25,"RESOLUÇÃO Nº 14-2025-Aprova a Criação do Curso de Aperfeiçoamento Escola da Terra, no âmbito do Instituto Federal de Educação, Ciência e Tecnologia do Piauí (IFPI) e Anexo..pdf",Qual é a carga horária total do curso Escola da Terra?,A carga horária total do curso Escola da Terra é de 180 horas.,"O curso Escola da Terra está organizado com uma carga horária total de 294 horas destinadas ao estudo das disciplinas, acrescido de 66 horas destinadas a um Trabalho de Conclusão de Curso.",0.46808510638297873,0.26666666666666666,0.25531914893617025,0.25531914893617025,0.1077448900968642,0.8482507467269897,0.9352979063987732,0.8896501660346985,0.5128205128205128,0.0,4.5414,4
6,48,bm25,"RESOLUÇÃO Nº 14-2025-Aprova a Criação do Curso de Aperfeiçoamento Escola da Terra, no âmbito do Instituto Federal de Educação, Ciência e Tecnologia do Piauí (IFPI) e Anexo..pdf",Qual é a meta física do curso Escola da Terra em número de vagas?,A meta física do curso Escola da Terra é de 120 vagas.,O Curso Aperfeiçoamento Escola da Terra possui 30 vagas.,0.45454545454545453,0.19999999999999998,0.45454545454545453,0.45454545454545453,0.0,0.880872368812561,0.914977490901947,0.8976011276245117,0.4761904761904762,0.0,2.6698,4
6,48,bm25,"RESOLUÇÃO Nº 14-2025-Aprova a Criação do Curso de Aperfeiçoamento Escola da Terra, no âmbito do Instituto Federal de Educação, Ciência e Tecnologia do Piauí (IFPI) e Anexo..pdf",Quando está previsto o início do curso Escola da Terra?,O início do curso Escola da Terra está previsto para março de 2025.,Não encontrei essa informação no contexto fornecido.,0.16666666666666669,0.0,0.16666666666666669,0.16666666666666669,0.0,0.8219438791275024,0.8310289978981018,0.8264614343643188,0.0,0.0,2.659,4
6,48,bm25,"RESOLUÇÃO Nº 14-2025-Aprova a Criação do Curso de Aperfeiçoamento Escola da Terra, no âmbito do Instituto Federal de Educação, Ciência e Tecnologia do Piauí (IFPI) e Anexo..pdf",Quem é o coordenador do curso Escola da Terra?,O coordenador do curso Escola da Terra é Gilson Mendes Araújo.,"O coordenador do curso Escola da Terra é um docente do campus, de área específica ou pedagógica do curso.",0.45161290322580644,0.41379310344827586,0.45161290322580644,0.45161290322580644,0.3386854985606571,0.900873601436615,0.9360523223876953,0.9181260466575623,0.5925925925925926,0.0,3.324,4
6,48,bm25,"RESOLUÇÃO NORMATIVA Nº 236-2025-Prorroga o Plano Diretor de Tecnologia da Informação e Comunicação (PDTIC-2022-2024), do Instituto Federal de Educação, Ciência e Tecnologia do Piauí (IFPI) e Anexo.pdf",Para qual exercício foi prorrogada a vigência do PDTIC-2022/2024 do IFPI?,A vigência do PDTIC-2022/2024 foi prorrogada para o exercício de 2025.,O Plano de Desenvolvimento Institucional (PDI) do IFPI teve vigência de 2020 a 2024.,0.4666666666666667,0.07142857142857142,0.20000000000000004,0.20000000000000004,0.0,0.8483378887176514,0.8543418645858765,0.8513292670249939,0.46153846153846156,0.0,3.8927,4
6,48,bm25,"RESOLUÇÃO NORMATIVA Nº 236-2025-Prorroga o Plano Diretor de Tecnologia da Informação e Comunicação (PDTIC-2022-2024), do Instituto Federal de Educação, Ciência e Tecnologia do Piauí (IFPI) e Anexo.pdf",Qual resolução foi revogada pela Resolução Normativa nº 236 de 2025?,"Foi revogada a Resolução Normativa nº 133/2022 - CONSELHO SUPERIOR, de 29 de abril de 2022.",A Resolução Normativa nº 236 de 2025 revogou a Resolução Normativa nº 43/2021 do Conselho Superior.,0.4444444444444444,0.29411764705882354,0.3888888888888889,0.3888888888888889,0.13829483667905937,0.9269230961799622,0.8569790124893188,0.890579879283905,0.5384615384615384,0.0,4.2789,4
6,48,bm25,"RESOLUÇÃO NORMATIVA Nº 236-2025-Prorroga o Plano Diretor de Tecnologia da Informação e Comunicação (PDTIC-2022-2024), do Instituto Federal de Educação, Ciência e Tecnologia do Piauí (IFPI) e Anexo.pdf",Quais são as três fases da metodologia de elaboração do PDTIC descritas no documento?,"As três fases da metodologia de elaboração do PDTIC são Preparação, Diagnóstico e Planejamento.","As três fases da metodologia de elaboração do PDTIC são Preparação, Diagnóstico e Planejamento.",1.0,1.0,1.0,1.0,1.0,1.0,1.0,1.0,1.0,1.0,3.3359,4
6,48,bm25,"RESOLUÇÃO NORMATIVA Nº 236-2025-Prorroga o Plano Diretor de Tecnologia da Informação e Comunicação (PDTIC-2022-2024), do Instituto Federal de Educação, Ciência e Tecnologia do Piauí (IFPI) e Anexo.pdf",Em que guia se baseou a metodologia de elaboração do PDTIC do IFPI?,"A metodologia de elaboração do PDTIC do IFPI baseou-se no Guia de PDTIC do SISP, versão 2.0, adaptado à realidade do IFPI.","A metodologia utilizada para a elaboração do documento baseou-se no Guia de PDTIC do SISP, versão 2.0, adaptado à realidade do IFPI.",0.8399999999999999,0.75,0.8399999999999999,0.8399999999999999,0.7150762135853476,0.9745191931724548,0.9789811372756958,0.9767451286315918,0.923076923076923,0.0,4.1144,4
6,48,bm25,"RESOLUÇÃO NORMATIVA Nº 223-2024-Atualiza a Regulamentação do planejamento e o registro das atividades acadêmicas dos docentes da Carreira do Magistério do Ensino Básico, Técnico e Tecnológico do IFPI.pdf",Quais são os regimes de trabalho previstos para os docentes do EBTT no IFPI?,"Os regimes de trabalho previstos são 40 horas com dedicação exclusiva, 40 horas e 20 horas semanais.","Os regimes de trabalho previstos para os docentes do EBTT no IFPI são de tempo integral, com 40 horas semanais, ou tempo parcial, com 20 horas semanais.",0.5531914893617021,0.3555555555555555,0.5531914893617021,0.5531914893617021,0.2171788734284664,0.9010717272758484,0.9406071305274963,0.9204151034355164,0.6285714285714286,0.0,4.2709,4
6,48,bm25,"RESOLUÇÃO NORMATIVA Nº 223-2024-Atualiza a Regulamentação do planejamento e o registro das atividades acadêmicas dos docentes da Carreira do Magistério do Ensino Básico, Técnico e Tecnológico do IFPI.pdf","Para cada hora de regência de aulas, quantas horas adicionais o docente computará para atividades de organização e apoio ao ensino?","Para cada hora de regência de aulas, o docente computará uma hora adicional para atividades de organização e apoio ao ensino.","Para cada hora de Regência de Aula, o docente computará uma hora de Organização e Apoio ao Ensino.",0.8837209302325583,0.7804878048780488,0.8837209302325583,0.8837209302325583,0.3414504535105491,0.9086815118789673,0.9197208881378174,0.9141678810119629,0.8749999999999999,0.0,3.655,4
6,48,bm25,"RESOLUÇÃO NORMATIVA Nº 218-2024-Estab. normas, critérios e proc. para a participação de docentes (DE) em atividades remuneradas.pdf","Qual é o limite anual de horas para a participação esporádica remunerada em palestras, conferências e atividades artísticas e culturais de docentes em dedicação exclusiva?",O limite anual é de 30 horas.,"O limite anual de horas para a participação esporádica remunerada em palestras, conferências, atividades artísticas e culturais de docentes em dedicação exclusiva não pode exceder a 30 horas anuais.",0.2926829268292683,0.20512820512820512,0.2926829268292683,0.2926829268292683,0.0,0.8036078810691833,0.9253432154655457,0.8601899147033691,0.375,0.0,4.6063,4
6,48,bm25,"RESOLUÇÃO NORMATIVA Nº 218-2024-Estab. normas, critérios e proc. para a participação de docentes (DE) em atividades remuneradas.pdf",Qual é o limite de carga horária para atividades remuneradas eventuais previstas no artigo 7º da Resolução Normativa nº 218 de 2024?,As atividades remuneradas eventuais não podem exceder 8 horas semanais ou 416 horas anuais.,"O limite máximo da soma da remuneração, retribuições e bolsas percebidas pelos ocupantes de cargos, funções e empregos públicos não poderá exceder o maior valor recebido pelo funcionalismo público federal.",0.11538461538461539,0.04,0.11538461538461539,0.11538461538461539,0.0,0.8185205459594727,0.8523279428482056,0.8350822329521179,0.1,0.0,4.5988,4
6,48,bm25,"RESOLUÇÃO NORMATIVA Nº 217-2024-Atualiza o Regimento Interno da Comissão Permanente de Pessoal Docente (CPPD), no âmbito do Instituto Federal de Educação, Ciência e Tecnologia do Piauí (IFPI)..pdf",Como é composta a CPPD do IFPI em número de membros titulares e suplentes?,"A CPPD do IFPI é composta por 10 docentes, sendo 5 representantes titulares e 5 representantes suplentes.","A CPPD do IFPI é composta por chapas com dois docentes, sendo um titular e um suplente.",0.5625,0.4000000000000001,0.5625,0.5625,0.39670882908365773,0.9483709931373596,0.953549861907959,0.9509534239768982,0.6451612903225806,0.0,3.4625,4
6,48,bm25,"RESOLUÇÃO NORMATIVA Nº 217-2024-Atualiza o Regimento Interno da Comissão Permanente de Pessoal Docente (CPPD), no âmbito do Instituto Federal de Educação, Ciência e Tecnologia do Piauí (IFPI)..pdf",Qual é o mandato dos integrantes da CPPD do IFPI?,"O mandato dos integrantes da CPPD é de 4 anos, com possibilidade de uma única recondução por igual período.","O mandato dos integrantes da CPPD do IFPI é de 04 (quatro) anos, admitida uma única reeleição para período subsequente, não existindo limite para mandatos alternados.",0.5416666666666667,0.30434782608695654,0.5416666666666667,0.5416666666666667,0.20539509719773488,0.8868475556373596,0.9265609979629517,0.906269371509552,0.5581395348837209,0.0,4.5297,4
6,48,bm25,"RESOLUÇÃO Nº 27-2024-Aprova  a criação do curso de Qualificação Profissional, de Formação Inicial e Continuada (FIC) em Aquicultor, no âmbito do IFPI e Anexo.pdf",Quantas vagas são ofertadas no curso FIC em Aquicultor?,O curso FIC em Aquicultor oferta 40 vagas.,Não encontrei essa informação no contexto fornecido.,0.11764705882352941,0.0,0.11764705882352941,0.11764705882352941,0.0,0.8231986165046692,0.8388471603393555,0.8309492468833923,0.0,0.0,2.7114,4
6,48,bm25,"RESOLUÇÃO Nº 27-2024-Aprova  a criação do curso de Qualificação Profissional, de Formação Inicial e Continuada (FIC) em Aquicultor, no âmbito do IFPI e Anexo.pdf",Qual é a forma de acesso ao curso FIC em Aquicultor?,A forma de acesso ao curso FIC em Aquicultor é por meio de sorteio.,"O acesso para o curso FIC será por meio de edital de seleção, e o processo seletivo ocorrerá através de prova escrita específica.",0.3589743589743589,0.16216216216216217,0.30769230769230776,0.30769230769230776,0.0,0.8822669386863708,0.8946717977523804,0.8884261250495911,0.37499999999999994,0.0,3.5749,4
6,48,tfidf,CURSO_SUPERIOR_DE_TECNOLOGIA_EM_ANÁLISE_E_DESENVOLVIMENTO_DE_SISTEMAS.pdf,Em que ano o Curso Superior de Tecnologia em Análise e Desenvolvimento de Sistemas foi criado no Campus de Picos?,O Curso Superior de Tecnologia em Análise e Desenvolvimento de Sistemas foi criado no Campus de Picos em 2013.,O Curso Superior de Tecnologia em Análise e Desenvolvimento de Sistemas foi criado no Campus de Picos em 2013.,1.0,1.0,1.0,1.0,1.0,0.9999999403953552,0.9999999403953552,0.9999999403953552,1.0,1.0,3.4905,4
6,48,tfidf,CURSO_SUPERIOR_DE_TECNOLOGIA_EM_ANÁLISE_E_DESENVOLVIMENTO_DE_SISTEMAS.pdf,Qual é a unidade de oferta do Curso Superior de Tecnologia em Análise e Desenvolvimento de Sistemas descrita no PPC?,A unidade de oferta do curso é o Campus Teresina Central.,O Curso Superior de Tecnologia em Análise e Desenvolvimento de Sistemas contribui com a demanda de profissionais para atuar no projeto e implementação de Sistemas de Informação de acordo com as necessidades institucionais.,0.1739130434782609,0.0,0.13043478260869565,0.13043478260869565,0.0,0.7902743220329285,0.8632662892341614,0.8251592516899109,0.2222222222222222,0.0,4.1395,4
6,48,tfidf,CURSO_SUPERIOR_DE_TECNOLOGIA_EM_ANÁLISE_E_DESENVOLVIMENTO_DE_SISTEMAS.pdf,Qual é a carga horária total do Curso Superior de Tecnologia em Análise e Desenvolvimento de Sistemas?,A carga horária total do curso é de 2100 horas.,Não encontrei essa informação no contexto fornecido.,0.0,0.0,0.0,0.0,0.0,0.8249529004096985,0.8356121182441711,0.8302482962608337,0.0,0.0,2.509,4
6,48,tfidf,CURSO_SUPERIOR_DE_TECNOLOGIA_EM_ANÁLISE_E_DESENVOLVIMENTO_DE_SISTEMAS.pdf,Quantas vagas por ano são ofertadas no Curso Superior de Tecnologia em Análise e Desenvolvimento de Sistemas?,O curso oferta 40 vagas por ano.,"O Curso Superior de Tecnologia em Análise e Desenvolvimento de Sistemas teve uma oferta de 64 vagas, distribuídas igualmente entre os turnos tarde e noite.",0.23529411764705882,0.0625,0.23529411764705882,0.23529411764705882,0.0,0.8184553384780884,0.9159019589424133,0.8644410371780396,0.27586206896551724,0.0,3.672,4
6,48,tfidf,"RESOLUÇÃO Nº 14-2025-Aprova a Criação do Curso de Aperfeiçoamento Escola da Terra, no âmbito do Instituto Federal de Educação, Ciência e Tecnologia do Piauí (IFPI) e Anexo..pdf",Qual é a carga horária total do curso Escola da Terra?,A carga horária total do curso Escola da Terra é de 180 horas.,"A carga horária total do Curso de Educação do Campo e Quilombola, com a ação Escola da Terra, é de 495 horas, sendo 257 horas no Tempo Universidade e 103 horas no Tempo Escola/Comunidade.",0.48,0.375,0.48,0.48,0.13230152143737722,0.8819113969802856,0.9589258432388306,0.9188076257705688,0.6153846153846155,0.0,5.3519,4
6,48,tfidf,"RESOLUÇÃO Nº 14-2025-Aprova a Criação do Curso de Aperfeiçoamento Escola da Terra, no âmbito do Instituto Federal de Educação, Ciência e Tecnologia do Piauí (IFPI) e Anexo..pdf",Qual é a meta física do curso Escola da Terra em número de vagas?,A meta física do curso Escola da Terra é de 120 vagas.,"O curso Escola da Terra possui 60 vagas para Professores da Educação Básica - Escolas do Campo, que possuem certificação em curso de aperfeiçoamento (mínimo de 180).",0.37209302325581395,0.14634146341463417,0.2325581395348837,0.2325581395348837,0.08928953574702554,0.8402918577194214,0.9158283472061157,0.8764355182647705,0.4,0.0,4.5156,4
6,48,tfidf,"RESOLUÇÃO Nº 14-2025-Aprova a Criação do Curso de Aperfeiçoamento Escola da Terra, no âmbito do Instituto Federal de Educação, Ciência e Tecnologia do Piauí (IFPI) e Anexo..pdf",Quando está previsto o início do curso Escola da Terra?,O início do curso Escola da Terra está previsto para março de 2025.,O Curso Aperfeiçoamento Escola da Terra está previsto para iniciar no primeiro semestre de 2024.,0.5806451612903225,0.3448275862068965,0.5806451612903225,0.5806451612903225,0.3334477432809602,0.8885897397994995,0.9396146535873413,0.9133901596069336,0.6428571428571429,0.0,3.417,4
6,48,tfidf,"RESOLUÇÃO Nº 14-2025-Aprova a Criação do Curso de Aperfeiçoamento Escola da Terra, no âmbito do Instituto Federal de Educação, Ciência e Tecnologia do Piauí (IFPI) e Anexo..pdf",Quem é o coordenador do curso Escola da Terra?,O coordenador do curso Escola da Terra é Gilson Mendes Araújo.,Não encontrei essa informação no contexto fornecido.,0.09999999999999999,0.0,0.09999999999999999,0.09999999999999999,0.0,0.8250470161437988,0.8430057168006897,0.833929717540741,0.0,0.0,2.8727,4
6,48,tfidf,"RESOLUÇÃO NORMATIVA Nº 236-2025-Prorroga o Plano Diretor de Tecnologia da Informação e Comunicação (PDTIC-2022-2024), do Instituto Federal de Educação, Ciência e Tecnologia do Piauí (IFPI) e Anexo.pdf",Para qual exercício foi prorrogada a vigência do PDTIC-2022/2024 do IFPI?,A vigência do PDTIC-2022/2024 foi prorrogada para o exercício de 2025.,O Plano Diretor de Tecnologia da Informação e Comunicação (PDTIC-2022/2024) do IFPI foi prorrogado por meio da Resolução Normativa nº 236-2025.,0.38095238095238093,0.1,0.2857142857142857,0.2857142857142857,0.0,0.8385323882102966,0.8902472853660583,0.8636163473129272,0.4444444444444444,0.0,4.945,4
6,48,tfidf,"RESOLUÇÃO NORMATIVA Nº 236-2025-Prorroga o Plano Diretor de Tecnologia da Informação e Comunicação (PDTIC-2022-2024), do Instituto Federal de Educação, Ciência e Tecnologia do Piauí (IFPI) e Anexo.pdf",Qual resolução foi revogada pela Resolução Normativa nº 236 de 2025?,"Foi revogada a Resolução Normativa nº 133/2022 - CONSELHO SUPERIOR, de 29 de abril de 2022.",A Resolução Normativa nº 236 de 2025 revogou a Resolução nº 111/2025.,0.37500000000000006,0.26666666666666666,0.37500000000000006,0.37500000000000006,0.0,0.9381101131439209,0.8576550483703613,0.8960802555084229,0.4545454545454546,0.0,3.1794,4
6,48,tfidf,"RESOLUÇÃO NORMATIVA Nº 236-2025-Prorroga o Plano Diretor de Tecnologia da Informação e Comunicação (PDTIC-2022-2024), do Instituto Federal de Educação, Ciência e Tecnologia do Piauí (IFPI) e Anexo.pdf",Quais são as três fases da metodologia de elaboração do PDTIC descritas no documento?,"As três fases da metodologia de elaboração do PDTIC são Preparação, Diagnóstico e Planejamento.","As três fases da metodologia de elaboração do PDTIC descritas no documento são: Preparação, Diagnóstico e, por fim, a fase não especificada após o Diagnóstico.",0.6923076923076923,0.64,0.6923076923076923,0.6923076923076923,0.3545649986147617,0.9126512408256531,0.9584945440292358,0.9350113272666931,0.6842105263157894,0.0,4.1809,4
6,48,tfidf,"RESOLUÇÃO NORMATIVA Nº 236-2025-Prorroga o Plano Diretor de Tecnologia da Informação e Comunicação (PDTIC-2022-2024), do Instituto Federal de Educação, Ciência e Tecnologia do Piauí (IFPI) e Anexo.pdf",Em que guia se baseou a metodologia de elaboração do PDTIC do IFPI?,"A metodologia de elaboração do PDTIC do IFPI baseou-se no Guia de PDTIC do SISP, versão 2.0, adaptado à realidade do IFPI.","A metodologia de elaboração do PDTIC do IFPI se baseou em documentos de referência, estratégias da organização, princípios e diretrizes, além da Instrução Normativa SGD/ME Nº 31/2021, entre outros instrumentos de planejamento da instituição.",0.3768115942028986,0.2388059701492537,0.34782608695652173,0.34782608695652173,0.17078893748090399,0.8468525409698486,0.8980249762535095,0.8716883063316345,0.3673469387755102,0.0,5.2193,4
6,48,tfidf,"RESOLUÇÃO NORMATIVA Nº 223-2024-Atualiza a Regulamentação do planejamento e o registro das atividades acadêmicas dos docentes da Carreira do Magistério do Ensino Básico, Técnico e Tecnológico do IFPI.pdf",Quais são os regimes de trabalho previstos para os docentes do EBTT no IFPI?,"Os regimes de trabalho previstos são 40 horas com dedicação exclusiva, 40 horas e 20 horas semanais.","Os regimes de trabalho previstos para os docentes do EBTT no IFPI são de tempo integral, com 40 horas semanais, ou tempo parcial, com 20 horas semanais.",0.5531914893617021,0.3555555555555555,0.5531914893617021,0.5531914893617021,0.2171788734284664,0.9010717272758484,0.9406071305274963,0.9204151034355164,0.6285714285714286,0.0,4.3569,4
6,48,tfidf,"RESOLUÇÃO NORMATIVA Nº 223-2024-Atualiza a Regulamentação do planejamento e o registro das atividades acadêmicas dos docentes da Carreira do Magistério do Ensino Básico, Técnico e Tecnológico do IFPI.pdf","Para cada hora de regência de aulas, quantas horas adicionais o docente computará para atividades de organização e apoio ao ensino?","Para cada hora de regência de aulas, o docente computará uma hora adicional para atividades de organização e apoio ao ensino.","Para cada hora de Regência de Aula, o docente computará uma hora de Organização e Apoio ao Ensino.",0.8837209302325583,0.7804878048780488,0.8837209302325583,0.8837209302325583,0.3414504535105491,0.9086815118789673,0.9197208881378174,0.9141678810119629,0.8749999999999999,0.0,3.6077,4
6,48,tfidf,"RESOLUÇÃO NORMATIVA Nº 218-2024-Estab. normas, critérios e proc. para a participação de docentes (DE) em atividades remuneradas.pdf","Qual é o limite anual de horas para a participação esporádica remunerada em palestras, conferências e atividades artísticas e culturais de docentes em dedicação exclusiva?",O limite anual é de 30 horas.,"O limite anual de horas para a participação esporádica remunerada em palestras, conferências, atividades artísticas e culturais de docentes em dedicação exclusiva não pode exceder a 30 horas anuais.",0.2926829268292683,0.20512820512820512,0.2926829268292683,0.2926829268292683,0.0,0.8036078810691833,0.9253432154655457,0.8601899147033691,0.375,0.0,4.4555,4
6,48,tfidf,"RESOLUÇÃO NORMATIVA Nº 218-2024-Estab. normas, critérios e proc. para a participação de docentes (DE) em atividades remuneradas.pdf",Qual é o limite de carga horária para atividades remuneradas eventuais previstas no artigo 7º da Resolução Normativa nº 218 de 2024?,As atividades remuneradas eventuais não podem exceder 8 horas semanais ou 416 horas anuais.,Não encontrei essa informação no contexto fornecido.,0.16666666666666669,0.09090909090909091,0.16666666666666669,0.16666666666666669,0.0,0.8233992457389832,0.8057843446731567,0.814496636390686,0.1,0.0,2.9353,4
6,48,tfidf,"RESOLUÇÃO NORMATIVA Nº 217-2024-Atualiza o Regimento Interno da Comissão Permanente de Pessoal Docente (CPPD), no âmbito do Instituto Federal de Educação, Ciência e Tecnologia do Piauí (IFPI)..pdf",Como é composta a CPPD do IFPI em número de membros titulares e suplentes?,"A CPPD do IFPI é composta por 10 docentes, sendo 5 representantes titulares e 5 representantes suplentes.","A CPPD do IFPI terá membros titulares e suplentes, sendo que o registro da candidatura ocorrerá por chapa composta por dois docentes, com indicação do titular e suplente.",0.4888888888888889,0.23255813953488372,0.35555555555555557,0.35555555555555557,0.12459714829009788,0.8989600539207458,0.9330469369888306,0.9156864285469055,0.5499999999999999,0.0,4.2767,4
6,48,tfidf,"RESOLUÇÃO NORMATIVA Nº 217-2024-Atualiza o Regimento Interno da Comissão Permanente de Pessoal Docente (CPPD), no âmbito do Instituto Federal de Educação, Ciência e Tecnologia do Piauí (IFPI)..pdf",Qual é o mandato dos integrantes da CPPD do IFPI?,"O mandato dos integrantes da CPPD é de 4 anos, com possibilidade de uma única recondução por igual período.",O mandato dos integrantes da CPPD do IFPI não é especificado no contexto fornecido.,0.4117647058823529,0.3125,0.4117647058823529,0.4117647058823529,0.23321503395334311,0.8847048282623291,0.8674375414848328,0.8759860992431641,0.43750000000000006,0.0,3.1836,4
6,48,tfidf,"RESOLUÇÃO Nº 27-2024-Aprova  a criação do curso de Qualificação Profissional, de Formação Inicial e Continuada (FIC) em Aquicultor, no âmbito do IFPI e Anexo.pdf",Quantas vagas são ofertadas no curso FIC em Aquicultor?,O curso FIC em Aquicultor oferta 40 vagas.,O curso de Qualificação Profissional - Formação Inicial e Continuada (FIC) em Aquicultor oferece 40 vagas.,0.56,0.34782608695652173,0.56,0.56,0.0,0.863581657409668,0.969627320766449,0.9135372638702393,0.608695652173913,0.0,3.8528,4
6,48,tfidf,"RESOLUÇÃO Nº 27-2024-Aprova  a criação do curso de Qualificação Profissional, de Formação Inicial e Continuada (FIC) em Aquicultor, no âmbito do IFPI e Anexo.pdf",Qual é a forma de acesso ao curso FIC em Aquicultor?,A forma de acesso ao curso FIC em Aquicultor é por meio de sorteio.,"Para acessar o curso FIC em Aquicultor, o requisito de acesso é ter o Ensino Fundamental I (1º ao 5º) incompleto.",0.4242424242424242,0.2580645161290323,0.30303030303030304,0.30303030303030304,0.12409597120849801,0.8614296913146973,0.9270288944244385,0.8930262327194214,0.5,0.0,4.0315,4
7,49,dense_no_rerank,CURSO_SUPERIOR_DE_TECNOLOGIA_EM_ANÁLISE_E_DESENVOLVIMENTO_DE_SISTEMAS.pdf,Em que ano o Curso Superior de Tecnologia em Análise e Desenvolvimento de Sistemas foi criado no Campus de Picos?,O Curso Superior de Tecnologia em Análise e Desenvolvimento de Sistemas foi criado no Campus de Picos em 2013.,O Curso Superior de Tecnologia em Análise e Desenvolvimento de Sistemas foi criado no Campus de Picos em 2013.,1.0,1.0,1.0,1.0,1.0,0.9999999403953552,0.9999999403953552,0.9999999403953552,1.0,1.0,3.8057,4
7,49,dense_no_rerank,CURSO_SUPERIOR_DE_TECNOLOGIA_EM_ANÁLISE_E_DESENVOLVIMENTO_DE_SISTEMAS.pdf,Qual é a unidade de oferta do Curso Superior de Tecnologia em Análise e Desenvolvimento de Sistemas descrita no PPC?,A unidade de oferta do curso é o Campus Teresina Central.,A unidade da oferta do Curso Superior de Tecnologia em Análise e Desenvolvimento de Sistemas é o Campus Teresina Central.,0.6666666666666666,0.42857142857142855,0.6,0.6,0.28320384389628495,0.8714810013771057,0.9715954065322876,0.9188191294670105,0.7333333333333334,0.0,3.5095,4
7,49,dense_no_rerank,CURSO_SUPERIOR_DE_TECNOLOGIA_EM_ANÁLISE_E_DESENVOLVIMENTO_DE_SISTEMAS.pdf,Qual é a carga horária total do Curso Superior de Tecnologia em Análise e Desenvolvimento de Sistemas?,A carga horária total do curso é de 2100 horas.,A carga horária total do Curso Superior de Tecnologia em Sistemas para Internet é de 2.100 horas.,0.6428571428571429,0.46153846153846156,0.6428571428571429,0.6428571428571429,0.25772294506990867,0.8713124394416809,0.9634993672370911,0.915090024471283,0.6666666666666667,0.0,3.5641,4
7,49,dense_no_rerank,CURSO_SUPERIOR_DE_TECNOLOGIA_EM_ANÁLISE_E_DESENVOLVIMENTO_DE_SISTEMAS.pdf,Quantas vagas por ano são ofertadas no Curso Superior de Tecnologia em Análise e Desenvolvimento de Sistemas?,O curso oferta 40 vagas por ano.,O Curso Superior de Tecnologia em Análise e Desenvolvimento de Sistemas oferece 40 vagas por ano no turno vespertino.,0.4444444444444444,0.32,0.4444444444444444,0.4444444444444444,0.1326475916741222,0.8291540145874023,0.955398440361023,0.8878107666969299,0.48,0.0,3.5778,4
7,49,dense_no_rerank,"RESOLUÇÃO Nº 14-2025-Aprova a Criação do Curso de Aperfeiçoamento Escola da Terra, no âmbito do Instituto Federal de Educação, Ciência e Tecnologia do Piauí (IFPI) e Anexo..pdf",Qual é a carga horária total do curso Escola da Terra?,A carga horária total do curso Escola da Terra é de 180 horas.,A carga horária total do curso Escola da Terra é de 180 horas.,1.0,1.0,1.0,1.0,1.0,1.0,1.0,1.0,1.0,1.0,3.4939,4
7,49,dense_no_rerank,"RESOLUÇÃO Nº 14-2025-Aprova a Criação do Curso de Aperfeiçoamento Escola da Terra, no âmbito do Instituto Federal de Educação, Ciência e Tecnologia do Piauí (IFPI) e Anexo..pdf",Qual é a meta física do curso Escola da Terra em número de vagas?,A meta física do curso Escola da Terra é de 120 vagas.,A meta física do curso Escola da Terra é de 120 vagas para professoras e coordenadoras pedagógicas de turmas multisseriadas.,0.7272727272727273,0.7096774193548387,0.7272727272727273,0.7272727272727273,0.5471114295717522,0.8801493048667908,0.9877628684043884,0.9308561682701111,0.7741935483870968,0.0,4.1416,4
7,49,dense_no_rerank,"RESOLUÇÃO Nº 14-2025-Aprova a Criação do Curso de Aperfeiçoamento Escola da Terra, no âmbito do Instituto Federal de Educação, Ciência e Tecnologia do Piauí (IFPI) e Anexo..pdf",Quando está previsto o início do curso Escola da Terra?,O início do curso Escola da Terra está previsto para março de 2025.,O Curso de Especialização Escola da Terra está previsto para iniciar no primeiro semestre de 2025.,0.6875,0.39999999999999997,0.625,0.625,0.36821398145189993,0.9271272420883179,0.9493149518966675,0.9380899667739868,0.7142857142857142,0.0,3.7248,4
7,49,dense_no_rerank,"RESOLUÇÃO Nº 14-2025-Aprova a Criação do Curso de Aperfeiçoamento Escola da Terra, no âmbito do Instituto Federal de Educação, Ciência e Tecnologia do Piauí (IFPI) e Anexo..pdf",Quem é o coordenador do curso Escola da Terra?,O coordenador do curso Escola da Terra é Gilson Mendes Araújo.,O coordenador do Curso Escola da Terra é Emanuel Alcântara da Silva.,0.6086956521739131,0.5714285714285713,0.6086956521739131,0.6086956521739131,0.2891784933232572,0.9072921872138977,0.9519469141960144,0.9290832877159119,0.7272727272727273,0.0,3.1298,4
7,49,dense_no_rerank,"RESOLUÇÃO NORMATIVA Nº 236-2025-Prorroga o Plano Diretor de Tecnologia da Informação e Comunicação (PDTIC-2022-2024), do Instituto Federal de Educação, Ciência e Tecnologia do Piauí (IFPI) e Anexo.pdf",Para qual exercício foi prorrogada a vigência do PDTIC-2022/2024 do IFPI?,A vigência do PDTIC-2022/2024 foi prorrogada para o exercício de 2025.,"O Plano Diretor de Tecnologia da Informação e Comunicação (PDTIC-2022/2024) do Instituto Federal de Educação, Ciência e Tecnologia do Piauí (IFPI) foi prorrogado para o exercício de 2025.",0.48000000000000004,0.2916666666666667,0.4,0.4,0.1690653646485627,0.8415287733078003,0.9482990503311157,0.8917292952537537,0.5405405405405406,0.0,5.2758,4
7,49,dense_no_rerank,"RESOLUÇÃO NORMATIVA Nº 236-2025-Prorroga o Plano Diretor de Tecnologia da Informação e Comunicação (PDTIC-2022-2024), do Instituto Federal de Educação, Ciência e Tecnologia do Piauí (IFPI) e Anexo.pdf",Qual resolução foi revogada pela Resolução Normativa nº 236 de 2025?,"Foi revogada a Resolução Normativa nº 133/2022 - CONSELHO SUPERIOR, de 29 de abril de 2022.",A Resolução Normativa nº 236 de 2025 revogou a Resolução NormaAva nº 206/2024.,0.3636363636363636,0.2580645161290323,0.3636363636363636,0.3636363636363636,0.0,0.916382372379303,0.8532021045684814,0.8836644291877747,0.41666666666666663,0.0,4.5852,4
7,49,dense_no_rerank,"RESOLUÇÃO NORMATIVA Nº 236-2025-Prorroga o Plano Diretor de Tecnologia da Informação e Comunicação (PDTIC-2022-2024), do Instituto Federal de Educação, Ciência e Tecnologia do Piauí (IFPI) e Anexo.pdf",Quais são as três fases da metodologia de elaboração do PDTIC descritas no documento?,"As três fases da metodologia de elaboração do PDTIC são Preparação, Diagnóstico e Planejamento.","As três fases da metodologia de elaboração do PDTIC são Preparação, Diagnóstico e Planejamento.",1.0,1.0,1.0,1.0,1.0,1.0,1.0,1.0,1.0,1.0,3.373,4
7,49,dense_no_rerank,"RESOLUÇÃO NORMATIVA Nº 236-2025-Prorroga o Plano Diretor de Tecnologia da Informação e Comunicação (PDTIC-2022-2024), do Instituto Federal de Educação, Ciência e Tecnologia do Piauí (IFPI) e Anexo.pdf",Em que guia se baseou a metodologia de elaboração do PDTIC do IFPI?,"A metodologia de elaboração do PDTIC do IFPI baseou-se no Guia de PDTIC do SISP, versão 2.0, adaptado à realidade do IFPI.","A metodologia de elaboração do PDTIC do IFPI baseou-se no Guia de PDTIC do SISP, versão 2.0, adaptado à realidade do IFPI.",1.0,1.0,1.0,1.0,1.0,1.0,1.0,1.0,1.0,1.0,4.246,4
7,49,dense_no_rerank,"RESOLUÇÃO NORMATIVA Nº 223-2024-Atualiza a Regulamentação do planejamento e o registro das atividades acadêmicas dos docentes da Carreira do Magistério do Ensino Básico, Técnico e Tecnológico do IFPI.pdf",Quais são os regimes de trabalho previstos para os docentes do EBTT no IFPI?,"Os regimes de trabalho previstos são 40 horas com dedicação exclusiva, 40 horas e 20 horas semanais.","Os regimes de trabalho dos docentes do EBTT do IFPI são definidos de acordo com a Tabela de Atividades, e o Plano Semestral de Atividades Docentes (PSAD) deve totalizar a carga horária de cada regime de trabalho.",0.3103448275862069,0.14285714285714285,0.2758620689655173,0.2758620689655173,0.0686555146522301,0.82150799036026,0.8512675166130066,0.8361230492591858,0.3414634146341463,0.0,5.1099,4
7,49,dense_no_rerank,"RESOLUÇÃO NORMATIVA Nº 223-2024-Atualiza a Regulamentação do planejamento e o registro das atividades acadêmicas dos docentes da Carreira do Magistério do Ensino Básico, Técnico e Tecnológico do IFPI.pdf","Para cada hora de regência de aulas, quantas horas adicionais o docente computará para atividades de organização e apoio ao ensino?","Para cada hora de regência de aulas, o docente computará uma hora adicional para atividades de organização e apoio ao ensino.","Para cada hora de Regência de Aula, o docente computará uma hora adicional para atividades de Organização e Apoio ao Ensino.",0.9565217391304348,0.9090909090909091,0.9565217391304348,0.9565217391304348,0.5339935148604845,0.9223076105117798,0.942150354385376,0.9321234226226807,0.9411764705882353,0.0,3.7321,4
7,49,dense_no_rerank,"RESOLUÇÃO NORMATIVA Nº 218-2024-Estab. normas, critérios e proc. para a participação de docentes (DE) em atividades remuneradas.pdf","Qual é o limite anual de horas para a participação esporádica remunerada em palestras, conferências e atividades artísticas e culturais de docentes em dedicação exclusiva?",O limite anual é de 30 horas.,"O limite anual de horas para a participação esporádica remunerada em palestras, conferências, atividades artísticas e culturais de docentes em dedicação exclusiva não pode exceder a 30 horas anuais.",0.2926829268292683,0.20512820512820512,0.2926829268292683,0.2926829268292683,0.0,0.8036078810691833,0.9253432154655457,0.8601899147033691,0.375,0.0,4.6753,4
7,49,dense_no_rerank,"RESOLUÇÃO NORMATIVA Nº 218-2024-Estab. normas, critérios e proc. para a participação de docentes (DE) em atividades remuneradas.pdf",Qual é o limite de carga horária para atividades remuneradas eventuais previstas no artigo 7º da Resolução Normativa nº 218 de 2024?,As atividades remuneradas eventuais não podem exceder 8 horas semanais ou 416 horas anuais.,O limite de carga horária para a prestação institucional de serviços remunerada de um servidor não pode ultrapassar 8 (oito) horas semanais ou 416 (quatrocentas e dezesseis) horas anuais.,0.37499999999999994,0.21739130434782608,0.37499999999999994,0.37499999999999994,0.1049439266125276,0.8394305109977722,0.9174327850341797,0.8767000436782837,0.3589743589743589,0.0,4.9602,4
7,49,dense_no_rerank,"RESOLUÇÃO NORMATIVA Nº 217-2024-Atualiza o Regimento Interno da Comissão Permanente de Pessoal Docente (CPPD), no âmbito do Instituto Federal de Educação, Ciência e Tecnologia do Piauí (IFPI)..pdf",Como é composta a CPPD do IFPI em número de membros titulares e suplentes?,"A CPPD do IFPI é composta por 10 docentes, sendo 5 representantes titulares e 5 representantes suplentes.","A CPPD do IFPI é composta por dez docentes da carreira de Ensino Básico, Técnico e Tecnológico, sendo cinco representantes titulares e cinco representantes suplentes.",0.6046511627906976,0.3902439024390244,0.6046511627906976,0.6046511627906976,0.31645275923351984,0.9136143922805786,0.9827612638473511,0.9469271898269653,0.7027027027027029,0.0,4.1769,4
7,49,dense_no_rerank,"RESOLUÇÃO NORMATIVA Nº 217-2024-Atualiza o Regimento Interno da Comissão Permanente de Pessoal Docente (CPPD), no âmbito do Instituto Federal de Educação, Ciência e Tecnologia do Piauí (IFPI)..pdf",Qual é o mandato dos integrantes da CPPD do IFPI?,"O mandato dos integrantes da CPPD é de 4 anos, com possibilidade de uma única recondução por igual período.","Os integrantes da CPPD do IFPI terão mandato de 04 (quatro) anos, podendo haver uma única recondução por igual período.",0.6976744186046512,0.4878048780487805,0.6046511627906976,0.6046511627906976,0.3299895472527792,0.9243701696395874,0.944128692150116,0.9341450333595276,0.631578947368421,0.0,4.0042,4
7,49,dense_no_rerank,"RESOLUÇÃO Nº 27-2024-Aprova  a criação do curso de Qualificação Profissional, de Formação Inicial e Continuada (FIC) em Aquicultor, no âmbito do IFPI e Anexo.pdf",Quantas vagas são ofertadas no curso FIC em Aquicultor?,O curso FIC em Aquicultor oferta 40 vagas.,O curso de Qualificação Profissional - Formação Inicial e Continuada (FIC) em Aquicultor oferece 40 vagas.,0.56,0.34782608695652173,0.56,0.56,0.0,0.863581657409668,0.969627320766449,0.9135372638702393,0.608695652173913,0.0,3.7764,4
7,49,dense_no_rerank,"RESOLUÇÃO Nº 27-2024-Aprova  a criação do curso de Qualificação Profissional, de Formação Inicial e Continuada (FIC) em Aquicultor, no âmbito do IFPI e Anexo.pdf",Qual é a forma de acesso ao curso FIC em Aquicultor?,A forma de acesso ao curso FIC em Aquicultor é por meio de sorteio.,A forma de acesso ao curso FIC em Aquicultor exige que o candidato possua o Ensino Fundamental I (1º ao 5º ano) incompleto.,0.5,0.4705882352941177,0.5,0.5,0.31107972814824386,0.8755465745925903,0.9480505585670471,0.9103571772575378,0.5294117647058824,0.0,4.0852,4
7,49,dense_rerank,CURSO_SUPERIOR_DE_TECNOLOGIA_EM_ANÁLISE_E_DESENVOLVIMENTO_DE_SISTEMAS.pdf,Em que ano o Curso Superior de Tecnologia em Análise e Desenvolvimento de Sistemas foi criado no Campus de Picos?,O Curso Superior de Tecnologia em Análise e Desenvolvimento de Sistemas foi criado no Campus de Picos em 2013.,O Curso Superior de Tecnologia em Análise e Desenvolvimento de Sistemas foi criado no Campus de Picos em 2013.,1.0,1.0,1.0,1.0,1.0,0.9999999403953552,0.9999999403953552,0.9999999403953552,1.0,1.0,3.6931,4
7,49,dense_rerank,CURSO_SUPERIOR_DE_TECNOLOGIA_EM_ANÁLISE_E_DESENVOLVIMENTO_DE_SISTEMAS.pdf,Qual é a unidade de oferta do Curso Superior de Tecnologia em Análise e Desenvolvimento de Sistemas descrita no PPC?,A unidade de oferta do curso é o Campus Teresina Central.,"O Projeto Pedagógico do Curso Superior de Tecnologia em Análise e Desenvolvimento de Sistemas é fruto de um processo de reflexão e discussão coletiva, com participação dos professores e da comunidade acadêmica.",0.1702127659574468,0.04444444444444444,0.12765957446808512,0.12765957446808512,0.0,0.7909088134765625,0.8624572157859802,0.8251348733901978,0.2631578947368421,0.0,4.1679,4
7,49,dense_rerank,CURSO_SUPERIOR_DE_TECNOLOGIA_EM_ANÁLISE_E_DESENVOLVIMENTO_DE_SISTEMAS.pdf,Qual é a carga horária total do Curso Superior de Tecnologia em Análise e Desenvolvimento de Sistemas?,A carga horária total do curso é de 2100 horas.,"A carga horária total do Curso Superior de Tecnologia em Análise e Desenvolvimento de Sistemas é de 400 horas, distribuídas em 20 semanas.",0.5142857142857143,0.36363636363636365,0.5142857142857143,0.5142857142857143,0.17268932789342512,0.839600145816803,0.9638860821723938,0.8974605798721313,0.6,0.0,4.0228,4
7,49,dense_rerank,CURSO_SUPERIOR_DE_TECNOLOGIA_EM_ANÁLISE_E_DESENVOLVIMENTO_DE_SISTEMAS.pdf,Quantas vagas por ano são ofertadas no Curso Superior de Tecnologia em Análise e Desenvolvimento de Sistemas?,O curso oferta 40 vagas por ano.,O Curso Superior de Tecnologia em Análise e Desenvolvimento de Sistemas oferece 40 vagas no turno da noite para o primeiro semestre de 2025.,0.25,0.13333333333333333,0.25,0.25,0.0,0.8228235840797424,0.9194111824035645,0.8684400320053101,0.2857142857142857,0.0,3.8398,4
7,49,dense_rerank,"RESOLUÇÃO Nº 14-2025-Aprova a Criação do Curso de Aperfeiçoamento Escola da Terra, no âmbito do Instituto Federal de Educação, Ciência e Tecnologia do Piauí (IFPI) e Anexo..pdf",Qual é a carga horária total do curso Escola da Terra?,A carga horária total do curso Escola da Terra é de 180 horas.,"A carga horária total do curso Escola da Terra é de 180 horas/aula presenciais, divididas em cinco módulos.",0.787878787878788,0.7741935483870968,0.787878787878788,0.787878787878788,0.5695988432761473,0.9143187999725342,0.9894363880157471,0.9503955841064453,0.8125000000000001,0.0,3.9709,4
7,49,dense_rerank,"RESOLUÇÃO Nº 14-2025-Aprova a Criação do Curso de Aperfeiçoamento Escola da Terra, no âmbito do Instituto Federal de Educação, Ciência e Tecnologia do Piauí (IFPI) e Anexo..pdf",Qual é a meta física do curso Escola da Terra em número de vagas?,A meta física do curso Escola da Terra é de 120 vagas.,A meta física do curso Escola da Terra é de 120 vagas para professoras e coordenadoras pedagógicas de turmas multisseriadas.,0.7272727272727273,0.7096774193548387,0.7272727272727273,0.7272727272727273,0.5471114295717522,0.8801493048667908,0.9877628684043884,0.9308561682701111,0.7741935483870968,0.0,4.3753,4
7,49,dense_rerank,"RESOLUÇÃO Nº 14-2025-Aprova a Criação do Curso de Aperfeiçoamento Escola da Terra, no âmbito do Instituto Federal de Educação, Ciência e Tecnologia do Piauí (IFPI) e Anexo..pdf",Quando está previsto o início do curso Escola da Terra?,O início do curso Escola da Terra está previsto para março de 2025.,O Curso Aperfeiçoamento Escola da Terra está autorizado a funcionar a partir do primeiro semestre de 2024.,0.4848484848484848,0.1935483870967742,0.42424242424242425,0.42424242424242425,0.1598921499894403,0.8659210801124573,0.9128432869911194,0.8887632489204407,0.5517241379310345,0.0,3.8165,4
7,49,dense_rerank,"RESOLUÇÃO Nº 14-2025-Aprova a Criação do Curso de Aperfeiçoamento Escola da Terra, no âmbito do Instituto Federal de Educação, Ciência e Tecnologia do Piauí (IFPI) e Anexo..pdf",Quem é o coordenador do curso Escola da Terra?,O coordenador do curso Escola da Terra é Gilson Mendes Araújo.,O coordenador do curso Escola da Terra é Emanuel Alcântara da Silva.,0.6086956521739131,0.5714285714285713,0.6086956521739131,0.6086956521739131,0.5760844201603896,0.9166338443756104,0.9614384174346924,0.9385016560554504,0.7272727272727273,0.0,3.1456,4
7,49,dense_rerank,"RESOLUÇÃO NORMATIVA Nº 236-2025-Prorroga o Plano Diretor de Tecnologia da Informação e Comunicação (PDTIC-2022-2024), do Instituto Federal de Educação, Ciência e Tecnologia do Piauí (IFPI) e Anexo.pdf",Para qual exercício foi prorrogada a vigência do PDTIC-2022/2024 do IFPI?,A vigência do PDTIC-2022/2024 foi prorrogada para o exercício de 2025.,"O Plano Diretor de Tecnologia da Informação e Comunicação (PDTIC-2022/2024) do Instituto Federal de Educação, Ciência e Tecnologia do Piauí (IFPI) foi prorrogado para o exercício de 2025.",0.48000000000000004,0.2916666666666667,0.4,0.4,0.1690653646485627,0.8415287733078003,0.9482990503311157,0.8917292952537537,0.5405405405405406,0.0,5.3391,4
7,49,dense_rerank,"RESOLUÇÃO NORMATIVA Nº 236-2025-Prorroga o Plano Diretor de Tecnologia da Informação e Comunicação (PDTIC-2022-2024), do Instituto Federal de Educação, Ciência e Tecnologia do Piauí (IFPI) e Anexo.pdf",Qual resolução foi revogada pela Resolução Normativa nº 236 de 2025?,"Foi revogada a Resolução Normativa nº 133/2022 - CONSELHO SUPERIOR, de 29 de abril de 2022.",A Resolução Normativa nº 248 de 2025 revogou a Resolução Normativa nº 113/2024.,0.3636363636363636,0.2580645161290323,0.3636363636363636,0.3636363636363636,0.1371412313982141,0.9315725564956665,0.8553409576416016,0.8918307423591614,0.4347826086956522,0.0,4.8901,4
7,49,dense_rerank,"RESOLUÇÃO NORMATIVA Nº 236-2025-Prorroga o Plano Diretor de Tecnologia da Informação e Comunicação (PDTIC-2022-2024), do Instituto Federal de Educação, Ciência e Tecnologia do Piauí (IFPI) e Anexo.pdf",Quais são as três fases da metodologia de elaboração do PDTIC descritas no documento?,"As três fases da metodologia de elaboração do PDTIC são Preparação, Diagnóstico e Planejamento.","As três fases da metodologia de elaboração do PDTIC são: Preparação, Diagnóstico e Planejamento.",1.0,1.0,1.0,1.0,0.8282477531331041,0.9927828311920166,0.9966408014297485,0.9947080612182617,1.0,0.0,3.4999,4
7,49,dense_rerank,"RESOLUÇÃO NORMATIVA Nº 236-2025-Prorroga o Plano Diretor de Tecnologia da Informação e Comunicação (PDTIC-2022-2024), do Instituto Federal de Educação, Ciência e Tecnologia do Piauí (IFPI) e Anexo.pdf",Em que guia se baseou a metodologia de elaboração do PDTIC do IFPI?,"A metodologia de elaboração do PDTIC do IFPI baseou-se no Guia de PDTIC do SISP, versão 2.0, adaptado à realidade do IFPI.","A metodologia de elaboração do PDTIC do IFPI baseou-se no Guia de PDTIC do SISP, versão 2.0, adaptado à realidade do IFPI.",1.0,1.0,1.0,1.0,1.0,1.0,1.0,1.0,1.0,1.0,4.2718,4
7,49,dense_rerank,"RESOLUÇÃO NORMATIVA Nº 223-2024-Atualiza a Regulamentação do planejamento e o registro das atividades acadêmicas dos docentes da Carreira do Magistério do Ensino Básico, Técnico e Tecnológico do IFPI.pdf",Quais são os regimes de trabalho previstos para os docentes do EBTT no IFPI?,"Os regimes de trabalho previstos são 40 horas com dedicação exclusiva, 40 horas e 20 horas semanais.","Os docentes da carreira de Ensino Básico, Técnico e Tecnológico do IFPI são submetidos a um dos seguintes regimes de trabalho: tempo integral de 40 (quarenta) horas semanais com dedicação exclusiva (DE), tempo integral de 40 (quarenta) horas semanais, ou tempo parcial de 20 (vinte) horas semanais de trabalho.",0.4931506849315068,0.19718309859154928,0.410958904109589,0.410958904109589,0.0,0.8409399390220642,0.9313183426856995,0.8838246464729309,0.5531914893617021,0.0,6.802,4
7,49,dense_rerank,"RESOLUÇÃO NORMATIVA Nº 223-2024-Atualiza a Regulamentação do planejamento e o registro das atividades acadêmicas dos docentes da Carreira do Magistério do Ensino Básico, Técnico e Tecnológico do IFPI.pdf","Para cada hora de regência de aulas, quantas horas adicionais o docente computará para atividades de organização e apoio ao ensino?","Para cada hora de regência de aulas, o docente computará uma hora adicional para atividades de organização e apoio ao ensino.","Os docentes orientadores poderão computar até duas horas de Regência de Aulas para atividades de orientação de projetos integradores, disciplinas do Núcleo Integrador ou do Núcleo Complementar, e atividades de extensão.",0.4,0.20689655172413793,0.3333333333333333,0.3333333333333333,0.0,0.834890604019165,0.8828171491622925,0.8581852316856384,0.2926829268292683,0.0,4.6387,4
7,49,dense_rerank,"RESOLUÇÃO NORMATIVA Nº 218-2024-Estab. normas, critérios e proc. para a participação de docentes (DE) em atividades remuneradas.pdf","Qual é o limite anual de horas para a participação esporádica remunerada em palestras, conferências e atividades artísticas e culturais de docentes em dedicação exclusiva?",O limite anual é de 30 horas.,"O limite anual de horas para a participação esporádica remunerada em palestras, conferências, atividades artísticas e culturais de docentes em dedicação exclusiva é de 30 horas.",0.33333333333333337,0.29411764705882354,0.33333333333333337,0.33333333333333337,0.16110518603734317,0.8159887194633484,0.9578015804290771,0.8812262415885925,0.4827586206896552,0.0,4.4861,4
7,49,dense_rerank,"RESOLUÇÃO NORMATIVA Nº 218-2024-Estab. normas, critérios e proc. para a participação de docentes (DE) em atividades remuneradas.pdf",Qual é o limite de carga horária para atividades remuneradas eventuais previstas no artigo 7º da Resolução Normativa nº 218 de 2024?,As atividades remuneradas eventuais não podem exceder 8 horas semanais ou 416 horas anuais.,"O limite de carga horária para atividades remuneradas eventuais de servidor docente com dedicação exclusiva ou com 20 ou 40 horas, desenvolvendo atividades de prestação de serviços em projetos de ensino, pesquisa e extensão, é de 8 (oito) horas semanais ou 416 (quatrocentas e dezesseis) horas anuais.",0.3333333333333333,0.1875,0.3333333333333333,0.3333333333333333,0.07832109731166834,0.8363698124885559,0.9225704669952393,0.8773579597473145,0.37499999999999994,0.0,6.4359,4
7,49,dense_rerank,"RESOLUÇÃO NORMATIVA Nº 217-2024-Atualiza o Regimento Interno da Comissão Permanente de Pessoal Docente (CPPD), no âmbito do Instituto Federal de Educação, Ciência e Tecnologia do Piauí (IFPI)..pdf",Como é composta a CPPD do IFPI em número de membros titulares e suplentes?,"A CPPD do IFPI é composta por 10 docentes, sendo 5 representantes titulares e 5 representantes suplentes.","A CPPD do IFPI é composta por dez docentes da carreira de Ensino Básico, Técnico e Tecnológico, sendo cinco representantes titulares e cinco representantes suplentes.",0.6046511627906976,0.3902439024390244,0.6046511627906976,0.6046511627906976,0.31645275923351984,0.9136143922805786,0.9827612638473511,0.9469271898269653,0.7027027027027029,0.0,4.1207,4
7,49,dense_rerank,"RESOLUÇÃO NORMATIVA Nº 217-2024-Atualiza o Regimento Interno da Comissão Permanente de Pessoal Docente (CPPD), no âmbito do Instituto Federal de Educação, Ciência e Tecnologia do Piauí (IFPI)..pdf",Qual é o mandato dos integrantes da CPPD do IFPI?,"O mandato dos integrantes da CPPD é de 4 anos, com possibilidade de uma única recondução por igual período.","Os integrantes da CPPD do IFPI têm mandato de 4 (quatro) anos, podendo haver uma única recondução por igual período.",0.6976744186046512,0.4878048780487805,0.6511627906976744,0.6511627906976744,0.3446913316729032,0.9351704120635986,0.9487611055374146,0.9419167041778564,0.6842105263157895,0.0,3.9027,4
7,49,dense_rerank,"RESOLUÇÃO Nº 27-2024-Aprova  a criação do curso de Qualificação Profissional, de Formação Inicial e Continuada (FIC) em Aquicultor, no âmbito do IFPI e Anexo.pdf",Quantas vagas são ofertadas no curso FIC em Aquicultor?,O curso FIC em Aquicultor oferta 40 vagas.,O curso de Qualificação Profissional - Formação Inicial e Continuada (FIC) em Aquicultor oferece 40 vagas.,0.56,0.34782608695652173,0.56,0.56,0.0,0.863581657409668,0.969627320766449,0.9135372638702393,0.608695652173913,0.0,3.875,4
7,49,dense_rerank,"RESOLUÇÃO Nº 27-2024-Aprova  a criação do curso de Qualificação Profissional, de Formação Inicial e Continuada (FIC) em Aquicultor, no âmbito do IFPI e Anexo.pdf",Qual é a forma de acesso ao curso FIC em Aquicultor?,A forma de acesso ao curso FIC em Aquicultor é por meio de sorteio.,A forma de oferta do Curso de Qualificação Profissional - Formação Inicial e Continuada (FIC) em Aquicultor é presencial.,0.5,0.26666666666666666,0.4375,0.4375,0.0,0.8556186556816101,0.9247289299964905,0.8888323903083801,0.5333333333333333,0.0,3.9778,4
7,49,bm25,CURSO_SUPERIOR_DE_TECNOLOGIA_EM_ANÁLISE_E_DESENVOLVIMENTO_DE_SISTEMAS.pdf,Em que ano o Curso Superior de Tecnologia em Análise e Desenvolvimento de Sistemas foi criado no Campus de Picos?,O Curso Superior de Tecnologia em Análise e Desenvolvimento de Sistemas foi criado no Campus de Picos em 2013.,O Curso Superior de Tecnologia em Análise e Desenvolvimento de Sistemas no Campus de Picos foi autorizado em 2013.,0.9500000000000001,0.7894736842105263,0.9,0.9,0.7172835948406505,0.9870268106460571,0.9908930659294128,0.9889561533927917,0.9375,0.0,3.5755,4
7,49,bm25,CURSO_SUPERIOR_DE_TECNOLOGIA_EM_ANÁLISE_E_DESENVOLVIMENTO_DE_SISTEMAS.pdf,Qual é a unidade de oferta do Curso Superior de Tecnologia em Análise e Desenvolvimento de Sistemas descrita no PPC?,A unidade de oferta do curso é o Campus Teresina Central.,"A unidade de oferta do Curso Superior de Tecnologia em Análise e Desenvolvimento de Sistemas descrita no PPC são os campi Teresina Central, Floriano, Picos, Corrente, Pedro II e Parnaíba.",0.41860465116279066,0.29268292682926833,0.41860465116279066,0.41860465116279066,0.11755743200908036,0.8304221630096436,0.945409893989563,0.8841931819915771,0.42105263157894735,0.0,4.4199,4
7,49,bm25,CURSO_SUPERIOR_DE_TECNOLOGIA_EM_ANÁLISE_E_DESENVOLVIMENTO_DE_SISTEMAS.pdf,Qual é a carga horária total do Curso Superior de Tecnologia em Análise e Desenvolvimento de Sistemas?,A carga horária total do curso é de 2100 horas.,"As atividades complementares do Curso Superior de Tecnologia em Análise e Desenvolvimento de Sistemas deverão ter o total de no mínimo cem horas, correspondente a 5% da carga horária total do curso.",0.391304347826087,0.22727272727272727,0.30434782608695654,0.30434782608695654,0.11117895489854909,0.81644606590271,0.9267646074295044,0.8681145906448364,0.43243243243243246,0.0,4.4232,4
7,49,bm25,CURSO_SUPERIOR_DE_TECNOLOGIA_EM_ANÁLISE_E_DESENVOLVIMENTO_DE_SISTEMAS.pdf,Quantas vagas por ano são ofertadas no Curso Superior de Tecnologia em Análise e Desenvolvimento de Sistemas?,O curso oferta 40 vagas por ano.,O Curso Superior de Tecnologia em Análise e Desenvolvimento de Sistemas possui uma oferta de 40 vagas por ano no turno vespertino.,0.4666666666666667,0.28571428571428575,0.4666666666666667,0.4666666666666667,0.11856660123276004,0.8411332964897156,0.957884669303894,0.8957206010818481,0.5185185185185185,0.0,3.608,4
7,49,bm25,"RESOLUÇÃO Nº 14-2025-Aprova a Criação do Curso de Aperfeiçoamento Escola da Terra, no âmbito do Instituto Federal de Educação, Ciência e Tecnologia do Piauí (IFPI) e Anexo..pdf",Qual é a carga horária total do curso Escola da Terra?,A carga horária total do curso Escola da Terra é de 180 horas.,"O curso Escola da Terra está organizado com uma carga horária total de 294 horas destinadas ao estudo das disciplinas, acrescido de 66 horas destinadas a um Trabalho de Conclusão de Curso.",0.46808510638297873,0.26666666666666666,0.25531914893617025,0.25531914893617025,0.1077448900968642,0.8482507467269897,0.9352979063987732,0.8896501660346985,0.5128205128205128,0.0,4.5284,4
7,49,bm25,"RESOLUÇÃO Nº 14-2025-Aprova a Criação do Curso de Aperfeiçoamento Escola da Terra, no âmbito do Instituto Federal de Educação, Ciência e Tecnologia do Piauí (IFPI) e Anexo..pdf",Qual é a meta física do curso Escola da Terra em número de vagas?,A meta física do curso Escola da Terra é de 120 vagas.,O Curso Aperfeiçoamento Escola da Terra possui 30 vagas.,0.45454545454545453,0.19999999999999998,0.45454545454545453,0.45454545454545453,0.0,0.880872368812561,0.914977490901947,0.8976011276245117,0.4761904761904762,0.0,2.6708,4
7,49,bm25,"RESOLUÇÃO Nº 14-2025-Aprova a Criação do Curso de Aperfeiçoamento Escola da Terra, no âmbito do Instituto Federal de Educação, Ciência e Tecnologia do Piauí (IFPI) e Anexo..pdf",Quando está previsto o início do curso Escola da Terra?,O início do curso Escola da Terra está previsto para março de 2025.,Não encontrei essa informação no contexto fornecido.,0.16666666666666669,0.0,0.16666666666666669,0.16666666666666669,0.0,0.8219438791275024,0.8310289978981018,0.8264614343643188,0.0,0.0,2.6558,4
7,49,bm25,"RESOLUÇÃO Nº 14-2025-Aprova a Criação do Curso de Aperfeiçoamento Escola da Terra, no âmbito do Instituto Federal de Educação, Ciência e Tecnologia do Piauí (IFPI) e Anexo..pdf",Quem é o coordenador do curso Escola da Terra?,O coordenador do curso Escola da Terra é Gilson Mendes Araújo.,"O coordenador do curso Escola da Terra é um docente do campus, de área específica ou pedagógica do curso.",0.45161290322580644,0.41379310344827586,0.45161290322580644,0.45161290322580644,0.3386854985606571,0.900873601436615,0.9360523223876953,0.9181260466575623,0.5925925925925926,0.0,3.315,4
7,49,bm25,"RESOLUÇÃO NORMATIVA Nº 236-2025-Prorroga o Plano Diretor de Tecnologia da Informação e Comunicação (PDTIC-2022-2024), do Instituto Federal de Educação, Ciência e Tecnologia do Piauí (IFPI) e Anexo.pdf",Para qual exercício foi prorrogada a vigência do PDTIC-2022/2024 do IFPI?,A vigência do PDTIC-2022/2024 foi prorrogada para o exercício de 2025.,O Plano de Desenvolvimento Institucional (PDI) do IFPI teve vigência de 2020 a 2024.,0.4666666666666667,0.07142857142857142,0.20000000000000004,0.20000000000000004,0.0,0.8483378887176514,0.8543418645858765,0.8513292670249939,0.46153846153846156,0.0,3.8807,4
7,49,bm25,"RESOLUÇÃO NORMATIVA Nº 236-2025-Prorroga o Plano Diretor de Tecnologia da Informação e Comunicação (PDTIC-2022-2024), do Instituto Federal de Educação, Ciência e Tecnologia do Piauí (IFPI) e Anexo.pdf",Qual resolução foi revogada pela Resolução Normativa nº 236 de 2025?,"Foi revogada a Resolução Normativa nº 133/2022 - CONSELHO SUPERIOR, de 29 de abril de 2022.",A Resolução Normativa nº 236 de 2025 revogou a Resolução Normativa nº 1/2020 do Conselho Superior.,0.4444444444444444,0.29411764705882354,0.3888888888888889,0.3888888888888889,0.13829483667905937,0.9247279167175293,0.8555519580841064,0.8887959718704224,0.5384615384615384,0.0,4.2205,4
7,49,bm25,"RESOLUÇÃO NORMATIVA Nº 236-2025-Prorroga o Plano Diretor de Tecnologia da Informação e Comunicação (PDTIC-2022-2024), do Instituto Federal de Educação, Ciência e Tecnologia do Piauí (IFPI) e Anexo.pdf",Quais são as três fases da metodologia de elaboração do PDTIC descritas no documento?,"As três fases da metodologia de elaboração do PDTIC são Preparação, Diagnóstico e Planejamento.","As três fases da metodologia de elaboração do PDTIC são Preparação, Diagnóstico e Planejamento.",1.0,1.0,1.0,1.0,1.0,1.0,1.0,1.0,1.0,1.0,3.3351,4
7,49,bm25,"RESOLUÇÃO NORMATIVA Nº 236-2025-Prorroga o Plano Diretor de Tecnologia da Informação e Comunicação (PDTIC-2022-2024), do Instituto Federal de Educação, Ciência e Tecnologia do Piauí (IFPI) e Anexo.pdf",Em que guia se baseou a metodologia de elaboração do PDTIC do IFPI?,"A metodologia de elaboração do PDTIC do IFPI baseou-se no Guia de PDTIC do SISP, versão 2.0, adaptado à realidade do IFPI.","A metodologia utilizada para a elaboração do documento baseou-se no Guia de PDTIC do SISP, versão 2.0, adaptado à realidade do IFPI.",0.8399999999999999,0.75,0.8399999999999999,0.8399999999999999,0.7150762135853476,0.9745191931724548,0.9789811372756958,0.9767451286315918,0.923076923076923,0.0,4.1177,4
7,49,bm25,"RESOLUÇÃO NORMATIVA Nº 223-2024-Atualiza a Regulamentação do planejamento e o registro das atividades acadêmicas dos docentes da Carreira do Magistério do Ensino Básico, Técnico e Tecnológico do IFPI.pdf",Quais são os regimes de trabalho previstos para os docentes do EBTT no IFPI?,"Os regimes de trabalho previstos são 40 horas com dedicação exclusiva, 40 horas e 20 horas semanais.","Os regimes de trabalho previstos para os docentes do EBTT no IFPI são de tempo integral, com 40 horas semanais, ou tempo parcial, com 20 horas semanais.",0.5531914893617021,0.3555555555555555,0.5531914893617021,0.5531914893617021,0.2171788734284664,0.9010717272758484,0.9406071305274963,0.9204151034355164,0.6285714285714286,0.0,4.2833,4
7,49,bm25,"RESOLUÇÃO NORMATIVA Nº 223-2024-Atualiza a Regulamentação do planejamento e o registro das atividades acadêmicas dos docentes da Carreira do Magistério do Ensino Básico, Técnico e Tecnológico do IFPI.pdf","Para cada hora de regência de aulas, quantas horas adicionais o docente computará para atividades de organização e apoio ao ensino?","Para cada hora de regência de aulas, o docente computará uma hora adicional para atividades de organização e apoio ao ensino.","Para cada hora de Regência de Aula, o docente computará uma hora de Organização e Apoio ao Ensino.",0.8837209302325583,0.7804878048780488,0.8837209302325583,0.8837209302325583,0.3414504535105491,0.9086815118789673,0.9197208881378174,0.9141678810119629,0.8749999999999999,0.0,3.6572,4
7,49,bm25,"RESOLUÇÃO NORMATIVA Nº 218-2024-Estab. normas, critérios e proc. para a participação de docentes (DE) em atividades remuneradas.pdf","Qual é o limite anual de horas para a participação esporádica remunerada em palestras, conferências e atividades artísticas e culturais de docentes em dedicação exclusiva?",O limite anual é de 30 horas.,"O limite anual de horas para a participação esporádica remunerada em palestras, conferências, atividades artísticas e culturais de docentes em dedicação exclusiva não pode exceder a 30 horas anuais.",0.2926829268292683,0.20512820512820512,0.2926829268292683,0.2926829268292683,0.0,0.8036078810691833,0.9253432154655457,0.8601899147033691,0.375,0.0,4.5947,4
7,49,bm25,"RESOLUÇÃO NORMATIVA Nº 218-2024-Estab. normas, critérios e proc. para a participação de docentes (DE) em atividades remuneradas.pdf",Qual é o limite de carga horária para atividades remuneradas eventuais previstas no artigo 7º da Resolução Normativa nº 218 de 2024?,As atividades remuneradas eventuais não podem exceder 8 horas semanais ou 416 horas anuais.,"O limite máximo da soma da remuneração, retribuições e bolsas percebidas pelos ocupantes de cargos, funções e empregos públicos não poderá exceder o maior valor recebido pelo funcionalismo público federal.",0.11538461538461539,0.04,0.11538461538461539,0.11538461538461539,0.0,0.8185205459594727,0.8523279428482056,0.8350822329521179,0.1,0.0,4.5984,4
7,49,bm25,"RESOLUÇÃO NORMATIVA Nº 217-2024-Atualiza o Regimento Interno da Comissão Permanente de Pessoal Docente (CPPD), no âmbito do Instituto Federal de Educação, Ciência e Tecnologia do Piauí (IFPI)..pdf",Como é composta a CPPD do IFPI em número de membros titulares e suplentes?,"A CPPD do IFPI é composta por 10 docentes, sendo 5 representantes titulares e 5 representantes suplentes.","A CPPD do IFPI é composta por chapas com dois docentes, sendo um titular e um suplente.",0.5625,0.4000000000000001,0.5625,0.5625,0.39670882908365773,0.9483709931373596,0.953549861907959,0.9509534239768982,0.6451612903225806,0.0,3.4745,4
7,49,bm25,"RESOLUÇÃO NORMATIVA Nº 217-2024-Atualiza o Regimento Interno da Comissão Permanente de Pessoal Docente (CPPD), no âmbito do Instituto Federal de Educação, Ciência e Tecnologia do Piauí (IFPI)..pdf",Qual é o mandato dos integrantes da CPPD do IFPI?,"O mandato dos integrantes da CPPD é de 4 anos, com possibilidade de uma única recondução por igual período.","Os integrantes da CPPD do IFPI cumprem um mandato de 04 (quatro) anos, admitida uma única reeleição para período subsequente, não existindo limite para mandatos alternados.",0.4897959183673469,0.1702127659574468,0.40816326530612246,0.40816326530612246,0.0,0.8646747469902039,0.9030035734176636,0.8834236264228821,0.41860465116279066,0.0,4.5984,4
7,49,bm25,"RESOLUÇÃO Nº 27-2024-Aprova  a criação do curso de Qualificação Profissional, de Formação Inicial e Continuada (FIC) em Aquicultor, no âmbito do IFPI e Anexo.pdf",Quantas vagas são ofertadas no curso FIC em Aquicultor?,O curso FIC em Aquicultor oferta 40 vagas.,Não encontrei essa informação no contexto fornecido.,0.11764705882352941,0.0,0.11764705882352941,0.11764705882352941,0.0,0.8231986165046692,0.8388471603393555,0.8309492468833923,0.0,0.0,2.7213,4
7,49,bm25,"RESOLUÇÃO Nº 27-2024-Aprova  a criação do curso de Qualificação Profissional, de Formação Inicial e Continuada (FIC) em Aquicultor, no âmbito do IFPI e Anexo.pdf",Qual é a forma de acesso ao curso FIC em Aquicultor?,A forma de acesso ao curso FIC em Aquicultor é por meio de sorteio.,"O acesso para o curso FIC será por meio de edital de seleção, e o processo seletivo ocorrerá através de prova escrita específica.",0.3589743589743589,0.16216216216216217,0.30769230769230776,0.30769230769230776,0.0,0.8822669386863708,0.8946717977523804,0.8884261250495911,0.37499999999999994,0.0,3.5756,4
7,49,tfidf,CURSO_SUPERIOR_DE_TECNOLOGIA_EM_ANÁLISE_E_DESENVOLVIMENTO_DE_SISTEMAS.pdf,Em que ano o Curso Superior de Tecnologia em Análise e Desenvolvimento de Sistemas foi criado no Campus de Picos?,O Curso Superior de Tecnologia em Análise e Desenvolvimento de Sistemas foi criado no Campus de Picos em 2013.,O Curso Superior de Tecnologia em Análise e Desenvolvimento de Sistemas foi criado no Campus de Picos em 2013.,1.0,1.0,1.0,1.0,1.0,0.9999999403953552,0.9999999403953552,0.9999999403953552,1.0,1.0,3.5008,4
7,49,tfidf,CURSO_SUPERIOR_DE_TECNOLOGIA_EM_ANÁLISE_E_DESENVOLVIMENTO_DE_SISTEMAS.pdf,Qual é a unidade de oferta do Curso Superior de Tecnologia em Análise e Desenvolvimento de Sistemas descrita no PPC?,A unidade de oferta do curso é o Campus Teresina Central.,O Curso Superior de Tecnologia em Análise e Desenvolvimento de Sistemas contribui com a demanda de profissionais para atuar no projeto e implementação de Sistemas de Informação de acordo com as necessidades institucionais.,0.1739130434782609,0.0,0.13043478260869565,0.13043478260869565,0.0,0.7902743220329285,0.8632662892341614,0.8251592516899109,0.2222222222222222,0.0,4.1335,4
7,49,tfidf,CURSO_SUPERIOR_DE_TECNOLOGIA_EM_ANÁLISE_E_DESENVOLVIMENTO_DE_SISTEMAS.pdf,Qual é a carga horária total do Curso Superior de Tecnologia em Análise e Desenvolvimento de Sistemas?,A carga horária total do curso é de 2100 horas.,Não encontrei essa informação no contexto fornecido.,0.0,0.0,0.0,0.0,0.0,0.8249529004096985,0.8356121182441711,0.8302482962608337,0.0,0.0,2.4987,4
7,49,tfidf,CURSO_SUPERIOR_DE_TECNOLOGIA_EM_ANÁLISE_E_DESENVOLVIMENTO_DE_SISTEMAS.pdf,Quantas vagas por ano são ofertadas no Curso Superior de Tecnologia em Análise e Desenvolvimento de Sistemas?,O curso oferta 40 vagas por ano.,"O Curso Superior de Tecnologia em Análise e Desenvolvimento de Sistemas teve uma oferta de 64 vagas, distribuídas igualmente entre os turnos tarde e noite.",0.23529411764705882,0.0625,0.23529411764705882,0.23529411764705882,0.0,0.8184553384780884,0.9159019589424133,0.8644410371780396,0.27586206896551724,0.0,3.6749,4
7,49,tfidf,"RESOLUÇÃO Nº 14-2025-Aprova a Criação do Curso de Aperfeiçoamento Escola da Terra, no âmbito do Instituto Federal de Educação, Ciência e Tecnologia do Piauí (IFPI) e Anexo..pdf",Qual é a carga horária total do curso Escola da Terra?,A carga horária total do curso Escola da Terra é de 180 horas.,"A carga horária total do Curso de Educação do Campo e Quilombola, ação Escola da Terra, é de 495 horas, sendo 257 horas no Tempo Universidade e 103 horas no Tempo Escola/Comunidade.",0.5000000000000001,0.39130434782608703,0.5000000000000001,0.5000000000000001,0.13955755489048927,0.8856045007705688,0.9613465070724487,0.9219224452972412,0.631578947368421,0.0,5.2475,4
7,49,tfidf,"RESOLUÇÃO Nº 14-2025-Aprova a Criação do Curso de Aperfeiçoamento Escola da Terra, no âmbito do Instituto Federal de Educação, Ciência e Tecnologia do Piauí (IFPI) e Anexo..pdf",Qual é a meta física do curso Escola da Terra em número de vagas?,A meta física do curso Escola da Terra é de 120 vagas.,"O curso Escola da Terra possui 60 vagas para Professores da Educação Básica - Escolas do Campo, que possuem certificação em curso de aperfeiçoamento (mínimo de 180).",0.37209302325581395,0.14634146341463417,0.2325581395348837,0.2325581395348837,0.08928953574702554,0.8402918577194214,0.9158283472061157,0.8764355182647705,0.4,0.0,4.5474,4
7,49,tfidf,"RESOLUÇÃO Nº 14-2025-Aprova a Criação do Curso de Aperfeiçoamento Escola da Terra, no âmbito do Instituto Federal de Educação, Ciência e Tecnologia do Piauí (IFPI) e Anexo..pdf",Quando está previsto o início do curso Escola da Terra?,O início do curso Escola da Terra está previsto para março de 2025.,O Curso Aperfeiçoamento Escola da Terra está previsto para iniciar no primeiro semestre de 2024.,0.5806451612903225,0.3448275862068965,0.5806451612903225,0.5806451612903225,0.3334477432809602,0.8885897397994995,0.9396146535873413,0.9133901596069336,0.6428571428571429,0.0,3.4189,4
7,49,tfidf,"RESOLUÇÃO Nº 14-2025-Aprova a Criação do Curso de Aperfeiçoamento Escola da Terra, no âmbito do Instituto Federal de Educação, Ciência e Tecnologia do Piauí (IFPI) e Anexo..pdf",Quem é o coordenador do curso Escola da Terra?,O coordenador do curso Escola da Terra é Gilson Mendes Araújo.,Não encontrei essa informação no contexto fornecido.,0.09999999999999999,0.0,0.09999999999999999,0.09999999999999999,0.0,0.8250470161437988,0.8430057168006897,0.833929717540741,0.0,0.0,2.8877,4
7,49,tfidf,"RESOLUÇÃO NORMATIVA Nº 236-2025-Prorroga o Plano Diretor de Tecnologia da Informação e Comunicação (PDTIC-2022-2024), do Instituto Federal de Educação, Ciência e Tecnologia do Piauí (IFPI) e Anexo.pdf",Para qual exercício foi prorrogada a vigência do PDTIC-2022/2024 do IFPI?,A vigência do PDTIC-2022/2024 foi prorrogada para o exercício de 2025.,O Plano Diretor de Tecnologia da Informação e Comunicação (PDTIC-2022/2024) do IFPI foi prorrogado por meio da Resolução Normativa nº 236-2025.,0.38095238095238093,0.1,0.2857142857142857,0.2857142857142857,0.0,0.8385323882102966,0.8902472853660583,0.8636163473129272,0.4444444444444444,0.0,4.9565,4
7,49,tfidf,"RESOLUÇÃO NORMATIVA Nº 236-2025-Prorroga o Plano Diretor de Tecnologia da Informação e Comunicação (PDTIC-2022-2024), do Instituto Federal de Educação, Ciência e Tecnologia do Piauí (IFPI) e Anexo.pdf",Qual resolução foi revogada pela Resolução Normativa nº 236 de 2025?,"Foi revogada a Resolução Normativa nº 133/2022 - CONSELHO SUPERIOR, de 29 de abril de 2022.",A Resolução Normativa nº 236 de 2025 revogou a Resolução nº 111/2025.,0.37500000000000006,0.26666666666666666,0.37500000000000006,0.37500000000000006,0.0,0.9381101131439209,0.8576550483703613,0.8960802555084229,0.4545454545454546,0.0,3.1712,4
7,49,tfidf,"RESOLUÇÃO NORMATIVA Nº 236-2025-Prorroga o Plano Diretor de Tecnologia da Informação e Comunicação (PDTIC-2022-2024), do Instituto Federal de Educação, Ciência e Tecnologia do Piauí (IFPI) e Anexo.pdf",Quais são as três fases da metodologia de elaboração do PDTIC descritas no documento?,"As três fases da metodologia de elaboração do PDTIC são Preparação, Diagnóstico e Planejamento.","As três fases da metodologia de elaboração do PDTIC descritas no documento são: Preparação, Diagnóstico e, por fim, a fase não especificada após o Diagnóstico.",0.6923076923076923,0.64,0.6923076923076923,0.6923076923076923,0.3545649986147617,0.9126512408256531,0.9584945440292358,0.9350113272666931,0.6842105263157894,0.0,4.1876,4
7,49,tfidf,"RESOLUÇÃO NORMATIVA Nº 236-2025-Prorroga o Plano Diretor de Tecnologia da Informação e Comunicação (PDTIC-2022-2024), do Instituto Federal de Educação, Ciência e Tecnologia do Piauí (IFPI) e Anexo.pdf",Em que guia se baseou a metodologia de elaboração do PDTIC do IFPI?,"A metodologia de elaboração do PDTIC do IFPI baseou-se no Guia de PDTIC do SISP, versão 2.0, adaptado à realidade do IFPI.","A metodologia de elaboração do PDTIC do IFPI se baseou em documentos de referência, estratégias da organização, princípios e diretrizes, além da Instrução Normativa SGD/ME Nº 31/2021, entre outros instrumentos de planejamento da instituição.",0.3768115942028986,0.2388059701492537,0.34782608695652173,0.34782608695652173,0.17078893748090399,0.8468525409698486,0.8980249762535095,0.8716883063316345,0.3673469387755102,0.0,5.2282,4
7,49,tfidf,"RESOLUÇÃO NORMATIVA Nº 223-2024-Atualiza a Regulamentação do planejamento e o registro das atividades acadêmicas dos docentes da Carreira do Magistério do Ensino Básico, Técnico e Tecnológico do IFPI.pdf",Quais são os regimes de trabalho previstos para os docentes do EBTT no IFPI?,"Os regimes de trabalho previstos são 40 horas com dedicação exclusiva, 40 horas e 20 horas semanais.","Os regimes de trabalho previstos para os docentes do EBTT no IFPI são de tempo integral, com 40 horas semanais, ou tempo parcial, com 20 horas semanais.",0.5531914893617021,0.3555555555555555,0.5531914893617021,0.5531914893617021,0.2171788734284664,0.9010717272758484,0.9406071305274963,0.9204151034355164,0.6285714285714286,0.0,4.337,4
7,49,tfidf,"RESOLUÇÃO NORMATIVA Nº 223-2024-Atualiza a Regulamentação do planejamento e o registro das atividades acadêmicas dos docentes da Carreira do Magistério do Ensino Básico, Técnico e Tecnológico do IFPI.pdf","Para cada hora de regência de aulas, quantas horas adicionais o docente computará para atividades de organização e apoio ao ensino?","Para cada hora de regência de aulas, o docente computará uma hora adicional para atividades de organização e apoio ao ensino.","Para cada hora de Regência de Aula, o docente computará uma hora de Organização e Apoio ao Ensino.",0.8837209302325583,0.7804878048780488,0.8837209302325583,0.8837209302325583,0.3414504535105491,0.9086815118789673,0.9197208881378174,0.9141678810119629,0.8749999999999999,0.0,3.5956,4
7,49,tfidf,"RESOLUÇÃO NORMATIVA Nº 218-2024-Estab. normas, critérios e proc. para a participação de docentes (DE) em atividades remuneradas.pdf","Qual é o limite anual de horas para a participação esporádica remunerada em palestras, conferências e atividades artísticas e culturais de docentes em dedicação exclusiva?",O limite anual é de 30 horas.,"O limite anual de horas para a participação esporádica remunerada em palestras, conferências, atividades artísticas e culturais de docentes em dedicação exclusiva não pode exceder a 30 horas anuais.",0.2926829268292683,0.20512820512820512,0.2926829268292683,0.2926829268292683,0.0,0.8036078810691833,0.9253432154655457,0.8601899147033691,0.375,0.0,4.4759,4
7,49,tfidf,"RESOLUÇÃO NORMATIVA Nº 218-2024-Estab. normas, critérios e proc. para a participação de docentes (DE) em atividades remuneradas.pdf",Qual é o limite de carga horária para atividades remuneradas eventuais previstas no artigo 7º da Resolução Normativa nº 218 de 2024?,As atividades remuneradas eventuais não podem exceder 8 horas semanais ou 416 horas anuais.,Não encontrei essa informação no contexto fornecido.,0.16666666666666669,0.09090909090909091,0.16666666666666669,0.16666666666666669,0.0,0.8233992457389832,0.8057843446731567,0.814496636390686,0.1,0.0,2.9391,4
7,49,tfidf,"RESOLUÇÃO NORMATIVA Nº 217-2024-Atualiza o Regimento Interno da Comissão Permanente de Pessoal Docente (CPPD), no âmbito do Instituto Federal de Educação, Ciência e Tecnologia do Piauí (IFPI)..pdf",Como é composta a CPPD do IFPI em número de membros titulares e suplentes?,"A CPPD do IFPI é composta por 10 docentes, sendo 5 representantes titulares e 5 representantes suplentes.","A CPPD do IFPI terá à sua disposição quatro docentes escolhidos por seus pares, sendo dois membros titulares e dois suplentes, para cumprirem um mandato de quatro anos, admitida uma única reeleição para período subsequente.",0.3773584905660377,0.1568627450980392,0.339622641509434,0.339622641509434,0.0882992885546353,0.8561526536941528,0.9417273998260498,0.8969034552574158,0.425531914893617,0.0,4.8932,4
7,49,tfidf,"RESOLUÇÃO NORMATIVA Nº 217-2024-Atualiza o Regimento Interno da Comissão Permanente de Pessoal Docente (CPPD), no âmbito do Instituto Federal de Educação, Ciência e Tecnologia do Piauí (IFPI)..pdf",Qual é o mandato dos integrantes da CPPD do IFPI?,"O mandato dos integrantes da CPPD é de 4 anos, com possibilidade de uma única recondução por igual período.",O mandato dos integrantes da CPPD do IFPI não é especificado no contexto fornecido.,0.4117647058823529,0.3125,0.4117647058823529,0.4117647058823529,0.23321503395334311,0.8847048282623291,0.8674375414848328,0.8759860992431641,0.43750000000000006,0.0,3.201,4
7,49,tfidf,"RESOLUÇÃO Nº 27-2024-Aprova  a criação do curso de Qualificação Profissional, de Formação Inicial e Continuada (FIC) em Aquicultor, no âmbito do IFPI e Anexo.pdf",Quantas vagas são ofertadas no curso FIC em Aquicultor?,O curso FIC em Aquicultor oferta 40 vagas.,O curso de Qualificação Profissional - Formação Inicial e Continuada (FIC) em Aquicultor oferece 40 vagas.,0.56,0.34782608695652173,0.56,0.56,0.0,0.863581657409668,0.969627320766449,0.9135372638702393,0.608695652173913,0.0,3.8605,4
7,49,tfidf,"RESOLUÇÃO Nº 27-2024-Aprova  a criação do curso de Qualificação Profissional, de Formação Inicial e Continuada (FIC) em Aquicultor, no âmbito do IFPI e Anexo.pdf",Qual é a forma de acesso ao curso FIC em Aquicultor?,A forma de acesso ao curso FIC em Aquicultor é por meio de sorteio.,"Para acessar o curso FIC em Aquicultor, o requisito de acesso é ter o Ensino Fundamental I (1º ao 5º) incompleto.",0.4242424242424242,0.2580645161290323,0.30303030303030304,0.30303030303030304,0.12409597120849801,0.8614296913146973,0.9270288944244385,0.8930262327194214,0.5,0.0,4.0344,4
8,50,dense_no_rerank,CURSO_SUPERIOR_DE_TECNOLOGIA_EM_ANÁLISE_E_DESENVOLVIMENTO_DE_SISTEMAS.pdf,Em que ano o Curso Superior de Tecnologia em Análise e Desenvolvimento de Sistemas foi criado no Campus de Picos?,O Curso Superior de Tecnologia em Análise e Desenvolvimento de Sistemas foi criado no Campus de Picos em 2013.,O Curso Superior de Tecnologia em Análise e Desenvolvimento de Sistemas foi criado no Campus de Picos em 2013.,1.0,1.0,1.0,1.0,1.0,0.9999999403953552,0.9999999403953552,0.9999999403953552,1.0,1.0,3.8181,4
8,50,dense_no_rerank,CURSO_SUPERIOR_DE_TECNOLOGIA_EM_ANÁLISE_E_DESENVOLVIMENTO_DE_SISTEMAS.pdf,Qual é a unidade de oferta do Curso Superior de Tecnologia em Análise e Desenvolvimento de Sistemas descrita no PPC?,A unidade de oferta do curso é o Campus Teresina Central.,A unidade da oferta do Curso Superior de Tecnologia em Análise e Desenvolvimento de Sistemas é o Campus Teresina Central.,0.6666666666666666,0.42857142857142855,0.6,0.6,0.28320384389628495,0.8714810013771057,0.9715954065322876,0.9188191294670105,0.7333333333333334,0.0,3.4953,4
8,50,dense_no_rerank,CURSO_SUPERIOR_DE_TECNOLOGIA_EM_ANÁLISE_E_DESENVOLVIMENTO_DE_SISTEMAS.pdf,Qual é a carga horária total do Curso Superior de Tecnologia em Análise e Desenvolvimento de Sistemas?,A carga horária total do curso é de 2100 horas.,A carga horária total do Curso Superior de Tecnologia em Sistemas para Internet é de 2.100 horas.,0.6428571428571429,0.46153846153846156,0.6428571428571429,0.6428571428571429,0.25772294506990867,0.8713124394416809,0.9634993672370911,0.915090024471283,0.6666666666666667,0.0,3.5674,4
8,50,dense_no_rerank,CURSO_SUPERIOR_DE_TECNOLOGIA_EM_ANÁLISE_E_DESENVOLVIMENTO_DE_SISTEMAS.pdf,Quantas vagas por ano são ofertadas no Curso Superior de Tecnologia em Análise e Desenvolvimento de Sistemas?,O curso oferta 40 vagas por ano.,O Curso Superior de Tecnologia em Análise e Desenvolvimento de Sistemas oferece 40 vagas por ano no turno vespertino.,0.4444444444444444,0.32,0.4444444444444444,0.4444444444444444,0.1326475916741222,0.8291540145874023,0.955398440361023,0.8878107666969299,0.48,0.0,3.5736,4
8,50,dense_no_rerank,"RESOLUÇÃO Nº 14-2025-Aprova a Criação do Curso de Aperfeiçoamento Escola da Terra, no âmbito do Instituto Federal de Educação, Ciência e Tecnologia do Piauí (IFPI) e Anexo..pdf",Qual é a carga horária total do curso Escola da Terra?,A carga horária total do curso Escola da Terra é de 180 horas.,A carga horária total do curso Escola da Terra é de 180 horas.,1.0,1.0,1.0,1.0,1.0,1.0,1.0,1.0,1.0,1.0,3.5083,4
8,50,dense_no_rerank,"RESOLUÇÃO Nº 14-2025-Aprova a Criação do Curso de Aperfeiçoamento Escola da Terra, no âmbito do Instituto Federal de Educação, Ciência e Tecnologia do Piauí (IFPI) e Anexo..pdf",Qual é a meta física do curso Escola da Terra em número de vagas?,A meta física do curso Escola da Terra é de 120 vagas.,A meta física do curso Escola da Terra é de 120 vagas para professoras e coordenadoras pedagógicas de turmas multisseriadas.,0.7272727272727273,0.7096774193548387,0.7272727272727273,0.7272727272727273,0.5471114295717522,0.8801493048667908,0.9877628684043884,0.9308561682701111,0.7741935483870968,0.0,4.1577,4
8,50,dense_no_rerank,"RESOLUÇÃO Nº 14-2025-Aprova a Criação do Curso de Aperfeiçoamento Escola da Terra, no âmbito do Instituto Federal de Educação, Ciência e Tecnologia do Piauí (IFPI) e Anexo..pdf",Quando está previsto o início do curso Escola da Terra?,O início do curso Escola da Terra está previsto para março de 2025.,O Curso de Especialização Escola da Terra está previsto para iniciar no primeiro semestre de 2025.,0.6875,0.39999999999999997,0.625,0.625,0.36821398145189993,0.9271272420883179,0.9493149518966675,0.9380899667739868,0.7142857142857142,0.0,3.7314,4
8,50,dense_no_rerank,"RESOLUÇÃO Nº 14-2025-Aprova a Criação do Curso de Aperfeiçoamento Escola da Terra, no âmbito do Instituto Federal de Educação, Ciência e Tecnologia do Piauí (IFPI) e Anexo..pdf",Quem é o coordenador do curso Escola da Terra?,O coordenador do curso Escola da Terra é Gilson Mendes Araújo.,O coordenador do Curso Escola da Terra é Emanuel Alcântara da Silva.,0.6086956521739131,0.5714285714285713,0.6086956521739131,0.6086956521739131,0.2891784933232572,0.9072921872138977,0.9519469141960144,0.9290832877159119,0.7272727272727273,0.0,3.1245,4
8,50,dense_no_rerank,"RESOLUÇÃO NORMATIVA Nº 236-2025-Prorroga o Plano Diretor de Tecnologia da Informação e Comunicação (PDTIC-2022-2024), do Instituto Federal de Educação, Ciência e Tecnologia do Piauí (IFPI) e Anexo.pdf",Para qual exercício foi prorrogada a vigência do PDTIC-2022/2024 do IFPI?,A vigência do PDTIC-2022/2024 foi prorrogada para o exercício de 2025.,"O Plano Diretor de Tecnologia da Informação e Comunicação (PDTIC-2022/2024) do Instituto Federal de Educação, Ciência e Tecnologia do Piauí (IFPI) foi prorrogado para o exercício de 2025.",0.48000000000000004,0.2916666666666667,0.4,0.4,0.1690653646485627,0.8415287733078003,0.9482990503311157,0.8917292952537537,0.5405405405405406,0.0,5.2793,4
8,50,dense_no_rerank,"RESOLUÇÃO NORMATIVA Nº 236-2025-Prorroga o Plano Diretor de Tecnologia da Informação e Comunicação (PDTIC-2022-2024), do Instituto Federal de Educação, Ciência e Tecnologia do Piauí (IFPI) e Anexo.pdf",Qual resolução foi revogada pela Resolução Normativa nº 236 de 2025?,"Foi revogada a Resolução Normativa nº 133/2022 - CONSELHO SUPERIOR, de 29 de abril de 2022.",A Resolução Normativa nº 236 de 2025 revogou a Resolução NormaAva nº 206/2024.,0.3636363636363636,0.2580645161290323,0.3636363636363636,0.3636363636363636,0.0,0.916382372379303,0.8532021045684814,0.8836644291877747,0.41666666666666663,0.0,4.6053,4
8,50,dense_no_rerank,"RESOLUÇÃO NORMATIVA Nº 236-2025-Prorroga o Plano Diretor de Tecnologia da Informação e Comunicação (PDTIC-2022-2024), do Instituto Federal de Educação, Ciência e Tecnologia do Piauí (IFPI) e Anexo.pdf",Quais são as três fases da metodologia de elaboração do PDTIC descritas no documento?,"As três fases da metodologia de elaboração do PDTIC são Preparação, Diagnóstico e Planejamento.","As três fases da metodologia de elaboração do PDTIC são Preparação, Diagnóstico e Planejamento.",1.0,1.0,1.0,1.0,1.0,1.0,1.0,1.0,1.0,1.0,3.3906,4
8,50,dense_no_rerank,"RESOLUÇÃO NORMATIVA Nº 236-2025-Prorroga o Plano Diretor de Tecnologia da Informação e Comunicação (PDTIC-2022-2024), do Instituto Federal de Educação, Ciência e Tecnologia do Piauí (IFPI) e Anexo.pdf",Em que guia se baseou a metodologia de elaboração do PDTIC do IFPI?,"A metodologia de elaboração do PDTIC do IFPI baseou-se no Guia de PDTIC do SISP, versão 2.0, adaptado à realidade do IFPI.","A metodologia de elaboração do PDTIC do IFPI baseou-se no Guia de PDTIC do SISP, versão 2.0, adaptado à realidade do IFPI.",1.0,1.0,1.0,1.0,1.0,1.0,1.0,1.0,1.0,1.0,4.229,4
8,50,dense_no_rerank,"RESOLUÇÃO NORMATIVA Nº 223-2024-Atualiza a Regulamentação do planejamento e o registro das atividades acadêmicas dos docentes da Carreira do Magistério do Ensino Básico, Técnico e Tecnológico do IFPI.pdf",Quais são os regimes de trabalho previstos para os docentes do EBTT no IFPI?,"Os regimes de trabalho previstos são 40 horas com dedicação exclusiva, 40 horas e 20 horas semanais.","Os regimes de trabalho dos docentes do EBTT do IFPI são definidos de acordo com a Tabela de Atividades, e o Plano Semestral de Atividades Docentes (PSAD) deve totalizar a carga horária de cada regime de trabalho.",0.3103448275862069,0.14285714285714285,0.2758620689655173,0.2758620689655173,0.0686555146522301,0.82150799036026,0.8512675166130066,0.8361230492591858,0.3414634146341463,0.0,5.1044,4
8,50,dense_no_rerank,"RESOLUÇÃO NORMATIVA Nº 223-2024-Atualiza a Regulamentação do planejamento e o registro das atividades acadêmicas dos docentes da Carreira do Magistério do Ensino Básico, Técnico e Tecnológico do IFPI.pdf","Para cada hora de regência de aulas, quantas horas adicionais o docente computará para atividades de organização e apoio ao ensino?","Para cada hora de regência de aulas, o docente computará uma hora adicional para atividades de organização e apoio ao ensino.","Para cada hora de Regência de Aula, o docente computará uma hora adicional para atividades de Organização e Apoio ao Ensino.",0.9565217391304348,0.9090909090909091,0.9565217391304348,0.9565217391304348,0.5339935148604845,0.9223076105117798,0.942150354385376,0.9321234226226807,0.9411764705882353,0.0,3.7345,4
8,50,dense_no_rerank,"RESOLUÇÃO NORMATIVA Nº 218-2024-Estab. normas, critérios e proc. para a participação de docentes (DE) em atividades remuneradas.pdf","Qual é o limite anual de horas para a participação esporádica remunerada em palestras, conferências e atividades artísticas e culturais de docentes em dedicação exclusiva?",O limite anual é de 30 horas.,"O limite anual de horas para a participação esporádica remunerada em palestras, conferências, atividades artísticas e culturais de docentes em dedicação exclusiva não pode exceder a 30 horas anuais.",0.2926829268292683,0.20512820512820512,0.2926829268292683,0.2926829268292683,0.0,0.8036078810691833,0.9253432154655457,0.8601899147033691,0.375,0.0,4.6819,4
8,50,dense_no_rerank,"RESOLUÇÃO NORMATIVA Nº 218-2024-Estab. normas, critérios e proc. para a participação de docentes (DE) em atividades remuneradas.pdf",Qual é o limite de carga horária para atividades remuneradas eventuais previstas no artigo 7º da Resolução Normativa nº 218 de 2024?,As atividades remuneradas eventuais não podem exceder 8 horas semanais ou 416 horas anuais.,O limite de carga horária para a prestação institucional de serviços remunerada de um servidor não pode ultrapassar 8 (oito) horas semanais ou 416 (quatrocentas e dezesseis) horas anuais.,0.37499999999999994,0.21739130434782608,0.37499999999999994,0.37499999999999994,0.1049439266125276,0.8394305109977722,0.9174327850341797,0.8767000436782837,0.3589743589743589,0.0,4.9425,4
8,50,dense_no_rerank,"RESOLUÇÃO NORMATIVA Nº 217-2024-Atualiza o Regimento Interno da Comissão Permanente de Pessoal Docente (CPPD), no âmbito do Instituto Federal de Educação, Ciência e Tecnologia do Piauí (IFPI)..pdf",Como é composta a CPPD do IFPI em número de membros titulares e suplentes?,"A CPPD do IFPI é composta por 10 docentes, sendo 5 representantes titulares e 5 representantes suplentes.","A CPPD do IFPI é composta por dez docentes da carreira de Ensino Básico, Técnico e Tecnológico, sendo cinco representantes titulares e cinco representantes suplentes.",0.6046511627906976,0.3902439024390244,0.6046511627906976,0.6046511627906976,0.31645275923351984,0.9136143922805786,0.9827612638473511,0.9469271898269653,0.7027027027027029,0.0,4.1845,4
8,50,dense_no_rerank,"RESOLUÇÃO NORMATIVA Nº 217-2024-Atualiza o Regimento Interno da Comissão Permanente de Pessoal Docente (CPPD), no âmbito do Instituto Federal de Educação, Ciência e Tecnologia do Piauí (IFPI)..pdf",Qual é o mandato dos integrantes da CPPD do IFPI?,"O mandato dos integrantes da CPPD é de 4 anos, com possibilidade de uma única recondução por igual período.","Os integrantes da CPPD do IFPI terão mandato de 04 (quatro) anos, podendo haver uma única recondução por igual período.",0.6976744186046512,0.4878048780487805,0.6046511627906976,0.6046511627906976,0.3299895472527792,0.9243701696395874,0.944128692150116,0.9341450333595276,0.631578947368421,0.0,4.0101,4
8,50,dense_no_rerank,"RESOLUÇÃO Nº 27-2024-Aprova  a criação do curso de Qualificação Profissional, de Formação Inicial e Continuada (FIC) em Aquicultor, no âmbito do IFPI e Anexo.pdf",Quantas vagas são ofertadas no curso FIC em Aquicultor?,O curso FIC em Aquicultor oferta 40 vagas.,O curso de Qualificação Profissional - Formação Inicial e Continuada (FIC) em Aquicultor oferece 40 vagas.,0.56,0.34782608695652173,0.56,0.56,0.0,0.863581657409668,0.969627320766449,0.9135372638702393,0.608695652173913,0.0,3.7749,4
8,50,dense_no_rerank,"RESOLUÇÃO Nº 27-2024-Aprova  a criação do curso de Qualificação Profissional, de Formação Inicial e Continuada (FIC) em Aquicultor, no âmbito do IFPI e Anexo.pdf",Qual é a forma de acesso ao curso FIC em Aquicultor?,A forma de acesso ao curso FIC em Aquicultor é por meio de sorteio.,A forma de acesso ao curso FIC em Aquicultor exige que o candidato possua o Ensino Fundamental I (1º ao 5º ano) incompleto.,0.5,0.4705882352941177,0.5,0.5,0.31107972814824386,0.8755465745925903,0.9480505585670471,0.9103571772575378,0.5294117647058824,0.0,4.1112,4
8,50,dense_rerank,CURSO_SUPERIOR_DE_TECNOLOGIA_EM_ANÁLISE_E_DESENVOLVIMENTO_DE_SISTEMAS.pdf,Em que ano o Curso Superior de Tecnologia em Análise e Desenvolvimento de Sistemas foi criado no Campus de Picos?,O Curso Superior de Tecnologia em Análise e Desenvolvimento de Sistemas foi criado no Campus de Picos em 2013.,O Curso Superior de Tecnologia em Análise e Desenvolvimento de Sistemas foi criado no Campus de Picos em 2013.,1.0,1.0,1.0,1.0,1.0,0.9999999403953552,0.9999999403953552,0.9999999403953552,1.0,1.0,3.6897,4
8,50,dense_rerank,CURSO_SUPERIOR_DE_TECNOLOGIA_EM_ANÁLISE_E_DESENVOLVIMENTO_DE_SISTEMAS.pdf,Qual é a unidade de oferta do Curso Superior de Tecnologia em Análise e Desenvolvimento de Sistemas descrita no PPC?,A unidade de oferta do curso é o Campus Teresina Central.,"O Projeto Pedagógico do Curso Superior de Tecnologia em Análise e Desenvolvimento de Sistemas é fruto de um processo de reflexão e discussão coletiva, com participação dos professores e da comunidade acadêmica.",0.1702127659574468,0.04444444444444444,0.12765957446808512,0.12765957446808512,0.0,0.7909088134765625,0.8624572157859802,0.8251348733901978,0.2631578947368421,0.0,4.1732,4
8,50,dense_rerank,CURSO_SUPERIOR_DE_TECNOLOGIA_EM_ANÁLISE_E_DESENVOLVIMENTO_DE_SISTEMAS.pdf,Qual é a carga horária total do Curso Superior de Tecnologia em Análise e Desenvolvimento de Sistemas?,A carga horária total do curso é de 2100 horas.,"A carga horária total do Curso Superior de Tecnologia em Análise e Desenvolvimento de Sistemas é de 400 horas, distribuídas em 20 semanas.",0.5142857142857143,0.36363636363636365,0.5142857142857143,0.5142857142857143,0.17268932789342512,0.839600145816803,0.9638860821723938,0.8974605798721313,0.6,0.0,4.0124,4
8,50,dense_rerank,CURSO_SUPERIOR_DE_TECNOLOGIA_EM_ANÁLISE_E_DESENVOLVIMENTO_DE_SISTEMAS.pdf,Quantas vagas por ano são ofertadas no Curso Superior de Tecnologia em Análise e Desenvolvimento de Sistemas?,O curso oferta 40 vagas por ano.,O Curso Superior de Tecnologia em Análise e Desenvolvimento de Sistemas oferece 40 vagas no turno do período noturno para o primeiro semestre de 2025.,0.23529411764705882,0.125,0.23529411764705882,0.23529411764705882,0.0,0.816933274269104,0.9160752892494202,0.8636683821678162,0.27586206896551724,0.0,3.9465,4
8,50,dense_rerank,"RESOLUÇÃO Nº 14-2025-Aprova a Criação do Curso de Aperfeiçoamento Escola da Terra, no âmbito do Instituto Federal de Educação, Ciência e Tecnologia do Piauí (IFPI) e Anexo..pdf",Qual é a carga horária total do curso Escola da Terra?,A carga horária total do curso Escola da Terra é de 180 horas.,"A carga horária total do curso Escola da Terra é de 180 horas/aula presenciais, divididas em cinco módulos.",0.787878787878788,0.7741935483870968,0.787878787878788,0.787878787878788,0.5695988432761473,0.9143187999725342,0.9894363880157471,0.9503955841064453,0.8125000000000001,0.0,3.9799,4
8,50,dense_rerank,"RESOLUÇÃO Nº 14-2025-Aprova a Criação do Curso de Aperfeiçoamento Escola da Terra, no âmbito do Instituto Federal de Educação, Ciência e Tecnologia do Piauí (IFPI) e Anexo..pdf",Qual é a meta física do curso Escola da Terra em número de vagas?,A meta física do curso Escola da Terra é de 120 vagas.,A meta física do curso Escola da Terra é de 120 vagas para professoras e coordenadoras pedagógicas de turmas multisseriadas.,0.7272727272727273,0.7096774193548387,0.7272727272727273,0.7272727272727273,0.5471114295717522,0.8801493048667908,0.9877628684043884,0.9308561682701111,0.7741935483870968,0.0,4.3767,4
8,50,dense_rerank,"RESOLUÇÃO Nº 14-2025-Aprova a Criação do Curso de Aperfeiçoamento Escola da Terra, no âmbito do Instituto Federal de Educação, Ciência e Tecnologia do Piauí (IFPI) e Anexo..pdf",Quando está previsto o início do curso Escola da Terra?,O início do curso Escola da Terra está previsto para março de 2025.,O Curso Aperfeiçoamento Escola da Terra está autorizado a funcionar a partir do primeiro semestre de 2024.,0.4848484848484848,0.1935483870967742,0.42424242424242425,0.42424242424242425,0.1598921499894403,0.8659210801124573,0.9128432869911194,0.8887632489204407,0.5517241379310345,0.0,3.8244,4
8,50,dense_rerank,"RESOLUÇÃO Nº 14-2025-Aprova a Criação do Curso de Aperfeiçoamento Escola da Terra, no âmbito do Instituto Federal de Educação, Ciência e Tecnologia do Piauí (IFPI) e Anexo..pdf",Quem é o coordenador do curso Escola da Terra?,O coordenador do curso Escola da Terra é Gilson Mendes Araújo.,O coordenador do curso Escola da Terra é Emanuel Alcântara da Silva.,0.6086956521739131,0.5714285714285713,0.6086956521739131,0.6086956521739131,0.5760844201603896,0.9166338443756104,0.9614384174346924,0.9385016560554504,0.7272727272727273,0.0,3.16,4
8,50,dense_rerank,"RESOLUÇÃO NORMATIVA Nº 236-2025-Prorroga o Plano Diretor de Tecnologia da Informação e Comunicação (PDTIC-2022-2024), do Instituto Federal de Educação, Ciência e Tecnologia do Piauí (IFPI) e Anexo.pdf",Para qual exercício foi prorrogada a vigência do PDTIC-2022/2024 do IFPI?,A vigência do PDTIC-2022/2024 foi prorrogada para o exercício de 2025.,"O Plano Diretor de Tecnologia da Informação e Comunicação (PDTIC-2022/2024) do Instituto Federal de Educação, Ciência e Tecnologia do Piauí (IFPI) foi prorrogado para o exercício de 2025.",0.48000000000000004,0.2916666666666667,0.4,0.4,0.1690653646485627,0.8415287733078003,0.9482990503311157,0.8917292952537537,0.5405405405405406,0.0,5.3457,4
8,50,dense_rerank,"RESOLUÇÃO NORMATIVA Nº 236-2025-Prorroga o Plano Diretor de Tecnologia da Informação e Comunicação (PDTIC-2022-2024), do Instituto Federal de Educação, Ciência e Tecnologia do Piauí (IFPI) e Anexo.pdf",Qual resolução foi revogada pela Resolução Normativa nº 236 de 2025?,"Foi revogada a Resolução Normativa nº 133/2022 - CONSELHO SUPERIOR, de 29 de abril de 2022.",A Resolução Normativa nº 248 de 2025 revogou a Resolução Normativa nº 113/2024.,0.3636363636363636,0.2580645161290323,0.3636363636363636,0.3636363636363636,0.1371412313982141,0.9315725564956665,0.8553409576416016,0.8918307423591614,0.4347826086956522,0.0,4.8892,4
8,50,dense_rerank,"RESOLUÇÃO NORMATIVA Nº 236-2025-Prorroga o Plano Diretor de Tecnologia da Informação e Comunicação (PDTIC-2022-2024), do Instituto Federal de Educação, Ciência e Tecnologia do Piauí (IFPI) e Anexo.pdf",Quais são as três fases da metodologia de elaboração do PDTIC descritas no documento?,"As três fases da metodologia de elaboração do PDTIC são Preparação, Diagnóstico e Planejamento.","As três fases da metodologia de elaboração do PDTIC são: Preparação, Diagnóstico e Planejamento.",1.0,1.0,1.0,1.0,0.8282477531331041,0.9927828311920166,0.9966408014297485,0.9947080612182617,1.0,0.0,3.5062,4
8,50,dense_rerank,"RESOLUÇÃO NORMATIVA Nº 236-2025-Prorroga o Plano Diretor de Tecnologia da Informação e Comunicação (PDTIC-2022-2024), do Instituto Federal de Educação, Ciência e Tecnologia do Piauí (IFPI) e Anexo.pdf",Em que guia se baseou a metodologia de elaboração do PDTIC do IFPI?,"A metodologia de elaboração do PDTIC do IFPI baseou-se no Guia de PDTIC do SISP, versão 2.0, adaptado à realidade do IFPI.","A metodologia de elaboração do PDTIC do IFPI baseou-se no Guia de PDTIC do SISP, versão 2.0, adaptado à realidade do IFPI.",1.0,1.0,1.0,1.0,1.0,1.0,1.0,1.0,1.0,1.0,4.2816,4
8,50,dense_rerank,"RESOLUÇÃO NORMATIVA Nº 223-2024-Atualiza a Regulamentação do planejamento e o registro das atividades acadêmicas dos docentes da Carreira do Magistério do Ensino Básico, Técnico e Tecnológico do IFPI.pdf",Quais são os regimes de trabalho previstos para os docentes do EBTT no IFPI?,"Os regimes de trabalho previstos são 40 horas com dedicação exclusiva, 40 horas e 20 horas semanais.","Os docentes da carreira de Ensino Básico, Técnico e Tecnológico do IFPI são submetidos a um dos seguintes regimes de trabalho: tempo integral de 40 (quarenta) horas semanais com dedicação exclusiva (DE), tempo integral de 40 (quarenta) horas semanais, ou tempo parcial de 20 (vinte) horas semanais de trabalho.",0.4931506849315068,0.19718309859154928,0.410958904109589,0.410958904109589,0.0,0.8409399390220642,0.9313183426856995,0.8838246464729309,0.5531914893617021,0.0,6.8049,4
8,50,dense_rerank,"RESOLUÇÃO NORMATIVA Nº 223-2024-Atualiza a Regulamentação do planejamento e o registro das atividades acadêmicas dos docentes da Carreira do Magistério do Ensino Básico, Técnico e Tecnológico do IFPI.pdf","Para cada hora de regência de aulas, quantas horas adicionais o docente computará para atividades de organização e apoio ao ensino?","Para cada hora de regência de aulas, o docente computará uma hora adicional para atividades de organização e apoio ao ensino.","Os docentes orientadores poderão computar até duas horas de Regência de Aulas para atividades de orientação de projetos integradores, disciplinas do Núcleo Integrador ou do Núcleo Complementar, e atividades de extensão.",0.4,0.20689655172413793,0.3333333333333333,0.3333333333333333,0.0,0.834890604019165,0.8828171491622925,0.8581852316856384,0.2926829268292683,0.0,4.652,4
8,50,dense_rerank,"RESOLUÇÃO NORMATIVA Nº 218-2024-Estab. normas, critérios e proc. para a participação de docentes (DE) em atividades remuneradas.pdf","Qual é o limite anual de horas para a participação esporádica remunerada em palestras, conferências e atividades artísticas e culturais de docentes em dedicação exclusiva?",O limite anual é de 30 horas.,"O limite anual de horas para a participação esporádica remunerada em palestras, conferências, atividades artísticas e culturais de docentes em dedicação exclusiva é de 30 horas.",0.33333333333333337,0.29411764705882354,0.33333333333333337,0.33333333333333337,0.16110518603734317,0.8159887194633484,0.9578015804290771,0.8812262415885925,0.4827586206896552,0.0,4.4896,4
8,50,dense_rerank,"RESOLUÇÃO NORMATIVA Nº 218-2024-Estab. normas, critérios e proc. para a participação de docentes (DE) em atividades remuneradas.pdf",Qual é o limite de carga horária para atividades remuneradas eventuais previstas no artigo 7º da Resolução Normativa nº 218 de 2024?,As atividades remuneradas eventuais não podem exceder 8 horas semanais ou 416 horas anuais.,"O limite de carga horária para atividades remuneradas eventuais de servidor docente com dedicação exclusiva desenvolvendo atividades de prestação de serviços em projetos de ensino, pesquisa e extensão é de 8 (oito) horas semanais ou 416 (quatrocentas e dezesseis) horas anuais.",0.36666666666666664,0.20689655172413793,0.36666666666666664,0.36666666666666664,0.09209953959254491,0.8370878100395203,0.9211336970329285,0.8771019577980042,0.391304347826087,0.0,5.8006,4
8,50,dense_rerank,"RESOLUÇÃO NORMATIVA Nº 217-2024-Atualiza o Regimento Interno da Comissão Permanente de Pessoal Docente (CPPD), no âmbito do Instituto Federal de Educação, Ciência e Tecnologia do Piauí (IFPI)..pdf",Como é composta a CPPD do IFPI em número de membros titulares e suplentes?,"A CPPD do IFPI é composta por 10 docentes, sendo 5 representantes titulares e 5 representantes suplentes.","A CPPD do IFPI é composta por 10 (dez) docentes da carreira de Ensino Básico, Técnico e Tecnológico, sendo 05 (cinco) representantes titulares e 05 (cinco) representantes suplentes.",0.608695652173913,0.4090909090909091,0.608695652173913,0.608695652173913,0.2678611586875139,0.8902251720428467,0.9755249619483948,0.930925190448761,0.7179487179487181,0.0,5.0262,4
8,50,dense_rerank,"RESOLUÇÃO NORMATIVA Nº 217-2024-Atualiza o Regimento Interno da Comissão Permanente de Pessoal Docente (CPPD), no âmbito do Instituto Federal de Educação, Ciência e Tecnologia do Piauí (IFPI)..pdf",Qual é o mandato dos integrantes da CPPD do IFPI?,"O mandato dos integrantes da CPPD é de 4 anos, com possibilidade de uma única recondução por igual período.","Os integrantes da CPPD do IFPI têm mandato de 4 (quatro) anos, podendo haver uma única recondução por igual período.",0.6976744186046512,0.4878048780487805,0.6511627906976744,0.6511627906976744,0.3446913316729032,0.9351704120635986,0.9487611055374146,0.9419167041778564,0.6842105263157895,0.0,3.9084,4
8,50,dense_rerank,"RESOLUÇÃO Nº 27-2024-Aprova  a criação do curso de Qualificação Profissional, de Formação Inicial e Continuada (FIC) em Aquicultor, no âmbito do IFPI e Anexo.pdf",Quantas vagas são ofertadas no curso FIC em Aquicultor?,O curso FIC em Aquicultor oferta 40 vagas.,O curso de Qualificação Profissional - Formação Inicial e Continuada (FIC) em Aquicultor oferece 40 vagas.,0.56,0.34782608695652173,0.56,0.56,0.0,0.863581657409668,0.969627320766449,0.9135372638702393,0.608695652173913,0.0,3.8566,4
8,50,dense_rerank,"RESOLUÇÃO Nº 27-2024-Aprova  a criação do curso de Qualificação Profissional, de Formação Inicial e Continuada (FIC) em Aquicultor, no âmbito do IFPI e Anexo.pdf",Qual é a forma de acesso ao curso FIC em Aquicultor?,A forma de acesso ao curso FIC em Aquicultor é por meio de sorteio.,A forma de oferta do Curso de Qualificação Profissional - Formação Inicial e Continuada (FIC) em Aquicultor é presencial.,0.5,0.26666666666666666,0.4375,0.4375,0.0,0.8556186556816101,0.9247289299964905,0.8888323903083801,0.5333333333333333,0.0,3.985,4
8,50,bm25,CURSO_SUPERIOR_DE_TECNOLOGIA_EM_ANÁLISE_E_DESENVOLVIMENTO_DE_SISTEMAS.pdf,Em que ano o Curso Superior de Tecnologia em Análise e Desenvolvimento de Sistemas foi criado no Campus de Picos?,O Curso Superior de Tecnologia em Análise e Desenvolvimento de Sistemas foi criado no Campus de Picos em 2013.,O Curso Superior de Tecnologia em Análise e Desenvolvimento de Sistemas no Campus de Picos foi autorizado em 2013.,0.9500000000000001,0.7894736842105263,0.9,0.9,0.7172835948406505,0.9870268106460571,0.9908930659294128,0.9889561533927917,0.9375,0.0,3.5873,4
8,50,bm25,CURSO_SUPERIOR_DE_TECNOLOGIA_EM_ANÁLISE_E_DESENVOLVIMENTO_DE_SISTEMAS.pdf,Qual é a unidade de oferta do Curso Superior de Tecnologia em Análise e Desenvolvimento de Sistemas descrita no PPC?,A unidade de oferta do curso é o Campus Teresina Central.,"A unidade de oferta do Curso Superior de Tecnologia em Análise e Desenvolvimento de Sistemas descrita no PPC são os campi Teresina Central, Floriano, Picos, Corrente, Pedro II e Parnaíba.",0.41860465116279066,0.29268292682926833,0.41860465116279066,0.41860465116279066,0.11755743200908036,0.8304221630096436,0.945409893989563,0.8841931819915771,0.42105263157894735,0.0,4.4316,4
8,50,bm25,CURSO_SUPERIOR_DE_TECNOLOGIA_EM_ANÁLISE_E_DESENVOLVIMENTO_DE_SISTEMAS.pdf,Qual é a carga horária total do Curso Superior de Tecnologia em Análise e Desenvolvimento de Sistemas?,A carga horária total do curso é de 2100 horas.,"As atividades complementares do Curso Superior de Tecnologia em Análise e Desenvolvimento de Sistemas deverão ter o total de no mínimo cem horas, correspondente a 5% da carga horária total do curso.",0.391304347826087,0.22727272727272727,0.30434782608695654,0.30434782608695654,0.11117895489854909,0.81644606590271,0.9267646074295044,0.8681145906448364,0.43243243243243246,0.0,4.4104,4
8,50,bm25,CURSO_SUPERIOR_DE_TECNOLOGIA_EM_ANÁLISE_E_DESENVOLVIMENTO_DE_SISTEMAS.pdf,Quantas vagas por ano são ofertadas no Curso Superior de Tecnologia em Análise e Desenvolvimento de Sistemas?,O curso oferta 40 vagas por ano.,O Curso Superior de Tecnologia em Análise e Desenvolvimento de Sistemas possui uma oferta de 40 vagas por ano no turno vespertino.,0.4666666666666667,0.28571428571428575,0.4666666666666667,0.4666666666666667,0.11856660123276004,0.8411332964897156,0.957884669303894,0.8957206010818481,0.5185185185185185,0.0,3.5937,4
8,50,bm25,"RESOLUÇÃO Nº 14-2025-Aprova a Criação do Curso de Aperfeiçoamento Escola da Terra, no âmbito do Instituto Federal de Educação, Ciência e Tecnologia do Piauí (IFPI) e Anexo..pdf",Qual é a carga horária total do curso Escola da Terra?,A carga horária total do curso Escola da Terra é de 180 horas.,"O curso Escola da Terra está organizado com uma carga horária total de 294 horas destinadas ao estudo das disciplinas, acrescido de 66 horas destinadas a um Trabalho de Conclusão de Curso.",0.46808510638297873,0.26666666666666666,0.25531914893617025,0.25531914893617025,0.1077448900968642,0.8482507467269897,0.9352979063987732,0.8896501660346985,0.5128205128205128,0.0,4.5422,4
8,50,bm25,"RESOLUÇÃO Nº 14-2025-Aprova a Criação do Curso de Aperfeiçoamento Escola da Terra, no âmbito do Instituto Federal de Educação, Ciência e Tecnologia do Piauí (IFPI) e Anexo..pdf",Qual é a meta física do curso Escola da Terra em número de vagas?,A meta física do curso Escola da Terra é de 120 vagas.,O Curso Aperfeiçoamento Escola da Terra possui 30 vagas.,0.45454545454545453,0.19999999999999998,0.45454545454545453,0.45454545454545453,0.0,0.880872368812561,0.914977490901947,0.8976011276245117,0.4761904761904762,0.0,2.6734,4
8,50,bm25,"RESOLUÇÃO Nº 14-2025-Aprova a Criação do Curso de Aperfeiçoamento Escola da Terra, no âmbito do Instituto Federal de Educação, Ciência e Tecnologia do Piauí (IFPI) e Anexo..pdf",Quando está previsto o início do curso Escola da Terra?,O início do curso Escola da Terra está previsto para março de 2025.,Não encontrei essa informação no contexto fornecido.,0.16666666666666669,0.0,0.16666666666666669,0.16666666666666669,0.0,0.8219438791275024,0.8310289978981018,0.8264614343643188,0.0,0.0,2.6642,4
8,50,bm25,"RESOLUÇÃO Nº 14-2025-Aprova a Criação do Curso de Aperfeiçoamento Escola da Terra, no âmbito do Instituto Federal de Educação, Ciência e Tecnologia do Piauí (IFPI) e Anexo..pdf",Quem é o coordenador do curso Escola da Terra?,O coordenador do curso Escola da Terra é Gilson Mendes Araújo.,"O coordenador do curso Escola da Terra é um docente do campus, de área específica ou pedagógica do curso.",0.45161290322580644,0.41379310344827586,0.45161290322580644,0.45161290322580644,0.3386854985606571,0.900873601436615,0.9360523223876953,0.9181260466575623,0.5925925925925926,0.0,3.3181,4
8,50,bm25,"RESOLUÇÃO NORMATIVA Nº 236-2025-Prorroga o Plano Diretor de Tecnologia da Informação e Comunicação (PDTIC-2022-2024), do Instituto Federal de Educação, Ciência e Tecnologia do Piauí (IFPI) e Anexo.pdf",Para qual exercício foi prorrogada a vigência do PDTIC-2022/2024 do IFPI?,A vigência do PDTIC-2022/2024 foi prorrogada para o exercício de 2025.,O Plano de Desenvolvimento Institucional (PDI) do IFPI teve vigência de 2020 a 2024.,0.4666666666666667,0.07142857142857142,0.20000000000000004,0.20000000000000004,0.0,0.8483378887176514,0.8543418645858765,0.8513292670249939,0.46153846153846156,0.0,3.8924,4
8,50,bm25,"RESOLUÇÃO NORMATIVA Nº 236-2025-Prorroga o Plano Diretor de Tecnologia da Informação e Comunicação (PDTIC-2022-2024), do Instituto Federal de Educação, Ciência e Tecnologia do Piauí (IFPI) e Anexo.pdf",Qual resolução foi revogada pela Resolução Normativa nº 236 de 2025?,"Foi revogada a Resolução Normativa nº 133/2022 - CONSELHO SUPERIOR, de 29 de abril de 2022.",A Resolução Normativa nº 236 de 2025 revogou a Resolução Normativa nº 1/2020 do Conselho Superior.,0.4444444444444444,0.29411764705882354,0.3888888888888889,0.3888888888888889,0.13829483667905937,0.9247279167175293,0.8555519580841064,0.8887959718704224,0.5384615384615384,0.0,4.219,4
8,50,bm25,"RESOLUÇÃO NORMATIVA Nº 236-2025-Prorroga o Plano Diretor de Tecnologia da Informação e Comunicação (PDTIC-2022-2024), do Instituto Federal de Educação, Ciência e Tecnologia do Piauí (IFPI) e Anexo.pdf",Quais são as três fases da metodologia de elaboração do PDTIC descritas no documento?,"As três fases da metodologia de elaboração do PDTIC são Preparação, Diagnóstico e Planejamento.","As três fases da metodologia de elaboração do PDTIC são Preparação, Diagnóstico e Planejamento.",1.0,1.0,1.0,1.0,1.0,1.0,1.0,1.0,1.0,1.0,3.3341,4
8,50,bm25,"RESOLUÇÃO NORMATIVA Nº 236-2025-Prorroga o Plano Diretor de Tecnologia da Informação e Comunicação (PDTIC-2022-2024), do Instituto Federal de Educação, Ciência e Tecnologia do Piauí (IFPI) e Anexo.pdf",Em que guia se baseou a metodologia de elaboração do PDTIC do IFPI?,"A metodologia de elaboração do PDTIC do IFPI baseou-se no Guia de PDTIC do SISP, versão 2.0, adaptado à realidade do IFPI.","A metodologia utilizada para a elaboração do documento baseou-se no Guia de PDTIC do SISP, versão 2.0, adaptado à realidade do IFPI.",0.8399999999999999,0.75,0.8399999999999999,0.8399999999999999,0.7150762135853476,0.9745191931724548,0.9789811372756958,0.9767451286315918,0.923076923076923,0.0,4.1284,4
8,50,bm25,"RESOLUÇÃO NORMATIVA Nº 223-2024-Atualiza a Regulamentação do planejamento e o registro das atividades acadêmicas dos docentes da Carreira do Magistério do Ensino Básico, Técnico e Tecnológico do IFPI.pdf",Quais são os regimes de trabalho previstos para os docentes do EBTT no IFPI?,"Os regimes de trabalho previstos são 40 horas com dedicação exclusiva, 40 horas e 20 horas semanais.","Os regimes de trabalho previstos para os docentes do EBTT no IFPI são de tempo integral, com 40 horas semanais, ou tempo parcial, com 20 horas semanais.",0.5531914893617021,0.3555555555555555,0.5531914893617021,0.5531914893617021,0.2171788734284664,0.9010717272758484,0.9406071305274963,0.9204151034355164,0.6285714285714286,0.0,4.28,4
8,50,bm25,"RESOLUÇÃO NORMATIVA Nº 223-2024-Atualiza a Regulamentação do planejamento e o registro das atividades acadêmicas dos docentes da Carreira do Magistério do Ensino Básico, Técnico e Tecnológico do IFPI.pdf","Para cada hora de regência de aulas, quantas horas adicionais o docente computará para atividades de organização e apoio ao ensino?","Para cada hora de regência de aulas, o docente computará uma hora adicional para atividades de organização e apoio ao ensino.","Para cada hora de Regência de Aula, o docente computará uma hora de Organização e Apoio ao Ensino.",0.8837209302325583,0.7804878048780488,0.8837209302325583,0.8837209302325583,0.3414504535105491,0.9086815118789673,0.9197208881378174,0.9141678810119629,0.8749999999999999,0.0,3.6744,4
8,50,bm25,"RESOLUÇÃO NORMATIVA Nº 218-2024-Estab. normas, critérios e proc. para a participação de docentes (DE) em atividades remuneradas.pdf","Qual é o limite anual de horas para a participação esporádica remunerada em palestras, conferências e atividades artísticas e culturais de docentes em dedicação exclusiva?",O limite anual é de 30 horas.,"O limite anual de horas para a participação esporádica remunerada em palestras, conferências, atividades artísticas e culturais de docentes em dedicação exclusiva não pode exceder a 30 (trinta) horas anuais.",0.2857142857142857,0.15,0.2857142857142857,0.2857142857142857,0.0,0.7990579605102539,0.920907199382782,0.8556663990020752,0.36363636363636365,0.0,4.8282,4
8,50,bm25,"RESOLUÇÃO NORMATIVA Nº 218-2024-Estab. normas, critérios e proc. para a participação de docentes (DE) em atividades remuneradas.pdf",Qual é o limite de carga horária para atividades remuneradas eventuais previstas no artigo 7º da Resolução Normativa nº 218 de 2024?,As atividades remuneradas eventuais não podem exceder 8 horas semanais ou 416 horas anuais.,"O limite máximo da soma da remuneração, retribuições e bolsas percebidas pelos ocupantes de cargos, funções e empregos públicos não poderá exceder o maior valor recebido pelo funcionalismo público federal.",0.11538461538461539,0.04,0.11538461538461539,0.11538461538461539,0.0,0.8185205459594727,0.8523279428482056,0.8350822329521179,0.1,0.0,4.5905,4
8,50,bm25,"RESOLUÇÃO NORMATIVA Nº 217-2024-Atualiza o Regimento Interno da Comissão Permanente de Pessoal Docente (CPPD), no âmbito do Instituto Federal de Educação, Ciência e Tecnologia do Piauí (IFPI)..pdf",Como é composta a CPPD do IFPI em número de membros titulares e suplentes?,"A CPPD do IFPI é composta por 10 docentes, sendo 5 representantes titulares e 5 representantes suplentes.","A CPPD do IFPI é composta por chapas com dois docentes, sendo um titular e um suplente.",0.5625,0.4000000000000001,0.5625,0.5625,0.39670882908365773,0.9483709931373596,0.953549861907959,0.9509534239768982,0.6451612903225806,0.0,3.4708,4
8,50,bm25,"RESOLUÇÃO NORMATIVA Nº 217-2024-Atualiza o Regimento Interno da Comissão Permanente de Pessoal Docente (CPPD), no âmbito do Instituto Federal de Educação, Ciência e Tecnologia do Piauí (IFPI)..pdf",Qual é o mandato dos integrantes da CPPD do IFPI?,"O mandato dos integrantes da CPPD é de 4 anos, com possibilidade de uma única recondução por igual período.","O mandato dos integrantes da CPPD do IFPI é de 04 (quatro) anos, admitida uma única reeleição para período subsequente, não existindo limite para mandatos alternados.",0.5416666666666667,0.30434782608695654,0.5416666666666667,0.5416666666666667,0.20539509719773488,0.8868475556373596,0.9265609979629517,0.906269371509552,0.5581395348837209,0.0,4.54,4
8,50,bm25,"RESOLUÇÃO Nº 27-2024-Aprova  a criação do curso de Qualificação Profissional, de Formação Inicial e Continuada (FIC) em Aquicultor, no âmbito do IFPI e Anexo.pdf",Quantas vagas são ofertadas no curso FIC em Aquicultor?,O curso FIC em Aquicultor oferta 40 vagas.,Não encontrei essa informação no contexto fornecido.,0.11764705882352941,0.0,0.11764705882352941,0.11764705882352941,0.0,0.8231986165046692,0.8388471603393555,0.8309492468833923,0.0,0.0,2.7114,4
8,50,bm25,"RESOLUÇÃO Nº 27-2024-Aprova  a criação do curso de Qualificação Profissional, de Formação Inicial e Continuada (FIC) em Aquicultor, no âmbito do IFPI e Anexo.pdf",Qual é a forma de acesso ao curso FIC em Aquicultor?,A forma de acesso ao curso FIC em Aquicultor é por meio de sorteio.,"O acesso para o curso FIC será por meio de edital de seleção, e o processo seletivo ocorrerá através de prova escrita específica.",0.3589743589743589,0.16216216216216217,0.30769230769230776,0.30769230769230776,0.0,0.8822669386863708,0.8946717977523804,0.8884261250495911,0.37499999999999994,0.0,3.5802,4
8,50,tfidf,CURSO_SUPERIOR_DE_TECNOLOGIA_EM_ANÁLISE_E_DESENVOLVIMENTO_DE_SISTEMAS.pdf,Em que ano o Curso Superior de Tecnologia em Análise e Desenvolvimento de Sistemas foi criado no Campus de Picos?,O Curso Superior de Tecnologia em Análise e Desenvolvimento de Sistemas foi criado no Campus de Picos em 2013.,O Curso Superior de Tecnologia em Análise e Desenvolvimento de Sistemas foi criado no Campus de Picos em 2013.,1.0,1.0,1.0,1.0,1.0,0.9999999403953552,0.9999999403953552,0.9999999403953552,1.0,1.0,3.4954,4
8,50,tfidf,CURSO_SUPERIOR_DE_TECNOLOGIA_EM_ANÁLISE_E_DESENVOLVIMENTO_DE_SISTEMAS.pdf,Qual é a unidade de oferta do Curso Superior de Tecnologia em Análise e Desenvolvimento de Sistemas descrita no PPC?,A unidade de oferta do curso é o Campus Teresina Central.,O Curso Superior de Tecnologia em Análise e Desenvolvimento de Sistemas contribui com a demanda de profissionais para atuar no projeto e implementação de Sistemas de Informação de acordo com as necessidades institucionais.,0.1739130434782609,0.0,0.13043478260869565,0.13043478260869565,0.0,0.7902743220329285,0.8632662892341614,0.8251592516899109,0.2222222222222222,0.0,4.1308,4
8,50,tfidf,CURSO_SUPERIOR_DE_TECNOLOGIA_EM_ANÁLISE_E_DESENVOLVIMENTO_DE_SISTEMAS.pdf,Qual é a carga horária total do Curso Superior de Tecnologia em Análise e Desenvolvimento de Sistemas?,A carga horária total do curso é de 2100 horas.,Não encontrei essa informação no contexto fornecido.,0.0,0.0,0.0,0.0,0.0,0.8249529004096985,0.8356121182441711,0.8302482962608337,0.0,0.0,2.5098,4
8,50,tfidf,CURSO_SUPERIOR_DE_TECNOLOGIA_EM_ANÁLISE_E_DESENVOLVIMENTO_DE_SISTEMAS.pdf,Quantas vagas por ano são ofertadas no Curso Superior de Tecnologia em Análise e Desenvolvimento de Sistemas?,O curso oferta 40 vagas por ano.,"O Curso Superior de Tecnologia em Análise e Desenvolvimento de Sistemas teve uma oferta de 64 vagas, distribuídas igualmente entre os turnos tarde e noite.",0.23529411764705882,0.0625,0.23529411764705882,0.23529411764705882,0.0,0.8184553384780884,0.9159019589424133,0.8644410371780396,0.27586206896551724,0.0,3.655,4
8,50,tfidf,"RESOLUÇÃO Nº 14-2025-Aprova a Criação do Curso de Aperfeiçoamento Escola da Terra, no âmbito do Instituto Federal de Educação, Ciência e Tecnologia do Piauí (IFPI) e Anexo..pdf",Qual é a carga horária total do curso Escola da Terra?,A carga horária total do curso Escola da Terra é de 180 horas.,"A carga horária total do Curso de Educação do Campo e Quilombola, ação Escola da Terra, é de 495 horas, sendo 257 horas no Tempo Universidade e 103 horas no Tempo Escola/Comunidade.",0.5000000000000001,0.39130434782608703,0.5000000000000001,0.5000000000000001,0.13955755489048927,0.8856045007705688,0.9613465070724487,0.9219224452972412,0.631578947368421,0.0,5.2528,4
8,50,tfidf,"RESOLUÇÃO Nº 14-2025-Aprova a Criação do Curso de Aperfeiçoamento Escola da Terra, no âmbito do Instituto Federal de Educação, Ciência e Tecnologia do Piauí (IFPI) e Anexo..pdf",Qual é a meta física do curso Escola da Terra em número de vagas?,A meta física do curso Escola da Terra é de 120 vagas.,"O curso Escola da Terra possui 60 vagas para Professores da Educação Básica - Escolas do Campo, que possuem certificação em curso de aperfeiçoamento (mínimo de 180).",0.37209302325581395,0.14634146341463417,0.2325581395348837,0.2325581395348837,0.08928953574702554,0.8402918577194214,0.9158283472061157,0.8764355182647705,0.4,0.0,4.5475,4
8,50,tfidf,"RESOLUÇÃO Nº 14-2025-Aprova a Criação do Curso de Aperfeiçoamento Escola da Terra, no âmbito do Instituto Federal de Educação, Ciência e Tecnologia do Piauí (IFPI) e Anexo..pdf",Quando está previsto o início do curso Escola da Terra?,O início do curso Escola da Terra está previsto para março de 2025.,O Curso Aperfeiçoamento Escola da Terra está previsto para iniciar no primeiro semestre de 2024.,0.5806451612903225,0.3448275862068965,0.5806451612903225,0.5806451612903225,0.3334477432809602,0.8885897397994995,0.9396146535873413,0.9133901596069336,0.6428571428571429,0.0,3.4192,4
8,50,tfidf,"RESOLUÇÃO Nº 14-2025-Aprova a Criação do Curso de Aperfeiçoamento Escola da Terra, no âmbito do Instituto Federal de Educação, Ciência e Tecnologia do Piauí (IFPI) e Anexo..pdf",Quem é o coordenador do curso Escola da Terra?,O coordenador do curso Escola da Terra é Gilson Mendes Araújo.,Não encontrei essa informação no contexto fornecido.,0.09999999999999999,0.0,0.09999999999999999,0.09999999999999999,0.0,0.8250470161437988,0.8430057168006897,0.833929717540741,0.0,0.0,2.8822,4
8,50,tfidf,"RESOLUÇÃO NORMATIVA Nº 236-2025-Prorroga o Plano Diretor de Tecnologia da Informação e Comunicação (PDTIC-2022-2024), do Instituto Federal de Educação, Ciência e Tecnologia do Piauí (IFPI) e Anexo.pdf",Para qual exercício foi prorrogada a vigência do PDTIC-2022/2024 do IFPI?,A vigência do PDTIC-2022/2024 foi prorrogada para o exercício de 2025.,O Plano Diretor de Tecnologia da Informação e Comunicação (PDTIC-2022/2024) do IFPI foi prorrogado por meio da Resolução Normativa nº 236-2025.,0.38095238095238093,0.1,0.2857142857142857,0.2857142857142857,0.0,0.8385323882102966,0.8902472853660583,0.8636163473129272,0.4444444444444444,0.0,4.9485,4
8,50,tfidf,"RESOLUÇÃO NORMATIVA Nº 236-2025-Prorroga o Plano Diretor de Tecnologia da Informação e Comunicação (PDTIC-2022-2024), do Instituto Federal de Educação, Ciência e Tecnologia do Piauí (IFPI) e Anexo.pdf",Qual resolução foi revogada pela Resolução Normativa nº 236 de 2025?,"Foi revogada a Resolução Normativa nº 133/2022 - CONSELHO SUPERIOR, de 29 de abril de 2022.",A Resolução Normativa nº 236 de 2025 revogou a Resolução nº 111/2025.,0.37500000000000006,0.26666666666666666,0.37500000000000006,0.37500000000000006,0.0,0.9381101131439209,0.8576550483703613,0.8960802555084229,0.4545454545454546,0.0,3.1834,4
8,50,tfidf,"RESOLUÇÃO NORMATIVA Nº 236-2025-Prorroga o Plano Diretor de Tecnologia da Informação e Comunicação (PDTIC-2022-2024), do Instituto Federal de Educação, Ciência e Tecnologia do Piauí (IFPI) e Anexo.pdf",Quais são as três fases da metodologia de elaboração do PDTIC descritas no documento?,"As três fases da metodologia de elaboração do PDTIC são Preparação, Diagnóstico e Planejamento.","As três fases da metodologia de elaboração do PDTIC descritas no documento são: Preparação, Diagnóstico e, por fim, a fase não especificada após o Diagnóstico.",0.6923076923076923,0.64,0.6923076923076923,0.6923076923076923,0.3545649986147617,0.9126512408256531,0.9584945440292358,0.9350113272666931,0.6842105263157894,0.0,4.1753,4
8,50,tfidf,"RESOLUÇÃO NORMATIVA Nº 236-2025-Prorroga o Plano Diretor de Tecnologia da Informação e Comunicação (PDTIC-2022-2024), do Instituto Federal de Educação, Ciência e Tecnologia do Piauí (IFPI) e Anexo.pdf",Em que guia se baseou a metodologia de elaboração do PDTIC do IFPI?,"A metodologia de elaboração do PDTIC do IFPI baseou-se no Guia de PDTIC do SISP, versão 2.0, adaptado à realidade do IFPI.","A metodologia de elaboração do PDTIC do IFPI se baseou em documentos de referência, estratégias da organização, princípios e diretrizes, além da Instrução Normativa SGD/ME Nº 31/2021, entre outros instrumentos de planejamento da instituição.",0.3768115942028986,0.2388059701492537,0.34782608695652173,0.34782608695652173,0.17078893748090399,0.8468525409698486,0.8980249762535095,0.8716883063316345,0.3673469387755102,0.0,5.2055,4
8,50,tfidf,"RESOLUÇÃO NORMATIVA Nº 223-2024-Atualiza a Regulamentação do planejamento e o registro das atividades acadêmicas dos docentes da Carreira do Magistério do Ensino Básico, Técnico e Tecnológico do IFPI.pdf",Quais são os regimes de trabalho previstos para os docentes do EBTT no IFPI?,"Os regimes de trabalho previstos são 40 horas com dedicação exclusiva, 40 horas e 20 horas semanais.","Os regimes de trabalho previstos para os docentes do EBTT no IFPI são de tempo integral, com 40 horas semanais, ou tempo parcial, com 20 horas semanais.",0.5531914893617021,0.3555555555555555,0.5531914893617021,0.5531914893617021,0.2171788734284664,0.9010717272758484,0.9406071305274963,0.9204151034355164,0.6285714285714286,0.0,4.3534,4
8,50,tfidf,"RESOLUÇÃO NORMATIVA Nº 223-2024-Atualiza a Regulamentação do planejamento e o registro das atividades acadêmicas dos docentes da Carreira do Magistério do Ensino Básico, Técnico e Tecnológico do IFPI.pdf","Para cada hora de regência de aulas, quantas horas adicionais o docente computará para atividades de organização e apoio ao ensino?","Para cada hora de regência de aulas, o docente computará uma hora adicional para atividades de organização e apoio ao ensino.","Para cada hora de Regência de Aula, o docente computará uma hora de Organização e Apoio ao Ensino.",0.8837209302325583,0.7804878048780488,0.8837209302325583,0.8837209302325583,0.3414504535105491,0.9086815118789673,0.9197208881378174,0.9141678810119629,0.8749999999999999,0.0,3.5996,4
8,50,tfidf,"RESOLUÇÃO NORMATIVA Nº 218-2024-Estab. normas, critérios e proc. para a participação de docentes (DE) em atividades remuneradas.pdf","Qual é o limite anual de horas para a participação esporádica remunerada em palestras, conferências e atividades artísticas e culturais de docentes em dedicação exclusiva?",O limite anual é de 30 horas.,"O limite anual de horas para a participação esporádica remunerada em palestras, conferências, atividades artísticas e culturais de docentes em dedicação exclusiva não pode exceder a 30 horas anuais.",0.2926829268292683,0.20512820512820512,0.2926829268292683,0.2926829268292683,0.0,0.8036078810691833,0.9253432154655457,0.8601899147033691,0.375,0.0,4.4666,4
8,50,tfidf,"RESOLUÇÃO NORMATIVA Nº 218-2024-Estab. normas, critérios e proc. para a participação de docentes (DE) em atividades remuneradas.pdf",Qual é o limite de carga horária para atividades remuneradas eventuais previstas no artigo 7º da Resolução Normativa nº 218 de 2024?,As atividades remuneradas eventuais não podem exceder 8 horas semanais ou 416 horas anuais.,Não encontrei essa informação no contexto fornecido.,0.16666666666666669,0.09090909090909091,0.16666666666666669,0.16666666666666669,0.0,0.8233992457389832,0.8057843446731567,0.814496636390686,0.1,0.0,2.9386,4
8,50,tfidf,"RESOLUÇÃO NORMATIVA Nº 217-2024-Atualiza o Regimento Interno da Comissão Permanente de Pessoal Docente (CPPD), no âmbito do Instituto Federal de Educação, Ciência e Tecnologia do Piauí (IFPI)..pdf",Como é composta a CPPD do IFPI em número de membros titulares e suplentes?,"A CPPD do IFPI é composta por 10 docentes, sendo 5 representantes titulares e 5 representantes suplentes.","A CPPD do IFPI terá membros titulares e suplentes, sendo que o registro da candidatura ocorrerá por chapa composta por dois docentes, com indicação do titular e suplente.",0.4888888888888889,0.23255813953488372,0.35555555555555557,0.35555555555555557,0.12459714829009788,0.8989600539207458,0.9330469369888306,0.9156864285469055,0.5499999999999999,0.0,4.2705,4
8,50,tfidf,"RESOLUÇÃO NORMATIVA Nº 217-2024-Atualiza o Regimento Interno da Comissão Permanente de Pessoal Docente (CPPD), no âmbito do Instituto Federal de Educação, Ciência e Tecnologia do Piauí (IFPI)..pdf",Qual é o mandato dos integrantes da CPPD do IFPI?,"O mandato dos integrantes da CPPD é de 4 anos, com possibilidade de uma única recondução por igual período.",O mandato dos integrantes da CPPD do IFPI não é especificado no contexto fornecido.,0.4117647058823529,0.3125,0.4117647058823529,0.4117647058823529,0.23321503395334311,0.8847048282623291,0.8674375414848328,0.8759860992431641,0.43750000000000006,0.0,3.1926,4
8,50,tfidf,"RESOLUÇÃO Nº 27-2024-Aprova  a criação do curso de Qualificação Profissional, de Formação Inicial e Continuada (FIC) em Aquicultor, no âmbito do IFPI e Anexo.pdf",Quantas vagas são ofertadas no curso FIC em Aquicultor?,O curso FIC em Aquicultor oferta 40 vagas.,O curso de Qualificação Profissional - Formação Inicial e Continuada (FIC) em Aquicultor oferece 40 vagas.,0.56,0.34782608695652173,0.56,0.56,0.0,0.863581657409668,0.969627320766449,0.9135372638702393,0.608695652173913,0.0,3.8616,4
8,50,tfidf,"RESOLUÇÃO Nº 27-2024-Aprova  a criação do curso de Qualificação Profissional, de Formação Inicial e Continuada (FIC) em Aquicultor, no âmbito do IFPI e Anexo.pdf",Qual é a forma de acesso ao curso FIC em Aquicultor?,A forma de acesso ao curso FIC em Aquicultor é por meio de sorteio.,"Para acessar o curso FIC em Aquicultor, o requisito de acesso é ter o Ensino Fundamental I (1º ao 5º ano) incompleto.",0.41176470588235287,0.25,0.2941176470588235,0.2941176470588235,0.11902001907030836,0.8612419962882996,0.9266527891159058,0.8927508592605591,0.4848484848484849,0.0,4.0794,4
9,51,dense_no_rerank,CURSO_SUPERIOR_DE_TECNOLOGIA_EM_ANÁLISE_E_DESENVOLVIMENTO_DE_SISTEMAS.pdf,Em que ano o Curso Superior de Tecnologia em Análise e Desenvolvimento de Sistemas foi criado no Campus de Picos?,O Curso Superior de Tecnologia em Análise e Desenvolvimento de Sistemas foi criado no Campus de Picos em 2013.,O Curso Superior de Tecnologia em Análise e Desenvolvimento de Sistemas foi criado no Campus de Picos em 2013.,1.0,1.0,1.0,1.0,1.0,0.9999999403953552,0.9999999403953552,0.9999999403953552,1.0,1.0,3.8207,4
9,51,dense_no_rerank,CURSO_SUPERIOR_DE_TECNOLOGIA_EM_ANÁLISE_E_DESENVOLVIMENTO_DE_SISTEMAS.pdf,Qual é a unidade de oferta do Curso Superior de Tecnologia em Análise e Desenvolvimento de Sistemas descrita no PPC?,A unidade de oferta do curso é o Campus Teresina Central.,A unidade da oferta do Curso Superior de Tecnologia em Análise e Desenvolvimento de Sistemas é o Campus Teresina Central.,0.6666666666666666,0.42857142857142855,0.6,0.6,0.28320384389628495,0.8714810013771057,0.9715954065322876,0.9188191294670105,0.7333333333333334,0.0,3.4909,4
9,51,dense_no_rerank,CURSO_SUPERIOR_DE_TECNOLOGIA_EM_ANÁLISE_E_DESENVOLVIMENTO_DE_SISTEMAS.pdf,Qual é a carga horária total do Curso Superior de Tecnologia em Análise e Desenvolvimento de Sistemas?,A carga horária total do curso é de 2100 horas.,A carga horária total do Curso Superior de Tecnologia em Sistemas para Internet é de 2.100 horas.,0.6428571428571429,0.46153846153846156,0.6428571428571429,0.6428571428571429,0.25772294506990867,0.8713124394416809,0.9634993672370911,0.915090024471283,0.6666666666666667,0.0,3.562,4
9,51,dense_no_rerank,CURSO_SUPERIOR_DE_TECNOLOGIA_EM_ANÁLISE_E_DESENVOLVIMENTO_DE_SISTEMAS.pdf,Quantas vagas por ano são ofertadas no Curso Superior de Tecnologia em Análise e Desenvolvimento de Sistemas?,O curso oferta 40 vagas por ano.,O Curso Superior de Tecnologia em Análise e Desenvolvimento de Sistemas oferece 40 vagas por ano no turno vespertino.,0.4444444444444444,0.32,0.4444444444444444,0.4444444444444444,0.1326475916741222,0.8291540145874023,0.955398440361023,0.8878107666969299,0.48,0.0,3.5974,4
9,51,dense_no_rerank,"RESOLUÇÃO Nº 14-2025-Aprova a Criação do Curso de Aperfeiçoamento Escola da Terra, no âmbito do Instituto Federal de Educação, Ciência e Tecnologia do Piauí (IFPI) e Anexo..pdf",Qual é a carga horária total do curso Escola da Terra?,A carga horária total do curso Escola da Terra é de 180 horas.,A carga horária total do curso Escola da Terra é de 180 horas.,1.0,1.0,1.0,1.0,1.0,1.0,1.0,1.0,1.0,1.0,3.5079,4
9,51,dense_no_rerank,"RESOLUÇÃO Nº 14-2025-Aprova a Criação do Curso de Aperfeiçoamento Escola da Terra, no âmbito do Instituto Federal de Educação, Ciência e Tecnologia do Piauí (IFPI) e Anexo..pdf",Qual é a meta física do curso Escola da Terra em número de vagas?,A meta física do curso Escola da Terra é de 120 vagas.,A meta física do curso Escola da Terra é de 120 vagas para professoras e coordenadoras pedagógicas de turmas multisseriadas.,0.7272727272727273,0.7096774193548387,0.7272727272727273,0.7272727272727273,0.5471114295717522,0.8801493048667908,0.9877628684043884,0.9308561682701111,0.7741935483870968,0.0,4.1539,4
9,51,dense_no_rerank,"RESOLUÇÃO Nº 14-2025-Aprova a Criação do Curso de Aperfeiçoamento Escola da Terra, no âmbito do Instituto Federal de Educação, Ciência e Tecnologia do Piauí (IFPI) e Anexo..pdf",Quando está previsto o início do curso Escola da Terra?,O início do curso Escola da Terra está previsto para março de 2025.,O Curso de Especialização Escola da Terra está previsto para iniciar no primeiro semestre de 2025.,0.6875,0.39999999999999997,0.625,0.625,0.36821398145189993,0.9271272420883179,0.9493149518966675,0.9380899667739868,0.7142857142857142,0.0,3.7228,4
9,51,dense_no_rerank,"RESOLUÇÃO Nº 14-2025-Aprova a Criação do Curso de Aperfeiçoamento Escola da Terra, no âmbito do Instituto Federal de Educação, Ciência e Tecnologia do Piauí (IFPI) e Anexo..pdf",Quem é o coordenador do curso Escola da Terra?,O coordenador do curso Escola da Terra é Gilson Mendes Araújo.,O coordenador do curso Escola da Terra é Emanuel Alcântara da Silva.,0.6086956521739131,0.5714285714285713,0.6086956521739131,0.6086956521739131,0.5760844201603896,0.9166338443756104,0.9614384174346924,0.9385016560554504,0.7272727272727273,0.0,3.1195,4
9,51,dense_no_rerank,"RESOLUÇÃO NORMATIVA Nº 236-2025-Prorroga o Plano Diretor de Tecnologia da Informação e Comunicação (PDTIC-2022-2024), do Instituto Federal de Educação, Ciência e Tecnologia do Piauí (IFPI) e Anexo.pdf",Para qual exercício foi prorrogada a vigência do PDTIC-2022/2024 do IFPI?,A vigência do PDTIC-2022/2024 foi prorrogada para o exercício de 2025.,"O Plano Diretor de Tecnologia da Informação e Comunicação (PDTIC-2022/2024) do Instituto Federal de Educação, Ciência e Tecnologia do Piauí (IFPI) foi prorrogado para o exercício de 2025.",0.48000000000000004,0.2916666666666667,0.4,0.4,0.1690653646485627,0.8415287733078003,0.9482990503311157,0.8917292952537537,0.5405405405405406,0.0,5.2983,4
9,51,dense_no_rerank,"RESOLUÇÃO NORMATIVA Nº 236-2025-Prorroga o Plano Diretor de Tecnologia da Informação e Comunicação (PDTIC-2022-2024), do Instituto Federal de Educação, Ciência e Tecnologia do Piauí (IFPI) e Anexo.pdf",Qual resolução foi revogada pela Resolução Normativa nº 236 de 2025?,"Foi revogada a Resolução Normativa nº 133/2022 - CONSELHO SUPERIOR, de 29 de abril de 2022.",A Resolução Normativa nº 236 de 2025 revogou a Resolução NormaAva nº 206/2024 do Conselho Superior.,0.4444444444444444,0.29411764705882354,0.3888888888888889,0.3888888888888889,0.0,0.906457781791687,0.8535228967666626,0.8791942596435547,0.5185185185185186,0.0,4.7604,4
9,51,dense_no_rerank,"RESOLUÇÃO NORMATIVA Nº 236-2025-Prorroga o Plano Diretor de Tecnologia da Informação e Comunicação (PDTIC-2022-2024), do Instituto Federal de Educação, Ciência e Tecnologia do Piauí (IFPI) e Anexo.pdf",Quais são as três fases da metodologia de elaboração do PDTIC descritas no documento?,"As três fases da metodologia de elaboração do PDTIC são Preparação, Diagnóstico e Planejamento.","As três fases da metodologia de elaboração do PDTIC são Preparação, Diagnóstico e Planejamento.",1.0,1.0,1.0,1.0,1.0,1.0,1.0,1.0,1.0,1.0,3.3834,4
9,51,dense_no_rerank,"RESOLUÇÃO NORMATIVA Nº 236-2025-Prorroga o Plano Diretor de Tecnologia da Informação e Comunicação (PDTIC-2022-2024), do Instituto Federal de Educação, Ciência e Tecnologia do Piauí (IFPI) e Anexo.pdf",Em que guia se baseou a metodologia de elaboração do PDTIC do IFPI?,"A metodologia de elaboração do PDTIC do IFPI baseou-se no Guia de PDTIC do SISP, versão 2.0, adaptado à realidade do IFPI.","A metodologia de elaboração do PDTIC do IFPI baseou-se no Guia de PDTIC do SISP, versão 2.0, adaptado à realidade do IFPI.",1.0,1.0,1.0,1.0,1.0,1.0,1.0,1.0,1.0,1.0,4.2329,4
9,51,dense_no_rerank,"RESOLUÇÃO NORMATIVA Nº 223-2024-Atualiza a Regulamentação do planejamento e o registro das atividades acadêmicas dos docentes da Carreira do Magistério do Ensino Básico, Técnico e Tecnológico do IFPI.pdf",Quais são os regimes de trabalho previstos para os docentes do EBTT no IFPI?,"Os regimes de trabalho previstos são 40 horas com dedicação exclusiva, 40 horas e 20 horas semanais.","Os regimes de trabalho para os docentes do EBTT do IFPI são definidos de acordo com a Tabela de Atividades, e o Plano Semestral de Atividades Docentes (PSAD) deve totalizar a carga horária de cada regime de trabalho.",0.30508474576271183,0.14035087719298245,0.2711864406779661,0.2711864406779661,0.06695900686562914,0.8216652870178223,0.8533812761306763,0.8372229933738708,0.3414634146341463,0.0,5.1559,4
9,51,dense_no_rerank,"RESOLUÇÃO NORMATIVA Nº 223-2024-Atualiza a Regulamentação do planejamento e o registro das atividades acadêmicas dos docentes da Carreira do Magistério do Ensino Básico, Técnico e Tecnológico do IFPI.pdf","Para cada hora de regência de aulas, quantas horas adicionais o docente computará para atividades de organização e apoio ao ensino?","Para cada hora de regência de aulas, o docente computará uma hora adicional para atividades de organização e apoio ao ensino.","Para cada hora de Regência de Aula, o docente computará uma hora adicional para atividades de Organização e Apoio ao Ensino.",0.9565217391304348,0.9090909090909091,0.9565217391304348,0.9565217391304348,0.5339935148604845,0.9223076105117798,0.942150354385376,0.9321234226226807,0.9411764705882353,0.0,3.7497,4
9,51,dense_no_rerank,"RESOLUÇÃO NORMATIVA Nº 218-2024-Estab. normas, critérios e proc. para a participação de docentes (DE) em atividades remuneradas.pdf","Qual é o limite anual de horas para a participação esporádica remunerada em palestras, conferências e atividades artísticas e culturais de docentes em dedicação exclusiva?",O limite anual é de 30 horas.,"O limite anual de horas para a participação esporádica remunerada em palestras, conferências, atividades artísticas e culturais de docentes em dedicação exclusiva não pode exceder a 30 horas anuais.",0.2926829268292683,0.20512820512820512,0.2926829268292683,0.2926829268292683,0.0,0.8036078810691833,0.9253432154655457,0.8601899147033691,0.375,0.0,4.6697,4
9,51,dense_no_rerank,"RESOLUÇÃO NORMATIVA Nº 218-2024-Estab. normas, critérios e proc. para a participação de docentes (DE) em atividades remuneradas.pdf",Qual é o limite de carga horária para atividades remuneradas eventuais previstas no artigo 7º da Resolução Normativa nº 218 de 2024?,As atividades remuneradas eventuais não podem exceder 8 horas semanais ou 416 horas anuais.,O limite de carga horária para a prestação institucional de serviços remunerada de um servidor não pode ultrapassar 8 (oito) horas semanais ou 416 (quatrocentas e dezesseis) horas anuais.,0.37499999999999994,0.21739130434782608,0.37499999999999994,0.37499999999999994,0.1049439266125276,0.8394305109977722,0.9174327850341797,0.8767000436782837,0.3589743589743589,0.0,4.9517,4
9,51,dense_no_rerank,"RESOLUÇÃO NORMATIVA Nº 217-2024-Atualiza o Regimento Interno da Comissão Permanente de Pessoal Docente (CPPD), no âmbito do Instituto Federal de Educação, Ciência e Tecnologia do Piauí (IFPI)..pdf",Como é composta a CPPD do IFPI em número de membros titulares e suplentes?,"A CPPD do IFPI é composta por 10 docentes, sendo 5 representantes titulares e 5 representantes suplentes.","A CPPD do IFPI é composta por dez docentes da carreira de Ensino Básico, Técnico e Tecnológico, sendo cinco representantes titulares e cinco representantes suplentes.",0.6046511627906976,0.3902439024390244,0.6046511627906976,0.6046511627906976,0.31645275923351984,0.9136143922805786,0.9827612638473511,0.9469271898269653,0.7027027027027029,0.0,4.1762,4
9,51,dense_no_rerank,"RESOLUÇÃO NORMATIVA Nº 217-2024-Atualiza o Regimento Interno da Comissão Permanente de Pessoal Docente (CPPD), no âmbito do Instituto Federal de Educação, Ciência e Tecnologia do Piauí (IFPI)..pdf",Qual é o mandato dos integrantes da CPPD do IFPI?,"O mandato dos integrantes da CPPD é de 4 anos, com possibilidade de uma única recondução por igual período.","Os integrantes da CPPD do IFPI terão mandato de 04 (quatro) anos, podendo haver uma única recondução por igual período.",0.6976744186046512,0.4878048780487805,0.6046511627906976,0.6046511627906976,0.3299895472527792,0.9243701696395874,0.944128692150116,0.9341450333595276,0.631578947368421,0.0,4.0279,4
9,51,dense_no_rerank,"RESOLUÇÃO Nº 27-2024-Aprova  a criação do curso de Qualificação Profissional, de Formação Inicial e Continuada (FIC) em Aquicultor, no âmbito do IFPI e Anexo.pdf",Quantas vagas são ofertadas no curso FIC em Aquicultor?,O curso FIC em Aquicultor oferta 40 vagas.,O curso de Qualificação Profissional - Formação Inicial e Continuada (FIC) em Aquicultor oferece 40 vagas.,0.56,0.34782608695652173,0.56,0.56,0.0,0.863581657409668,0.969627320766449,0.9135372638702393,0.608695652173913,0.0,3.7727,4
9,51,dense_no_rerank,"RESOLUÇÃO Nº 27-2024-Aprova  a criação do curso de Qualificação Profissional, de Formação Inicial e Continuada (FIC) em Aquicultor, no âmbito do IFPI e Anexo.pdf",Qual é a forma de acesso ao curso FIC em Aquicultor?,A forma de acesso ao curso FIC em Aquicultor é por meio de sorteio.,A forma de acesso ao curso FIC em Aquicultor exige que o candidato possua o Ensino Fundamental I (1º ao 5º ano) incompleto.,0.5,0.4705882352941177,0.5,0.5,0.31107972814824386,0.8755465745925903,0.9480505585670471,0.9103571772575378,0.5294117647058824,0.0,4.099,4
9,51,dense_rerank,CURSO_SUPERIOR_DE_TECNOLOGIA_EM_ANÁLISE_E_DESENVOLVIMENTO_DE_SISTEMAS.pdf,Em que ano o Curso Superior de Tecnologia em Análise e Desenvolvimento de Sistemas foi criado no Campus de Picos?,O Curso Superior de Tecnologia em Análise e Desenvolvimento de Sistemas foi criado no Campus de Picos em 2013.,O Curso Superior de Tecnologia em Análise e Desenvolvimento de Sistemas foi criado no Campus de Picos em 2013.,1.0,1.0,1.0,1.0,1.0,0.9999999403953552,0.9999999403953552,0.9999999403953552,1.0,1.0,3.7013,4
9,51,dense_rerank,CURSO_SUPERIOR_DE_TECNOLOGIA_EM_ANÁLISE_E_DESENVOLVIMENTO_DE_SISTEMAS.pdf,Qual é a unidade de oferta do Curso Superior de Tecnologia em Análise e Desenvolvimento de Sistemas descrita no PPC?,A unidade de oferta do curso é o Campus Teresina Central.,"O Projeto Pedagógico do Curso Superior de Tecnologia em Análise e Desenvolvimento de Sistemas é fruto de um processo de reflexão e discussão coletiva, com participação dos professores e da comunidade acadêmica.",0.1702127659574468,0.04444444444444444,0.12765957446808512,0.12765957446808512,0.0,0.7909088134765625,0.8624572157859802,0.8251348733901978,0.2631578947368421,0.0,4.1825,4
9,51,dense_rerank,CURSO_SUPERIOR_DE_TECNOLOGIA_EM_ANÁLISE_E_DESENVOLVIMENTO_DE_SISTEMAS.pdf,Qual é a carga horária total do Curso Superior de Tecnologia em Análise e Desenvolvimento de Sistemas?,A carga horária total do curso é de 2100 horas.,"A carga horária total do Curso Superior de Tecnologia em Análise e Desenvolvimento de Sistemas é de 400 horas, distribuídas em 20 semanas.",0.5142857142857143,0.36363636363636365,0.5142857142857143,0.5142857142857143,0.17268932789342512,0.839600145816803,0.9638860821723938,0.8974605798721313,0.6,0.0,4.0082,4
9,51,dense_rerank,CURSO_SUPERIOR_DE_TECNOLOGIA_EM_ANÁLISE_E_DESENVOLVIMENTO_DE_SISTEMAS.pdf,Quantas vagas por ano são ofertadas no Curso Superior de Tecnologia em Análise e Desenvolvimento de Sistemas?,O curso oferta 40 vagas por ano.,O Curso Superior de Tecnologia em Análise e Desenvolvimento de Sistemas oferece 40 vagas no turno do período noturno para o primeiro semestre de 2025.,0.23529411764705882,0.125,0.23529411764705882,0.23529411764705882,0.0,0.816933274269104,0.9160752892494202,0.8636683821678162,0.27586206896551724,0.0,3.9421,4
9,51,dense_rerank,"RESOLUÇÃO Nº 14-2025-Aprova a Criação do Curso de Aperfeiçoamento Escola da Terra, no âmbito do Instituto Federal de Educação, Ciência e Tecnologia do Piauí (IFPI) e Anexo..pdf",Qual é a carga horária total do curso Escola da Terra?,A carga horária total do curso Escola da Terra é de 180 horas.,"A carga horária total do curso Escola da Terra é de 180 horas/aula presenciais, divididas em cinco módulos.",0.787878787878788,0.7741935483870968,0.787878787878788,0.787878787878788,0.5695988432761473,0.9143187999725342,0.9894363880157471,0.9503955841064453,0.8125000000000001,0.0,3.9666,4
9,51,dense_rerank,"RESOLUÇÃO Nº 14-2025-Aprova a Criação do Curso de Aperfeiçoamento Escola da Terra, no âmbito do Instituto Federal de Educação, Ciência e Tecnologia do Piauí (IFPI) e Anexo..pdf",Qual é a meta física do curso Escola da Terra em número de vagas?,A meta física do curso Escola da Terra é de 120 vagas.,A meta física do curso Escola da Terra é de 120 vagas para professoras e coordenadoras pedagógicas de turmas multisseriadas.,0.7272727272727273,0.7096774193548387,0.7272727272727273,0.7272727272727273,0.5471114295717522,0.8801493048667908,0.9877628684043884,0.9308561682701111,0.7741935483870968,0.0,4.3724,4
9,51,dense_rerank,"RESOLUÇÃO Nº 14-2025-Aprova a Criação do Curso de Aperfeiçoamento Escola da Terra, no âmbito do Instituto Federal de Educação, Ciência e Tecnologia do Piauí (IFPI) e Anexo..pdf",Quando está previsto o início do curso Escola da Terra?,O início do curso Escola da Terra está previsto para março de 2025.,O Curso Aperfeiçoamento Escola da Terra está autorizado a funcionar a partir do primeiro semestre de 2024.,0.4848484848484848,0.1935483870967742,0.42424242424242425,0.42424242424242425,0.1598921499894403,0.8659210801124573,0.9128432869911194,0.8887632489204407,0.5517241379310345,0.0,3.8213,4
9,51,dense_rerank,"RESOLUÇÃO Nº 14-2025-Aprova a Criação do Curso de Aperfeiçoamento Escola da Terra, no âmbito do Instituto Federal de Educação, Ciência e Tecnologia do Piauí (IFPI) e Anexo..pdf",Quem é o coordenador do curso Escola da Terra?,O coordenador do curso Escola da Terra é Gilson Mendes Araújo.,O coordenador do curso Escola da Terra é Emanuel Alcântara da Silva.,0.6086956521739131,0.5714285714285713,0.6086956521739131,0.6086956521739131,0.5760844201603896,0.9166338443756104,0.9614384174346924,0.9385016560554504,0.7272727272727273,0.0,3.1563,4
9,51,dense_rerank,"RESOLUÇÃO NORMATIVA Nº 236-2025-Prorroga o Plano Diretor de Tecnologia da Informação e Comunicação (PDTIC-2022-2024), do Instituto Federal de Educação, Ciência e Tecnologia do Piauí (IFPI) e Anexo.pdf",Para qual exercício foi prorrogada a vigência do PDTIC-2022/2024 do IFPI?,A vigência do PDTIC-2022/2024 foi prorrogada para o exercício de 2025.,"O Plano Diretor de Tecnologia da Informação e Comunicação (PDTIC-2022/2024) do Instituto Federal de Educação, Ciência e Tecnologia do Piauí (IFPI) foi prorrogado para o exercício de 2025.",0.48000000000000004,0.2916666666666667,0.4,0.4,0.1690653646485627,0.8415287733078003,0.9482990503311157,0.8917292952537537,0.5405405405405406,0.0,5.3462,4
9,51,dense_rerank,"RESOLUÇÃO NORMATIVA Nº 236-2025-Prorroga o Plano Diretor de Tecnologia da Informação e Comunicação (PDTIC-2022-2024), do Instituto Federal de Educação, Ciência e Tecnologia do Piauí (IFPI) e Anexo.pdf",Qual resolução foi revogada pela Resolução Normativa nº 236 de 2025?,"Foi revogada a Resolução Normativa nº 133/2022 - CONSELHO SUPERIOR, de 29 de abril de 2022.",A Resolução Normativa nº 248 de 2025 revogou a Resolução Normativa nº 113/2024.,0.3636363636363636,0.2580645161290323,0.3636363636363636,0.3636363636363636,0.1371412313982141,0.9315725564956665,0.8553409576416016,0.8918307423591614,0.4347826086956522,0.0,4.8915,4
9,51,dense_rerank,"RESOLUÇÃO NORMATIVA Nº 236-2025-Prorroga o Plano Diretor de Tecnologia da Informação e Comunicação (PDTIC-2022-2024), do Instituto Federal de Educação, Ciência e Tecnologia do Piauí (IFPI) e Anexo.pdf",Quais são as três fases da metodologia de elaboração do PDTIC descritas no documento?,"As três fases da metodologia de elaboração do PDTIC são Preparação, Diagnóstico e Planejamento.","As três fases da metodologia de elaboração do PDTIC são: Preparação, Diagnóstico e Planejamento.",1.0,1.0,1.0,1.0,0.8282477531331041,0.9927828311920166,0.9966408014297485,0.9947080612182617,1.0,0.0,3.4967,4
9,51,dense_rerank,"RESOLUÇÃO NORMATIVA Nº 236-2025-Prorroga o Plano Diretor de Tecnologia da Informação e Comunicação (PDTIC-2022-2024), do Instituto Federal de Educação, Ciência e Tecnologia do Piauí (IFPI) e Anexo.pdf",Em que guia se baseou a metodologia de elaboração do PDTIC do IFPI?,"A metodologia de elaboração do PDTIC do IFPI baseou-se no Guia de PDTIC do SISP, versão 2.0, adaptado à realidade do IFPI.","A metodologia de elaboração do PDTIC do IFPI baseou-se no Guia de PDTIC do SISP, versão 2.0, adaptado à realidade do IFPI.",1.0,1.0,1.0,1.0,1.0,1.0,1.0,1.0,1.0,1.0,4.2726,4
9,51,dense_rerank,"RESOLUÇÃO NORMATIVA Nº 223-2024-Atualiza a Regulamentação do planejamento e o registro das atividades acadêmicas dos docentes da Carreira do Magistério do Ensino Básico, Técnico e Tecnológico do IFPI.pdf",Quais são os regimes de trabalho previstos para os docentes do EBTT no IFPI?,"Os regimes de trabalho previstos são 40 horas com dedicação exclusiva, 40 horas e 20 horas semanais.","Os docentes da carreira de Ensino Básico, Técnico e Tecnológico do IFPI são submetidos a um dos seguintes regimes de trabalho: tempo integral de 40 (quarenta) horas semanais com dedicação exclusiva (DE), tempo integral de 40 (quarenta) horas semanais, ou tempo parcial de 20 (vinte) horas semanais de trabalho.",0.4931506849315068,0.19718309859154928,0.410958904109589,0.410958904109589,0.0,0.8409399390220642,0.9313183426856995,0.8838246464729309,0.5531914893617021,0.0,6.8148,4
9,51,dense_rerank,"RESOLUÇÃO NORMATIVA Nº 223-2024-Atualiza a Regulamentação do planejamento e o registro das atividades acadêmicas dos docentes da Carreira do Magistério do Ensino Básico, Técnico e Tecnológico do IFPI.pdf","Para cada hora de regência de aulas, quantas horas adicionais o docente computará para atividades de organização e apoio ao ensino?","Para cada hora de regência de aulas, o docente computará uma hora adicional para atividades de organização e apoio ao ensino.","Os docentes orientadores poderão computar até duas horas de Regência de Aulas para atividades de orientação de projetos integradores, disciplinas do Núcleo Integrador ou do Núcleo Complementar, e atividades de extensão.",0.4,0.20689655172413793,0.3333333333333333,0.3333333333333333,0.0,0.834890604019165,0.8828171491622925,0.8581852316856384,0.2926829268292683,0.0,4.6438,4
9,51,dense_rerank,"RESOLUÇÃO NORMATIVA Nº 218-2024-Estab. normas, critérios e proc. para a participação de docentes (DE) em atividades remuneradas.pdf","Qual é o limite anual de horas para a participação esporádica remunerada em palestras, conferências e atividades artísticas e culturais de docentes em dedicação exclusiva?",O limite anual é de 30 horas.,"O limite anual de horas para a participação esporádica remunerada em palestras, conferências, atividades artísticas e culturais de docentes em dedicação exclusiva é de 30 horas.",0.33333333333333337,0.29411764705882354,0.33333333333333337,0.33333333333333337,0.16110518603734317,0.8159887194633484,0.9578015804290771,0.8812262415885925,0.4827586206896552,0.0,4.5029,4
9,51,dense_rerank,"RESOLUÇÃO NORMATIVA Nº 218-2024-Estab. normas, critérios e proc. para a participação de docentes (DE) em atividades remuneradas.pdf",Qual é o limite de carga horária para atividades remuneradas eventuais previstas no artigo 7º da Resolução Normativa nº 218 de 2024?,As atividades remuneradas eventuais não podem exceder 8 horas semanais ou 416 horas anuais.,"O limite de carga horária para atividades remuneradas eventuais de servidor docente com dedicação exclusiva desenvolvendo atividades de prestação de serviços em projetos de ensino, pesquisa e extensão é de 8 (oito) horas semanais ou 416 (quatrocentas e dezesseis) horas anuais.",0.36666666666666664,0.20689655172413793,0.36666666666666664,0.36666666666666664,0.09209953959254491,0.8370878100395203,0.9211336970329285,0.8771019577980042,0.391304347826087,0.0,5.8015,4
9,51,dense_rerank,"RESOLUÇÃO NORMATIVA Nº 217-2024-Atualiza o Regimento Interno da Comissão Permanente de Pessoal Docente (CPPD), no âmbito do Instituto Federal de Educação, Ciência e Tecnologia do Piauí (IFPI)..pdf",Como é composta a CPPD do IFPI em número de membros titulares e suplentes?,"A CPPD do IFPI é composta por 10 docentes, sendo 5 representantes titulares e 5 representantes suplentes.","A CPPD do IFPI é composta por dez docentes da carreira de Ensino Básico, Técnico e Tecnológico, sendo cinco representantes titulares e cinco representantes suplentes.",0.6046511627906976,0.3902439024390244,0.6046511627906976,0.6046511627906976,0.31645275923351984,0.9136143922805786,0.9827612638473511,0.9469271898269653,0.7027027027027029,0.0,4.1348,4
9,51,dense_rerank,"RESOLUÇÃO NORMATIVA Nº 217-2024-Atualiza o Regimento Interno da Comissão Permanente de Pessoal Docente (CPPD), no âmbito do Instituto Federal de Educação, Ciência e Tecnologia do Piauí (IFPI)..pdf",Qual é o mandato dos integrantes da CPPD do IFPI?,"O mandato dos integrantes da CPPD é de 4 anos, com possibilidade de uma única recondução por igual período.","Os integrantes da CPPD do IFPI têm mandato de 4 (quatro) anos, podendo haver uma única recondução por igual período.",0.6976744186046512,0.4878048780487805,0.6511627906976744,0.6511627906976744,0.3446913316729032,0.9351704120635986,0.9487611055374146,0.9419167041778564,0.6842105263157895,0.0,3.9127,4
9,51,dense_rerank,"RESOLUÇÃO Nº 27-2024-Aprova  a criação do curso de Qualificação Profissional, de Formação Inicial e Continuada (FIC) em Aquicultor, no âmbito do IFPI e Anexo.pdf",Quantas vagas são ofertadas no curso FIC em Aquicultor?,O curso FIC em Aquicultor oferta 40 vagas.,O curso FIC em Aquicultor oferece 40 vagas.,0.875,0.7142857142857143,0.875,0.875,0.5969491792019646,0.9645549654960632,0.9883874654769897,0.9763258695602417,0.875,0.0,3.0639,4
9,51,dense_rerank,"RESOLUÇÃO Nº 27-2024-Aprova  a criação do curso de Qualificação Profissional, de Formação Inicial e Continuada (FIC) em Aquicultor, no âmbito do IFPI e Anexo.pdf",Qual é a forma de acesso ao curso FIC em Aquicultor?,A forma de acesso ao curso FIC em Aquicultor é por meio de sorteio.,A forma de oferta do Curso de Qualificação Profissional - Formação Inicial e Continuada (FIC) em Aquicultor é presencial.,0.5,0.26666666666666666,0.4375,0.4375,0.0,0.8556186556816101,0.9247289299964905,0.8888323903083801,0.5333333333333333,0.0,3.9906,4
9,51,bm25,CURSO_SUPERIOR_DE_TECNOLOGIA_EM_ANÁLISE_E_DESENVOLVIMENTO_DE_SISTEMAS.pdf,Em que ano o Curso Superior de Tecnologia em Análise e Desenvolvimento de Sistemas foi criado no Campus de Picos?,O Curso Superior de Tecnologia em Análise e Desenvolvimento de Sistemas foi criado no Campus de Picos em 2013.,O Curso Superior de Tecnologia em Análise e Desenvolvimento de Sistemas foi criado no Campus de Picos em 2013.,1.0,1.0,1.0,1.0,1.0,0.9999999403953552,0.9999999403953552,0.9999999403953552,1.0,1.0,3.5769,4
9,51,bm25,CURSO_SUPERIOR_DE_TECNOLOGIA_EM_ANÁLISE_E_DESENVOLVIMENTO_DE_SISTEMAS.pdf,Qual é a unidade de oferta do Curso Superior de Tecnologia em Análise e Desenvolvimento de Sistemas descrita no PPC?,A unidade de oferta do curso é o Campus Teresina Central.,"A unidade de oferta do Curso Superior de Tecnologia em Análise e Desenvolvimento de Sistemas descrita no PPC são os campi Teresina Central, Floriano, Picos, Corrente, Pedro II e Parnaíba.",0.41860465116279066,0.29268292682926833,0.41860465116279066,0.41860465116279066,0.11755743200908036,0.8304221630096436,0.945409893989563,0.8841931819915771,0.42105263157894735,0.0,4.4256,4
9,51,bm25,CURSO_SUPERIOR_DE_TECNOLOGIA_EM_ANÁLISE_E_DESENVOLVIMENTO_DE_SISTEMAS.pdf,Qual é a carga horária total do Curso Superior de Tecnologia em Análise e Desenvolvimento de Sistemas?,A carga horária total do curso é de 2100 horas.,"As atividades complementares do Curso Superior de Tecnologia em Análise e Desenvolvimento de Sistemas deverão ter o total de no mínimo cem horas, correspondente a 5% da carga horária total do curso.",0.391304347826087,0.22727272727272727,0.30434782608695654,0.30434782608695654,0.11117895489854909,0.81644606590271,0.9267646074295044,0.8681145906448364,0.43243243243243246,0.0,4.4265,4
9,51,bm25,CURSO_SUPERIOR_DE_TECNOLOGIA_EM_ANÁLISE_E_DESENVOLVIMENTO_DE_SISTEMAS.pdf,Quantas vagas por ano são ofertadas no Curso Superior de Tecnologia em Análise e Desenvolvimento de Sistemas?,O curso oferta 40 vagas por ano.,O Curso Superior de Tecnologia em Análise e Desenvolvimento de Sistemas oferece 40 vagas por ano no turno vespertino.,0.4444444444444444,0.32,0.4444444444444444,0.4444444444444444,0.1326475916741222,0.8291540145874023,0.955398440361023,0.8878107666969299,0.48,0.0,3.42,4
9,51,bm25,"RESOLUÇÃO Nº 14-2025-Aprova a Criação do Curso de Aperfeiçoamento Escola da Terra, no âmbito do Instituto Federal de Educação, Ciência e Tecnologia do Piauí (IFPI) e Anexo..pdf",Qual é a carga horária total do curso Escola da Terra?,A carga horária total do curso Escola da Terra é de 180 horas.,"O curso Escola da Terra está organizado com uma carga horária total de 294 horas destinadas ao estudo das disciplinas, acrescido de 66 horas destinadas a um Trabalho de Conclusão de Curso.",0.46808510638297873,0.26666666666666666,0.25531914893617025,0.25531914893617025,0.1077448900968642,0.8482507467269897,0.9352979063987732,0.8896501660346985,0.5128205128205128,0.0,4.5418,4
9,51,bm25,"RESOLUÇÃO Nº 14-2025-Aprova a Criação do Curso de Aperfeiçoamento Escola da Terra, no âmbito do Instituto Federal de Educação, Ciência e Tecnologia do Piauí (IFPI) e Anexo..pdf",Qual é a meta física do curso Escola da Terra em número de vagas?,A meta física do curso Escola da Terra é de 120 vagas.,O Curso Aperfeiçoamento Escola da Terra possui 30 vagas.,0.45454545454545453,0.19999999999999998,0.45454545454545453,0.45454545454545453,0.0,0.880872368812561,0.914977490901947,0.8976011276245117,0.4761904761904762,0.0,2.6711,4
9,51,bm25,"RESOLUÇÃO Nº 14-2025-Aprova a Criação do Curso de Aperfeiçoamento Escola da Terra, no âmbito do Instituto Federal de Educação, Ciência e Tecnologia do Piauí (IFPI) e Anexo..pdf",Quando está previsto o início do curso Escola da Terra?,O início do curso Escola da Terra está previsto para março de 2025.,Não encontrei essa informação no contexto fornecido.,0.16666666666666669,0.0,0.16666666666666669,0.16666666666666669,0.0,0.8219438791275024,0.8310289978981018,0.8264614343643188,0.0,0.0,2.6828,4
9,51,bm25,"RESOLUÇÃO Nº 14-2025-Aprova a Criação do Curso de Aperfeiçoamento Escola da Terra, no âmbito do Instituto Federal de Educação, Ciência e Tecnologia do Piauí (IFPI) e Anexo..pdf",Quem é o coordenador do curso Escola da Terra?,O coordenador do curso Escola da Terra é Gilson Mendes Araújo.,"O coordenador do curso Escola da Terra é um docente do campus, de área específica ou pedagógica do curso.",0.45161290322580644,0.41379310344827586,0.45161290322580644,0.45161290322580644,0.3386854985606571,0.900873601436615,0.9360523223876953,0.9181260466575623,0.5925925925925926,0.0,3.3345,4
9,51,bm25,"RESOLUÇÃO NORMATIVA Nº 236-2025-Prorroga o Plano Diretor de Tecnologia da Informação e Comunicação (PDTIC-2022-2024), do Instituto Federal de Educação, Ciência e Tecnologia do Piauí (IFPI) e Anexo.pdf",Para qual exercício foi prorrogada a vigência do PDTIC-2022/2024 do IFPI?,A vigência do PDTIC-2022/2024 foi prorrogada para o exercício de 2025.,O Plano de Desenvolvimento Institucional (PDI) do IFPI teve vigência de 2020 a 2024.,0.4666666666666667,0.07142857142857142,0.20000000000000004,0.20000000000000004,0.0,0.8483378887176514,0.8543418645858765,0.8513292670249939,0.46153846153846156,0.0,3.8962,4
9,51,bm25,"RESOLUÇÃO NORMATIVA Nº 236-2025-Prorroga o Plano Diretor de Tecnologia da Informação e Comunicação (PDTIC-2022-2024), do Instituto Federal de Educação, Ciência e Tecnologia do Piauí (IFPI) e Anexo.pdf",Qual resolução foi revogada pela Resolução Normativa nº 236 de 2025?,"Foi revogada a Resolução Normativa nº 133/2022 - CONSELHO SUPERIOR, de 29 de abril de 2022.",A Resolução Normativa nº 236 de 2025 revogou a Resolução Normativa nº 43/2021 do Conselho Superior.,0.4444444444444444,0.29411764705882354,0.3888888888888889,0.3888888888888889,0.13829483667905937,0.9269230961799622,0.8569790124893188,0.890579879283905,0.5384615384615384,0.0,4.2827,4
9,51,bm25,"RESOLUÇÃO NORMATIVA Nº 236-2025-Prorroga o Plano Diretor de Tecnologia da Informação e Comunicação (PDTIC-2022-2024), do Instituto Federal de Educação, Ciência e Tecnologia do Piauí (IFPI) e Anexo.pdf",Quais são as três fases da metodologia de elaboração do PDTIC descritas no documento?,"As três fases da metodologia de elaboração do PDTIC são Preparação, Diagnóstico e Planejamento.","As três fases da metodologia de elaboração do PDTIC são Preparação, Diagnóstico e Planejamento.",1.0,1.0,1.0,1.0,1.0,1.0,1.0,1.0,1.0,1.0,3.3403,4
9,51,bm25,"RESOLUÇÃO NORMATIVA Nº 236-2025-Prorroga o Plano Diretor de Tecnologia da Informação e Comunicação (PDTIC-2022-2024), do Instituto Federal de Educação, Ciência e Tecnologia do Piauí (IFPI) e Anexo.pdf",Em que guia se baseou a metodologia de elaboração do PDTIC do IFPI?,"A metodologia de elaboração do PDTIC do IFPI baseou-se no Guia de PDTIC do SISP, versão 2.0, adaptado à realidade do IFPI.","A metodologia utilizada para a elaboração do documento baseou-se no Guia de PDTIC do SISP, versão 2.0, adaptado à realidade do IFPI.",0.8399999999999999,0.75,0.8399999999999999,0.8399999999999999,0.7150762135853476,0.9745191931724548,0.9789811372756958,0.9767451286315918,0.923076923076923,0.0,4.1083,4
9,51,bm25,"RESOLUÇÃO NORMATIVA Nº 223-2024-Atualiza a Regulamentação do planejamento e o registro das atividades acadêmicas dos docentes da Carreira do Magistério do Ensino Básico, Técnico e Tecnológico do IFPI.pdf",Quais são os regimes de trabalho previstos para os docentes do EBTT no IFPI?,"Os regimes de trabalho previstos são 40 horas com dedicação exclusiva, 40 horas e 20 horas semanais.","Os regimes de trabalho previstos para os docentes do EBTT no IFPI são de tempo integral, com 40 horas semanais, ou tempo parcial, com 20 horas semanais.",0.5531914893617021,0.3555555555555555,0.5531914893617021,0.5531914893617021,0.2171788734284664,0.9010717272758484,0.9406071305274963,0.9204151034355164,0.6285714285714286,0.0,4.3124,4
9,51,bm25,"RESOLUÇÃO NORMATIVA Nº 223-2024-Atualiza a Regulamentação do planejamento e o registro das atividades acadêmicas dos docentes da Carreira do Magistério do Ensino Básico, Técnico e Tecnológico do IFPI.pdf","Para cada hora de regência de aulas, quantas horas adicionais o docente computará para atividades de organização e apoio ao ensino?","Para cada hora de regência de aulas, o docente computará uma hora adicional para atividades de organização e apoio ao ensino.","Para cada hora de Regência de Aula, o docente computará uma hora de Organização e Apoio ao Ensino.",0.8837209302325583,0.7804878048780488,0.8837209302325583,0.8837209302325583,0.3414504535105491,0.9086815118789673,0.9197208881378174,0.9141678810119629,0.8749999999999999,0.0,3.6592,4
9,51,bm25,"RESOLUÇÃO NORMATIVA Nº 218-2024-Estab. normas, critérios e proc. para a participação de docentes (DE) em atividades remuneradas.pdf","Qual é o limite anual de horas para a participação esporádica remunerada em palestras, conferências e atividades artísticas e culturais de docentes em dedicação exclusiva?",O limite anual é de 30 horas.,"O limite anual de horas para a participação esporádica remunerada em palestras, conferências, atividades artísticas e culturais de docentes em dedicação exclusiva não pode exceder a 30 (trinta) horas anuais.",0.2857142857142857,0.15,0.2857142857142857,0.2857142857142857,0.0,0.7990579605102539,0.920907199382782,0.8556663990020752,0.36363636363636365,0.0,4.8207,4
9,51,bm25,"RESOLUÇÃO NORMATIVA Nº 218-2024-Estab. normas, critérios e proc. para a participação de docentes (DE) em atividades remuneradas.pdf",Qual é o limite de carga horária para atividades remuneradas eventuais previstas no artigo 7º da Resolução Normativa nº 218 de 2024?,As atividades remuneradas eventuais não podem exceder 8 horas semanais ou 416 horas anuais.,"O limite máximo da soma da remuneração, retribuições e bolsas percebidas pelos ocupantes de cargos, funções e empregos públicos não poderá exceder o maior valor recebido pelo funcionalismo público federal.",0.11538461538461539,0.04,0.11538461538461539,0.11538461538461539,0.0,0.8185205459594727,0.8523279428482056,0.8350822329521179,0.1,0.0,4.5913,4
9,51,bm25,"RESOLUÇÃO NORMATIVA Nº 217-2024-Atualiza o Regimento Interno da Comissão Permanente de Pessoal Docente (CPPD), no âmbito do Instituto Federal de Educação, Ciência e Tecnologia do Piauí (IFPI)..pdf",Como é composta a CPPD do IFPI em número de membros titulares e suplentes?,"A CPPD do IFPI é composta por 10 docentes, sendo 5 representantes titulares e 5 representantes suplentes.","A CPPD do IFPI é composta por chapas com dois docentes, sendo um titular e um suplente.",0.5625,0.4000000000000001,0.5625,0.5625,0.39670882908365773,0.9483709931373596,0.953549861907959,0.9509534239768982,0.6451612903225806,0.0,3.4681,4
9,51,bm25,"RESOLUÇÃO NORMATIVA Nº 217-2024-Atualiza o Regimento Interno da Comissão Permanente de Pessoal Docente (CPPD), no âmbito do Instituto Federal de Educação, Ciência e Tecnologia do Piauí (IFPI)..pdf",Qual é o mandato dos integrantes da CPPD do IFPI?,"O mandato dos integrantes da CPPD é de 4 anos, com possibilidade de uma única recondução por igual período.","Os integrantes da CPPD do IFPI cumprem um mandato de 04 (quatro) anos, admitida uma única reeleição para período subsequente, não existindo limite para mandatos alternados.",0.4897959183673469,0.1702127659574468,0.40816326530612246,0.40816326530612246,0.0,0.8646747469902039,0.9030035734176636,0.8834236264228821,0.41860465116279066,0.0,4.5967,4
9,51,bm25,"RESOLUÇÃO Nº 27-2024-Aprova  a criação do curso de Qualificação Profissional, de Formação Inicial e Continuada (FIC) em Aquicultor, no âmbito do IFPI e Anexo.pdf",Quantas vagas são ofertadas no curso FIC em Aquicultor?,O curso FIC em Aquicultor oferta 40 vagas.,Não encontrei essa informação no contexto fornecido.,0.11764705882352941,0.0,0.11764705882352941,0.11764705882352941,0.0,0.8231986165046692,0.8388471603393555,0.8309492468833923,0.0,0.0,2.7286,4
9,51,bm25,"RESOLUÇÃO Nº 27-2024-Aprova  a criação do curso de Qualificação Profissional, de Formação Inicial e Continuada (FIC) em Aquicultor, no âmbito do IFPI e Anexo.pdf",Qual é a forma de acesso ao curso FIC em Aquicultor?,A forma de acesso ao curso FIC em Aquicultor é por meio de sorteio.,"O acesso para o curso FIC será por meio de edital de seleção, e o processo seletivo ocorrerá através de prova escrita específica.",0.3589743589743589,0.16216216216216217,0.30769230769230776,0.30769230769230776,0.0,0.8822669386863708,0.8946717977523804,0.8884261250495911,0.37499999999999994,0.0,3.5953,4
9,51,tfidf,CURSO_SUPERIOR_DE_TECNOLOGIA_EM_ANÁLISE_E_DESENVOLVIMENTO_DE_SISTEMAS.pdf,Em que ano o Curso Superior de Tecnologia em Análise e Desenvolvimento de Sistemas foi criado no Campus de Picos?,O Curso Superior de Tecnologia em Análise e Desenvolvimento de Sistemas foi criado no Campus de Picos em 2013.,O Curso Superior de Tecnologia em Análise e Desenvolvimento de Sistemas foi criado no Campus de Picos em 2013.,1.0,1.0,1.0,1.0,1.0,0.9999999403953552,0.9999999403953552,0.9999999403953552,1.0,1.0,3.4964,4
9,51,tfidf,CURSO_SUPERIOR_DE_TECNOLOGIA_EM_ANÁLISE_E_DESENVOLVIMENTO_DE_SISTEMAS.pdf,Qual é a unidade de oferta do Curso Superior de Tecnologia em Análise e Desenvolvimento de Sistemas descrita no PPC?,A unidade de oferta do curso é o Campus Teresina Central.,O Curso Superior de Tecnologia em Análise e Desenvolvimento de Sistemas contribui com a demanda de profissionais para atuar no projeto e implementação de Sistemas de Informação de acordo com as necessidades institucionais.,0.1739130434782609,0.0,0.13043478260869565,0.13043478260869565,0.0,0.7902743220329285,0.8632662892341614,0.8251592516899109,0.2222222222222222,0.0,4.1416,4
9,51,tfidf,CURSO_SUPERIOR_DE_TECNOLOGIA_EM_ANÁLISE_E_DESENVOLVIMENTO_DE_SISTEMAS.pdf,Qual é a carga horária total do Curso Superior de Tecnologia em Análise e Desenvolvimento de Sistemas?,A carga horária total do curso é de 2100 horas.,Não encontrei essa informação no contexto fornecido.,0.0,0.0,0.0,0.0,0.0,0.8249529004096985,0.8356121182441711,0.8302482962608337,0.0,0.0,2.5105,4
9,51,tfidf,CURSO_SUPERIOR_DE_TECNOLOGIA_EM_ANÁLISE_E_DESENVOLVIMENTO_DE_SISTEMAS.pdf,Quantas vagas por ano são ofertadas no Curso Superior de Tecnologia em Análise e Desenvolvimento de Sistemas?,O curso oferta 40 vagas por ano.,"O Curso Superior de Tecnologia em Análise e Desenvolvimento de Sistemas teve uma oferta de 64 vagas, distribuídas igualmente entre os turnos tarde e noite.",0.23529411764705882,0.0625,0.23529411764705882,0.23529411764705882,0.0,0.8184553384780884,0.9159019589424133,0.8644410371780396,0.27586206896551724,0.0,3.6708,4
9,51,tfidf,"RESOLUÇÃO Nº 14-2025-Aprova a Criação do Curso de Aperfeiçoamento Escola da Terra, no âmbito do Instituto Federal de Educação, Ciência e Tecnologia do Piauí (IFPI) e Anexo..pdf",Qual é a carga horária total do curso Escola da Terra?,A carga horária total do curso Escola da Terra é de 180 horas.,"A carga horária total do Curso de Educação do Campo e Quilombola, ação Escola da Terra, é de 495 horas, sendo 257 horas no Tempo Universidade e 103 horas no Tempo Escola/Comunidade.",0.5000000000000001,0.39130434782608703,0.5000000000000001,0.5000000000000001,0.13955755489048927,0.8856045007705688,0.9613465070724487,0.9219224452972412,0.631578947368421,0.0,5.2679,4
9,51,tfidf,"RESOLUÇÃO Nº 14-2025-Aprova a Criação do Curso de Aperfeiçoamento Escola da Terra, no âmbito do Instituto Federal de Educação, Ciência e Tecnologia do Piauí (IFPI) e Anexo..pdf",Qual é a meta física do curso Escola da Terra em número de vagas?,A meta física do curso Escola da Terra é de 120 vagas.,"O curso Escola da Terra possui 60 vagas para Professores da Educação Básica - Escolas do Campo, que possuem certificação em curso de aperfeiçoamento (mínimo de 180).",0.37209302325581395,0.14634146341463417,0.2325581395348837,0.2325581395348837,0.08928953574702554,0.8402918577194214,0.9158283472061157,0.8764355182647705,0.4,0.0,4.5279,4
9,51,tfidf,"RESOLUÇÃO Nº 14-2025-Aprova a Criação do Curso de Aperfeiçoamento Escola da Terra, no âmbito do Instituto Federal de Educação, Ciência e Tecnologia do Piauí (IFPI) e Anexo..pdf",Quando está previsto o início do curso Escola da Terra?,O início do curso Escola da Terra está previsto para março de 2025.,O Curso Aperfeiçoamento Escola da Terra está previsto para iniciar no primeiro semestre de 2024.,0.5806451612903225,0.3448275862068965,0.5806451612903225,0.5806451612903225,0.3334477432809602,0.8885897397994995,0.9396146535873413,0.9133901596069336,0.6428571428571429,0.0,3.4225,4
9,51,tfidf,"RESOLUÇÃO Nº 14-2025-Aprova a Criação do Curso de Aperfeiçoamento Escola da Terra, no âmbito do Instituto Federal de Educação, Ciência e Tecnologia do Piauí (IFPI) e Anexo..pdf",Quem é o coordenador do curso Escola da Terra?,O coordenador do curso Escola da Terra é Gilson Mendes Araújo.,Não encontrei essa informação no contexto fornecido.,0.09999999999999999,0.0,0.09999999999999999,0.09999999999999999,0.0,0.8250470161437988,0.8430057168006897,0.833929717540741,0.0,0.0,2.8766,4
9,51,tfidf,"RESOLUÇÃO NORMATIVA Nº 236-2025-Prorroga o Plano Diretor de Tecnologia da Informação e Comunicação (PDTIC-2022-2024), do Instituto Federal de Educação, Ciência e Tecnologia do Piauí (IFPI) e Anexo.pdf",Para qual exercício foi prorrogada a vigência do PDTIC-2022/2024 do IFPI?,A vigência do PDTIC-2022/2024 foi prorrogada para o exercício de 2025.,O Plano Diretor de Tecnologia da Informação e Comunicação (PDTIC-2022/2024) do IFPI foi prorrogado por meio da Resolução Normativa nº 236-2025.,0.38095238095238093,0.1,0.2857142857142857,0.2857142857142857,0.0,0.8385323882102966,0.8902472853660583,0.8636163473129272,0.4444444444444444,0.0,4.9302,4
9,51,tfidf,"RESOLUÇÃO NORMATIVA Nº 236-2025-Prorroga o Plano Diretor de Tecnologia da Informação e Comunicação (PDTIC-2022-2024), do Instituto Federal de Educação, Ciência e Tecnologia do Piauí (IFPI) e Anexo.pdf",Qual resolução foi revogada pela Resolução Normativa nº 236 de 2025?,"Foi revogada a Resolução Normativa nº 133/2022 - CONSELHO SUPERIOR, de 29 de abril de 2022.",A Resolução Normativa nº 236 de 2025 revogou a Resolução nº 111/2025.,0.37500000000000006,0.26666666666666666,0.37500000000000006,0.37500000000000006,0.0,0.9381101131439209,0.8576550483703613,0.8960802555084229,0.4545454545454546,0.0,3.1704,4
9,51,tfidf,"RESOLUÇÃO NORMATIVA Nº 236-2025-Prorroga o Plano Diretor de Tecnologia da Informação e Comunicação (PDTIC-2022-2024), do Instituto Federal de Educação, Ciência e Tecnologia do Piauí (IFPI) e Anexo.pdf",Quais são as três fases da metodologia de elaboração do PDTIC descritas no documento?,"As três fases da metodologia de elaboração do PDTIC são Preparação, Diagnóstico e Planejamento.","As três fases da metodologia de elaboração do PDTIC descritas no documento são: Preparação, Diagnóstico e, por fim, a fase não especificada após o Diagnóstico.",0.6923076923076923,0.64,0.6923076923076923,0.6923076923076923,0.3545649986147617,0.9126512408256531,0.9584945440292358,0.9350113272666931,0.6842105263157894,0.0,4.2116,4
9,51,tfidf,"RESOLUÇÃO NORMATIVA Nº 236-2025-Prorroga o Plano Diretor de Tecnologia da Informação e Comunicação (PDTIC-2022-2024), do Instituto Federal de Educação, Ciência e Tecnologia do Piauí (IFPI) e Anexo.pdf",Em que guia se baseou a metodologia de elaboração do PDTIC do IFPI?,"A metodologia de elaboração do PDTIC do IFPI baseou-se no Guia de PDTIC do SISP, versão 2.0, adaptado à realidade do IFPI.","A metodologia de elaboração do PDTIC do IFPI se baseou em documentos de referência, estratégias da organização, princípios e diretrizes, além da Instrução Normativa SGD/ME Nº 31/2021, entre outros instrumentos de planejamento da instituição.",0.3768115942028986,0.2388059701492537,0.34782608695652173,0.34782608695652173,0.17078893748090399,0.8468525409698486,0.8980249762535095,0.8716883063316345,0.3673469387755102,0.0,5.2386,4
9,51,tfidf,"RESOLUÇÃO NORMATIVA Nº 223-2024-Atualiza a Regulamentação do planejamento e o registro das atividades acadêmicas dos docentes da Carreira do Magistério do Ensino Básico, Técnico e Tecnológico do IFPI.pdf",Quais são os regimes de trabalho previstos para os docentes do EBTT no IFPI?,"Os regimes de trabalho previstos são 40 horas com dedicação exclusiva, 40 horas e 20 horas semanais.","Os regimes de trabalho previstos para os docentes do EBTT no IFPI são de tempo integral, com 40 horas semanais, ou tempo parcial, com 20 horas semanais.",0.5531914893617021,0.3555555555555555,0.5531914893617021,0.5531914893617021,0.2171788734284664,0.9010717272758484,0.9406071305274963,0.9204151034355164,0.6285714285714286,0.0,4.3367,4
9,51,tfidf,"RESOLUÇÃO NORMATIVA Nº 223-2024-Atualiza a Regulamentação do planejamento e o registro das atividades acadêmicas dos docentes da Carreira do Magistério do Ensino Básico, Técnico e Tecnológico do IFPI.pdf","Para cada hora de regência de aulas, quantas horas adicionais o docente computará para atividades de organização e apoio ao ensino?","Para cada hora de regência de aulas, o docente computará uma hora adicional para atividades de organização e apoio ao ensino.","Para cada hora de Regência de Aula, o docente computará uma hora de Organização e Apoio ao Ensino.",0.8837209302325583,0.7804878048780488,0.8837209302325583,0.8837209302325583,0.3414504535105491,0.9086815118789673,0.9197208881378174,0.9141678810119629,0.8749999999999999,0.0,3.6187,4
9,51,tfidf,"RESOLUÇÃO NORMATIVA Nº 218-2024-Estab. normas, critérios e proc. para a participação de docentes (DE) em atividades remuneradas.pdf","Qual é o limite anual de horas para a participação esporádica remunerada em palestras, conferências e atividades artísticas e culturais de docentes em dedicação exclusiva?",O limite anual é de 30 horas.,"O limite anual de horas para a participação esporádica remunerada em palestras, conferências, atividades artísticas e culturais de docentes em dedicação exclusiva não pode exceder a 30 horas anuais.",0.2926829268292683,0.20512820512820512,0.2926829268292683,0.2926829268292683,0.0,0.8036078810691833,0.9253432154655457,0.8601899147033691,0.375,0.0,4.4688,4
9,51,tfidf,"RESOLUÇÃO NORMATIVA Nº 218-2024-Estab. normas, critérios e proc. para a participação de docentes (DE) em atividades remuneradas.pdf",Qual é o limite de carga horária para atividades remuneradas eventuais previstas no artigo 7º da Resolução Normativa nº 218 de 2024?,As atividades remuneradas eventuais não podem exceder 8 horas semanais ou 416 horas anuais.,Não encontrei essa informação no contexto fornecido.,0.16666666666666669,0.09090909090909091,0.16666666666666669,0.16666666666666669,0.0,0.8233992457389832,0.8057843446731567,0.814496636390686,0.1,0.0,2.9478,4
9,51,tfidf,"RESOLUÇÃO NORMATIVA Nº 217-2024-Atualiza o Regimento Interno da Comissão Permanente de Pessoal Docente (CPPD), no âmbito do Instituto Federal de Educação, Ciência e Tecnologia do Piauí (IFPI)..pdf",Como é composta a CPPD do IFPI em número de membros titulares e suplentes?,"A CPPD do IFPI é composta por 10 docentes, sendo 5 representantes titulares e 5 representantes suplentes.","A CPPD do IFPI terá à sua disposição, para a eleição de seus membros, chapas compostas por dois docentes, com indicação do titular e suplente.",0.3255813953488372,0.14634146341463417,0.3255813953488372,0.3255813953488372,0.10601317434781207,0.889166533946991,0.9312654137611389,0.9097291827201843,0.3684210526315789,0.0,4.1574,4
9,51,tfidf,"RESOLUÇÃO NORMATIVA Nº 217-2024-Atualiza o Regimento Interno da Comissão Permanente de Pessoal Docente (CPPD), no âmbito do Instituto Federal de Educação, Ciência e Tecnologia do Piauí (IFPI)..pdf",Qual é o mandato dos integrantes da CPPD do IFPI?,"O mandato dos integrantes da CPPD é de 4 anos, com possibilidade de uma única recondução por igual período.",O mandato dos integrantes da CPPD do IFPI não é especificado no contexto fornecido.,0.4117647058823529,0.3125,0.4117647058823529,0.4117647058823529,0.23321503395334311,0.8847048282623291,0.8674375414848328,0.8759860992431641,0.43750000000000006,0.0,3.1588,4
9,51,tfidf,"RESOLUÇÃO Nº 27-2024-Aprova  a criação do curso de Qualificação Profissional, de Formação Inicial e Continuada (FIC) em Aquicultor, no âmbito do IFPI e Anexo.pdf",Quantas vagas são ofertadas no curso FIC em Aquicultor?,O curso FIC em Aquicultor oferta 40 vagas.,O curso de Qualificação Profissional - Formação Inicial e Continuada (FIC) em Aquicultor oferece 40 vagas.,0.56,0.34782608695652173,0.56,0.56,0.0,0.863581657409668,0.969627320766449,0.9135372638702393,0.608695652173913,0.0,3.875,4
9,51,tfidf,"RESOLUÇÃO Nº 27-2024-Aprova  a criação do curso de Qualificação Profissional, de Formação Inicial e Continuada (FIC) em Aquicultor, no âmbito do IFPI e Anexo.pdf",Qual é a forma de acesso ao curso FIC em Aquicultor?,A forma de acesso ao curso FIC em Aquicultor é por meio de sorteio.,"Para acessar o curso FIC em Aquicultor, o requisito de acesso é ter o Ensino Fundamental I (1º ao 5º) incompleto.",0.4242424242424242,0.2580645161290323,0.30303030303030304,0.30303030303030304,0.12409597120849801,0.8614296913146973,0.9270288944244385,0.8930262327194214,0.5,0.0,4.0236,4
10,52,dense_no_rerank,CURSO_SUPERIOR_DE_TECNOLOGIA_EM_ANÁLISE_E_DESENVOLVIMENTO_DE_SISTEMAS.pdf,Em que ano o Curso Superior de Tecnologia em Análise e Desenvolvimento de Sistemas foi criado no Campus de Picos?,O Curso Superior de Tecnologia em Análise e Desenvolvimento de Sistemas foi criado no Campus de Picos em 2013.,O Curso Superior de Tecnologia em Análise e Desenvolvimento de Sistemas foi criado no Campus de Picos em 2013.,1.0,1.0,1.0,1.0,1.0,0.9999999403953552,0.9999999403953552,0.9999999403953552,1.0,1.0,3.8196,4
10,52,dense_no_rerank,CURSO_SUPERIOR_DE_TECNOLOGIA_EM_ANÁLISE_E_DESENVOLVIMENTO_DE_SISTEMAS.pdf,Qual é a unidade de oferta do Curso Superior de Tecnologia em Análise e Desenvolvimento de Sistemas descrita no PPC?,A unidade de oferta do curso é o Campus Teresina Central.,A unidade da oferta do Curso Superior de Tecnologia em Análise e Desenvolvimento de Sistemas é o Campus Teresina Central.,0.6666666666666666,0.42857142857142855,0.6,0.6,0.28320384389628495,0.8714810013771057,0.9715954065322876,0.9188191294670105,0.7333333333333334,0.0,3.4832,4
10,52,dense_no_rerank,CURSO_SUPERIOR_DE_TECNOLOGIA_EM_ANÁLISE_E_DESENVOLVIMENTO_DE_SISTEMAS.pdf,Qual é a carga horária total do Curso Superior de Tecnologia em Análise e Desenvolvimento de Sistemas?,A carga horária total do curso é de 2100 horas.,A carga horária total do Curso Superior de Tecnologia em Sistemas para Internet é de 2.100 horas.,0.6428571428571429,0.46153846153846156,0.6428571428571429,0.6428571428571429,0.25772294506990867,0.8713124394416809,0.9634993672370911,0.915090024471283,0.6666666666666667,0.0,3.5616,4
10,52,dense_no_rerank,CURSO_SUPERIOR_DE_TECNOLOGIA_EM_ANÁLISE_E_DESENVOLVIMENTO_DE_SISTEMAS.pdf,Quantas vagas por ano são ofertadas no Curso Superior de Tecnologia em Análise e Desenvolvimento de Sistemas?,O curso oferta 40 vagas por ano.,O Curso Superior de Tecnologia em Análise e Desenvolvimento de Sistemas oferece 40 vagas por ano no turno vespertino.,0.4444444444444444,0.32,0.4444444444444444,0.4444444444444444,0.1326475916741222,0.8291540145874023,0.955398440361023,0.8878107666969299,0.48,0.0,3.5808,4
10,52,dense_no_rerank,"RESOLUÇÃO Nº 14-2025-Aprova a Criação do Curso de Aperfeiçoamento Escola da Terra, no âmbito do Instituto Federal de Educação, Ciência e Tecnologia do Piauí (IFPI) e Anexo..pdf",Qual é a carga horária total do curso Escola da Terra?,A carga horária total do curso Escola da Terra é de 180 horas.,A carga horária total do curso Escola da Terra é de 180 horas.,1.0,1.0,1.0,1.0,1.0,1.0,1.0,1.0,1.0,1.0,3.5087,4
10,52,dense_no_rerank,"RESOLUÇÃO Nº 14-2025-Aprova a Criação do Curso de Aperfeiçoamento Escola da Terra, no âmbito do Instituto Federal de Educação, Ciência e Tecnologia do Piauí (IFPI) e Anexo..pdf",Qual é a meta física do curso Escola da Terra em número de vagas?,A meta física do curso Escola da Terra é de 120 vagas.,A meta física do curso Escola da Terra é de 120 vagas para professoras e coordenadoras pedagógicas de turmas multisseriadas.,0.7272727272727273,0.7096774193548387,0.7272727272727273,0.7272727272727273,0.5471114295717522,0.8801493048667908,0.9877628684043884,0.9308561682701111,0.7741935483870968,0.0,4.172,4
10,52,dense_no_rerank,"RESOLUÇÃO Nº 14-2025-Aprova a Criação do Curso de Aperfeiçoamento Escola da Terra, no âmbito do Instituto Federal de Educação, Ciência e Tecnologia do Piauí (IFPI) e Anexo..pdf",Quando está previsto o início do curso Escola da Terra?,O início do curso Escola da Terra está previsto para março de 2025.,O Curso de Especialização Escola da Terra está previsto para iniciar no primeiro semestre de 2025.,0.6875,0.39999999999999997,0.625,0.625,0.36821398145189993,0.9271272420883179,0.9493149518966675,0.9380899667739868,0.7142857142857142,0.0,3.7137,4
10,52,dense_no_rerank,"RESOLUÇÃO Nº 14-2025-Aprova a Criação do Curso de Aperfeiçoamento Escola da Terra, no âmbito do Instituto Federal de Educação, Ciência e Tecnologia do Piauí (IFPI) e Anexo..pdf",Quem é o coordenador do curso Escola da Terra?,O coordenador do curso Escola da Terra é Gilson Mendes Araújo.,O coordenador do curso Escola da Terra é Emanuel Alcântara da Silva.,0.6086956521739131,0.5714285714285713,0.6086956521739131,0.6086956521739131,0.5760844201603896,0.9166338443756104,0.9614384174346924,0.9385016560554504,0.7272727272727273,0.0,3.1167,4
10,52,dense_no_rerank,"RESOLUÇÃO NORMATIVA Nº 236-2025-Prorroga o Plano Diretor de Tecnologia da Informação e Comunicação (PDTIC-2022-2024), do Instituto Federal de Educação, Ciência e Tecnologia do Piauí (IFPI) e Anexo.pdf",Para qual exercício foi prorrogada a vigência do PDTIC-2022/2024 do IFPI?,A vigência do PDTIC-2022/2024 foi prorrogada para o exercício de 2025.,"O Plano Diretor de Tecnologia da Informação e Comunicação (PDTIC-2022/2024) do Instituto Federal de Educação, Ciência e Tecnologia do Piauí (IFPI) foi prorrogado para o exercício de 2025.",0.48000000000000004,0.2916666666666667,0.4,0.4,0.1690653646485627,0.8415287733078003,0.9482990503311157,0.8917292952537537,0.5405405405405406,0.0,5.2976,4
10,52,dense_no_rerank,"RESOLUÇÃO NORMATIVA Nº 236-2025-Prorroga o Plano Diretor de Tecnologia da Informação e Comunicação (PDTIC-2022-2024), do Instituto Federal de Educação, Ciência e Tecnologia do Piauí (IFPI) e Anexo.pdf",Qual resolução foi revogada pela Resolução Normativa nº 236 de 2025?,"Foi revogada a Resolução Normativa nº 133/2022 - CONSELHO SUPERIOR, de 29 de abril de 2022.",A Resolução Normativa nº 236 de 2025 revogou a Resolução NormaAva nº 206/2024.,0.3636363636363636,0.2580645161290323,0.3636363636363636,0.3636363636363636,0.0,0.916382372379303,0.8532021045684814,0.8836644291877747,0.41666666666666663,0.0,4.5887,4
10,52,dense_no_rerank,"RESOLUÇÃO NORMATIVA Nº 236-2025-Prorroga o Plano Diretor de Tecnologia da Informação e Comunicação (PDTIC-2022-2024), do Instituto Federal de Educação, Ciência e Tecnologia do Piauí (IFPI) e Anexo.pdf",Quais são as três fases da metodologia de elaboração do PDTIC descritas no documento?,"As três fases da metodologia de elaboração do PDTIC são Preparação, Diagnóstico e Planejamento.","As três fases da metodologia de elaboração do PDTIC são Preparação, Diagnóstico e Planejamento.",1.0,1.0,1.0,1.0,1.0,1.0,1.0,1.0,1.0,1.0,3.3934,4
10,52,dense_no_rerank,"RESOLUÇÃO NORMATIVA Nº 236-2025-Prorroga o Plano Diretor de Tecnologia da Informação e Comunicação (PDTIC-2022-2024), do Instituto Federal de Educação, Ciência e Tecnologia do Piauí (IFPI) e Anexo.pdf",Em que guia se baseou a metodologia de elaboração do PDTIC do IFPI?,"A metodologia de elaboração do PDTIC do IFPI baseou-se no Guia de PDTIC do SISP, versão 2.0, adaptado à realidade do IFPI.","A metodologia de elaboração do PDTIC do IFPI baseou-se no Guia de PDTIC do SISP, versão 2.0, adaptado à realidade do IFPI.",1.0,1.0,1.0,1.0,1.0,1.0,1.0,1.0,1.0,1.0,4.233,4
10,52,dense_no_rerank,"RESOLUÇÃO NORMATIVA Nº 223-2024-Atualiza a Regulamentação do planejamento e o registro das atividades acadêmicas dos docentes da Carreira do Magistério do Ensino Básico, Técnico e Tecnológico do IFPI.pdf",Quais são os regimes de trabalho previstos para os docentes do EBTT no IFPI?,"Os regimes de trabalho previstos são 40 horas com dedicação exclusiva, 40 horas e 20 horas semanais.","Os regimes de trabalho para os docentes do EBTT do IFPI são definidos de acordo com a Tabela de Atividades, e o Plano Semestral de Atividades Docentes (PSAD) deve totalizar a carga horária de cada regime de trabalho.",0.30508474576271183,0.14035087719298245,0.2711864406779661,0.2711864406779661,0.06695900686562914,0.8216652870178223,0.8533812761306763,0.8372229933738708,0.3414634146341463,0.0,5.1619,4
10,52,dense_no_rerank,"RESOLUÇÃO NORMATIVA Nº 223-2024-Atualiza a Regulamentação do planejamento e o registro das atividades acadêmicas dos docentes da Carreira do Magistério do Ensino Básico, Técnico e Tecnológico do IFPI.pdf","Para cada hora de regência de aulas, quantas horas adicionais o docente computará para atividades de organização e apoio ao ensino?","Para cada hora de regência de aulas, o docente computará uma hora adicional para atividades de organização e apoio ao ensino.","Para cada hora de Regência de Aula, o docente computará uma hora adicional para atividades de Organização e Apoio ao Ensino.",0.9565217391304348,0.9090909090909091,0.9565217391304348,0.9565217391304348,0.5339935148604845,0.9223076105117798,0.942150354385376,0.9321234226226807,0.9411764705882353,0.0,3.7317,4
10,52,dense_no_rerank,"RESOLUÇÃO NORMATIVA Nº 218-2024-Estab. normas, critérios e proc. para a participação de docentes (DE) em atividades remuneradas.pdf","Qual é o limite anual de horas para a participação esporádica remunerada em palestras, conferências e atividades artísticas e culturais de docentes em dedicação exclusiva?",O limite anual é de 30 horas.,"O limite anual de horas para a participação esporádica remunerada em palestras, conferências, atividades artísticas e culturais de docentes em dedicação exclusiva não pode exceder a 30 horas anuais.",0.2926829268292683,0.20512820512820512,0.2926829268292683,0.2926829268292683,0.0,0.8036078810691833,0.9253432154655457,0.8601899147033691,0.375,0.0,4.6747,4
10,52,dense_no_rerank,"RESOLUÇÃO NORMATIVA Nº 218-2024-Estab. normas, critérios e proc. para a participação de docentes (DE) em atividades remuneradas.pdf",Qual é o limite de carga horária para atividades remuneradas eventuais previstas no artigo 7º da Resolução Normativa nº 218 de 2024?,As atividades remuneradas eventuais não podem exceder 8 horas semanais ou 416 horas anuais.,O limite de carga horária para a prestação institucional de serviços remunerada de um servidor não pode ultrapassar 8 (oito) horas semanais ou 416 (quatrocentas e dezesseis) horas anuais.,0.37499999999999994,0.21739130434782608,0.37499999999999994,0.37499999999999994,0.1049439266125276,0.8394305109977722,0.9174327850341797,0.8767000436782837,0.3589743589743589,0.0,4.9369,4
10,52,dense_no_rerank,"RESOLUÇÃO NORMATIVA Nº 217-2024-Atualiza o Regimento Interno da Comissão Permanente de Pessoal Docente (CPPD), no âmbito do Instituto Federal de Educação, Ciência e Tecnologia do Piauí (IFPI)..pdf",Como é composta a CPPD do IFPI em número de membros titulares e suplentes?,"A CPPD do IFPI é composta por 10 docentes, sendo 5 representantes titulares e 5 representantes suplentes.","A CPPD do IFPI é composta por dez docentes da carreira de Ensino Básico, Técnico e Tecnológico, sendo cinco representantes titulares e cinco representantes suplentes.",0.6046511627906976,0.3902439024390244,0.6046511627906976,0.6046511627906976,0.31645275923351984,0.9136143922805786,0.9827612638473511,0.9469271898269653,0.7027027027027029,0.0,4.1962,4
10,52,dense_no_rerank,"RESOLUÇÃO NORMATIVA Nº 217-2024-Atualiza o Regimento Interno da Comissão Permanente de Pessoal Docente (CPPD), no âmbito do Instituto Federal de Educação, Ciência e Tecnologia do Piauí (IFPI)..pdf",Qual é o mandato dos integrantes da CPPD do IFPI?,"O mandato dos integrantes da CPPD é de 4 anos, com possibilidade de uma única recondução por igual período.","Os integrantes da CPPD do IFPI terão mandato de 04 (quatro) anos, podendo haver uma única recondução por igual período.",0.6976744186046512,0.4878048780487805,0.6046511627906976,0.6046511627906976,0.3299895472527792,0.9243701696395874,0.944128692150116,0.9341450333595276,0.631578947368421,0.0,4.0079,4
10,52,dense_no_rerank,"RESOLUÇÃO Nº 27-2024-Aprova  a criação do curso de Qualificação Profissional, de Formação Inicial e Continuada (FIC) em Aquicultor, no âmbito do IFPI e Anexo.pdf",Quantas vagas são ofertadas no curso FIC em Aquicultor?,O curso FIC em Aquicultor oferta 40 vagas.,O curso de Qualificação Profissional - Formação Inicial e Continuada (FIC) em Aquicultor oferece 40 vagas.,0.56,0.34782608695652173,0.56,0.56,0.0,0.863581657409668,0.969627320766449,0.9135372638702393,0.608695652173913,0.0,3.7777,4
10,52,dense_no_rerank,"RESOLUÇÃO Nº 27-2024-Aprova  a criação do curso de Qualificação Profissional, de Formação Inicial e Continuada (FIC) em Aquicultor, no âmbito do IFPI e Anexo.pdf",Qual é a forma de acesso ao curso FIC em Aquicultor?,A forma de acesso ao curso FIC em Aquicultor é por meio de sorteio.,A forma de acesso ao curso FIC em Aquicultor exige que o candidato possua o Ensino Fundamental I (1º ao 5º ano) incompleto.,0.5,0.4705882352941177,0.5,0.5,0.31107972814824386,0.8755465745925903,0.9480505585670471,0.9103571772575378,0.5294117647058824,0.0,4.1021,4
10,52,dense_rerank,CURSO_SUPERIOR_DE_TECNOLOGIA_EM_ANÁLISE_E_DESENVOLVIMENTO_DE_SISTEMAS.pdf,Em que ano o Curso Superior de Tecnologia em Análise e Desenvolvimento de Sistemas foi criado no Campus de Picos?,O Curso Superior de Tecnologia em Análise e Desenvolvimento de Sistemas foi criado no Campus de Picos em 2013.,O Curso Superior de Tecnologia em Análise e Desenvolvimento de Sistemas foi criado no Campus de Picos em 2013.,1.0,1.0,1.0,1.0,1.0,0.9999999403953552,0.9999999403953552,0.9999999403953552,1.0,1.0,3.6952,4
10,52,dense_rerank,CURSO_SUPERIOR_DE_TECNOLOGIA_EM_ANÁLISE_E_DESENVOLVIMENTO_DE_SISTEMAS.pdf,Qual é a unidade de oferta do Curso Superior de Tecnologia em Análise e Desenvolvimento de Sistemas descrita no PPC?,A unidade de oferta do curso é o Campus Teresina Central.,"O Projeto Pedagógico do Curso Superior de Tecnologia em Análise e Desenvolvimento de Sistemas é fruto de um processo de reflexão e discussão coletiva, com participação dos professores e da comunidade acadêmica.",0.1702127659574468,0.04444444444444444,0.12765957446808512,0.12765957446808512,0.0,0.7909088134765625,0.8624572157859802,0.8251348733901978,0.2631578947368421,0.0,4.1757,4
10,52,dense_rerank,CURSO_SUPERIOR_DE_TECNOLOGIA_EM_ANÁLISE_E_DESENVOLVIMENTO_DE_SISTEMAS.pdf,Qual é a carga horária total do Curso Superior de Tecnologia em Análise e Desenvolvimento de Sistemas?,A carga horária total do curso é de 2100 horas.,"A carga horária total do Curso Superior de Tecnologia em Análise e Desenvolvimento de Sistemas é de 400 horas, distribuídas em 20 semanas.",0.5142857142857143,0.36363636363636365,0.5142857142857143,0.5142857142857143,0.17268932789342512,0.839600145816803,0.9638860821723938,0.8974605798721313,0.6,0.0,4.0189,4
10,52,dense_rerank,CURSO_SUPERIOR_DE_TECNOLOGIA_EM_ANÁLISE_E_DESENVOLVIMENTO_DE_SISTEMAS.pdf,Quantas vagas por ano são ofertadas no Curso Superior de Tecnologia em Análise e Desenvolvimento de Sistemas?,O curso oferta 40 vagas por ano.,O Curso Superior de Tecnologia em Análise e Desenvolvimento de Sistemas oferece 40 vagas no turno da noite para o primeiro semestre de 2025.,0.25,0.13333333333333333,0.25,0.25,0.0,0.8228235840797424,0.9194111824035645,0.8684400320053101,0.2857142857142857,0.0,3.8378,4
10,52,dense_rerank,"RESOLUÇÃO Nº 14-2025-Aprova a Criação do Curso de Aperfeiçoamento Escola da Terra, no âmbito do Instituto Federal de Educação, Ciência e Tecnologia do Piauí (IFPI) e Anexo..pdf",Qual é a carga horária total do curso Escola da Terra?,A carga horária total do curso Escola da Terra é de 180 horas.,"A carga horária total do curso Escola da Terra é de 180 horas/aula presenciais, divididas em cinco módulos.",0.787878787878788,0.7741935483870968,0.787878787878788,0.787878787878788,0.5695988432761473,0.9143187999725342,0.9894363880157471,0.9503955841064453,0.8125000000000001,0.0,3.9876,4
10,52,dense_rerank,"RESOLUÇÃO Nº 14-2025-Aprova a Criação do Curso de Aperfeiçoamento Escola da Terra, no âmbito do Instituto Federal de Educação, Ciência e Tecnologia do Piauí (IFPI) e Anexo..pdf",Qual é a meta física do curso Escola da Terra em número de vagas?,A meta física do curso Escola da Terra é de 120 vagas.,A meta física do curso Escola da Terra é de 120 vagas para professoras e coordenadoras pedagógicas de turmas multisseriadas.,0.7272727272727273,0.7096774193548387,0.7272727272727273,0.7272727272727273,0.5471114295717522,0.8801493048667908,0.9877628684043884,0.9308561682701111,0.7741935483870968,0.0,4.3626,4
10,52,dense_rerank,"RESOLUÇÃO Nº 14-2025-Aprova a Criação do Curso de Aperfeiçoamento Escola da Terra, no âmbito do Instituto Federal de Educação, Ciência e Tecnologia do Piauí (IFPI) e Anexo..pdf",Quando está previsto o início do curso Escola da Terra?,O início do curso Escola da Terra está previsto para março de 2025.,O Curso Aperfeiçoamento Escola da Terra está autorizado a funcionar a partir do primeiro semestre de 2024.,0.4848484848484848,0.1935483870967742,0.42424242424242425,0.42424242424242425,0.1598921499894403,0.8659210801124573,0.9128432869911194,0.8887632489204407,0.5517241379310345,0.0,3.8197,4
10,52,dense_rerank,"RESOLUÇÃO Nº 14-2025-Aprova a Criação do Curso de Aperfeiçoamento Escola da Terra, no âmbito do Instituto Federal de Educação, Ciência e Tecnologia do Piauí (IFPI) e Anexo..pdf",Quem é o coordenador do curso Escola da Terra?,O coordenador do curso Escola da Terra é Gilson Mendes Araújo.,O coordenador do curso Escola da Terra é Emanuel Alcântara da Silva.,0.6086956521739131,0.5714285714285713,0.6086956521739131,0.6086956521739131,0.5760844201603896,0.9166338443756104,0.9614384174346924,0.9385016560554504,0.7272727272727273,0.0,3.1566,4
10,52,dense_rerank,"RESOLUÇÃO NORMATIVA Nº 236-2025-Prorroga o Plano Diretor de Tecnologia da Informação e Comunicação (PDTIC-2022-2024), do Instituto Federal de Educação, Ciência e Tecnologia do Piauí (IFPI) e Anexo.pdf",Para qual exercício foi prorrogada a vigência do PDTIC-2022/2024 do IFPI?,A vigência do PDTIC-2022/2024 foi prorrogada para o exercício de 2025.,"O Plano Diretor de Tecnologia da Informação e Comunicação (PDTIC-2022/2024) do Instituto Federal de Educação, Ciência e Tecnologia do Piauí (IFPI) foi prorrogado para o exercício de 2025.",0.48000000000000004,0.2916666666666667,0.4,0.4,0.1690653646485627,0.8415287733078003,0.9482990503311157,0.8917292952537537,0.5405405405405406,0.0,5.3371,4
10,52,dense_rerank,"RESOLUÇÃO NORMATIVA Nº 236-2025-Prorroga o Plano Diretor de Tecnologia da Informação e Comunicação (PDTIC-2022-2024), do Instituto Federal de Educação, Ciência e Tecnologia do Piauí (IFPI) e Anexo.pdf",Qual resolução foi revogada pela Resolução Normativa nº 236 de 2025?,"Foi revogada a Resolução Normativa nº 133/2022 - CONSELHO SUPERIOR, de 29 de abril de 2022.",A Resolução Normativa nº 248 de 2025 revogou a Resolução Normativa nº 113/2024.,0.3636363636363636,0.2580645161290323,0.3636363636363636,0.3636363636363636,0.1371412313982141,0.9315725564956665,0.8553409576416016,0.8918307423591614,0.4347826086956522,0.0,4.8972,4
10,52,dense_rerank,"RESOLUÇÃO NORMATIVA Nº 236-2025-Prorroga o Plano Diretor de Tecnologia da Informação e Comunicação (PDTIC-2022-2024), do Instituto Federal de Educação, Ciência e Tecnologia do Piauí (IFPI) e Anexo.pdf",Quais são as três fases da metodologia de elaboração do PDTIC descritas no documento?,"As três fases da metodologia de elaboração do PDTIC são Preparação, Diagnóstico e Planejamento.","As três fases da metodologia de elaboração do PDTIC são: Preparação, Diagnóstico e Planejamento.",1.0,1.0,1.0,1.0,0.8282477531331041,0.9927828311920166,0.9966408014297485,0.9947080612182617,1.0,0.0,3.5257,4
10,52,dense_rerank,"RESOLUÇÃO NORMATIVA Nº 236-2025-Prorroga o Plano Diretor de Tecnologia da Informação e Comunicação (PDTIC-2022-2024), do Instituto Federal de Educação, Ciência e Tecnologia do Piauí (IFPI) e Anexo.pdf",Em que guia se baseou a metodologia de elaboração do PDTIC do IFPI?,"A metodologia de elaboração do PDTIC do IFPI baseou-se no Guia de PDTIC do SISP, versão 2.0, adaptado à realidade do IFPI.","A metodologia de elaboração do PDTIC do IFPI baseou-se no Guia de PDTIC do SISP, versão 2.0, adaptado à realidade do IFPI.",1.0,1.0,1.0,1.0,1.0,1.0,1.0,1.0,1.0,1.0,4.2569,4
10,52,dense_rerank,"RESOLUÇÃO NORMATIVA Nº 223-2024-Atualiza a Regulamentação do planejamento e o registro das atividades acadêmicas dos docentes da Carreira do Magistério do Ensino Básico, Técnico e Tecnológico do IFPI.pdf",Quais são os regimes de trabalho previstos para os docentes do EBTT no IFPI?,"Os regimes de trabalho previstos são 40 horas com dedicação exclusiva, 40 horas e 20 horas semanais.","Os docentes da carreira de Ensino Básico, Técnico e Tecnológico do IFPI são submetidos a um dos seguintes regimes de trabalho: tempo integral de 40 (quarenta) horas semanais com dedicação exclusiva (DE), tempo integral de 40 (quarenta) horas semanais, ou tempo parcial de 20 (vinte) horas semanais de trabalho.",0.4931506849315068,0.19718309859154928,0.410958904109589,0.410958904109589,0.0,0.8409399390220642,0.9313183426856995,0.8838246464729309,0.5531914893617021,0.0,6.8002,4
10,52,dense_rerank,"RESOLUÇÃO NORMATIVA Nº 223-2024-Atualiza a Regulamentação do planejamento e o registro das atividades acadêmicas dos docentes da Carreira do Magistério do Ensino Básico, Técnico e Tecnológico do IFPI.pdf","Para cada hora de regência de aulas, quantas horas adicionais o docente computará para atividades de organização e apoio ao ensino?","Para cada hora de regência de aulas, o docente computará uma hora adicional para atividades de organização e apoio ao ensino.","Os docentes orientadores poderão computar até duas horas de Regência de Aulas para atividades de orientação de projetos integradores, disciplinas do Núcleo Integrador ou do Núcleo Complementar, e atividades de extensão.",0.4,0.20689655172413793,0.3333333333333333,0.3333333333333333,0.0,0.834890604019165,0.8828171491622925,0.8581852316856384,0.2926829268292683,0.0,4.65,4
10,52,dense_rerank,"RESOLUÇÃO NORMATIVA Nº 218-2024-Estab. normas, critérios e proc. para a participação de docentes (DE) em atividades remuneradas.pdf","Qual é o limite anual de horas para a participação esporádica remunerada em palestras, conferências e atividades artísticas e culturais de docentes em dedicação exclusiva?",O limite anual é de 30 horas.,"O limite anual de horas para a participação esporádica remunerada em palestras, conferências, atividades artísticas e culturais de docentes em dedicação exclusiva é de 30 horas.",0.33333333333333337,0.29411764705882354,0.33333333333333337,0.33333333333333337,0.16110518603734317,0.8159887194633484,0.9578015804290771,0.8812262415885925,0.4827586206896552,0.0,4.5016,4
10,52,dense_rerank,"RESOLUÇÃO NORMATIVA Nº 218-2024-Estab. normas, critérios e proc. para a participação de docentes (DE) em atividades remuneradas.pdf",Qual é o limite de carga horária para atividades remuneradas eventuais previstas no artigo 7º da Resolução Normativa nº 218 de 2024?,As atividades remuneradas eventuais não podem exceder 8 horas semanais ou 416 horas anuais.,"O limite de carga horária para atividades remuneradas eventuais de servidor docente com dedicação exclusiva ou com 20 ou 40 horas, desenvolvendo atividades de prestação de serviços em projetos de ensino, pesquisa e extensão, é de 8 (oito) horas semanais ou 416 (quatrocentas e dezesseis) horas anuais.",0.3333333333333333,0.1875,0.3333333333333333,0.3333333333333333,0.07832109731166834,0.8363698124885559,0.9225704669952393,0.8773579597473145,0.37499999999999994,0.0,6.4445,4
10,52,dense_rerank,"RESOLUÇÃO NORMATIVA Nº 217-2024-Atualiza o Regimento Interno da Comissão Permanente de Pessoal Docente (CPPD), no âmbito do Instituto Federal de Educação, Ciência e Tecnologia do Piauí (IFPI)..pdf",Como é composta a CPPD do IFPI em número de membros titulares e suplentes?,"A CPPD do IFPI é composta por 10 docentes, sendo 5 representantes titulares e 5 representantes suplentes.","A CPPD do IFPI é composta por 10 (dez) docentes da carreira de Ensino Básico, Técnico e Tecnológico, sendo 05 (cinco) representantes titulares e 05 (cinco) representantes suplentes.",0.608695652173913,0.4090909090909091,0.608695652173913,0.608695652173913,0.2678611586875139,0.8902251720428467,0.9755249619483948,0.930925190448761,0.7179487179487181,0.0,5.0614,4
10,52,dense_rerank,"RESOLUÇÃO NORMATIVA Nº 217-2024-Atualiza o Regimento Interno da Comissão Permanente de Pessoal Docente (CPPD), no âmbito do Instituto Federal de Educação, Ciência e Tecnologia do Piauí (IFPI)..pdf",Qual é o mandato dos integrantes da CPPD do IFPI?,"O mandato dos integrantes da CPPD é de 4 anos, com possibilidade de uma única recondução por igual período.","Os integrantes da CPPD do IFPI têm mandato de 4 (quatro) anos, podendo haver uma única recondução por igual período.",0.6976744186046512,0.4878048780487805,0.6511627906976744,0.6511627906976744,0.3446913316729032,0.9351704120635986,0.9487611055374146,0.9419167041778564,0.6842105263157895,0.0,3.9097,4
10,52,dense_rerank,"RESOLUÇÃO Nº 27-2024-Aprova  a criação do curso de Qualificação Profissional, de Formação Inicial e Continuada (FIC) em Aquicultor, no âmbito do IFPI e Anexo.pdf",Quantas vagas são ofertadas no curso FIC em Aquicultor?,O curso FIC em Aquicultor oferta 40 vagas.,O curso de Qualificação Profissional - Formação Inicial e Continuada (FIC) em Aquicultor oferece 40 vagas.,0.56,0.34782608695652173,0.56,0.56,0.0,0.863581657409668,0.969627320766449,0.9135372638702393,0.608695652173913,0.0,3.8705,4
10,52,dense_rerank,"RESOLUÇÃO Nº 27-2024-Aprova  a criação do curso de Qualificação Profissional, de Formação Inicial e Continuada (FIC) em Aquicultor, no âmbito do IFPI e Anexo.pdf",Qual é a forma de acesso ao curso FIC em Aquicultor?,A forma de acesso ao curso FIC em Aquicultor é por meio de sorteio.,A forma de oferta do Curso de Qualificação Profissional - Formação Inicial e Continuada (FIC) em Aquicultor é presencial.,0.5,0.26666666666666666,0.4375,0.4375,0.0,0.8556186556816101,0.9247289299964905,0.8888323903083801,0.5333333333333333,0.0,4.0022,4
10,52,bm25,CURSO_SUPERIOR_DE_TECNOLOGIA_EM_ANÁLISE_E_DESENVOLVIMENTO_DE_SISTEMAS.pdf,Em que ano o Curso Superior de Tecnologia em Análise e Desenvolvimento de Sistemas foi criado no Campus de Picos?,O Curso Superior de Tecnologia em Análise e Desenvolvimento de Sistemas foi criado no Campus de Picos em 2013.,O Curso Superior de Tecnologia em Análise e Desenvolvimento de Sistemas no Campus de Picos foi autorizado em 2013.,0.9500000000000001,0.7894736842105263,0.9,0.9,0.7172835948406505,0.9870268106460571,0.9908930659294128,0.9889561533927917,0.9375,0.0,3.5872,4
10,52,bm25,CURSO_SUPERIOR_DE_TECNOLOGIA_EM_ANÁLISE_E_DESENVOLVIMENTO_DE_SISTEMAS.pdf,Qual é a unidade de oferta do Curso Superior de Tecnologia em Análise e Desenvolvimento de Sistemas descrita no PPC?,A unidade de oferta do curso é o Campus Teresina Central.,"A unidade de oferta do Curso Superior de Tecnologia em Análise e Desenvolvimento de Sistemas descrita no PPC são os campi Teresina Central, Floriano, Picos, Corrente, Pedro II e Parnaíba.",0.41860465116279066,0.29268292682926833,0.41860465116279066,0.41860465116279066,0.11755743200908036,0.8304221630096436,0.945409893989563,0.8841931819915771,0.42105263157894735,0.0,4.4389,4
10,52,bm25,CURSO_SUPERIOR_DE_TECNOLOGIA_EM_ANÁLISE_E_DESENVOLVIMENTO_DE_SISTEMAS.pdf,Qual é a carga horária total do Curso Superior de Tecnologia em Análise e Desenvolvimento de Sistemas?,A carga horária total do curso é de 2100 horas.,"As atividades complementares do Curso Superior de Tecnologia em Análise e Desenvolvimento de Sistemas deverão ter o total de no mínimo cem horas, correspondente a 5% da carga horária total do curso.",0.391304347826087,0.22727272727272727,0.30434782608695654,0.30434782608695654,0.11117895489854909,0.81644606590271,0.9267646074295044,0.8681145906448364,0.43243243243243246,0.0,4.4055,4
10,52,bm25,CURSO_SUPERIOR_DE_TECNOLOGIA_EM_ANÁLISE_E_DESENVOLVIMENTO_DE_SISTEMAS.pdf,Quantas vagas por ano são ofertadas no Curso Superior de Tecnologia em Análise e Desenvolvimento de Sistemas?,O curso oferta 40 vagas por ano.,O Curso Superior de Tecnologia em Análise e Desenvolvimento de Sistemas oferece 40 vagas por ano no turno vespertino.,0.4444444444444444,0.32,0.4444444444444444,0.4444444444444444,0.1326475916741222,0.8291540145874023,0.955398440361023,0.8878107666969299,0.48,0.0,3.4313,4
10,52,bm25,"RESOLUÇÃO Nº 14-2025-Aprova a Criação do Curso de Aperfeiçoamento Escola da Terra, no âmbito do Instituto Federal de Educação, Ciência e Tecnologia do Piauí (IFPI) e Anexo..pdf",Qual é a carga horária total do curso Escola da Terra?,A carga horária total do curso Escola da Terra é de 180 horas.,"O curso Escola da Terra está organizado com uma carga horária total de 294 horas destinadas ao estudo das disciplinas, acrescido de 66 horas destinadas a um Trabalho de Conclusão de Curso.",0.46808510638297873,0.26666666666666666,0.25531914893617025,0.25531914893617025,0.1077448900968642,0.8482507467269897,0.9352979063987732,0.8896501660346985,0.5128205128205128,0.0,4.5391,4
10,52,bm25,"RESOLUÇÃO Nº 14-2025-Aprova a Criação do Curso de Aperfeiçoamento Escola da Terra, no âmbito do Instituto Federal de Educação, Ciência e Tecnologia do Piauí (IFPI) e Anexo..pdf",Qual é a meta física do curso Escola da Terra em número de vagas?,A meta física do curso Escola da Terra é de 120 vagas.,O Curso Aperfeiçoamento Escola da Terra possui 30 vagas.,0.45454545454545453,0.19999999999999998,0.45454545454545453,0.45454545454545453,0.0,0.880872368812561,0.914977490901947,0.8976011276245117,0.4761904761904762,0.0,2.676,4
10,52,bm25,"RESOLUÇÃO Nº 14-2025-Aprova a Criação do Curso de Aperfeiçoamento Escola da Terra, no âmbito do Instituto Federal de Educação, Ciência e Tecnologia do Piauí (IFPI) e Anexo..pdf",Quando está previsto o início do curso Escola da Terra?,O início do curso Escola da Terra está previsto para março de 2025.,Não encontrei essa informação no contexto fornecido.,0.16666666666666669,0.0,0.16666666666666669,0.16666666666666669,0.0,0.8219438791275024,0.8310289978981018,0.8264614343643188,0.0,0.0,2.6556,4
10,52,bm25,"RESOLUÇÃO Nº 14-2025-Aprova a Criação do Curso de Aperfeiçoamento Escola da Terra, no âmbito do Instituto Federal de Educação, Ciência e Tecnologia do Piauí (IFPI) e Anexo..pdf",Quem é o coordenador do curso Escola da Terra?,O coordenador do curso Escola da Terra é Gilson Mendes Araújo.,"O coordenador do curso Escola da Terra é um docente do campus, de área específica ou pedagógica do curso.",0.45161290322580644,0.41379310344827586,0.45161290322580644,0.45161290322580644,0.3386854985606571,0.900873601436615,0.9360523223876953,0.9181260466575623,0.5925925925925926,0.0,3.3169,4
10,52,bm25,"RESOLUÇÃO NORMATIVA Nº 236-2025-Prorroga o Plano Diretor de Tecnologia da Informação e Comunicação (PDTIC-2022-2024), do Instituto Federal de Educação, Ciência e Tecnologia do Piauí (IFPI) e Anexo.pdf",Para qual exercício foi prorrogada a vigência do PDTIC-2022/2024 do IFPI?,A vigência do PDTIC-2022/2024 foi prorrogada para o exercício de 2025.,O Plano de Desenvolvimento Institucional (PDI) do IFPI teve vigência de 2020 a 2024.,0.4666666666666667,0.07142857142857142,0.20000000000000004,0.20000000000000004,0.0,0.8483378887176514,0.8543418645858765,0.8513292670249939,0.46153846153846156,0.0,3.8988,4
10,52,bm25,"RESOLUÇÃO NORMATIVA Nº 236-2025-Prorroga o Plano Diretor de Tecnologia da Informação e Comunicação (PDTIC-2022-2024), do Instituto Federal de Educação, Ciência e Tecnologia do Piauí (IFPI) e Anexo.pdf",Qual resolução foi revogada pela Resolução Normativa nº 236 de 2025?,"Foi revogada a Resolução Normativa nº 133/2022 - CONSELHO SUPERIOR, de 29 de abril de 2022.",A Resolução Normativa nº 236 de 2025 revogou a Resolução Normativa nº 1/2020 do Conselho Superior.,0.4444444444444444,0.29411764705882354,0.3888888888888889,0.3888888888888889,0.13829483667905937,0.9247279167175293,0.8555519580841064,0.8887959718704224,0.5384615384615384,0.0,4.2181,4
10,52,bm25,"RESOLUÇÃO NORMATIVA Nº 236-2025-Prorroga o Plano Diretor de Tecnologia da Informação e Comunicação (PDTIC-2022-2024), do Instituto Federal de Educação, Ciência e Tecnologia do Piauí (IFPI) e Anexo.pdf",Quais são as três fases da metodologia de elaboração do PDTIC descritas no documento?,"As três fases da metodologia de elaboração do PDTIC são Preparação, Diagnóstico e Planejamento.","As três fases da metodologia de elaboração do PDTIC são Preparação, Diagnóstico e Planejamento.",1.0,1.0,1.0,1.0,1.0,1.0,1.0,1.0,1.0,1.0,3.3352,4
10,52,bm25,"RESOLUÇÃO NORMATIVA Nº 236-2025-Prorroga o Plano Diretor de Tecnologia da Informação e Comunicação (PDTIC-2022-2024), do Instituto Federal de Educação, Ciência e Tecnologia do Piauí (IFPI) e Anexo.pdf",Em que guia se baseou a metodologia de elaboração do PDTIC do IFPI?,"A metodologia de elaboração do PDTIC do IFPI baseou-se no Guia de PDTIC do SISP, versão 2.0, adaptado à realidade do IFPI.","A metodologia utilizada para a elaboração do documento baseou-se no Guia de PDTIC do SISP, versão 2.0, adaptado à realidade do IFPI.",0.8399999999999999,0.75,0.8399999999999999,0.8399999999999999,0.7150762135853476,0.9745191931724548,0.9789811372756958,0.9767451286315918,0.923076923076923,0.0,4.1133,4
10,52,bm25,"RESOLUÇÃO NORMATIVA Nº 223-2024-Atualiza a Regulamentação do planejamento e o registro das atividades acadêmicas dos docentes da Carreira do Magistério do Ensino Básico, Técnico e Tecnológico do IFPI.pdf",Quais são os regimes de trabalho previstos para os docentes do EBTT no IFPI?,"Os regimes de trabalho previstos são 40 horas com dedicação exclusiva, 40 horas e 20 horas semanais.","Os regimes de trabalho previstos para os docentes do EBTT no IFPI são de tempo integral, com 40 horas semanais, ou tempo parcial, com 20 horas semanais.",0.5531914893617021,0.3555555555555555,0.5531914893617021,0.5531914893617021,0.2171788734284664,0.9010717272758484,0.9406071305274963,0.9204151034355164,0.6285714285714286,0.0,4.2769,4
10,52,bm25,"RESOLUÇÃO NORMATIVA Nº 223-2024-Atualiza a Regulamentação do planejamento e o registro das atividades acadêmicas dos docentes da Carreira do Magistério do Ensino Básico, Técnico e Tecnológico do IFPI.pdf","Para cada hora de regência de aulas, quantas horas adicionais o docente computará para atividades de organização e apoio ao ensino?","Para cada hora de regência de aulas, o docente computará uma hora adicional para atividades de organização e apoio ao ensino.","Para cada hora de Regência de Aula, o docente computará uma hora de Organização e Apoio ao Ensino.",0.8837209302325583,0.7804878048780488,0.8837209302325583,0.8837209302325583,0.3414504535105491,0.9086815118789673,0.9197208881378174,0.9141678810119629,0.8749999999999999,0.0,3.6555,4
10,52,bm25,"RESOLUÇÃO NORMATIVA Nº 218-2024-Estab. normas, critérios e proc. para a participação de docentes (DE) em atividades remuneradas.pdf","Qual é o limite anual de horas para a participação esporádica remunerada em palestras, conferências e atividades artísticas e culturais de docentes em dedicação exclusiva?",O limite anual é de 30 horas.,"O limite anual de horas para a participação esporádica remunerada em palestras, conferências, atividades artísticas e culturais de docentes em dedicação exclusiva não pode exceder a 30 (trinta) horas anuais.",0.2857142857142857,0.15,0.2857142857142857,0.2857142857142857,0.0,0.7990579605102539,0.920907199382782,0.8556663990020752,0.36363636363636365,0.0,4.8384,4
10,52,bm25,"RESOLUÇÃO NORMATIVA Nº 218-2024-Estab. normas, critérios e proc. para a participação de docentes (DE) em atividades remuneradas.pdf",Qual é o limite de carga horária para atividades remuneradas eventuais previstas no artigo 7º da Resolução Normativa nº 218 de 2024?,As atividades remuneradas eventuais não podem exceder 8 horas semanais ou 416 horas anuais.,"O limite máximo da soma da remuneração, retribuições e bolsas percebidas pelos ocupantes de cargos, funções e empregos públicos não poderá exceder o maior valor recebido pelo funcionalismo público federal.",0.11538461538461539,0.04,0.11538461538461539,0.11538461538461539,0.0,0.8185205459594727,0.8523279428482056,0.8350822329521179,0.1,0.0,4.5914,4
10,52,bm25,"RESOLUÇÃO NORMATIVA Nº 217-2024-Atualiza o Regimento Interno da Comissão Permanente de Pessoal Docente (CPPD), no âmbito do Instituto Federal de Educação, Ciência e Tecnologia do Piauí (IFPI)..pdf",Como é composta a CPPD do IFPI em número de membros titulares e suplentes?,"A CPPD do IFPI é composta por 10 docentes, sendo 5 representantes titulares e 5 representantes suplentes.","A CPPD do IFPI é composta por chapas com dois docentes, sendo um titular e um suplente.",0.5625,0.4000000000000001,0.5625,0.5625,0.39670882908365773,0.9483709931373596,0.953549861907959,0.9509534239768982,0.6451612903225806,0.0,3.4733,4
10,52,bm25,"RESOLUÇÃO NORMATIVA Nº 217-2024-Atualiza o Regimento Interno da Comissão Permanente de Pessoal Docente (CPPD), no âmbito do Instituto Federal de Educação, Ciência e Tecnologia do Piauí (IFPI)..pdf",Qual é o mandato dos integrantes da CPPD do IFPI?,"O mandato dos integrantes da CPPD é de 4 anos, com possibilidade de uma única recondução por igual período.","Os integrantes da CPPD do IFPI cumprem um mandato de 04 (quatro) anos, admitida uma única reeleição para período subsequente, não existindo limite para mandatos alternados.",0.4897959183673469,0.1702127659574468,0.40816326530612246,0.40816326530612246,0.0,0.8646747469902039,0.9030035734176636,0.8834236264228821,0.41860465116279066,0.0,4.6065,4
10,52,bm25,"RESOLUÇÃO Nº 27-2024-Aprova  a criação do curso de Qualificação Profissional, de Formação Inicial e Continuada (FIC) em Aquicultor, no âmbito do IFPI e Anexo.pdf",Quantas vagas são ofertadas no curso FIC em Aquicultor?,O curso FIC em Aquicultor oferta 40 vagas.,Não encontrei essa informação no contexto fornecido.,0.11764705882352941,0.0,0.11764705882352941,0.11764705882352941,0.0,0.8231986165046692,0.8388471603393555,0.8309492468833923,0.0,0.0,2.7164,4
10,52,bm25,"RESOLUÇÃO Nº 27-2024-Aprova  a criação do curso de Qualificação Profissional, de Formação Inicial e Continuada (FIC) em Aquicultor, no âmbito do IFPI e Anexo.pdf",Qual é a forma de acesso ao curso FIC em Aquicultor?,A forma de acesso ao curso FIC em Aquicultor é por meio de sorteio.,"O acesso para o curso FIC será por meio de edital de seleção, e o processo seletivo ocorrerá através de prova escrita específica.",0.3589743589743589,0.16216216216216217,0.30769230769230776,0.30769230769230776,0.0,0.8822669386863708,0.8946717977523804,0.8884261250495911,0.37499999999999994,0.0,3.5757,4
10,52,tfidf,CURSO_SUPERIOR_DE_TECNOLOGIA_EM_ANÁLISE_E_DESENVOLVIMENTO_DE_SISTEMAS.pdf,Em que ano o Curso Superior de Tecnologia em Análise e Desenvolvimento de Sistemas foi criado no Campus de Picos?,O Curso Superior de Tecnologia em Análise e Desenvolvimento de Sistemas foi criado no Campus de Picos em 2013.,O Curso Superior de Tecnologia em Análise e Desenvolvimento de Sistemas foi criado no Campus de Picos em 2013.,1.0,1.0,1.0,1.0,1.0,0.9999999403953552,0.9999999403953552,0.9999999403953552,1.0,1.0,3.4882,4
10,52,tfidf,CURSO_SUPERIOR_DE_TECNOLOGIA_EM_ANÁLISE_E_DESENVOLVIMENTO_DE_SISTEMAS.pdf,Qual é a unidade de oferta do Curso Superior de Tecnologia em Análise e Desenvolvimento de Sistemas descrita no PPC?,A unidade de oferta do curso é o Campus Teresina Central.,O Curso Superior de Tecnologia em Análise e Desenvolvimento de Sistemas contribui com a demanda de profissionais para atuar no projeto e implementação de Sistemas de Informação de acordo com as necessidades institucionais.,0.1739130434782609,0.0,0.13043478260869565,0.13043478260869565,0.0,0.7902743220329285,0.8632662892341614,0.8251592516899109,0.2222222222222222,0.0,4.1396,4
10,52,tfidf,CURSO_SUPERIOR_DE_TECNOLOGIA_EM_ANÁLISE_E_DESENVOLVIMENTO_DE_SISTEMAS.pdf,Qual é a carga horária total do Curso Superior de Tecnologia em Análise e Desenvolvimento de Sistemas?,A carga horária total do curso é de 2100 horas.,Não encontrei essa informação no contexto fornecido.,0.0,0.0,0.0,0.0,0.0,0.8249529004096985,0.8356121182441711,0.8302482962608337,0.0,0.0,2.5278,4
10,52,tfidf,CURSO_SUPERIOR_DE_TECNOLOGIA_EM_ANÁLISE_E_DESENVOLVIMENTO_DE_SISTEMAS.pdf,Quantas vagas por ano são ofertadas no Curso Superior de Tecnologia em Análise e Desenvolvimento de Sistemas?,O curso oferta 40 vagas por ano.,"O Curso Superior de Tecnologia em Análise e Desenvolvimento de Sistemas teve uma oferta de 64 vagas, distribuídas igualmente entre os turnos tarde e noite.",0.23529411764705882,0.0625,0.23529411764705882,0.23529411764705882,0.0,0.8184553384780884,0.9159019589424133,0.8644410371780396,0.27586206896551724,0.0,3.6653,4
10,52,tfidf,"RESOLUÇÃO Nº 14-2025-Aprova a Criação do Curso de Aperfeiçoamento Escola da Terra, no âmbito do Instituto Federal de Educação, Ciência e Tecnologia do Piauí (IFPI) e Anexo..pdf",Qual é a carga horária total do curso Escola da Terra?,A carga horária total do curso Escola da Terra é de 180 horas.,"A carga horária total do Curso de Educação do Campo e Quilombola, ação Escola da Terra, é de 495 horas, sendo 257 horas no Tempo Universidade e 103 horas no Tempo Escola/Comunidade.",0.5000000000000001,0.39130434782608703,0.5000000000000001,0.5000000000000001,0.13955755489048927,0.8856045007705688,0.9613465070724487,0.9219224452972412,0.631578947368421,0.0,5.2453,4
10,52,tfidf,"RESOLUÇÃO Nº 14-2025-Aprova a Criação do Curso de Aperfeiçoamento Escola da Terra, no âmbito do Instituto Federal de Educação, Ciência e Tecnologia do Piauí (IFPI) e Anexo..pdf",Qual é a meta física do curso Escola da Terra em número de vagas?,A meta física do curso Escola da Terra é de 120 vagas.,"O curso Escola da Terra possui 60 vagas para Professores da Educação Básica - Escolas do Campo, que possuem certificação em curso de aperfeiçoamento (mínimo de 180).",0.37209302325581395,0.14634146341463417,0.2325581395348837,0.2325581395348837,0.08928953574702554,0.8402918577194214,0.9158283472061157,0.8764355182647705,0.4,0.0,4.5231,4
10,52,tfidf,"RESOLUÇÃO Nº 14-2025-Aprova a Criação do Curso de Aperfeiçoamento Escola da Terra, no âmbito do Instituto Federal de Educação, Ciência e Tecnologia do Piauí (IFPI) e Anexo..pdf",Quando está previsto o início do curso Escola da Terra?,O início do curso Escola da Terra está previsto para março de 2025.,O Curso Aperfeiçoamento Escola da Terra está previsto para iniciar no primeiro semestre de 2024.,0.5806451612903225,0.3448275862068965,0.5806451612903225,0.5806451612903225,0.3334477432809602,0.8885897397994995,0.9396146535873413,0.9133901596069336,0.6428571428571429,0.0,3.4189,4
10,52,tfidf,"RESOLUÇÃO Nº 14-2025-Aprova a Criação do Curso de Aperfeiçoamento Escola da Terra, no âmbito do Instituto Federal de Educação, Ciência e Tecnologia do Piauí (IFPI) e Anexo..pdf",Quem é o coordenador do curso Escola da Terra?,O coordenador do curso Escola da Terra é Gilson Mendes Araújo.,Não encontrei essa informação no contexto fornecido.,0.09999999999999999,0.0,0.09999999999999999,0.09999999999999999,0.0,0.8250470161437988,0.8430057168006897,0.833929717540741,0.0,0.0,2.9001,4
10,52,tfidf,"RESOLUÇÃO NORMATIVA Nº 236-2025-Prorroga o Plano Diretor de Tecnologia da Informação e Comunicação (PDTIC-2022-2024), do Instituto Federal de Educação, Ciência e Tecnologia do Piauí (IFPI) e Anexo.pdf",Para qual exercício foi prorrogada a vigência do PDTIC-2022/2024 do IFPI?,A vigência do PDTIC-2022/2024 foi prorrogada para o exercício de 2025.,O Plano Diretor de Tecnologia da Informação e Comunicação (PDTIC-2022/2024) do IFPI foi prorrogado por meio da Resolução Normativa nº 236-2025.,0.38095238095238093,0.1,0.2857142857142857,0.2857142857142857,0.0,0.8385323882102966,0.8902472853660583,0.8636163473129272,0.4444444444444444,0.0,4.9471,4
10,52,tfidf,"RESOLUÇÃO NORMATIVA Nº 236-2025-Prorroga o Plano Diretor de Tecnologia da Informação e Comunicação (PDTIC-2022-2024), do Instituto Federal de Educação, Ciência e Tecnologia do Piauí (IFPI) e Anexo.pdf",Qual resolução foi revogada pela Resolução Normativa nº 236 de 2025?,"Foi revogada a Resolução Normativa nº 133/2022 - CONSELHO SUPERIOR, de 29 de abril de 2022.",A Resolução Normativa nº 236 de 2025 revogou a Resolução nº 111/2025.,0.37500000000000006,0.26666666666666666,0.37500000000000006,0.37500000000000006,0.0,0.9381101131439209,0.8576550483703613,0.8960802555084229,0.4545454545454546,0.0,3.1721,4
10,52,tfidf,"RESOLUÇÃO NORMATIVA Nº 236-2025-Prorroga o Plano Diretor de Tecnologia da Informação e Comunicação (PDTIC-2022-2024), do Instituto Federal de Educação, Ciência e Tecnologia do Piauí (IFPI) e Anexo.pdf",Quais são as três fases da metodologia de elaboração do PDTIC descritas no documento?,"As três fases da metodologia de elaboração do PDTIC são Preparação, Diagnóstico e Planejamento.","As três fases da metodologia de elaboração do PDTIC descritas no documento são: Preparação, Diagnóstico e, por fim, a fase não especificada após o Diagnóstico.",0.6923076923076923,0.64,0.6923076923076923,0.6923076923076923,0.3545649986147617,0.9126512408256531,0.9584945440292358,0.9350113272666931,0.6842105263157894,0.0,4.187,4
10,52,tfidf,"RESOLUÇÃO NORMATIVA Nº 236-2025-Prorroga o Plano Diretor de Tecnologia da Informação e Comunicação (PDTIC-2022-2024), do Instituto Federal de Educação, Ciência e Tecnologia do Piauí (IFPI) e Anexo.pdf",Em que guia se baseou a metodologia de elaboração do PDTIC do IFPI?,"A metodologia de elaboração do PDTIC do IFPI baseou-se no Guia de PDTIC do SISP, versão 2.0, adaptado à realidade do IFPI.","A metodologia de elaboração do PDTIC do IFPI se baseou em documentos de referência, estratégias da organização, princípios e diretrizes, além da Instrução Normativa SGD/ME Nº 31/2021, entre outros instrumentos de planejamento da instituição.",0.3768115942028986,0.2388059701492537,0.34782608695652173,0.34782608695652173,0.17078893748090399,0.8468525409698486,0.8980249762535095,0.8716883063316345,0.3673469387755102,0.0,5.2183,4
10,52,tfidf,"RESOLUÇÃO NORMATIVA Nº 223-2024-Atualiza a Regulamentação do planejamento e o registro das atividades acadêmicas dos docentes da Carreira do Magistério do Ensino Básico, Técnico e Tecnológico do IFPI.pdf",Quais são os regimes de trabalho previstos para os docentes do EBTT no IFPI?,"Os regimes de trabalho previstos são 40 horas com dedicação exclusiva, 40 horas e 20 horas semanais.","Os regimes de trabalho previstos para os docentes do EBTT no IFPI são de tempo integral, com 40 horas semanais, ou tempo parcial, com 20 horas semanais.",0.5531914893617021,0.3555555555555555,0.5531914893617021,0.5531914893617021,0.2171788734284664,0.9010717272758484,0.9406071305274963,0.9204151034355164,0.6285714285714286,0.0,4.3406,4
10,52,tfidf,"RESOLUÇÃO NORMATIVA Nº 223-2024-Atualiza a Regulamentação do planejamento e o registro das atividades acadêmicas dos docentes da Carreira do Magistério do Ensino Básico, Técnico e Tecnológico do IFPI.pdf","Para cada hora de regência de aulas, quantas horas adicionais o docente computará para atividades de organização e apoio ao ensino?","Para cada hora de regência de aulas, o docente computará uma hora adicional para atividades de organização e apoio ao ensino.","Para cada hora de Regência de Aula, o docente computará uma hora de Organização e Apoio ao Ensino.",0.8837209302325583,0.7804878048780488,0.8837209302325583,0.8837209302325583,0.3414504535105491,0.9086815118789673,0.9197208881378174,0.9141678810119629,0.8749999999999999,0.0,3.6182,4
10,52,tfidf,"RESOLUÇÃO NORMATIVA Nº 218-2024-Estab. normas, critérios e proc. para a participação de docentes (DE) em atividades remuneradas.pdf","Qual é o limite anual de horas para a participação esporádica remunerada em palestras, conferências e atividades artísticas e culturais de docentes em dedicação exclusiva?",O limite anual é de 30 horas.,"O limite anual de horas para a participação esporádica remunerada em palestras, conferências, atividades artísticas e culturais de docentes em dedicação exclusiva não pode exceder a 30 horas anuais.",0.2926829268292683,0.20512820512820512,0.2926829268292683,0.2926829268292683,0.0,0.8036078810691833,0.9253432154655457,0.8601899147033691,0.375,0.0,4.4759,4
10,52,tfidf,"RESOLUÇÃO NORMATIVA Nº 218-2024-Estab. normas, critérios e proc. para a participação de docentes (DE) em atividades remuneradas.pdf",Qual é o limite de carga horária para atividades remuneradas eventuais previstas no artigo 7º da Resolução Normativa nº 218 de 2024?,As atividades remuneradas eventuais não podem exceder 8 horas semanais ou 416 horas anuais.,Não encontrei essa informação no contexto fornecido.,0.16666666666666669,0.09090909090909091,0.16666666666666669,0.16666666666666669,0.0,0.8233992457389832,0.8057843446731567,0.814496636390686,0.1,0.0,2.9279,4
10,52,tfidf,"RESOLUÇÃO NORMATIVA Nº 217-2024-Atualiza o Regimento Interno da Comissão Permanente de Pessoal Docente (CPPD), no âmbito do Instituto Federal de Educação, Ciência e Tecnologia do Piauí (IFPI)..pdf",Como é composta a CPPD do IFPI em número de membros titulares e suplentes?,"A CPPD do IFPI é composta por 10 docentes, sendo 5 representantes titulares e 5 representantes suplentes.","A CPPD do IFPI terá à sua disposição quatro docentes escolhidos por seus pares, sendo dois membros titulares e dois suplentes, conforme o edital de deflagração do processo eleitoral.",0.43478260869565216,0.18181818181818182,0.3913043478260869,0.3913043478260869,0.1085894367142332,0.8727208971977234,0.9456747770309448,0.9077343940734863,0.47619047619047616,0.0,4.3961,4
10,52,tfidf,"RESOLUÇÃO NORMATIVA Nº 217-2024-Atualiza o Regimento Interno da Comissão Permanente de Pessoal Docente (CPPD), no âmbito do Instituto Federal de Educação, Ciência e Tecnologia do Piauí (IFPI)..pdf",Qual é o mandato dos integrantes da CPPD do IFPI?,"O mandato dos integrantes da CPPD é de 4 anos, com possibilidade de uma única recondução por igual período.",O mandato dos integrantes da CPPD do IFPI não é especificado no contexto fornecido.,0.4117647058823529,0.3125,0.4117647058823529,0.4117647058823529,0.23321503395334311,0.8847048282623291,0.8674375414848328,0.8759860992431641,0.43750000000000006,0.0,3.1908,4
10,52,tfidf,"RESOLUÇÃO Nº 27-2024-Aprova  a criação do curso de Qualificação Profissional, de Formação Inicial e Continuada (FIC) em Aquicultor, no âmbito do IFPI e Anexo.pdf",Quantas vagas são ofertadas no curso FIC em Aquicultor?,O curso FIC em Aquicultor oferta 40 vagas.,O curso de Qualificação Profissional - Formação Inicial e Continuada (FIC) em Aquicultor oferece 40 vagas.,0.56,0.34782608695652173,0.56,0.56,0.0,0.863581657409668,0.969627320766449,0.9135372638702393,0.608695652173913,0.0,3.8712,4
10,52,tfidf,"RESOLUÇÃO Nº 27-2024-Aprova  a criação do curso de Qualificação Profissional, de Formação Inicial e Continuada (FIC) em Aquicultor, no âmbito do IFPI e Anexo.pdf",Qual é a forma de acesso ao curso FIC em Aquicultor?,A forma de acesso ao curso FIC em Aquicultor é por meio de sorteio.,"Para acessar o curso FIC em Aquicultor, o requisito de acesso é ter o Ensino Fundamental I (1º ao 5º ano) incompleto.",0.41176470588235287,0.25,0.2941176470588235,0.2941176470588235,0.11902001907030836,0.8612419962882996,0.9266527891159058,0.8927508592605591,0.4848484848484849,0.0,4.074,4
